ISO-10303-21;
HEADER;
FILE_DESCRIPTION(('FreeCAD Model'),'2;1');
FILE_NAME('Open CASCADE Shape Model','2026-09-25T06:55:24',('Author'),(
    ''),'Open CASCADE STEP processor 7.8','FreeCAD','Unknown');
FILE_SCHEMA(('AUTOMOTIVE_DESIGN { 1 0 10303 214 1 1 1 1 }'));
ENDSEC;
DATA;
#1 = APPLICATION_PROTOCOL_DEFINITION('international standard',
  'automotive_design',2000,#2);
#2 = APPLICATION_CONTEXT(
  'core data for automotive mechanical design processes');
#3 = SHAPE_DEFINITION_REPRESENTATION(#4,#10);
#4 = PRODUCT_DEFINITION_SHAPE('','',#5);
#5 = PRODUCT_DEFINITION('design','',#6,#9);
#6 = PRODUCT_DEFINITION_FORMATION('','',#7);
#7 = PRODUCT('Base','Base','',(#8));
#8 = PRODUCT_CONTEXT('',#2,'mechanical');
#9 = PRODUCT_DEFINITION_CONTEXT('part definition',#2,'design');
#10 = ADVANCED_BREP_SHAPE_REPRESENTATION('',(#11,#15),#3601);
#11 = AXIS2_PLACEMENT_3D('',#12,#13,#14);
#12 = CARTESIAN_POINT('',(0.,0.,0.));
#13 = DIRECTION('',(0.,0.,1.));
#14 = DIRECTION('',(1.,0.,-0.));
#15 = MANIFOLD_SOLID_BREP('',#16);
#16 = CLOSED_SHELL('',(#17,#53,#420,#1157,#1182,#1207,#1232,#1257,#1279,
    #1296,#1313,#1335,#1352,#1369,#1391,#1408,#1425,#1450,#1475,#1497,
    #1514,#1531,#1553,#1570,#1587,#1609,#1626,#1643,#1668,#1693,#1718,
    #1743,#1778,#1962,#1992,#2009,#2202,#2228,#2254,#2275,#2300,#2325,
    #2360,#2390,#2574,#2591,#2616,#2641,#2666,#2691,#2726,#2908,#2936,
    #3120,#3150,#3167,#3176,#3188,#3197,#3209,#3221,#3230,#3242,#3251,
    #3271,#3283,#3295,#3315,#3327,#3347,#3367,#3381,#3406,#3431,#3456,
    #3481,#3490,#3499,#3508,#3517,#3531,#3545,#3559,#3573,#3587));
#17 = ADVANCED_FACE('',(#18),#45,.F.);
#18 = FACE_BOUND('',#19,.F.);
#19 = EDGE_LOOP('',(#20,#30,#37,#38));
#20 = ORIENTED_EDGE('',*,*,#21,.T.);
#21 = EDGE_CURVE('',#22,#24,#26,.T.);
#22 = VERTEX_POINT('',#23);
#23 = CARTESIAN_POINT('',(0.,48.,0.));
#24 = VERTEX_POINT('',#25);
#25 = CARTESIAN_POINT('',(0.,48.,2.8));
#26 = LINE('',#27,#28);
#27 = CARTESIAN_POINT('',(0.,48.,0.));
#28 = VECTOR('',#29,1.);
#29 = DIRECTION('',(0.,0.,1.));
#30 = ORIENTED_EDGE('',*,*,#31,.T.);
#31 = EDGE_CURVE('',#24,#24,#32,.T.);
#32 = ELLIPSE('',#33,43.,32.);
#33 = AXIS2_PLACEMENT_3D('',#34,#35,#36);
#34 = CARTESIAN_POINT('',(0.,5.,2.8));
#35 = DIRECTION('',(0.,-0.,1.));
#36 = DIRECTION('',(0.,1.,0.));
#37 = ORIENTED_EDGE('',*,*,#21,.F.);
#38 = ORIENTED_EDGE('',*,*,#39,.F.);
#39 = EDGE_CURVE('',#22,#22,#40,.T.);
#40 = ELLIPSE('',#41,43.,32.);
#41 = AXIS2_PLACEMENT_3D('',#42,#43,#44);
#42 = CARTESIAN_POINT('',(0.,5.,0.));
#43 = DIRECTION('',(0.,-0.,1.));
#44 = DIRECTION('',(0.,1.,0.));
#45 = SURFACE_OF_LINEAR_EXTRUSION('',#46,#51);
#46 = ELLIPSE('',#47,43.,32.);
#47 = AXIS2_PLACEMENT_3D('',#48,#49,#50);
#48 = CARTESIAN_POINT('',(0.,5.,0.));
#49 = DIRECTION('',(0.,-0.,1.));
#50 = DIRECTION('',(0.,1.,0.));
#51 = VECTOR('',#52,1.);
#52 = DIRECTION('',(-0.,-0.,-1.));
#53 = ADVANCED_FACE('',(#54,#57,#68,#79,#90,#101,#146,#191,#236,#247,
    #258,#303,#348,#393,#404),#415,.F.);
#54 = FACE_BOUND('',#55,.F.);
#55 = EDGE_LOOP('',(#56));
#56 = ORIENTED_EDGE('',*,*,#39,.T.);
#57 = FACE_BOUND('',#58,.F.);
#58 = EDGE_LOOP('',(#59));
#59 = ORIENTED_EDGE('',*,*,#60,.F.);
#60 = EDGE_CURVE('',#61,#61,#63,.T.);
#61 = VERTEX_POINT('',#62);
#62 = CARTESIAN_POINT('',(-10.9,-24.,0.));
#63 = CIRCLE('',#64,4.1);
#64 = AXIS2_PLACEMENT_3D('',#65,#66,#67);
#65 = CARTESIAN_POINT('',(-15.,-24.,0.));
#66 = DIRECTION('',(0.,0.,1.));
#67 = DIRECTION('',(1.,0.,-0.));
#68 = FACE_BOUND('',#69,.F.);
#69 = EDGE_LOOP('',(#70));
#70 = ORIENTED_EDGE('',*,*,#71,.F.);
#71 = EDGE_CURVE('',#72,#72,#74,.T.);
#72 = VERTEX_POINT('',#73);
#73 = CARTESIAN_POINT('',(-21.4,-14.,0.));
#74 = CIRCLE('',#75,2.6);
#75 = AXIS2_PLACEMENT_3D('',#76,#77,#78);
#76 = CARTESIAN_POINT('',(-24.,-14.,0.));
#77 = DIRECTION('',(0.,0.,1.));
#78 = DIRECTION('',(1.,0.,-0.));
#79 = FACE_BOUND('',#80,.F.);
#80 = EDGE_LOOP('',(#81));
#81 = ORIENTED_EDGE('',*,*,#82,.F.);
#82 = EDGE_CURVE('',#83,#83,#85,.T.);
#83 = VERTEX_POINT('',#84);
#84 = CARTESIAN_POINT('',(19.1,-24.,0.));
#85 = CIRCLE('',#86,4.1);
#86 = AXIS2_PLACEMENT_3D('',#87,#88,#89);
#87 = CARTESIAN_POINT('',(15.,-24.,0.));
#88 = DIRECTION('',(0.,0.,1.));
#89 = DIRECTION('',(1.,0.,-0.));
#90 = FACE_BOUND('',#91,.F.);
#91 = EDGE_LOOP('',(#92));
#92 = ORIENTED_EDGE('',*,*,#93,.F.);
#93 = EDGE_CURVE('',#94,#94,#96,.T.);
#94 = VERTEX_POINT('',#95);
#95 = CARTESIAN_POINT('',(26.6,-14.,0.));
#96 = CIRCLE('',#97,2.6);
#97 = AXIS2_PLACEMENT_3D('',#98,#99,#100);
#98 = CARTESIAN_POINT('',(24.,-14.,0.));
#99 = DIRECTION('',(0.,0.,1.));
#100 = DIRECTION('',(1.,0.,-0.));
#101 = FACE_BOUND('',#102,.F.);
#102 = EDGE_LOOP('',(#103,#114,#122,#131,#140));
#103 = ORIENTED_EDGE('',*,*,#104,.F.);
#104 = EDGE_CURVE('',#105,#107,#109,.T.);
#105 = VERTEX_POINT('',#106);
#106 = CARTESIAN_POINT('',(-9.,-6.9,0.));
#107 = VERTEX_POINT('',#108);
#108 = CARTESIAN_POINT('',(-9.,-9.1,0.));
#109 = CIRCLE('',#110,1.1);
#110 = AXIS2_PLACEMENT_3D('',#111,#112,#113);
#111 = CARTESIAN_POINT('',(-9.,-8.,0.));
#112 = DIRECTION('',(0.,0.,1.));
#113 = DIRECTION('',(1.,0.,-0.));
#114 = ORIENTED_EDGE('',*,*,#115,.F.);
#115 = EDGE_CURVE('',#116,#105,#118,.T.);
#116 = VERTEX_POINT('',#117);
#117 = CARTESIAN_POINT('',(9.,-6.9,0.));
#118 = LINE('',#119,#120);
#119 = CARTESIAN_POINT('',(-4.5,-6.9,0.));
#120 = VECTOR('',#121,1.);
#121 = DIRECTION('',(-1.,-0.,0.));
#122 = ORIENTED_EDGE('',*,*,#123,.F.);
#123 = EDGE_CURVE('',#124,#116,#126,.T.);
#124 = VERTEX_POINT('',#125);
#125 = CARTESIAN_POINT('',(10.1,-8.,0.));
#126 = CIRCLE('',#127,1.1);
#127 = AXIS2_PLACEMENT_3D('',#128,#129,#130);
#128 = CARTESIAN_POINT('',(9.,-8.,0.));
#129 = DIRECTION('',(0.,0.,1.));
#130 = DIRECTION('',(1.,0.,-0.));
#131 = ORIENTED_EDGE('',*,*,#132,.F.);
#132 = EDGE_CURVE('',#133,#124,#135,.T.);
#133 = VERTEX_POINT('',#134);
#134 = CARTESIAN_POINT('',(9.,-9.1,0.));
#135 = CIRCLE('',#136,1.1);
#136 = AXIS2_PLACEMENT_3D('',#137,#138,#139);
#137 = CARTESIAN_POINT('',(9.,-8.,0.));
#138 = DIRECTION('',(0.,0.,1.));
#139 = DIRECTION('',(1.,0.,-0.));
#140 = ORIENTED_EDGE('',*,*,#141,.T.);
#141 = EDGE_CURVE('',#133,#107,#142,.T.);
#142 = LINE('',#143,#144);
#143 = CARTESIAN_POINT('',(-4.5,-9.1,0.));
#144 = VECTOR('',#145,1.);
#145 = DIRECTION('',(-1.,-0.,0.));
#146 = FACE_BOUND('',#147,.F.);
#147 = EDGE_LOOP('',(#148,#159,#167,#176,#185));
#148 = ORIENTED_EDGE('',*,*,#149,.F.);
#149 = EDGE_CURVE('',#150,#152,#154,.T.);
#150 = VERTEX_POINT('',#151);
#151 = CARTESIAN_POINT('',(-9.,-1.9,0.));
#152 = VERTEX_POINT('',#153);
#153 = CARTESIAN_POINT('',(-9.,-4.1,0.));
#154 = CIRCLE('',#155,1.1);
#155 = AXIS2_PLACEMENT_3D('',#156,#157,#158);
#156 = CARTESIAN_POINT('',(-9.,-3.,0.));
#157 = DIRECTION('',(0.,0.,1.));
#158 = DIRECTION('',(1.,0.,-0.));
#159 = ORIENTED_EDGE('',*,*,#160,.F.);
#160 = EDGE_CURVE('',#161,#150,#163,.T.);
#161 = VERTEX_POINT('',#162);
#162 = CARTESIAN_POINT('',(9.,-1.9,0.));
#163 = LINE('',#164,#165);
#164 = CARTESIAN_POINT('',(-4.5,-1.9,0.));
#165 = VECTOR('',#166,1.);
#166 = DIRECTION('',(-1.,-0.,0.));
#167 = ORIENTED_EDGE('',*,*,#168,.F.);
#168 = EDGE_CURVE('',#169,#161,#171,.T.);
#169 = VERTEX_POINT('',#170);
#170 = CARTESIAN_POINT('',(10.1,-3.,0.));
#171 = CIRCLE('',#172,1.1);
#172 = AXIS2_PLACEMENT_3D('',#173,#174,#175);
#173 = CARTESIAN_POINT('',(9.,-3.,0.));
#174 = DIRECTION('',(0.,0.,1.));
#175 = DIRECTION('',(1.,0.,-0.));
#176 = ORIENTED_EDGE('',*,*,#177,.F.);
#177 = EDGE_CURVE('',#178,#169,#180,.T.);
#178 = VERTEX_POINT('',#179);
#179 = CARTESIAN_POINT('',(9.,-4.1,0.));
#180 = CIRCLE('',#181,1.1);
#181 = AXIS2_PLACEMENT_3D('',#182,#183,#184);
#182 = CARTESIAN_POINT('',(9.,-3.,0.));
#183 = DIRECTION('',(0.,0.,1.));
#184 = DIRECTION('',(1.,0.,-0.));
#185 = ORIENTED_EDGE('',*,*,#186,.T.);
#186 = EDGE_CURVE('',#178,#152,#187,.T.);
#187 = LINE('',#188,#189);
#188 = CARTESIAN_POINT('',(-4.5,-4.1,0.));
#189 = VECTOR('',#190,1.);
#190 = DIRECTION('',(-1.,-0.,0.));
#191 = FACE_BOUND('',#192,.F.);
#192 = EDGE_LOOP('',(#193,#204,#212,#221,#230));
#193 = ORIENTED_EDGE('',*,*,#194,.F.);
#194 = EDGE_CURVE('',#195,#197,#199,.T.);
#195 = VERTEX_POINT('',#196);
#196 = CARTESIAN_POINT('',(-9.,3.1,0.));
#197 = VERTEX_POINT('',#198);
#198 = CARTESIAN_POINT('',(-9.,0.9,0.));
#199 = CIRCLE('',#200,1.1);
#200 = AXIS2_PLACEMENT_3D('',#201,#202,#203);
#201 = CARTESIAN_POINT('',(-9.,2.,0.));
#202 = DIRECTION('',(0.,0.,1.));
#203 = DIRECTION('',(1.,0.,-0.));
#204 = ORIENTED_EDGE('',*,*,#205,.F.);
#205 = EDGE_CURVE('',#206,#195,#208,.T.);
#206 = VERTEX_POINT('',#207);
#207 = CARTESIAN_POINT('',(9.,3.1,0.));
#208 = LINE('',#209,#210);
#209 = CARTESIAN_POINT('',(-4.5,3.1,0.));
#210 = VECTOR('',#211,1.);
#211 = DIRECTION('',(-1.,-0.,0.));
#212 = ORIENTED_EDGE('',*,*,#213,.F.);
#213 = EDGE_CURVE('',#214,#206,#216,.T.);
#214 = VERTEX_POINT('',#215);
#215 = CARTESIAN_POINT('',(10.1,2.,0.));
#216 = CIRCLE('',#217,1.1);
#217 = AXIS2_PLACEMENT_3D('',#218,#219,#220);
#218 = CARTESIAN_POINT('',(9.,2.,0.));
#219 = DIRECTION('',(0.,0.,1.));
#220 = DIRECTION('',(1.,0.,-0.));
#221 = ORIENTED_EDGE('',*,*,#222,.F.);
#222 = EDGE_CURVE('',#223,#214,#225,.T.);
#223 = VERTEX_POINT('',#224);
#224 = CARTESIAN_POINT('',(9.,0.9,0.));
#225 = CIRCLE('',#226,1.1);
#226 = AXIS2_PLACEMENT_3D('',#227,#228,#229);
#227 = CARTESIAN_POINT('',(9.,2.,0.));
#228 = DIRECTION('',(0.,0.,1.));
#229 = DIRECTION('',(1.,0.,-0.));
#230 = ORIENTED_EDGE('',*,*,#231,.T.);
#231 = EDGE_CURVE('',#223,#197,#232,.T.);
#232 = LINE('',#233,#234);
#233 = CARTESIAN_POINT('',(-4.5,0.9,0.));
#234 = VECTOR('',#235,1.);
#235 = DIRECTION('',(-1.,-0.,0.));
#236 = FACE_BOUND('',#237,.F.);
#237 = EDGE_LOOP('',(#238));
#238 = ORIENTED_EDGE('',*,*,#239,.F.);
#239 = EDGE_CURVE('',#240,#240,#242,.T.);
#240 = VERTEX_POINT('',#241);
#241 = CARTESIAN_POINT('',(-21.4,24.,0.));
#242 = CIRCLE('',#243,2.6);
#243 = AXIS2_PLACEMENT_3D('',#244,#245,#246);
#244 = CARTESIAN_POINT('',(-24.,24.,0.));
#245 = DIRECTION('',(0.,0.,1.));
#246 = DIRECTION('',(1.,0.,-0.));
#247 = FACE_BOUND('',#248,.F.);
#248 = EDGE_LOOP('',(#249));
#249 = ORIENTED_EDGE('',*,*,#250,.F.);
#250 = EDGE_CURVE('',#251,#251,#253,.T.);
#251 = VERTEX_POINT('',#252);
#252 = CARTESIAN_POINT('',(-10.9,33.,0.));
#253 = CIRCLE('',#254,4.1);
#254 = AXIS2_PLACEMENT_3D('',#255,#256,#257);
#255 = CARTESIAN_POINT('',(-15.,33.,0.));
#256 = DIRECTION('',(0.,0.,1.));
#257 = DIRECTION('',(1.,0.,-0.));
#258 = FACE_BOUND('',#259,.F.);
#259 = EDGE_LOOP('',(#260,#271,#279,#288,#297));
#260 = ORIENTED_EDGE('',*,*,#261,.F.);
#261 = EDGE_CURVE('',#262,#264,#266,.T.);
#262 = VERTEX_POINT('',#263);
#263 = CARTESIAN_POINT('',(-9.,8.1,0.));
#264 = VERTEX_POINT('',#265);
#265 = CARTESIAN_POINT('',(-9.,5.9,0.));
#266 = CIRCLE('',#267,1.1);
#267 = AXIS2_PLACEMENT_3D('',#268,#269,#270);
#268 = CARTESIAN_POINT('',(-9.,7.,0.));
#269 = DIRECTION('',(0.,0.,1.));
#270 = DIRECTION('',(1.,0.,-0.));
#271 = ORIENTED_EDGE('',*,*,#272,.F.);
#272 = EDGE_CURVE('',#273,#262,#275,.T.);
#273 = VERTEX_POINT('',#274);
#274 = CARTESIAN_POINT('',(9.,8.1,0.));
#275 = LINE('',#276,#277);
#276 = CARTESIAN_POINT('',(-4.5,8.1,0.));
#277 = VECTOR('',#278,1.);
#278 = DIRECTION('',(-1.,-0.,0.));
#279 = ORIENTED_EDGE('',*,*,#280,.F.);
#280 = EDGE_CURVE('',#281,#273,#283,.T.);
#281 = VERTEX_POINT('',#282);
#282 = CARTESIAN_POINT('',(10.1,7.,0.));
#283 = CIRCLE('',#284,1.1);
#284 = AXIS2_PLACEMENT_3D('',#285,#286,#287);
#285 = CARTESIAN_POINT('',(9.,7.,0.));
#286 = DIRECTION('',(0.,0.,1.));
#287 = DIRECTION('',(1.,0.,-0.));
#288 = ORIENTED_EDGE('',*,*,#289,.F.);
#289 = EDGE_CURVE('',#290,#281,#292,.T.);
#290 = VERTEX_POINT('',#291);
#291 = CARTESIAN_POINT('',(9.,5.9,0.));
#292 = CIRCLE('',#293,1.1);
#293 = AXIS2_PLACEMENT_3D('',#294,#295,#296);
#294 = CARTESIAN_POINT('',(9.,7.,0.));
#295 = DIRECTION('',(0.,0.,1.));
#296 = DIRECTION('',(1.,0.,-0.));
#297 = ORIENTED_EDGE('',*,*,#298,.T.);
#298 = EDGE_CURVE('',#290,#264,#299,.T.);
#299 = LINE('',#300,#301);
#300 = CARTESIAN_POINT('',(-4.5,5.9,0.));
#301 = VECTOR('',#302,1.);
#302 = DIRECTION('',(-1.,-0.,0.));
#303 = FACE_BOUND('',#304,.F.);
#304 = EDGE_LOOP('',(#305,#316,#324,#333,#342));
#305 = ORIENTED_EDGE('',*,*,#306,.F.);
#306 = EDGE_CURVE('',#307,#309,#311,.T.);
#307 = VERTEX_POINT('',#308);
#308 = CARTESIAN_POINT('',(-9.,13.1,0.));
#309 = VERTEX_POINT('',#310);
#310 = CARTESIAN_POINT('',(-9.,10.9,0.));
#311 = CIRCLE('',#312,1.1);
#312 = AXIS2_PLACEMENT_3D('',#313,#314,#315);
#313 = CARTESIAN_POINT('',(-9.,12.,0.));
#314 = DIRECTION('',(0.,0.,1.));
#315 = DIRECTION('',(1.,0.,-0.));
#316 = ORIENTED_EDGE('',*,*,#317,.F.);
#317 = EDGE_CURVE('',#318,#307,#320,.T.);
#318 = VERTEX_POINT('',#319);
#319 = CARTESIAN_POINT('',(9.,13.1,0.));
#320 = LINE('',#321,#322);
#321 = CARTESIAN_POINT('',(-4.5,13.1,0.));
#322 = VECTOR('',#323,1.);
#323 = DIRECTION('',(-1.,-0.,0.));
#324 = ORIENTED_EDGE('',*,*,#325,.F.);
#325 = EDGE_CURVE('',#326,#318,#328,.T.);
#326 = VERTEX_POINT('',#327);
#327 = CARTESIAN_POINT('',(10.1,12.,0.));
#328 = CIRCLE('',#329,1.1);
#329 = AXIS2_PLACEMENT_3D('',#330,#331,#332);
#330 = CARTESIAN_POINT('',(9.,12.,0.));
#331 = DIRECTION('',(0.,0.,1.));
#332 = DIRECTION('',(1.,0.,-0.));
#333 = ORIENTED_EDGE('',*,*,#334,.F.);
#334 = EDGE_CURVE('',#335,#326,#337,.T.);
#335 = VERTEX_POINT('',#336);
#336 = CARTESIAN_POINT('',(9.,10.9,0.));
#337 = CIRCLE('',#338,1.1);
#338 = AXIS2_PLACEMENT_3D('',#339,#340,#341);
#339 = CARTESIAN_POINT('',(9.,12.,0.));
#340 = DIRECTION('',(0.,0.,1.));
#341 = DIRECTION('',(1.,0.,-0.));
#342 = ORIENTED_EDGE('',*,*,#343,.T.);
#343 = EDGE_CURVE('',#335,#309,#344,.T.);
#344 = LINE('',#345,#346);
#345 = CARTESIAN_POINT('',(-4.5,10.9,0.));
#346 = VECTOR('',#347,1.);
#347 = DIRECTION('',(-1.,-0.,0.));
#348 = FACE_BOUND('',#349,.F.);
#349 = EDGE_LOOP('',(#350,#361,#369,#378,#387));
#350 = ORIENTED_EDGE('',*,*,#351,.F.);
#351 = EDGE_CURVE('',#352,#354,#356,.T.);
#352 = VERTEX_POINT('',#353);
#353 = CARTESIAN_POINT('',(-9.,18.1,0.));
#354 = VERTEX_POINT('',#355);
#355 = CARTESIAN_POINT('',(-9.,15.9,0.));
#356 = CIRCLE('',#357,1.1);
#357 = AXIS2_PLACEMENT_3D('',#358,#359,#360);
#358 = CARTESIAN_POINT('',(-9.,17.,0.));
#359 = DIRECTION('',(0.,0.,1.));
#360 = DIRECTION('',(1.,0.,-0.));
#361 = ORIENTED_EDGE('',*,*,#362,.F.);
#362 = EDGE_CURVE('',#363,#352,#365,.T.);
#363 = VERTEX_POINT('',#364);
#364 = CARTESIAN_POINT('',(9.,18.1,0.));
#365 = LINE('',#366,#367);
#366 = CARTESIAN_POINT('',(-4.5,18.1,0.));
#367 = VECTOR('',#368,1.);
#368 = DIRECTION('',(-1.,-0.,0.));
#369 = ORIENTED_EDGE('',*,*,#370,.F.);
#370 = EDGE_CURVE('',#371,#363,#373,.T.);
#371 = VERTEX_POINT('',#372);
#372 = CARTESIAN_POINT('',(10.1,17.,0.));
#373 = CIRCLE('',#374,1.1);
#374 = AXIS2_PLACEMENT_3D('',#375,#376,#377);
#375 = CARTESIAN_POINT('',(9.,17.,0.));
#376 = DIRECTION('',(0.,0.,1.));
#377 = DIRECTION('',(1.,0.,-0.));
#378 = ORIENTED_EDGE('',*,*,#379,.F.);
#379 = EDGE_CURVE('',#380,#371,#382,.T.);
#380 = VERTEX_POINT('',#381);
#381 = CARTESIAN_POINT('',(9.,15.9,0.));
#382 = CIRCLE('',#383,1.1);
#383 = AXIS2_PLACEMENT_3D('',#384,#385,#386);
#384 = CARTESIAN_POINT('',(9.,17.,0.));
#385 = DIRECTION('',(0.,0.,1.));
#386 = DIRECTION('',(1.,0.,-0.));
#387 = ORIENTED_EDGE('',*,*,#388,.T.);
#388 = EDGE_CURVE('',#380,#354,#389,.T.);
#389 = LINE('',#390,#391);
#390 = CARTESIAN_POINT('',(-4.5,15.9,0.));
#391 = VECTOR('',#392,1.);
#392 = DIRECTION('',(-1.,-0.,0.));
#393 = FACE_BOUND('',#394,.F.);
#394 = EDGE_LOOP('',(#395));
#395 = ORIENTED_EDGE('',*,*,#396,.F.);
#396 = EDGE_CURVE('',#397,#397,#399,.T.);
#397 = VERTEX_POINT('',#398);
#398 = CARTESIAN_POINT('',(26.6,24.,0.));
#399 = CIRCLE('',#400,2.6);
#400 = AXIS2_PLACEMENT_3D('',#401,#402,#403);
#401 = CARTESIAN_POINT('',(24.,24.,0.));
#402 = DIRECTION('',(0.,0.,1.));
#403 = DIRECTION('',(1.,0.,-0.));
#404 = FACE_BOUND('',#405,.F.);
#405 = EDGE_LOOP('',(#406));
#406 = ORIENTED_EDGE('',*,*,#407,.F.);
#407 = EDGE_CURVE('',#408,#408,#410,.T.);
#408 = VERTEX_POINT('',#409);
#409 = CARTESIAN_POINT('',(19.1,33.,0.));
#410 = CIRCLE('',#411,4.1);
#411 = AXIS2_PLACEMENT_3D('',#412,#413,#414);
#412 = CARTESIAN_POINT('',(15.,33.,0.));
#413 = DIRECTION('',(0.,0.,1.));
#414 = DIRECTION('',(1.,0.,-0.));
#415 = PLANE('',#416);
#416 = AXIS2_PLACEMENT_3D('',#417,#418,#419);
#417 = CARTESIAN_POINT('',(-9.1731655435E-16,6.622240950323,0.));
#418 = DIRECTION('',(0.,0.,1.));
#419 = DIRECTION('',(1.,0.,-0.));
#420 = ADVANCED_FACE('',(#421,#424,#435,#446,#508,#636,#647,#658,#703,
    #748,#793,#855,#866,#877,#922,#967,#1012,#1023,#1034),#1152,.T.);
#421 = FACE_BOUND('',#422,.T.);
#422 = EDGE_LOOP('',(#423));
#423 = ORIENTED_EDGE('',*,*,#31,.T.);
#424 = FACE_BOUND('',#425,.T.);
#425 = EDGE_LOOP('',(#426));
#426 = ORIENTED_EDGE('',*,*,#427,.F.);
#427 = EDGE_CURVE('',#428,#428,#430,.T.);
#428 = VERTEX_POINT('',#429);
#429 = CARTESIAN_POINT('',(-22.6,-14.,2.8));
#430 = CIRCLE('',#431,1.4);
#431 = AXIS2_PLACEMENT_3D('',#432,#433,#434);
#432 = CARTESIAN_POINT('',(-24.,-14.,2.8));
#433 = DIRECTION('',(0.,0.,1.));
#434 = DIRECTION('',(1.,0.,-0.));
#435 = FACE_BOUND('',#436,.T.);
#436 = EDGE_LOOP('',(#437));
#437 = ORIENTED_EDGE('',*,*,#438,.F.);
#438 = EDGE_CURVE('',#439,#439,#441,.T.);
#439 = VERTEX_POINT('',#440);
#440 = CARTESIAN_POINT('',(-9.2,-14.5,2.8));
#441 = CIRCLE('',#442,2.8);
#442 = AXIS2_PLACEMENT_3D('',#443,#444,#445);
#443 = CARTESIAN_POINT('',(-12.,-14.5,2.8));
#444 = DIRECTION('',(0.,0.,1.));
#445 = DIRECTION('',(1.,0.,-0.));
#446 = FACE_BOUND('',#447,.T.);
#447 = EDGE_LOOP('',(#448,#458,#480,#488));
#448 = ORIENTED_EDGE('',*,*,#449,.T.);
#449 = EDGE_CURVE('',#450,#452,#454,.T.);
#450 = VERTEX_POINT('',#451);
#451 = CARTESIAN_POINT('',(-24.95510495446,-9.,2.8));
#452 = VERTEX_POINT('',#453);
#453 = CARTESIAN_POINT('',(-26.43465011195,-9.,2.8));
#454 = LINE('',#455,#456);
#455 = CARTESIAN_POINT('',(-15.75,-9.,2.8));
#456 = VECTOR('',#457,1.);
#457 = DIRECTION('',(-1.,-0.,0.));
#458 = ORIENTED_EDGE('',*,*,#459,.T.);
#459 = EDGE_CURVE('',#452,#460,#462,.T.);
#460 = VERTEX_POINT('',#461);
#461 = CARTESIAN_POINT('',(-27.61026398097,19.,2.8));
#462 = B_SPLINE_CURVE_WITH_KNOTS('',6,(#463,#464,#465,#466,#467,#468,
    #469,#470,#471,#472,#473,#474,#475,#476,#477,#478,#479),
  .UNSPECIFIED.,.F.,.F.,(7,5,5,7),(0.,0.283590852782,0.571627148775,1.),
  .UNSPECIFIED.);
#463 = CARTESIAN_POINT('',(-26.43465011195,-9.,2.8));
#464 = CARTESIAN_POINT('',(-26.87960588487,-7.732544175736,2.8));
#465 = CARTESIAN_POINT('',(-27.27878014249,-6.449034987161,2.8));
#466 = CARTESIAN_POINT('',(-27.63275842372,-5.15194115576,2.8));
#467 = CARTESIAN_POINT('',(-27.94203238504,-3.843531905733,2.8));
#468 = CARTESIAN_POINT('',(-28.20702653563,-2.525884694234,2.8));
#469 = CARTESIAN_POINT('',(-28.65257272849,0.144899514704,2.8));
#470 = CARTESIAN_POINT('',(-28.83172879907,1.498225789135,2.8));
#471 = CARTESIAN_POINT('',(-28.96588126315,2.857123225955,2.8));
#472 = CARTESIAN_POINT('',(-29.05525003199,4.21967898784,2.8));
#473 = CARTESIAN_POINT('',(-29.09995704718,5.584042348387,2.8));
#474 = CARTESIAN_POINT('',(-29.10006381864,8.97756327544,2.8));
#475 = CARTESIAN_POINT('',(-29.00133867729,11.006557705585,2.8));
#476 = CARTESIAN_POINT('',(-28.80385218165,13.029708513827,2.8));
#477 = CARTESIAN_POINT('',(-28.50696475631,15.040835203074,2.8));
#478 = CARTESIAN_POINT('',(-28.10966526637,17.033308347394,2.8));
#479 = CARTESIAN_POINT('',(-27.61026398097,19.,2.8));
#480 = ORIENTED_EDGE('',*,*,#481,.F.);
#481 = EDGE_CURVE('',#482,#460,#484,.T.);
#482 = VERTEX_POINT('',#483);
#483 = CARTESIAN_POINT('',(-26.16861954899,19.,2.8));
#484 = LINE('',#485,#486);
#485 = CARTESIAN_POINT('',(-15.75,19.,2.8));
#486 = VECTOR('',#487,1.);
#487 = DIRECTION('',(-1.,-0.,0.));
#488 = ORIENTED_EDGE('',*,*,#489,.F.);
#489 = EDGE_CURVE('',#450,#482,#490,.T.);
#490 = B_SPLINE_CURVE_WITH_KNOTS('',6,(#491,#492,#493,#494,#495,#496,
    #497,#498,#499,#500,#501,#502,#503,#504,#505,#506,#507),
  .UNSPECIFIED.,.F.,.F.,(7,5,5,7),(0.,0.283186419878,0.571458404805,1.),
  .UNSPECIFIED.);
#491 = CARTESIAN_POINT('',(-24.95510495446,-9.,2.8));
#492 = CARTESIAN_POINT('',(-25.41333744516,-7.738056992925,2.8));
#493 = CARTESIAN_POINT('',(-25.82420415055,-6.458937976139,2.8));
#494 = CARTESIAN_POINT('',(-26.18841719573,-5.165344031478,2.8));
#495 = CARTESIAN_POINT('',(-26.50656964736,-3.859734888619,2.8));
#496 = CARTESIAN_POINT('',(-26.77917306489,-2.544340082918,2.8));
#497 = CARTESIAN_POINT('',(-27.23815157241,0.125803223936,2.8));
#498 = CARTESIAN_POINT('',(-27.42288122997,1.480781558823,2.8));
#499 = CARTESIAN_POINT('',(-27.56122790473,2.841672431625,2.8));
#500 = CARTESIAN_POINT('',(-27.65345645275,4.206441000437,2.8));
#501 = CARTESIAN_POINT('',(-27.69971427925,5.573126590374,2.8));
#502 = CARTESIAN_POINT('',(-27.7004221192,8.971591393191,2.8));
#503 = CARTESIAN_POINT('',(-27.59924697085,11.003183874393,2.8));
#504 = CARTESIAN_POINT('',(-27.39650940757,13.028644625387,2.8));
#505 = CARTESIAN_POINT('',(-27.09143932356,15.041423448137,2.8));
#506 = CARTESIAN_POINT('',(-26.68282672881,17.034436623903,2.8));
#507 = CARTESIAN_POINT('',(-26.16861954899,19.,2.8));
#508 = FACE_BOUND('',#509,.T.);
#509 = EDGE_LOOP('',(#510,#567,#575,#630));
#510 = ORIENTED_EDGE('',*,*,#511,.F.);
#511 = EDGE_CURVE('',#512,#514,#516,.T.);
#512 = VERTEX_POINT('',#513);
#513 = CARTESIAN_POINT('',(19.614085937926,-19.,2.8));
#514 = VERTEX_POINT('',#515);
#515 = CARTESIAN_POINT('',(-19.61408593792,-19.,2.8));
#516 = B_SPLINE_CURVE_WITH_KNOTS('',7,(#517,#518,#519,#520,#521,#522,
    #523,#524,#525,#526,#527,#528,#529,#530,#531,#532,#533,#534,#535,
    #536,#537,#538,#539,#540,#541,#542,#543,#544,#545,#546,#547,#548,
    #549,#550,#551,#552,#553,#554,#555,#556,#557,#558,#559,#560,#561,
    #562,#563,#564,#565,#566),.UNSPECIFIED.,.F.,.F.,(8,6,6,6,6,6,6,6,8),
  (0.,0.216088612208,0.314887407351,0.373552982865,0.5,0.626447017134,
    0.685112592649,0.783911387792,1.),.UNSPECIFIED.);
#517 = CARTESIAN_POINT('',(19.614085941777,-18.99999999487,2.8));
#518 = CARTESIAN_POINT('',(18.752498791995,-20.14626510475,2.8));
#519 = CARTESIAN_POINT('',(17.834388829964,-21.24991297744,2.8));
#520 = CARTESIAN_POINT('',(16.859275622161,-22.30561683722,2.8));
#521 = CARTESIAN_POINT('',(15.827187296356,-23.30701224906,2.8));
#522 = CARTESIAN_POINT('',(14.73888344855,-24.24693085293,2.8));
#523 = CARTESIAN_POINT('',(13.596046620218,-25.11759885155,2.8));
#524 = CARTESIAN_POINT('',(11.855541288954,-26.27378717296,2.8));
#525 = CARTESIAN_POINT('',(11.298699887665,-26.62037854801,2.8));
#526 = CARTESIAN_POINT('',(10.731432271932,-26.95001833718,2.8));
#527 = CARTESIAN_POINT('',(10.154121112848,-27.26191679245,2.8));
#528 = CARTESIAN_POINT('',(9.567224178205,-27.55528838073,2.8));
#529 = CARTESIAN_POINT('',(8.971282527634,-27.82936741373,2.8));
#530 = CARTESIAN_POINT('',(8.008070438211,-28.23427933266,2.8));
#531 = CARTESIAN_POINT('',(7.646245460832,-28.37807566745,2.8));
#532 = CARTESIAN_POINT('',(7.281586774963,-28.51465985257,2.8));
#533 = CARTESIAN_POINT('',(6.914237029904,-28.64388450258,2.8));
#534 = CARTESIAN_POINT('',(6.544349003341,-28.76560906167,2.8));
#535 = CARTESIAN_POINT('',(6.172086079792,-28.87970118915,2.8));
#536 = CARTESIAN_POINT('',(4.990509301592,-29.21523543401,2.8));
#537 = CARTESIAN_POINT('',(4.173109635305,-29.40842281075,2.8));
#538 = CARTESIAN_POINT('',(3.347255068918,-29.56433662838,2.8));
#539 = CARTESIAN_POINT('',(2.514891875229,-29.68198479219,2.8));
#540 = CARTESIAN_POINT('',(1.678083421985,-29.76066451741,2.8));
#541 = CARTESIAN_POINT('',(0.839014811637,-29.8,2.8));
#542 = CARTESIAN_POINT('',(-0.839014811637,-29.8,2.8));
#543 = CARTESIAN_POINT('',(-1.678083421985,-29.76066451741,2.8));
#544 = CARTESIAN_POINT('',(-2.514891875229,-29.68198479219,2.8));
#545 = CARTESIAN_POINT('',(-3.347255068918,-29.56433662838,2.8));
#546 = CARTESIAN_POINT('',(-4.173109635305,-29.40842281075,2.8));
#547 = CARTESIAN_POINT('',(-4.990509301592,-29.21523543401,2.8));
#548 = CARTESIAN_POINT('',(-6.172086079793,-28.87970118915,2.8));
#549 = CARTESIAN_POINT('',(-6.54434900334,-28.76560906167,2.8));
#550 = CARTESIAN_POINT('',(-6.914237029904,-28.64388450258,2.8));
#551 = CARTESIAN_POINT('',(-7.281586774964,-28.51465985257,2.8));
#552 = CARTESIAN_POINT('',(-7.646245460832,-28.37807566745,2.8));
#553 = CARTESIAN_POINT('',(-8.008070438211,-28.23427933266,2.8));
#554 = CARTESIAN_POINT('',(-8.971282527634,-27.82936741373,2.8));
#555 = CARTESIAN_POINT('',(-9.567224178205,-27.55528838073,2.8));
#556 = CARTESIAN_POINT('',(-10.15412111284,-27.26191679245,2.8));
#557 = CARTESIAN_POINT('',(-10.73143227193,-26.95001833718,2.8));
#558 = CARTESIAN_POINT('',(-11.29869988766,-26.620378548,2.8));
#559 = CARTESIAN_POINT('',(-11.85554128895,-26.27378717296,2.8));
#560 = CARTESIAN_POINT('',(-13.59604662021,-25.11759885155,2.8));
#561 = CARTESIAN_POINT('',(-14.73888344854,-24.24693085293,2.8));
#562 = CARTESIAN_POINT('',(-15.82718729636,-23.30701224906,2.8));
#563 = CARTESIAN_POINT('',(-16.85927562215,-22.30561683722,2.8));
#564 = CARTESIAN_POINT('',(-17.83438882996,-21.24991297744,2.8));
#565 = CARTESIAN_POINT('',(-18.75249879199,-20.14626510476,2.8));
#566 = CARTESIAN_POINT('',(-19.61408594177,-18.99999999487,2.8));
#567 = ORIENTED_EDGE('',*,*,#568,.F.);
#568 = EDGE_CURVE('',#569,#512,#571,.T.);
#569 = VERTEX_POINT('',#570);
#570 = CARTESIAN_POINT('',(21.330811446957,-19.,2.8));
#571 = LINE('',#572,#573);
#572 = CARTESIAN_POINT('',(8.25,-19.,2.8));
#573 = VECTOR('',#574,1.);
#574 = DIRECTION('',(-1.,-0.,0.));
#575 = ORIENTED_EDGE('',*,*,#576,.T.);
#576 = EDGE_CURVE('',#569,#577,#579,.T.);
#577 = VERTEX_POINT('',#578);
#578 = CARTESIAN_POINT('',(-21.33081144695,-19.,2.8));
#579 = B_SPLINE_CURVE_WITH_KNOTS('',7,(#580,#581,#582,#583,#584,#585,
    #586,#587,#588,#589,#590,#591,#592,#593,#594,#595,#596,#597,#598,
    #599,#600,#601,#602,#603,#604,#605,#606,#607,#608,#609,#610,#611,
    #612,#613,#614,#615,#616,#617,#618,#619,#620,#621,#622,#623,#624,
    #625,#626,#627,#628,#629),.UNSPECIFIED.,.F.,.F.,(8,6,6,6,6,6,6,6,8),
  (0.,0.219274292145,0.317001187696,0.375600934379,0.5,0.624399065621,
    0.682998812303,0.780725707855,1.),.UNSPECIFIED.);
#580 = CARTESIAN_POINT('',(21.330811446957,-19.,2.8));
#581 = CARTESIAN_POINT('',(20.406102606722,-20.30640589287,2.8));
#582 = CARTESIAN_POINT('',(19.414130162377,-21.56503705712,2.8));
#583 = CARTESIAN_POINT('',(18.354277469261,-22.76956572333,2.8));
#584 = CARTESIAN_POINT('',(17.226513092379,-23.91235363344,2.8));
#585 = CARTESIAN_POINT('',(16.03168472246,-24.98474671928,2.8));
#586 = CARTESIAN_POINT('',(14.771759739798,-25.97731317888,2.8));
#587 = CARTESIAN_POINT('',(12.861320663842,-27.282767365,2.8));
#588 = CARTESIAN_POINT('',(12.260181354816,-27.66739625704,2.8));
#589 = CARTESIAN_POINT('',(11.647216789149,-28.03332151856,2.8));
#590 = CARTESIAN_POINT('',(11.022856131319,-28.37964892387,2.8));
#591 = CARTESIAN_POINT('',(10.387614065281,-28.70548765649,2.8));
#592 = CARTESIAN_POINT('',(9.74210038001,-29.00996812471,2.8));
#593 = CARTESIAN_POINT('',(8.694230989346,-29.46152965128,2.8));
#594 = CARTESIAN_POINT('',(8.29799533271,-29.62282192642,2.8));
#595 = CARTESIAN_POINT('',(7.898477380834,-29.77595756535,2.8));
#596 = CARTESIAN_POINT('',(7.495843445063,-29.920763831,2.8));
#597 = CARTESIAN_POINT('',(7.090271944563,-30.057075965,2.8));
#598 = CARTESIAN_POINT('',(6.681953998493,-30.1847388663,2.8));
#599 = CARTESIAN_POINT('',(5.398895748671,-30.5559529481,2.8));
#600 = CARTESIAN_POINT('',(4.515169647288,-30.76869219027,2.8));
#601 = CARTESIAN_POINT('',(3.621966133206,-30.94041139585,2.8));
#602 = CARTESIAN_POINT('',(2.721465461632,-31.06999981964,2.8));
#603 = CARTESIAN_POINT('',(1.815980032819,-31.15666995056,2.8));
#604 = CARTESIAN_POINT('',(0.907959689108,-31.2,2.8));
#605 = CARTESIAN_POINT('',(-0.907959689106,-31.2,2.8));
#606 = CARTESIAN_POINT('',(-1.815980032815,-31.15666995056,2.8));
#607 = CARTESIAN_POINT('',(-2.72146546163,-31.06999981964,2.8));
#608 = CARTESIAN_POINT('',(-3.621966133204,-30.94041139585,2.8));
#609 = CARTESIAN_POINT('',(-4.515169647283,-30.76869219027,2.8));
#610 = CARTESIAN_POINT('',(-5.398895748669,-30.5559529481,2.8));
#611 = CARTESIAN_POINT('',(-6.68195399849,-30.1847388663,2.8));
#612 = CARTESIAN_POINT('',(-7.09027194456,-30.057075965,2.8));
#613 = CARTESIAN_POINT('',(-7.495843445061,-29.920763831,2.8));
#614 = CARTESIAN_POINT('',(-7.898477380831,-29.77595756535,2.8));
#615 = CARTESIAN_POINT('',(-8.297995332706,-29.62282192642,2.8));
#616 = CARTESIAN_POINT('',(-8.694230989343,-29.46152965128,2.8));
#617 = CARTESIAN_POINT('',(-9.742100380007,-29.00996812471,2.8));
#618 = CARTESIAN_POINT('',(-10.38761406527,-28.7054876565,2.8));
#619 = CARTESIAN_POINT('',(-11.02285613131,-28.37964892387,2.8));
#620 = CARTESIAN_POINT('',(-11.64721678914,-28.03332151856,2.8));
#621 = CARTESIAN_POINT('',(-12.26018135481,-27.66739625704,2.8));
#622 = CARTESIAN_POINT('',(-12.86132066383,-27.282767365,2.8));
#623 = CARTESIAN_POINT('',(-14.77175973979,-25.97731317889,2.8));
#624 = CARTESIAN_POINT('',(-16.03168472245,-24.98474671928,2.8));
#625 = CARTESIAN_POINT('',(-17.22651309237,-23.91235363344,2.8));
#626 = CARTESIAN_POINT('',(-18.35427746926,-22.76956572333,2.8));
#627 = CARTESIAN_POINT('',(-19.41413016237,-21.56503705712,2.8));
#628 = CARTESIAN_POINT('',(-20.40610260672,-20.30640589287,2.8));
#629 = CARTESIAN_POINT('',(-21.33081144695,-19.,2.8));
#630 = ORIENTED_EDGE('',*,*,#631,.F.);
#631 = EDGE_CURVE('',#514,#577,#632,.T.);
#632 = LINE('',#633,#634);
#633 = CARTESIAN_POINT('',(-15.75,-19.,2.8));
#634 = VECTOR('',#635,1.);
#635 = DIRECTION('',(-1.,-0.,0.));
#636 = FACE_BOUND('',#637,.T.);
#637 = EDGE_LOOP('',(#638));
#638 = ORIENTED_EDGE('',*,*,#639,.F.);
#639 = EDGE_CURVE('',#640,#640,#642,.T.);
#640 = VERTEX_POINT('',#641);
#641 = CARTESIAN_POINT('',(14.8,-14.5,2.8));
#642 = CIRCLE('',#643,2.8);
#643 = AXIS2_PLACEMENT_3D('',#644,#645,#646);
#644 = CARTESIAN_POINT('',(12.,-14.5,2.8));
#645 = DIRECTION('',(0.,0.,1.));
#646 = DIRECTION('',(1.,0.,-0.));
#647 = FACE_BOUND('',#648,.T.);
#648 = EDGE_LOOP('',(#649));
#649 = ORIENTED_EDGE('',*,*,#650,.F.);
#650 = EDGE_CURVE('',#651,#651,#653,.T.);
#651 = VERTEX_POINT('',#652);
#652 = CARTESIAN_POINT('',(25.4,-14.,2.8));
#653 = CIRCLE('',#654,1.4);
#654 = AXIS2_PLACEMENT_3D('',#655,#656,#657);
#655 = CARTESIAN_POINT('',(24.,-14.,2.8));
#656 = DIRECTION('',(0.,0.,1.));
#657 = DIRECTION('',(1.,0.,-0.));
#658 = FACE_BOUND('',#659,.T.);
#659 = EDGE_LOOP('',(#660,#671,#679,#688,#697));
#660 = ORIENTED_EDGE('',*,*,#661,.F.);
#661 = EDGE_CURVE('',#662,#664,#666,.T.);
#662 = VERTEX_POINT('',#663);
#663 = CARTESIAN_POINT('',(-9.,-6.9,2.8));
#664 = VERTEX_POINT('',#665);
#665 = CARTESIAN_POINT('',(-9.,-9.1,2.8));
#666 = CIRCLE('',#667,1.1);
#667 = AXIS2_PLACEMENT_3D('',#668,#669,#670);
#668 = CARTESIAN_POINT('',(-9.,-8.,2.8));
#669 = DIRECTION('',(0.,0.,1.));
#670 = DIRECTION('',(1.,0.,-0.));
#671 = ORIENTED_EDGE('',*,*,#672,.F.);
#672 = EDGE_CURVE('',#673,#662,#675,.T.);
#673 = VERTEX_POINT('',#674);
#674 = CARTESIAN_POINT('',(9.,-6.9,2.8));
#675 = LINE('',#676,#677);
#676 = CARTESIAN_POINT('',(-4.5,-6.9,2.8));
#677 = VECTOR('',#678,1.);
#678 = DIRECTION('',(-1.,-0.,0.));
#679 = ORIENTED_EDGE('',*,*,#680,.F.);
#680 = EDGE_CURVE('',#681,#673,#683,.T.);
#681 = VERTEX_POINT('',#682);
#682 = CARTESIAN_POINT('',(10.1,-8.,2.8));
#683 = CIRCLE('',#684,1.1);
#684 = AXIS2_PLACEMENT_3D('',#685,#686,#687);
#685 = CARTESIAN_POINT('',(9.,-8.,2.8));
#686 = DIRECTION('',(0.,0.,1.));
#687 = DIRECTION('',(1.,0.,-0.));
#688 = ORIENTED_EDGE('',*,*,#689,.F.);
#689 = EDGE_CURVE('',#690,#681,#692,.T.);
#690 = VERTEX_POINT('',#691);
#691 = CARTESIAN_POINT('',(9.,-9.1,2.8));
#692 = CIRCLE('',#693,1.1);
#693 = AXIS2_PLACEMENT_3D('',#694,#695,#696);
#694 = CARTESIAN_POINT('',(9.,-8.,2.8));
#695 = DIRECTION('',(0.,0.,1.));
#696 = DIRECTION('',(1.,0.,-0.));
#697 = ORIENTED_EDGE('',*,*,#698,.T.);
#698 = EDGE_CURVE('',#690,#664,#699,.T.);
#699 = LINE('',#700,#701);
#700 = CARTESIAN_POINT('',(-4.5,-9.1,2.8));
#701 = VECTOR('',#702,1.);
#702 = DIRECTION('',(-1.,-0.,0.));
#703 = FACE_BOUND('',#704,.T.);
#704 = EDGE_LOOP('',(#705,#716,#724,#733,#742));
#705 = ORIENTED_EDGE('',*,*,#706,.F.);
#706 = EDGE_CURVE('',#707,#709,#711,.T.);
#707 = VERTEX_POINT('',#708);
#708 = CARTESIAN_POINT('',(-9.,-1.9,2.8));
#709 = VERTEX_POINT('',#710);
#710 = CARTESIAN_POINT('',(-9.,-4.1,2.8));
#711 = CIRCLE('',#712,1.1);
#712 = AXIS2_PLACEMENT_3D('',#713,#714,#715);
#713 = CARTESIAN_POINT('',(-9.,-3.,2.8));
#714 = DIRECTION('',(0.,0.,1.));
#715 = DIRECTION('',(1.,0.,-0.));
#716 = ORIENTED_EDGE('',*,*,#717,.F.);
#717 = EDGE_CURVE('',#718,#707,#720,.T.);
#718 = VERTEX_POINT('',#719);
#719 = CARTESIAN_POINT('',(9.,-1.9,2.8));
#720 = LINE('',#721,#722);
#721 = CARTESIAN_POINT('',(-4.5,-1.9,2.8));
#722 = VECTOR('',#723,1.);
#723 = DIRECTION('',(-1.,-0.,0.));
#724 = ORIENTED_EDGE('',*,*,#725,.F.);
#725 = EDGE_CURVE('',#726,#718,#728,.T.);
#726 = VERTEX_POINT('',#727);
#727 = CARTESIAN_POINT('',(10.1,-3.,2.8));
#728 = CIRCLE('',#729,1.1);
#729 = AXIS2_PLACEMENT_3D('',#730,#731,#732);
#730 = CARTESIAN_POINT('',(9.,-3.,2.8));
#731 = DIRECTION('',(0.,0.,1.));
#732 = DIRECTION('',(1.,0.,-0.));
#733 = ORIENTED_EDGE('',*,*,#734,.F.);
#734 = EDGE_CURVE('',#735,#726,#737,.T.);
#735 = VERTEX_POINT('',#736);
#736 = CARTESIAN_POINT('',(9.,-4.1,2.8));
#737 = CIRCLE('',#738,1.1);
#738 = AXIS2_PLACEMENT_3D('',#739,#740,#741);
#739 = CARTESIAN_POINT('',(9.,-3.,2.8));
#740 = DIRECTION('',(0.,0.,1.));
#741 = DIRECTION('',(1.,0.,-0.));
#742 = ORIENTED_EDGE('',*,*,#743,.T.);
#743 = EDGE_CURVE('',#735,#709,#744,.T.);
#744 = LINE('',#745,#746);
#745 = CARTESIAN_POINT('',(-4.5,-4.1,2.8));
#746 = VECTOR('',#747,1.);
#747 = DIRECTION('',(-1.,-0.,0.));
#748 = FACE_BOUND('',#749,.T.);
#749 = EDGE_LOOP('',(#750,#761,#769,#778,#787));
#750 = ORIENTED_EDGE('',*,*,#751,.F.);
#751 = EDGE_CURVE('',#752,#754,#756,.T.);
#752 = VERTEX_POINT('',#753);
#753 = CARTESIAN_POINT('',(-9.,3.1,2.8));
#754 = VERTEX_POINT('',#755);
#755 = CARTESIAN_POINT('',(-9.,0.9,2.8));
#756 = CIRCLE('',#757,1.1);
#757 = AXIS2_PLACEMENT_3D('',#758,#759,#760);
#758 = CARTESIAN_POINT('',(-9.,2.,2.8));
#759 = DIRECTION('',(0.,0.,1.));
#760 = DIRECTION('',(1.,0.,-0.));
#761 = ORIENTED_EDGE('',*,*,#762,.F.);
#762 = EDGE_CURVE('',#763,#752,#765,.T.);
#763 = VERTEX_POINT('',#764);
#764 = CARTESIAN_POINT('',(9.,3.1,2.8));
#765 = LINE('',#766,#767);
#766 = CARTESIAN_POINT('',(-4.5,3.1,2.8));
#767 = VECTOR('',#768,1.);
#768 = DIRECTION('',(-1.,-0.,0.));
#769 = ORIENTED_EDGE('',*,*,#770,.F.);
#770 = EDGE_CURVE('',#771,#763,#773,.T.);
#771 = VERTEX_POINT('',#772);
#772 = CARTESIAN_POINT('',(10.1,2.,2.8));
#773 = CIRCLE('',#774,1.1);
#774 = AXIS2_PLACEMENT_3D('',#775,#776,#777);
#775 = CARTESIAN_POINT('',(9.,2.,2.8));
#776 = DIRECTION('',(0.,0.,1.));
#777 = DIRECTION('',(1.,0.,-0.));
#778 = ORIENTED_EDGE('',*,*,#779,.F.);
#779 = EDGE_CURVE('',#780,#771,#782,.T.);
#780 = VERTEX_POINT('',#781);
#781 = CARTESIAN_POINT('',(9.,0.9,2.8));
#782 = CIRCLE('',#783,1.1);
#783 = AXIS2_PLACEMENT_3D('',#784,#785,#786);
#784 = CARTESIAN_POINT('',(9.,2.,2.8));
#785 = DIRECTION('',(0.,0.,1.));
#786 = DIRECTION('',(1.,0.,-0.));
#787 = ORIENTED_EDGE('',*,*,#788,.T.);
#788 = EDGE_CURVE('',#780,#754,#789,.T.);
#789 = LINE('',#790,#791);
#790 = CARTESIAN_POINT('',(-4.5,0.9,2.8));
#791 = VECTOR('',#792,1.);
#792 = DIRECTION('',(-1.,-0.,0.));
#793 = FACE_BOUND('',#794,.T.);
#794 = EDGE_LOOP('',(#795,#805,#827,#835));
#795 = ORIENTED_EDGE('',*,*,#796,.F.);
#796 = EDGE_CURVE('',#797,#799,#801,.T.);
#797 = VERTEX_POINT('',#798);
#798 = CARTESIAN_POINT('',(27.610263980971,19.,2.8));
#799 = VERTEX_POINT('',#800);
#800 = CARTESIAN_POINT('',(26.168619548992,19.,2.8));
#801 = LINE('',#802,#803);
#802 = CARTESIAN_POINT('',(8.25,19.,2.8));
#803 = VECTOR('',#804,1.);
#804 = DIRECTION('',(-1.,-0.,0.));
#805 = ORIENTED_EDGE('',*,*,#806,.T.);
#806 = EDGE_CURVE('',#797,#807,#809,.T.);
#807 = VERTEX_POINT('',#808);
#808 = CARTESIAN_POINT('',(26.434650111957,-9.,2.8));
#809 = B_SPLINE_CURVE_WITH_KNOTS('',6,(#810,#811,#812,#813,#814,#815,
    #816,#817,#818,#819,#820,#821,#822,#823,#824,#825,#826),
  .UNSPECIFIED.,.F.,.F.,(7,5,5,7),(0.,0.428372851224,0.716409147217,1.),
  .UNSPECIFIED.);
#810 = CARTESIAN_POINT('',(27.610263980971,19.,2.8));
#811 = CARTESIAN_POINT('',(28.109665266371,17.033308347392,2.8));
#812 = CARTESIAN_POINT('',(28.50696475631,15.040835203086,2.8));
#813 = CARTESIAN_POINT('',(28.803852181653,13.029708513818,2.8));
#814 = CARTESIAN_POINT('',(29.001338677294,11.006557705597,2.8));
#815 = CARTESIAN_POINT('',(29.100063818647,8.977563275445,2.8));
#816 = CARTESIAN_POINT('',(29.09995704718,5.584042348394,2.8));
#817 = CARTESIAN_POINT('',(29.055250032,4.219678987853,2.8));
#818 = CARTESIAN_POINT('',(28.96588126315,2.857123225957,2.8));
#819 = CARTESIAN_POINT('',(28.831728799075,1.498225789149,2.8));
#820 = CARTESIAN_POINT('',(28.652572728498,0.144899514712,2.8));
#821 = CARTESIAN_POINT('',(28.207026535633,-2.525884694225,2.8));
#822 = CARTESIAN_POINT('',(27.942032385046,-3.843531905728,2.8));
#823 = CARTESIAN_POINT('',(27.632758423727,-5.151941155754,2.8));
#824 = CARTESIAN_POINT('',(27.278780142493,-6.449034987159,2.8));
#825 = CARTESIAN_POINT('',(26.879605884873,-7.732544175734,2.8));
#826 = CARTESIAN_POINT('',(26.434650111957,-9.,2.8));
#827 = ORIENTED_EDGE('',*,*,#828,.T.);
#828 = EDGE_CURVE('',#807,#829,#831,.T.);
#829 = VERTEX_POINT('',#830);
#830 = CARTESIAN_POINT('',(24.955104954467,-9.,2.8));
#831 = LINE('',#832,#833);
#832 = CARTESIAN_POINT('',(8.25,-9.,2.8));
#833 = VECTOR('',#834,1.);
#834 = DIRECTION('',(-1.,-0.,0.));
#835 = ORIENTED_EDGE('',*,*,#836,.F.);
#836 = EDGE_CURVE('',#799,#829,#837,.T.);
#837 = B_SPLINE_CURVE_WITH_KNOTS('',6,(#838,#839,#840,#841,#842,#843,
    #844,#845,#846,#847,#848,#849,#850,#851,#852,#853,#854),
  .UNSPECIFIED.,.F.,.F.,(7,5,5,7),(0.,0.428541595195,0.716813580121,1.),
  .UNSPECIFIED.);
#838 = CARTESIAN_POINT('',(26.168619548992,19.,2.8));
#839 = CARTESIAN_POINT('',(26.682826728816,17.034436623901,2.8));
#840 = CARTESIAN_POINT('',(27.091439323567,15.041423448149,2.8));
#841 = CARTESIAN_POINT('',(27.396509407578,13.028644625381,2.8));
#842 = CARTESIAN_POINT('',(27.599246970854,11.003183874403,2.8));
#843 = CARTESIAN_POINT('',(27.700422119207,8.971591393196,2.8));
#844 = CARTESIAN_POINT('',(27.699714279257,5.573126590381,2.8));
#845 = CARTESIAN_POINT('',(27.653456452753,4.206441000446,2.8));
#846 = CARTESIAN_POINT('',(27.561227904738,2.841672431632,2.8));
#847 = CARTESIAN_POINT('',(27.422881229975,1.480781558832,2.8));
#848 = CARTESIAN_POINT('',(27.238151572414,0.125803223945,2.8));
#849 = CARTESIAN_POINT('',(26.779173064892,-2.54434008291,2.8));
#850 = CARTESIAN_POINT('',(26.506569647363,-3.859734888612,2.8));
#851 = CARTESIAN_POINT('',(26.188417195737,-5.165344031475,2.8));
#852 = CARTESIAN_POINT('',(25.824204150551,-6.458937976135,2.8));
#853 = CARTESIAN_POINT('',(25.413337445162,-7.738056992924,2.8));
#854 = CARTESIAN_POINT('',(24.955104954467,-9.,2.8));
#855 = FACE_BOUND('',#856,.T.);
#856 = EDGE_LOOP('',(#857));
#857 = ORIENTED_EDGE('',*,*,#858,.F.);
#858 = EDGE_CURVE('',#859,#859,#861,.T.);
#859 = VERTEX_POINT('',#860);
#860 = CARTESIAN_POINT('',(-22.6,24.,2.8));
#861 = CIRCLE('',#862,1.4);
#862 = AXIS2_PLACEMENT_3D('',#863,#864,#865);
#863 = CARTESIAN_POINT('',(-24.,24.,2.8));
#864 = DIRECTION('',(0.,0.,1.));
#865 = DIRECTION('',(1.,0.,-0.));
#866 = FACE_BOUND('',#867,.T.);
#867 = EDGE_LOOP('',(#868));
#868 = ORIENTED_EDGE('',*,*,#869,.F.);
#869 = EDGE_CURVE('',#870,#870,#872,.T.);
#870 = VERTEX_POINT('',#871);
#871 = CARTESIAN_POINT('',(-9.2,34.5,2.8));
#872 = CIRCLE('',#873,2.8);
#873 = AXIS2_PLACEMENT_3D('',#874,#875,#876);
#874 = CARTESIAN_POINT('',(-12.,34.5,2.8));
#875 = DIRECTION('',(0.,0.,1.));
#876 = DIRECTION('',(1.,0.,-0.));
#877 = FACE_BOUND('',#878,.T.);
#878 = EDGE_LOOP('',(#879,#890,#898,#907,#916));
#879 = ORIENTED_EDGE('',*,*,#880,.F.);
#880 = EDGE_CURVE('',#881,#883,#885,.T.);
#881 = VERTEX_POINT('',#882);
#882 = CARTESIAN_POINT('',(-9.,8.1,2.8));
#883 = VERTEX_POINT('',#884);
#884 = CARTESIAN_POINT('',(-9.,5.9,2.8));
#885 = CIRCLE('',#886,1.1);
#886 = AXIS2_PLACEMENT_3D('',#887,#888,#889);
#887 = CARTESIAN_POINT('',(-9.,7.,2.8));
#888 = DIRECTION('',(0.,0.,1.));
#889 = DIRECTION('',(1.,0.,-0.));
#890 = ORIENTED_EDGE('',*,*,#891,.F.);
#891 = EDGE_CURVE('',#892,#881,#894,.T.);
#892 = VERTEX_POINT('',#893);
#893 = CARTESIAN_POINT('',(9.,8.1,2.8));
#894 = LINE('',#895,#896);
#895 = CARTESIAN_POINT('',(-4.5,8.1,2.8));
#896 = VECTOR('',#897,1.);
#897 = DIRECTION('',(-1.,-0.,0.));
#898 = ORIENTED_EDGE('',*,*,#899,.F.);
#899 = EDGE_CURVE('',#900,#892,#902,.T.);
#900 = VERTEX_POINT('',#901);
#901 = CARTESIAN_POINT('',(10.1,7.,2.8));
#902 = CIRCLE('',#903,1.1);
#903 = AXIS2_PLACEMENT_3D('',#904,#905,#906);
#904 = CARTESIAN_POINT('',(9.,7.,2.8));
#905 = DIRECTION('',(0.,0.,1.));
#906 = DIRECTION('',(1.,0.,-0.));
#907 = ORIENTED_EDGE('',*,*,#908,.F.);
#908 = EDGE_CURVE('',#909,#900,#911,.T.);
#909 = VERTEX_POINT('',#910);
#910 = CARTESIAN_POINT('',(9.,5.9,2.8));
#911 = CIRCLE('',#912,1.1);
#912 = AXIS2_PLACEMENT_3D('',#913,#914,#915);
#913 = CARTESIAN_POINT('',(9.,7.,2.8));
#914 = DIRECTION('',(0.,0.,1.));
#915 = DIRECTION('',(1.,0.,-0.));
#916 = ORIENTED_EDGE('',*,*,#917,.T.);
#917 = EDGE_CURVE('',#909,#883,#918,.T.);
#918 = LINE('',#919,#920);
#919 = CARTESIAN_POINT('',(-4.5,5.9,2.8));
#920 = VECTOR('',#921,1.);
#921 = DIRECTION('',(-1.,-0.,0.));
#922 = FACE_BOUND('',#923,.T.);
#923 = EDGE_LOOP('',(#924,#935,#943,#952,#961));
#924 = ORIENTED_EDGE('',*,*,#925,.F.);
#925 = EDGE_CURVE('',#926,#928,#930,.T.);
#926 = VERTEX_POINT('',#927);
#927 = CARTESIAN_POINT('',(-9.,13.1,2.8));
#928 = VERTEX_POINT('',#929);
#929 = CARTESIAN_POINT('',(-9.,10.9,2.8));
#930 = CIRCLE('',#931,1.1);
#931 = AXIS2_PLACEMENT_3D('',#932,#933,#934);
#932 = CARTESIAN_POINT('',(-9.,12.,2.8));
#933 = DIRECTION('',(0.,0.,1.));
#934 = DIRECTION('',(1.,0.,-0.));
#935 = ORIENTED_EDGE('',*,*,#936,.F.);
#936 = EDGE_CURVE('',#937,#926,#939,.T.);
#937 = VERTEX_POINT('',#938);
#938 = CARTESIAN_POINT('',(9.,13.1,2.8));
#939 = LINE('',#940,#941);
#940 = CARTESIAN_POINT('',(-4.5,13.1,2.8));
#941 = VECTOR('',#942,1.);
#942 = DIRECTION('',(-1.,-0.,0.));
#943 = ORIENTED_EDGE('',*,*,#944,.F.);
#944 = EDGE_CURVE('',#945,#937,#947,.T.);
#945 = VERTEX_POINT('',#946);
#946 = CARTESIAN_POINT('',(10.1,12.,2.8));
#947 = CIRCLE('',#948,1.1);
#948 = AXIS2_PLACEMENT_3D('',#949,#950,#951);
#949 = CARTESIAN_POINT('',(9.,12.,2.8));
#950 = DIRECTION('',(0.,0.,1.));
#951 = DIRECTION('',(1.,0.,-0.));
#952 = ORIENTED_EDGE('',*,*,#953,.F.);
#953 = EDGE_CURVE('',#954,#945,#956,.T.);
#954 = VERTEX_POINT('',#955);
#955 = CARTESIAN_POINT('',(9.,10.9,2.8));
#956 = CIRCLE('',#957,1.1);
#957 = AXIS2_PLACEMENT_3D('',#958,#959,#960);
#958 = CARTESIAN_POINT('',(9.,12.,2.8));
#959 = DIRECTION('',(0.,0.,1.));
#960 = DIRECTION('',(1.,0.,-0.));
#961 = ORIENTED_EDGE('',*,*,#962,.T.);
#962 = EDGE_CURVE('',#954,#928,#963,.T.);
#963 = LINE('',#964,#965);
#964 = CARTESIAN_POINT('',(-4.5,10.9,2.8));
#965 = VECTOR('',#966,1.);
#966 = DIRECTION('',(-1.,-0.,0.));
#967 = FACE_BOUND('',#968,.T.);
#968 = EDGE_LOOP('',(#969,#980,#988,#997,#1006));
#969 = ORIENTED_EDGE('',*,*,#970,.F.);
#970 = EDGE_CURVE('',#971,#973,#975,.T.);
#971 = VERTEX_POINT('',#972);
#972 = CARTESIAN_POINT('',(-9.,18.1,2.8));
#973 = VERTEX_POINT('',#974);
#974 = CARTESIAN_POINT('',(-9.,15.9,2.8));
#975 = CIRCLE('',#976,1.1);
#976 = AXIS2_PLACEMENT_3D('',#977,#978,#979);
#977 = CARTESIAN_POINT('',(-9.,17.,2.8));
#978 = DIRECTION('',(0.,0.,1.));
#979 = DIRECTION('',(1.,0.,-0.));
#980 = ORIENTED_EDGE('',*,*,#981,.F.);
#981 = EDGE_CURVE('',#982,#971,#984,.T.);
#982 = VERTEX_POINT('',#983);
#983 = CARTESIAN_POINT('',(9.,18.1,2.8));
#984 = LINE('',#985,#986);
#985 = CARTESIAN_POINT('',(-4.5,18.1,2.8));
#986 = VECTOR('',#987,1.);
#987 = DIRECTION('',(-1.,-0.,0.));
#988 = ORIENTED_EDGE('',*,*,#989,.F.);
#989 = EDGE_CURVE('',#990,#982,#992,.T.);
#990 = VERTEX_POINT('',#991);
#991 = CARTESIAN_POINT('',(10.1,17.,2.8));
#992 = CIRCLE('',#993,1.1);
#993 = AXIS2_PLACEMENT_3D('',#994,#995,#996);
#994 = CARTESIAN_POINT('',(9.,17.,2.8));
#995 = DIRECTION('',(0.,0.,1.));
#996 = DIRECTION('',(1.,0.,-0.));
#997 = ORIENTED_EDGE('',*,*,#998,.F.);
#998 = EDGE_CURVE('',#999,#990,#1001,.T.);
#999 = VERTEX_POINT('',#1000);
#1000 = CARTESIAN_POINT('',(9.,15.9,2.8));
#1001 = CIRCLE('',#1002,1.1);
#1002 = AXIS2_PLACEMENT_3D('',#1003,#1004,#1005);
#1003 = CARTESIAN_POINT('',(9.,17.,2.8));
#1004 = DIRECTION('',(0.,0.,1.));
#1005 = DIRECTION('',(1.,0.,-0.));
#1006 = ORIENTED_EDGE('',*,*,#1007,.T.);
#1007 = EDGE_CURVE('',#999,#973,#1008,.T.);
#1008 = LINE('',#1009,#1010);
#1009 = CARTESIAN_POINT('',(-4.5,15.9,2.8));
#1010 = VECTOR('',#1011,1.);
#1011 = DIRECTION('',(-1.,-0.,0.));
#1012 = FACE_BOUND('',#1013,.T.);
#1013 = EDGE_LOOP('',(#1014));
#1014 = ORIENTED_EDGE('',*,*,#1015,.F.);
#1015 = EDGE_CURVE('',#1016,#1016,#1018,.T.);
#1016 = VERTEX_POINT('',#1017);
#1017 = CARTESIAN_POINT('',(25.4,24.,2.8));
#1018 = CIRCLE('',#1019,1.4);
#1019 = AXIS2_PLACEMENT_3D('',#1020,#1021,#1022);
#1020 = CARTESIAN_POINT('',(24.,24.,2.8));
#1021 = DIRECTION('',(0.,0.,1.));
#1022 = DIRECTION('',(1.,0.,-0.));
#1023 = FACE_BOUND('',#1024,.T.);
#1024 = EDGE_LOOP('',(#1025));
#1025 = ORIENTED_EDGE('',*,*,#1026,.F.);
#1026 = EDGE_CURVE('',#1027,#1027,#1029,.T.);
#1027 = VERTEX_POINT('',#1028);
#1028 = CARTESIAN_POINT('',(14.8,34.5,2.8));
#1029 = CIRCLE('',#1030,2.8);
#1030 = AXIS2_PLACEMENT_3D('',#1031,#1032,#1033);
#1031 = CARTESIAN_POINT('',(12.,34.5,2.8));
#1032 = DIRECTION('',(0.,0.,1.));
#1033 = DIRECTION('',(1.,0.,-0.));
#1034 = FACE_BOUND('',#1035,.T.);
#1035 = EDGE_LOOP('',(#1036,#1046,#1071,#1096,#1104,#1129));
#1036 = ORIENTED_EDGE('',*,*,#1037,.T.);
#1037 = EDGE_CURVE('',#1038,#1040,#1042,.T.);
#1038 = VERTEX_POINT('',#1039);
#1039 = CARTESIAN_POINT('',(-22.16,29.,2.8));
#1040 = VERTEX_POINT('',#1041);
#1041 = CARTESIAN_POINT('',(-23.74704801379,29.,2.8));
#1042 = LINE('',#1043,#1044);
#1043 = CARTESIAN_POINT('',(-15.75,29.,2.8));
#1044 = VECTOR('',#1045,1.);
#1045 = DIRECTION('',(-1.,-0.,0.));
#1046 = ORIENTED_EDGE('',*,*,#1047,.T.);
#1047 = EDGE_CURVE('',#1040,#1048,#1050,.T.);
#1048 = VERTEX_POINT('',#1049);
#1049 = CARTESIAN_POINT('',(0.,45.1,2.8));
#1050 = B_SPLINE_CURVE_WITH_KNOTS('',7,(#1051,#1052,#1053,#1054,#1055,
    #1056,#1057,#1058,#1059,#1060,#1061,#1062,#1063,#1064,#1065,#1066,
    #1067,#1068,#1069,#1070),.UNSPECIFIED.,.F.,.F.,(8,6,6,8),(0.,
    0.475688447623,0.663710591376,1.),.UNSPECIFIED.);
#1051 = CARTESIAN_POINT('',(-23.74704801379,29.,2.8));
#1052 = CARTESIAN_POINT('',(-22.77361683857,30.801811664213,2.8));
#1053 = CARTESIAN_POINT('',(-21.69255019383,32.54491208547,2.8));
#1054 = CARTESIAN_POINT('',(-20.50162950812,34.219260125198,2.8));
#1055 = CARTESIAN_POINT('',(-19.19927605022,35.811507836484,2.8));
#1056 = CARTESIAN_POINT('',(-17.78536576897,37.305666959477,2.8));
#1057 = CARTESIAN_POINT('',(-16.2617697492,38.683544897142,2.8));
#1058 = CARTESIAN_POINT('',(-13.98964277355,40.416494958549,2.8));
#1059 = CARTESIAN_POINT('',(-13.32971463036,40.886101850525,2.8));
#1060 = CARTESIAN_POINT('',(-12.65391576018,41.333135191801,2.8));
#1061 = CARTESIAN_POINT('',(-11.96275011719,41.756301672191,2.8));
#1062 = CARTESIAN_POINT('',(-11.25685119157,42.154291061537,2.8));
#1063 = CARTESIAN_POINT('',(-10.53700002177,42.525806070964,2.8));
#1064 = CARTESIAN_POINT('',(-8.493395036294,43.484496543528,2.8));
#1065 = CARTESIAN_POINT('',(-7.140455155267,44.010994177504,2.8));
#1066 = CARTESIAN_POINT('',(-5.751566561431,44.441410338407,2.8));
#1067 = CARTESIAN_POINT('',(-4.334031988783,44.76930999587,2.8));
#1068 = CARTESIAN_POINT('',(-2.896273311857,44.989809788253,2.8));
#1069 = CARTESIAN_POINT('',(-1.447916387741,45.1,2.8));
#1070 = CARTESIAN_POINT('',(-9.1731655435E-16,45.1,2.8));
#1071 = ORIENTED_EDGE('',*,*,#1072,.T.);
#1072 = EDGE_CURVE('',#1048,#1073,#1075,.T.);
#1073 = VERTEX_POINT('',#1074);
#1074 = CARTESIAN_POINT('',(23.747048013797,29.,2.8));
#1075 = B_SPLINE_CURVE_WITH_KNOTS('',7,(#1076,#1077,#1078,#1079,#1080,
    #1081,#1082,#1083,#1084,#1085,#1086,#1087,#1088,#1089,#1090,#1091,
    #1092,#1093,#1094,#1095),.UNSPECIFIED.,.F.,.F.,(8,6,6,8),(0.,
    0.336289408623,0.524311552376,1.),.UNSPECIFIED.);
#1076 = CARTESIAN_POINT('',(7.127444371038E-15,45.1,2.8));
#1077 = CARTESIAN_POINT('',(1.447916387734,45.1,2.8));
#1078 = CARTESIAN_POINT('',(2.89627331188,44.989809788248,2.8));
#1079 = CARTESIAN_POINT('',(4.334031988742,44.769309995886,2.8));
#1080 = CARTESIAN_POINT('',(5.751566561463,44.44141033839,2.8));
#1081 = CARTESIAN_POINT('',(7.140455155245,44.010994177515,2.8));
#1082 = CARTESIAN_POINT('',(8.493395036295,43.484496543527,2.8));
#1083 = CARTESIAN_POINT('',(10.537000021766,42.525806070966,2.8));
#1084 = CARTESIAN_POINT('',(11.256851191566,42.15429106154,2.8));
#1085 = CARTESIAN_POINT('',(11.962750117194,41.756301672193,2.8));
#1086 = CARTESIAN_POINT('',(12.653915760182,41.333135191804,2.8));
#1087 = CARTESIAN_POINT('',(13.329714630359,40.88610185053,2.8));
#1088 = CARTESIAN_POINT('',(13.989642773554,40.416494958552,2.8));
#1089 = CARTESIAN_POINT('',(16.261769749198,38.683544897145,2.8));
#1090 = CARTESIAN_POINT('',(17.785365768962,37.305666959486,2.8));
#1091 = CARTESIAN_POINT('',(19.199276050232,35.811507836477,2.8));
#1092 = CARTESIAN_POINT('',(20.501629508108,34.219260125212,2.8));
#1093 = CARTESIAN_POINT('',(21.692550193837,32.544912085466,2.8));
#1094 = CARTESIAN_POINT('',(22.773616838576,30.801811664215,2.8));
#1095 = CARTESIAN_POINT('',(23.747048013797,29.,2.8));
#1096 = ORIENTED_EDGE('',*,*,#1097,.T.);
#1097 = EDGE_CURVE('',#1073,#1098,#1100,.T.);
#1098 = VERTEX_POINT('',#1099);
#1099 = CARTESIAN_POINT('',(22.16,29.,2.8));
#1100 = LINE('',#1101,#1102);
#1101 = CARTESIAN_POINT('',(8.25,29.,2.8));
#1102 = VECTOR('',#1103,1.);
#1103 = DIRECTION('',(-1.,-0.,0.));
#1104 = ORIENTED_EDGE('',*,*,#1105,.F.);
#1105 = EDGE_CURVE('',#1106,#1098,#1108,.T.);
#1106 = VERTEX_POINT('',#1107);
#1107 = CARTESIAN_POINT('',(0.,43.7,2.8));
#1108 = B_SPLINE_CURVE_WITH_KNOTS('',7,(#1109,#1110,#1111,#1112,#1113,
    #1114,#1115,#1116,#1117,#1118,#1119,#1120,#1121,#1122,#1123,#1124,
    #1125,#1126,#1127,#1128),.UNSPECIFIED.,.F.,.F.,(8,6,6,8),(0.,
    0.33800397385,0.527024029856,1.),.UNSPECIFIED.);
#1109 = CARTESIAN_POINT('',(6.784543267276E-15,43.7,2.8));
#1110 = CARTESIAN_POINT('',(1.346537552334,43.7,2.8));
#1111 = CARTESIAN_POINT('',(2.693477351011,43.598683038074,2.8));
#1112 = CARTESIAN_POINT('',(4.030781657646,43.395941246899,2.8));
#1113 = CARTESIAN_POINT('',(5.349700783069,43.094433424125,2.8));
#1114 = CARTESIAN_POINT('',(6.642585800866,42.698632068375,2.8));
#1115 = CARTESIAN_POINT('',(7.90280985347,42.214428449844,2.8));
#1116 = CARTESIAN_POINT('',(9.808034988566,41.332556000639,2.8));
#1117 = CARTESIAN_POINT('',(10.479541447126,40.990738479264,2.8));
#1118 = CARTESIAN_POINT('',(11.138373184377,40.624533402216,2.8));
#1119 = CARTESIAN_POINT('',(11.783823602721,40.235128573924,2.8));
#1120 = CARTESIAN_POINT('',(12.415320927622,39.823723538445,2.8));
#1121 = CARTESIAN_POINT('',(13.032411858348,39.391502074612,2.8));
#1122 = CARTESIAN_POINT('',(15.141949499602,37.808867630647,2.8));
#1123 = CARTESIAN_POINT('',(16.55608102131,36.55548990212,2.8));
#1124 = CARTESIAN_POINT('',(17.872970872427,35.196823149596,2.8));
#1125 = CARTESIAN_POINT('',(19.091043881497,33.748996771614,2.8));
#1126 = CARTESIAN_POINT('',(20.21048606279,32.226184957515,2.8));
#1127 = CARTESIAN_POINT('',(21.232775463371,30.64021669578,2.8));
#1128 = CARTESIAN_POINT('',(22.1600000313,28.999999944632,2.8));
#1129 = ORIENTED_EDGE('',*,*,#1130,.F.);
#1130 = EDGE_CURVE('',#1038,#1106,#1131,.T.);
#1131 = B_SPLINE_CURVE_WITH_KNOTS('',7,(#1132,#1133,#1134,#1135,#1136,
    #1137,#1138,#1139,#1140,#1141,#1142,#1143,#1144,#1145,#1146,#1147,
    #1148,#1149,#1150,#1151),.UNSPECIFIED.,.F.,.F.,(8,6,6,8),(0.,
    0.472975970144,0.66199602615,1.),.UNSPECIFIED.);
#1132 = CARTESIAN_POINT('',(-22.1600000313,28.999999944632,2.8));
#1133 = CARTESIAN_POINT('',(-21.23277546337,30.640216695777,2.8));
#1134 = CARTESIAN_POINT('',(-20.21048606278,32.226184957525,2.8));
#1135 = CARTESIAN_POINT('',(-19.0910438815,33.748996771595,2.8));
#1136 = CARTESIAN_POINT('',(-17.87297087241,35.196823149615,2.8));
#1137 = CARTESIAN_POINT('',(-16.55608102131,36.555489902111,2.8));
#1138 = CARTESIAN_POINT('',(-15.14194949959,37.808867630649,2.8));
#1139 = CARTESIAN_POINT('',(-13.03241185834,39.391502074611,2.8));
#1140 = CARTESIAN_POINT('',(-12.41532092762,39.823723538446,2.8));
#1141 = CARTESIAN_POINT('',(-11.78382360272,40.235128573924,2.8));
#1142 = CARTESIAN_POINT('',(-11.13837318437,40.624533402216,2.8));
#1143 = CARTESIAN_POINT('',(-10.47954144712,40.990738479265,2.8));
#1144 = CARTESIAN_POINT('',(-9.808034988567,41.332556000639,2.8));
#1145 = CARTESIAN_POINT('',(-7.90280985347,42.214428449844,2.8));
#1146 = CARTESIAN_POINT('',(-6.642585800861,42.698632068377,2.8));
#1147 = CARTESIAN_POINT('',(-5.349700783078,43.094433424121,2.8));
#1148 = CARTESIAN_POINT('',(-4.030781657635,43.395941246902,2.8));
#1149 = CARTESIAN_POINT('',(-2.693477351018,43.598683038073,2.8));
#1150 = CARTESIAN_POINT('',(-1.346537552332,43.7,2.8));
#1151 = CARTESIAN_POINT('',(-9.1731655435E-16,43.7,2.8));
#1152 = PLANE('',#1153);
#1153 = AXIS2_PLACEMENT_3D('',#1154,#1155,#1156);
#1154 = CARTESIAN_POINT('',(-9.1731655435E-16,6.622240950323,2.8));
#1155 = DIRECTION('',(0.,0.,1.));
#1156 = DIRECTION('',(1.,0.,-0.));
#1157 = ADVANCED_FACE('',(#1158),#1177,.F.);
#1158 = FACE_BOUND('',#1159,.F.);
#1159 = EDGE_LOOP('',(#1160,#1168,#1175,#1176));
#1160 = ORIENTED_EDGE('',*,*,#1161,.T.);
#1161 = EDGE_CURVE('',#61,#1162,#1164,.T.);
#1162 = VERTEX_POINT('',#1163);
#1163 = CARTESIAN_POINT('',(-10.9,-24.,0.5));
#1164 = LINE('',#1165,#1166);
#1165 = CARTESIAN_POINT('',(-10.9,-24.,-0.1));
#1166 = VECTOR('',#1167,1.);
#1167 = DIRECTION('',(0.,0.,1.));
#1168 = ORIENTED_EDGE('',*,*,#1169,.F.);
#1169 = EDGE_CURVE('',#1162,#1162,#1170,.T.);
#1170 = CIRCLE('',#1171,4.1);
#1171 = AXIS2_PLACEMENT_3D('',#1172,#1173,#1174);
#1172 = CARTESIAN_POINT('',(-15.,-24.,0.5));
#1173 = DIRECTION('',(0.,0.,1.));
#1174 = DIRECTION('',(1.,0.,-0.));
#1175 = ORIENTED_EDGE('',*,*,#1161,.F.);
#1176 = ORIENTED_EDGE('',*,*,#60,.T.);
#1177 = CYLINDRICAL_SURFACE('',#1178,4.1);
#1178 = AXIS2_PLACEMENT_3D('',#1179,#1180,#1181);
#1179 = CARTESIAN_POINT('',(-15.,-24.,-0.1));
#1180 = DIRECTION('',(0.,0.,1.));
#1181 = DIRECTION('',(1.,0.,-0.));
#1182 = ADVANCED_FACE('',(#1183),#1202,.F.);
#1183 = FACE_BOUND('',#1184,.F.);
#1184 = EDGE_LOOP('',(#1185,#1193,#1200,#1201));
#1185 = ORIENTED_EDGE('',*,*,#1186,.T.);
#1186 = EDGE_CURVE('',#72,#1187,#1189,.T.);
#1187 = VERTEX_POINT('',#1188);
#1188 = CARTESIAN_POINT('',(-21.4,-14.,1.3));
#1189 = LINE('',#1190,#1191);
#1190 = CARTESIAN_POINT('',(-21.4,-14.,-0.1));
#1191 = VECTOR('',#1192,1.);
#1192 = DIRECTION('',(0.,0.,1.));
#1193 = ORIENTED_EDGE('',*,*,#1194,.F.);
#1194 = EDGE_CURVE('',#1187,#1187,#1195,.T.);
#1195 = CIRCLE('',#1196,2.6);
#1196 = AXIS2_PLACEMENT_3D('',#1197,#1198,#1199);
#1197 = CARTESIAN_POINT('',(-24.,-14.,1.3));
#1198 = DIRECTION('',(0.,0.,1.));
#1199 = DIRECTION('',(1.,0.,-0.));
#1200 = ORIENTED_EDGE('',*,*,#1186,.F.);
#1201 = ORIENTED_EDGE('',*,*,#71,.T.);
#1202 = CYLINDRICAL_SURFACE('',#1203,2.6);
#1203 = AXIS2_PLACEMENT_3D('',#1204,#1205,#1206);
#1204 = CARTESIAN_POINT('',(-24.,-14.,-0.1));
#1205 = DIRECTION('',(0.,0.,1.));
#1206 = DIRECTION('',(1.,0.,-0.));
#1207 = ADVANCED_FACE('',(#1208),#1227,.F.);
#1208 = FACE_BOUND('',#1209,.F.);
#1209 = EDGE_LOOP('',(#1210,#1218,#1225,#1226));
#1210 = ORIENTED_EDGE('',*,*,#1211,.T.);
#1211 = EDGE_CURVE('',#83,#1212,#1214,.T.);
#1212 = VERTEX_POINT('',#1213);
#1213 = CARTESIAN_POINT('',(19.1,-24.,0.5));
#1214 = LINE('',#1215,#1216);
#1215 = CARTESIAN_POINT('',(19.1,-24.,-0.1));
#1216 = VECTOR('',#1217,1.);
#1217 = DIRECTION('',(0.,0.,1.));
#1218 = ORIENTED_EDGE('',*,*,#1219,.F.);
#1219 = EDGE_CURVE('',#1212,#1212,#1220,.T.);
#1220 = CIRCLE('',#1221,4.1);
#1221 = AXIS2_PLACEMENT_3D('',#1222,#1223,#1224);
#1222 = CARTESIAN_POINT('',(15.,-24.,0.5));
#1223 = DIRECTION('',(0.,0.,1.));
#1224 = DIRECTION('',(1.,0.,-0.));
#1225 = ORIENTED_EDGE('',*,*,#1211,.F.);
#1226 = ORIENTED_EDGE('',*,*,#82,.T.);
#1227 = CYLINDRICAL_SURFACE('',#1228,4.1);
#1228 = AXIS2_PLACEMENT_3D('',#1229,#1230,#1231);
#1229 = CARTESIAN_POINT('',(15.,-24.,-0.1));
#1230 = DIRECTION('',(0.,0.,1.));
#1231 = DIRECTION('',(1.,0.,-0.));
#1232 = ADVANCED_FACE('',(#1233),#1252,.F.);
#1233 = FACE_BOUND('',#1234,.F.);
#1234 = EDGE_LOOP('',(#1235,#1243,#1250,#1251));
#1235 = ORIENTED_EDGE('',*,*,#1236,.T.);
#1236 = EDGE_CURVE('',#94,#1237,#1239,.T.);
#1237 = VERTEX_POINT('',#1238);
#1238 = CARTESIAN_POINT('',(26.6,-14.,1.3));
#1239 = LINE('',#1240,#1241);
#1240 = CARTESIAN_POINT('',(26.6,-14.,-0.1));
#1241 = VECTOR('',#1242,1.);
#1242 = DIRECTION('',(0.,0.,1.));
#1243 = ORIENTED_EDGE('',*,*,#1244,.F.);
#1244 = EDGE_CURVE('',#1237,#1237,#1245,.T.);
#1245 = CIRCLE('',#1246,2.6);
#1246 = AXIS2_PLACEMENT_3D('',#1247,#1248,#1249);
#1247 = CARTESIAN_POINT('',(24.,-14.,1.3));
#1248 = DIRECTION('',(0.,0.,1.));
#1249 = DIRECTION('',(1.,0.,-0.));
#1250 = ORIENTED_EDGE('',*,*,#1236,.F.);
#1251 = ORIENTED_EDGE('',*,*,#93,.T.);
#1252 = CYLINDRICAL_SURFACE('',#1253,2.6);
#1253 = AXIS2_PLACEMENT_3D('',#1254,#1255,#1256);
#1254 = CARTESIAN_POINT('',(24.,-14.,-0.1));
#1255 = DIRECTION('',(0.,0.,1.));
#1256 = DIRECTION('',(1.,0.,-0.));
#1257 = ADVANCED_FACE('',(#1258),#1274,.F.);
#1258 = FACE_BOUND('',#1259,.F.);
#1259 = EDGE_LOOP('',(#1260,#1261,#1267,#1268));
#1260 = ORIENTED_EDGE('',*,*,#661,.F.);
#1261 = ORIENTED_EDGE('',*,*,#1262,.F.);
#1262 = EDGE_CURVE('',#105,#662,#1263,.T.);
#1263 = LINE('',#1264,#1265);
#1264 = CARTESIAN_POINT('',(-9.,-6.9,-1.));
#1265 = VECTOR('',#1266,1.);
#1266 = DIRECTION('',(0.,0.,1.));
#1267 = ORIENTED_EDGE('',*,*,#104,.T.);
#1268 = ORIENTED_EDGE('',*,*,#1269,.T.);
#1269 = EDGE_CURVE('',#107,#664,#1270,.T.);
#1270 = LINE('',#1271,#1272);
#1271 = CARTESIAN_POINT('',(-9.,-9.1,-1.));
#1272 = VECTOR('',#1273,1.);
#1273 = DIRECTION('',(0.,0.,1.));
#1274 = CYLINDRICAL_SURFACE('',#1275,1.1);
#1275 = AXIS2_PLACEMENT_3D('',#1276,#1277,#1278);
#1276 = CARTESIAN_POINT('',(-9.,-8.,-1.));
#1277 = DIRECTION('',(0.,0.,1.));
#1278 = DIRECTION('',(1.,0.,-0.));
#1279 = ADVANCED_FACE('',(#1280),#1291,.F.);
#1280 = FACE_BOUND('',#1281,.F.);
#1281 = EDGE_LOOP('',(#1282,#1283,#1284,#1285));
#1282 = ORIENTED_EDGE('',*,*,#115,.T.);
#1283 = ORIENTED_EDGE('',*,*,#1262,.T.);
#1284 = ORIENTED_EDGE('',*,*,#672,.F.);
#1285 = ORIENTED_EDGE('',*,*,#1286,.F.);
#1286 = EDGE_CURVE('',#116,#673,#1287,.T.);
#1287 = LINE('',#1288,#1289);
#1288 = CARTESIAN_POINT('',(9.,-6.9,-1.));
#1289 = VECTOR('',#1290,1.);
#1290 = DIRECTION('',(0.,0.,1.));
#1291 = PLANE('',#1292);
#1292 = AXIS2_PLACEMENT_3D('',#1293,#1294,#1295);
#1293 = CARTESIAN_POINT('',(-9.,-6.9,-1.));
#1294 = DIRECTION('',(-0.,1.,0.));
#1295 = DIRECTION('',(0.,0.,1.));
#1296 = ADVANCED_FACE('',(#1297),#1308,.T.);
#1297 = FACE_BOUND('',#1298,.T.);
#1298 = EDGE_LOOP('',(#1299,#1300,#1301,#1302));
#1299 = ORIENTED_EDGE('',*,*,#141,.T.);
#1300 = ORIENTED_EDGE('',*,*,#1269,.T.);
#1301 = ORIENTED_EDGE('',*,*,#698,.F.);
#1302 = ORIENTED_EDGE('',*,*,#1303,.F.);
#1303 = EDGE_CURVE('',#133,#690,#1304,.T.);
#1304 = LINE('',#1305,#1306);
#1305 = CARTESIAN_POINT('',(9.,-9.1,-1.));
#1306 = VECTOR('',#1307,1.);
#1307 = DIRECTION('',(0.,0.,1.));
#1308 = PLANE('',#1309);
#1309 = AXIS2_PLACEMENT_3D('',#1310,#1311,#1312);
#1310 = CARTESIAN_POINT('',(-9.,-9.1,-1.));
#1311 = DIRECTION('',(-0.,1.,0.));
#1312 = DIRECTION('',(0.,0.,1.));
#1313 = ADVANCED_FACE('',(#1314),#1330,.F.);
#1314 = FACE_BOUND('',#1315,.F.);
#1315 = EDGE_LOOP('',(#1316,#1317,#1323,#1324));
#1316 = ORIENTED_EDGE('',*,*,#706,.F.);
#1317 = ORIENTED_EDGE('',*,*,#1318,.F.);
#1318 = EDGE_CURVE('',#150,#707,#1319,.T.);
#1319 = LINE('',#1320,#1321);
#1320 = CARTESIAN_POINT('',(-9.,-1.9,-1.));
#1321 = VECTOR('',#1322,1.);
#1322 = DIRECTION('',(0.,0.,1.));
#1323 = ORIENTED_EDGE('',*,*,#149,.T.);
#1324 = ORIENTED_EDGE('',*,*,#1325,.T.);
#1325 = EDGE_CURVE('',#152,#709,#1326,.T.);
#1326 = LINE('',#1327,#1328);
#1327 = CARTESIAN_POINT('',(-9.,-4.1,-1.));
#1328 = VECTOR('',#1329,1.);
#1329 = DIRECTION('',(0.,0.,1.));
#1330 = CYLINDRICAL_SURFACE('',#1331,1.1);
#1331 = AXIS2_PLACEMENT_3D('',#1332,#1333,#1334);
#1332 = CARTESIAN_POINT('',(-9.,-3.,-1.));
#1333 = DIRECTION('',(0.,0.,1.));
#1334 = DIRECTION('',(1.,0.,-0.));
#1335 = ADVANCED_FACE('',(#1336),#1347,.F.);
#1336 = FACE_BOUND('',#1337,.F.);
#1337 = EDGE_LOOP('',(#1338,#1339,#1340,#1341));
#1338 = ORIENTED_EDGE('',*,*,#160,.T.);
#1339 = ORIENTED_EDGE('',*,*,#1318,.T.);
#1340 = ORIENTED_EDGE('',*,*,#717,.F.);
#1341 = ORIENTED_EDGE('',*,*,#1342,.F.);
#1342 = EDGE_CURVE('',#161,#718,#1343,.T.);
#1343 = LINE('',#1344,#1345);
#1344 = CARTESIAN_POINT('',(9.,-1.9,-1.));
#1345 = VECTOR('',#1346,1.);
#1346 = DIRECTION('',(0.,0.,1.));
#1347 = PLANE('',#1348);
#1348 = AXIS2_PLACEMENT_3D('',#1349,#1350,#1351);
#1349 = CARTESIAN_POINT('',(-9.,-1.9,-1.));
#1350 = DIRECTION('',(-0.,1.,0.));
#1351 = DIRECTION('',(0.,0.,1.));
#1352 = ADVANCED_FACE('',(#1353),#1364,.T.);
#1353 = FACE_BOUND('',#1354,.T.);
#1354 = EDGE_LOOP('',(#1355,#1356,#1357,#1358));
#1355 = ORIENTED_EDGE('',*,*,#186,.T.);
#1356 = ORIENTED_EDGE('',*,*,#1325,.T.);
#1357 = ORIENTED_EDGE('',*,*,#743,.F.);
#1358 = ORIENTED_EDGE('',*,*,#1359,.F.);
#1359 = EDGE_CURVE('',#178,#735,#1360,.T.);
#1360 = LINE('',#1361,#1362);
#1361 = CARTESIAN_POINT('',(9.,-4.1,-1.));
#1362 = VECTOR('',#1363,1.);
#1363 = DIRECTION('',(0.,0.,1.));
#1364 = PLANE('',#1365);
#1365 = AXIS2_PLACEMENT_3D('',#1366,#1367,#1368);
#1366 = CARTESIAN_POINT('',(-9.,-4.1,-1.));
#1367 = DIRECTION('',(-0.,1.,0.));
#1368 = DIRECTION('',(0.,0.,1.));
#1369 = ADVANCED_FACE('',(#1370),#1386,.F.);
#1370 = FACE_BOUND('',#1371,.F.);
#1371 = EDGE_LOOP('',(#1372,#1373,#1379,#1380));
#1372 = ORIENTED_EDGE('',*,*,#751,.F.);
#1373 = ORIENTED_EDGE('',*,*,#1374,.F.);
#1374 = EDGE_CURVE('',#195,#752,#1375,.T.);
#1375 = LINE('',#1376,#1377);
#1376 = CARTESIAN_POINT('',(-9.,3.1,-1.));
#1377 = VECTOR('',#1378,1.);
#1378 = DIRECTION('',(0.,0.,1.));
#1379 = ORIENTED_EDGE('',*,*,#194,.T.);
#1380 = ORIENTED_EDGE('',*,*,#1381,.T.);
#1381 = EDGE_CURVE('',#197,#754,#1382,.T.);
#1382 = LINE('',#1383,#1384);
#1383 = CARTESIAN_POINT('',(-9.,0.9,-1.));
#1384 = VECTOR('',#1385,1.);
#1385 = DIRECTION('',(0.,0.,1.));
#1386 = CYLINDRICAL_SURFACE('',#1387,1.1);
#1387 = AXIS2_PLACEMENT_3D('',#1388,#1389,#1390);
#1388 = CARTESIAN_POINT('',(-9.,2.,-1.));
#1389 = DIRECTION('',(0.,0.,1.));
#1390 = DIRECTION('',(1.,0.,-0.));
#1391 = ADVANCED_FACE('',(#1392),#1403,.F.);
#1392 = FACE_BOUND('',#1393,.F.);
#1393 = EDGE_LOOP('',(#1394,#1395,#1396,#1397));
#1394 = ORIENTED_EDGE('',*,*,#205,.T.);
#1395 = ORIENTED_EDGE('',*,*,#1374,.T.);
#1396 = ORIENTED_EDGE('',*,*,#762,.F.);
#1397 = ORIENTED_EDGE('',*,*,#1398,.F.);
#1398 = EDGE_CURVE('',#206,#763,#1399,.T.);
#1399 = LINE('',#1400,#1401);
#1400 = CARTESIAN_POINT('',(9.,3.1,-1.));
#1401 = VECTOR('',#1402,1.);
#1402 = DIRECTION('',(0.,0.,1.));
#1403 = PLANE('',#1404);
#1404 = AXIS2_PLACEMENT_3D('',#1405,#1406,#1407);
#1405 = CARTESIAN_POINT('',(-9.,3.1,-1.));
#1406 = DIRECTION('',(-0.,1.,0.));
#1407 = DIRECTION('',(0.,0.,1.));
#1408 = ADVANCED_FACE('',(#1409),#1420,.T.);
#1409 = FACE_BOUND('',#1410,.T.);
#1410 = EDGE_LOOP('',(#1411,#1412,#1413,#1414));
#1411 = ORIENTED_EDGE('',*,*,#231,.T.);
#1412 = ORIENTED_EDGE('',*,*,#1381,.T.);
#1413 = ORIENTED_EDGE('',*,*,#788,.F.);
#1414 = ORIENTED_EDGE('',*,*,#1415,.F.);
#1415 = EDGE_CURVE('',#223,#780,#1416,.T.);
#1416 = LINE('',#1417,#1418);
#1417 = CARTESIAN_POINT('',(9.,0.9,-1.));
#1418 = VECTOR('',#1419,1.);
#1419 = DIRECTION('',(0.,0.,1.));
#1420 = PLANE('',#1421);
#1421 = AXIS2_PLACEMENT_3D('',#1422,#1423,#1424);
#1422 = CARTESIAN_POINT('',(-9.,0.9,-1.));
#1423 = DIRECTION('',(-0.,1.,0.));
#1424 = DIRECTION('',(0.,0.,1.));
#1425 = ADVANCED_FACE('',(#1426),#1445,.F.);
#1426 = FACE_BOUND('',#1427,.F.);
#1427 = EDGE_LOOP('',(#1428,#1436,#1443,#1444));
#1428 = ORIENTED_EDGE('',*,*,#1429,.T.);
#1429 = EDGE_CURVE('',#240,#1430,#1432,.T.);
#1430 = VERTEX_POINT('',#1431);
#1431 = CARTESIAN_POINT('',(-21.4,24.,1.3));
#1432 = LINE('',#1433,#1434);
#1433 = CARTESIAN_POINT('',(-21.4,24.,-0.1));
#1434 = VECTOR('',#1435,1.);
#1435 = DIRECTION('',(0.,0.,1.));
#1436 = ORIENTED_EDGE('',*,*,#1437,.F.);
#1437 = EDGE_CURVE('',#1430,#1430,#1438,.T.);
#1438 = CIRCLE('',#1439,2.6);
#1439 = AXIS2_PLACEMENT_3D('',#1440,#1441,#1442);
#1440 = CARTESIAN_POINT('',(-24.,24.,1.3));
#1441 = DIRECTION('',(0.,0.,1.));
#1442 = DIRECTION('',(1.,0.,-0.));
#1443 = ORIENTED_EDGE('',*,*,#1429,.F.);
#1444 = ORIENTED_EDGE('',*,*,#239,.T.);
#1445 = CYLINDRICAL_SURFACE('',#1446,2.6);
#1446 = AXIS2_PLACEMENT_3D('',#1447,#1448,#1449);
#1447 = CARTESIAN_POINT('',(-24.,24.,-0.1));
#1448 = DIRECTION('',(0.,0.,1.));
#1449 = DIRECTION('',(1.,0.,-0.));
#1450 = ADVANCED_FACE('',(#1451),#1470,.F.);
#1451 = FACE_BOUND('',#1452,.F.);
#1452 = EDGE_LOOP('',(#1453,#1461,#1468,#1469));
#1453 = ORIENTED_EDGE('',*,*,#1454,.T.);
#1454 = EDGE_CURVE('',#251,#1455,#1457,.T.);
#1455 = VERTEX_POINT('',#1456);
#1456 = CARTESIAN_POINT('',(-10.9,33.,0.5));
#1457 = LINE('',#1458,#1459);
#1458 = CARTESIAN_POINT('',(-10.9,33.,-0.1));
#1459 = VECTOR('',#1460,1.);
#1460 = DIRECTION('',(0.,0.,1.));
#1461 = ORIENTED_EDGE('',*,*,#1462,.F.);
#1462 = EDGE_CURVE('',#1455,#1455,#1463,.T.);
#1463 = CIRCLE('',#1464,4.1);
#1464 = AXIS2_PLACEMENT_3D('',#1465,#1466,#1467);
#1465 = CARTESIAN_POINT('',(-15.,33.,0.5));
#1466 = DIRECTION('',(0.,0.,1.));
#1467 = DIRECTION('',(1.,0.,-0.));
#1468 = ORIENTED_EDGE('',*,*,#1454,.F.);
#1469 = ORIENTED_EDGE('',*,*,#250,.T.);
#1470 = CYLINDRICAL_SURFACE('',#1471,4.1);
#1471 = AXIS2_PLACEMENT_3D('',#1472,#1473,#1474);
#1472 = CARTESIAN_POINT('',(-15.,33.,-0.1));
#1473 = DIRECTION('',(0.,0.,1.));
#1474 = DIRECTION('',(1.,0.,-0.));
#1475 = ADVANCED_FACE('',(#1476),#1492,.F.);
#1476 = FACE_BOUND('',#1477,.F.);
#1477 = EDGE_LOOP('',(#1478,#1479,#1485,#1486));
#1478 = ORIENTED_EDGE('',*,*,#880,.F.);
#1479 = ORIENTED_EDGE('',*,*,#1480,.F.);
#1480 = EDGE_CURVE('',#262,#881,#1481,.T.);
#1481 = LINE('',#1482,#1483);
#1482 = CARTESIAN_POINT('',(-9.,8.1,-1.));
#1483 = VECTOR('',#1484,1.);
#1484 = DIRECTION('',(0.,0.,1.));
#1485 = ORIENTED_EDGE('',*,*,#261,.T.);
#1486 = ORIENTED_EDGE('',*,*,#1487,.T.);
#1487 = EDGE_CURVE('',#264,#883,#1488,.T.);
#1488 = LINE('',#1489,#1490);
#1489 = CARTESIAN_POINT('',(-9.,5.9,-1.));
#1490 = VECTOR('',#1491,1.);
#1491 = DIRECTION('',(0.,0.,1.));
#1492 = CYLINDRICAL_SURFACE('',#1493,1.1);
#1493 = AXIS2_PLACEMENT_3D('',#1494,#1495,#1496);
#1494 = CARTESIAN_POINT('',(-9.,7.,-1.));
#1495 = DIRECTION('',(0.,0.,1.));
#1496 = DIRECTION('',(1.,0.,-0.));
#1497 = ADVANCED_FACE('',(#1498),#1509,.F.);
#1498 = FACE_BOUND('',#1499,.F.);
#1499 = EDGE_LOOP('',(#1500,#1501,#1502,#1503));
#1500 = ORIENTED_EDGE('',*,*,#272,.T.);
#1501 = ORIENTED_EDGE('',*,*,#1480,.T.);
#1502 = ORIENTED_EDGE('',*,*,#891,.F.);
#1503 = ORIENTED_EDGE('',*,*,#1504,.F.);
#1504 = EDGE_CURVE('',#273,#892,#1505,.T.);
#1505 = LINE('',#1506,#1507);
#1506 = CARTESIAN_POINT('',(9.,8.1,-1.));
#1507 = VECTOR('',#1508,1.);
#1508 = DIRECTION('',(0.,0.,1.));
#1509 = PLANE('',#1510);
#1510 = AXIS2_PLACEMENT_3D('',#1511,#1512,#1513);
#1511 = CARTESIAN_POINT('',(-9.,8.1,-1.));
#1512 = DIRECTION('',(-0.,1.,0.));
#1513 = DIRECTION('',(0.,0.,1.));
#1514 = ADVANCED_FACE('',(#1515),#1526,.T.);
#1515 = FACE_BOUND('',#1516,.T.);
#1516 = EDGE_LOOP('',(#1517,#1518,#1519,#1520));
#1517 = ORIENTED_EDGE('',*,*,#298,.T.);
#1518 = ORIENTED_EDGE('',*,*,#1487,.T.);
#1519 = ORIENTED_EDGE('',*,*,#917,.F.);
#1520 = ORIENTED_EDGE('',*,*,#1521,.F.);
#1521 = EDGE_CURVE('',#290,#909,#1522,.T.);
#1522 = LINE('',#1523,#1524);
#1523 = CARTESIAN_POINT('',(9.,5.9,-1.));
#1524 = VECTOR('',#1525,1.);
#1525 = DIRECTION('',(0.,0.,1.));
#1526 = PLANE('',#1527);
#1527 = AXIS2_PLACEMENT_3D('',#1528,#1529,#1530);
#1528 = CARTESIAN_POINT('',(-9.,5.9,-1.));
#1529 = DIRECTION('',(-0.,1.,0.));
#1530 = DIRECTION('',(0.,0.,1.));
#1531 = ADVANCED_FACE('',(#1532),#1548,.F.);
#1532 = FACE_BOUND('',#1533,.F.);
#1533 = EDGE_LOOP('',(#1534,#1535,#1541,#1542));
#1534 = ORIENTED_EDGE('',*,*,#925,.F.);
#1535 = ORIENTED_EDGE('',*,*,#1536,.F.);
#1536 = EDGE_CURVE('',#307,#926,#1537,.T.);
#1537 = LINE('',#1538,#1539);
#1538 = CARTESIAN_POINT('',(-9.,13.1,-1.));
#1539 = VECTOR('',#1540,1.);
#1540 = DIRECTION('',(0.,0.,1.));
#1541 = ORIENTED_EDGE('',*,*,#306,.T.);
#1542 = ORIENTED_EDGE('',*,*,#1543,.T.);
#1543 = EDGE_CURVE('',#309,#928,#1544,.T.);
#1544 = LINE('',#1545,#1546);
#1545 = CARTESIAN_POINT('',(-9.,10.9,-1.));
#1546 = VECTOR('',#1547,1.);
#1547 = DIRECTION('',(0.,0.,1.));
#1548 = CYLINDRICAL_SURFACE('',#1549,1.1);
#1549 = AXIS2_PLACEMENT_3D('',#1550,#1551,#1552);
#1550 = CARTESIAN_POINT('',(-9.,12.,-1.));
#1551 = DIRECTION('',(0.,0.,1.));
#1552 = DIRECTION('',(1.,0.,-0.));
#1553 = ADVANCED_FACE('',(#1554),#1565,.F.);
#1554 = FACE_BOUND('',#1555,.F.);
#1555 = EDGE_LOOP('',(#1556,#1557,#1558,#1559));
#1556 = ORIENTED_EDGE('',*,*,#317,.T.);
#1557 = ORIENTED_EDGE('',*,*,#1536,.T.);
#1558 = ORIENTED_EDGE('',*,*,#936,.F.);
#1559 = ORIENTED_EDGE('',*,*,#1560,.F.);
#1560 = EDGE_CURVE('',#318,#937,#1561,.T.);
#1561 = LINE('',#1562,#1563);
#1562 = CARTESIAN_POINT('',(9.,13.1,-1.));
#1563 = VECTOR('',#1564,1.);
#1564 = DIRECTION('',(0.,0.,1.));
#1565 = PLANE('',#1566);
#1566 = AXIS2_PLACEMENT_3D('',#1567,#1568,#1569);
#1567 = CARTESIAN_POINT('',(-9.,13.1,-1.));
#1568 = DIRECTION('',(-0.,1.,0.));
#1569 = DIRECTION('',(0.,0.,1.));
#1570 = ADVANCED_FACE('',(#1571),#1582,.T.);
#1571 = FACE_BOUND('',#1572,.T.);
#1572 = EDGE_LOOP('',(#1573,#1574,#1575,#1576));
#1573 = ORIENTED_EDGE('',*,*,#343,.T.);
#1574 = ORIENTED_EDGE('',*,*,#1543,.T.);
#1575 = ORIENTED_EDGE('',*,*,#962,.F.);
#1576 = ORIENTED_EDGE('',*,*,#1577,.F.);
#1577 = EDGE_CURVE('',#335,#954,#1578,.T.);
#1578 = LINE('',#1579,#1580);
#1579 = CARTESIAN_POINT('',(9.,10.9,-1.));
#1580 = VECTOR('',#1581,1.);
#1581 = DIRECTION('',(0.,0.,1.));
#1582 = PLANE('',#1583);
#1583 = AXIS2_PLACEMENT_3D('',#1584,#1585,#1586);
#1584 = CARTESIAN_POINT('',(-9.,10.9,-1.));
#1585 = DIRECTION('',(-0.,1.,0.));
#1586 = DIRECTION('',(0.,0.,1.));
#1587 = ADVANCED_FACE('',(#1588),#1604,.F.);
#1588 = FACE_BOUND('',#1589,.F.);
#1589 = EDGE_LOOP('',(#1590,#1591,#1597,#1598));
#1590 = ORIENTED_EDGE('',*,*,#970,.F.);
#1591 = ORIENTED_EDGE('',*,*,#1592,.F.);
#1592 = EDGE_CURVE('',#352,#971,#1593,.T.);
#1593 = LINE('',#1594,#1595);
#1594 = CARTESIAN_POINT('',(-9.,18.1,-1.));
#1595 = VECTOR('',#1596,1.);
#1596 = DIRECTION('',(0.,0.,1.));
#1597 = ORIENTED_EDGE('',*,*,#351,.T.);
#1598 = ORIENTED_EDGE('',*,*,#1599,.T.);
#1599 = EDGE_CURVE('',#354,#973,#1600,.T.);
#1600 = LINE('',#1601,#1602);
#1601 = CARTESIAN_POINT('',(-9.,15.9,-1.));
#1602 = VECTOR('',#1603,1.);
#1603 = DIRECTION('',(0.,0.,1.));
#1604 = CYLINDRICAL_SURFACE('',#1605,1.1);
#1605 = AXIS2_PLACEMENT_3D('',#1606,#1607,#1608);
#1606 = CARTESIAN_POINT('',(-9.,17.,-1.));
#1607 = DIRECTION('',(0.,0.,1.));
#1608 = DIRECTION('',(1.,0.,-0.));
#1609 = ADVANCED_FACE('',(#1610),#1621,.F.);
#1610 = FACE_BOUND('',#1611,.F.);
#1611 = EDGE_LOOP('',(#1612,#1613,#1614,#1615));
#1612 = ORIENTED_EDGE('',*,*,#362,.T.);
#1613 = ORIENTED_EDGE('',*,*,#1592,.T.);
#1614 = ORIENTED_EDGE('',*,*,#981,.F.);
#1615 = ORIENTED_EDGE('',*,*,#1616,.F.);
#1616 = EDGE_CURVE('',#363,#982,#1617,.T.);
#1617 = LINE('',#1618,#1619);
#1618 = CARTESIAN_POINT('',(9.,18.1,-1.));
#1619 = VECTOR('',#1620,1.);
#1620 = DIRECTION('',(0.,0.,1.));
#1621 = PLANE('',#1622);
#1622 = AXIS2_PLACEMENT_3D('',#1623,#1624,#1625);
#1623 = CARTESIAN_POINT('',(-9.,18.1,-1.));
#1624 = DIRECTION('',(-0.,1.,0.));
#1625 = DIRECTION('',(0.,0.,1.));
#1626 = ADVANCED_FACE('',(#1627),#1638,.T.);
#1627 = FACE_BOUND('',#1628,.T.);
#1628 = EDGE_LOOP('',(#1629,#1630,#1631,#1632));
#1629 = ORIENTED_EDGE('',*,*,#388,.T.);
#1630 = ORIENTED_EDGE('',*,*,#1599,.T.);
#1631 = ORIENTED_EDGE('',*,*,#1007,.F.);
#1632 = ORIENTED_EDGE('',*,*,#1633,.F.);
#1633 = EDGE_CURVE('',#380,#999,#1634,.T.);
#1634 = LINE('',#1635,#1636);
#1635 = CARTESIAN_POINT('',(9.,15.9,-1.));
#1636 = VECTOR('',#1637,1.);
#1637 = DIRECTION('',(0.,0.,1.));
#1638 = PLANE('',#1639);
#1639 = AXIS2_PLACEMENT_3D('',#1640,#1641,#1642);
#1640 = CARTESIAN_POINT('',(-9.,15.9,-1.));
#1641 = DIRECTION('',(-0.,1.,0.));
#1642 = DIRECTION('',(0.,0.,1.));
#1643 = ADVANCED_FACE('',(#1644),#1663,.F.);
#1644 = FACE_BOUND('',#1645,.F.);
#1645 = EDGE_LOOP('',(#1646,#1654,#1661,#1662));
#1646 = ORIENTED_EDGE('',*,*,#1647,.T.);
#1647 = EDGE_CURVE('',#397,#1648,#1650,.T.);
#1648 = VERTEX_POINT('',#1649);
#1649 = CARTESIAN_POINT('',(26.6,24.,1.3));
#1650 = LINE('',#1651,#1652);
#1651 = CARTESIAN_POINT('',(26.6,24.,-0.1));
#1652 = VECTOR('',#1653,1.);
#1653 = DIRECTION('',(0.,0.,1.));
#1654 = ORIENTED_EDGE('',*,*,#1655,.F.);
#1655 = EDGE_CURVE('',#1648,#1648,#1656,.T.);
#1656 = CIRCLE('',#1657,2.6);
#1657 = AXIS2_PLACEMENT_3D('',#1658,#1659,#1660);
#1658 = CARTESIAN_POINT('',(24.,24.,1.3));
#1659 = DIRECTION('',(0.,0.,1.));
#1660 = DIRECTION('',(1.,0.,-0.));
#1661 = ORIENTED_EDGE('',*,*,#1647,.F.);
#1662 = ORIENTED_EDGE('',*,*,#396,.T.);
#1663 = CYLINDRICAL_SURFACE('',#1664,2.6);
#1664 = AXIS2_PLACEMENT_3D('',#1665,#1666,#1667);
#1665 = CARTESIAN_POINT('',(24.,24.,-0.1));
#1666 = DIRECTION('',(0.,0.,1.));
#1667 = DIRECTION('',(1.,0.,-0.));
#1668 = ADVANCED_FACE('',(#1669),#1688,.F.);
#1669 = FACE_BOUND('',#1670,.F.);
#1670 = EDGE_LOOP('',(#1671,#1679,#1686,#1687));
#1671 = ORIENTED_EDGE('',*,*,#1672,.T.);
#1672 = EDGE_CURVE('',#408,#1673,#1675,.T.);
#1673 = VERTEX_POINT('',#1674);
#1674 = CARTESIAN_POINT('',(19.1,33.,0.5));
#1675 = LINE('',#1676,#1677);
#1676 = CARTESIAN_POINT('',(19.1,33.,-0.1));
#1677 = VECTOR('',#1678,1.);
#1678 = DIRECTION('',(0.,0.,1.));
#1679 = ORIENTED_EDGE('',*,*,#1680,.F.);
#1680 = EDGE_CURVE('',#1673,#1673,#1681,.T.);
#1681 = CIRCLE('',#1682,4.1);
#1682 = AXIS2_PLACEMENT_3D('',#1683,#1684,#1685);
#1683 = CARTESIAN_POINT('',(15.,33.,0.5));
#1684 = DIRECTION('',(0.,0.,1.));
#1685 = DIRECTION('',(1.,0.,-0.));
#1686 = ORIENTED_EDGE('',*,*,#1672,.F.);
#1687 = ORIENTED_EDGE('',*,*,#407,.T.);
#1688 = CYLINDRICAL_SURFACE('',#1689,4.1);
#1689 = AXIS2_PLACEMENT_3D('',#1690,#1691,#1692);
#1690 = CARTESIAN_POINT('',(15.,33.,-0.1));
#1691 = DIRECTION('',(0.,0.,1.));
#1692 = DIRECTION('',(1.,0.,-0.));
#1693 = ADVANCED_FACE('',(#1694),#1713,.F.);
#1694 = FACE_BOUND('',#1695,.F.);
#1695 = EDGE_LOOP('',(#1696,#1704,#1705,#1706));
#1696 = ORIENTED_EDGE('',*,*,#1697,.T.);
#1697 = EDGE_CURVE('',#1698,#428,#1700,.T.);
#1698 = VERTEX_POINT('',#1699);
#1699 = CARTESIAN_POINT('',(-22.6,-14.,1.3));
#1700 = LINE('',#1701,#1702);
#1701 = CARTESIAN_POINT('',(-22.6,-14.,-1.));
#1702 = VECTOR('',#1703,1.);
#1703 = DIRECTION('',(0.,0.,1.));
#1704 = ORIENTED_EDGE('',*,*,#427,.F.);
#1705 = ORIENTED_EDGE('',*,*,#1697,.F.);
#1706 = ORIENTED_EDGE('',*,*,#1707,.T.);
#1707 = EDGE_CURVE('',#1698,#1698,#1708,.T.);
#1708 = CIRCLE('',#1709,1.4);
#1709 = AXIS2_PLACEMENT_3D('',#1710,#1711,#1712);
#1710 = CARTESIAN_POINT('',(-24.,-14.,1.3));
#1711 = DIRECTION('',(0.,0.,1.));
#1712 = DIRECTION('',(1.,0.,-0.));
#1713 = CYLINDRICAL_SURFACE('',#1714,1.4);
#1714 = AXIS2_PLACEMENT_3D('',#1715,#1716,#1717);
#1715 = CARTESIAN_POINT('',(-24.,-14.,-1.));
#1716 = DIRECTION('',(0.,0.,1.));
#1717 = DIRECTION('',(1.,0.,-0.));
#1718 = ADVANCED_FACE('',(#1719),#1738,.T.);
#1719 = FACE_BOUND('',#1720,.T.);
#1720 = EDGE_LOOP('',(#1721,#1729,#1736,#1737));
#1721 = ORIENTED_EDGE('',*,*,#1722,.T.);
#1722 = EDGE_CURVE('',#439,#1723,#1725,.T.);
#1723 = VERTEX_POINT('',#1724);
#1724 = CARTESIAN_POINT('',(-9.2,-14.5,17.));
#1725 = LINE('',#1726,#1727);
#1726 = CARTESIAN_POINT('',(-9.2,-14.5,2.7));
#1727 = VECTOR('',#1728,1.);
#1728 = DIRECTION('',(0.,0.,1.));
#1729 = ORIENTED_EDGE('',*,*,#1730,.F.);
#1730 = EDGE_CURVE('',#1723,#1723,#1731,.T.);
#1731 = CIRCLE('',#1732,2.8);
#1732 = AXIS2_PLACEMENT_3D('',#1733,#1734,#1735);
#1733 = CARTESIAN_POINT('',(-12.,-14.5,17.));
#1734 = DIRECTION('',(0.,0.,1.));
#1735 = DIRECTION('',(1.,0.,-0.));
#1736 = ORIENTED_EDGE('',*,*,#1722,.F.);
#1737 = ORIENTED_EDGE('',*,*,#438,.T.);
#1738 = CYLINDRICAL_SURFACE('',#1739,2.8);
#1739 = AXIS2_PLACEMENT_3D('',#1740,#1741,#1742);
#1740 = CARTESIAN_POINT('',(-12.,-14.5,2.7));
#1741 = DIRECTION('',(0.,0.,1.));
#1742 = DIRECTION('',(1.,0.,-0.));
#1743 = ADVANCED_FACE('',(#1744),#1773,.F.);
#1744 = FACE_BOUND('',#1745,.F.);
#1745 = EDGE_LOOP('',(#1746,#1756,#1764,#1772));
#1746 = ORIENTED_EDGE('',*,*,#1747,.F.);
#1747 = EDGE_CURVE('',#1748,#452,#1750,.T.);
#1748 = VERTEX_POINT('',#1749);
#1749 = CARTESIAN_POINT('',(-26.43465011195,-9.,5.5));
#1750 = B_SPLINE_CURVE_WITH_KNOTS('',4,(#1751,#1752,#1753,#1754,#1755),
  .UNSPECIFIED.,.F.,.F.,(5,5),(0.,1.),.PIECEWISE_BEZIER_KNOTS.);
#1751 = CARTESIAN_POINT('',(-26.43465011195,-9.,5.5000006));
#1752 = CARTESIAN_POINT('',(-26.43465011195,-9.,4.8000003));
#1753 = CARTESIAN_POINT('',(-26.43465011195,-9.,4.1));
#1754 = CARTESIAN_POINT('',(-26.43465011195,-9.,3.3999997));
#1755 = CARTESIAN_POINT('',(-26.43465011195,-9.,2.6999994));
#1756 = ORIENTED_EDGE('',*,*,#1757,.F.);
#1757 = EDGE_CURVE('',#1758,#1748,#1760,.T.);
#1758 = VERTEX_POINT('',#1759);
#1759 = CARTESIAN_POINT('',(-24.95510494822,-9.,5.5));
#1760 = LINE('',#1761,#1762);
#1761 = CARTESIAN_POINT('',(-15.75,-9.,5.5));
#1762 = VECTOR('',#1763,1.);
#1763 = DIRECTION('',(-1.,-0.,0.));
#1764 = ORIENTED_EDGE('',*,*,#1765,.T.);
#1765 = EDGE_CURVE('',#1758,#450,#1766,.T.);
#1766 = B_SPLINE_CURVE_WITH_KNOTS('',4,(#1767,#1768,#1769,#1770,#1771),
  .UNSPECIFIED.,.F.,.F.,(5,5),(0.,1.),.PIECEWISE_BEZIER_KNOTS.);
#1767 = CARTESIAN_POINT('',(-24.95510495446,-9.,5.5000006));
#1768 = CARTESIAN_POINT('',(-24.95510495446,-9.,4.8000003));
#1769 = CARTESIAN_POINT('',(-24.95510495446,-9.,4.1));
#1770 = CARTESIAN_POINT('',(-24.95510495446,-9.,3.3999997));
#1771 = CARTESIAN_POINT('',(-24.95510495446,-9.,2.6999994));
#1772 = ORIENTED_EDGE('',*,*,#449,.T.);
#1773 = PLANE('',#1774);
#1774 = AXIS2_PLACEMENT_3D('',#1775,#1776,#1777);
#1775 = CARTESIAN_POINT('',(-31.5,-9.,2.));
#1776 = DIRECTION('',(-0.,1.,0.));
#1777 = DIRECTION('',(0.,0.,1.));
#1778 = ADVANCED_FACE('',(#1779),#1954,.T.);
#1779 = FACE_BOUND('',#1780,.T.);
#1780 = EDGE_LOOP('',(#1781,#1944,#1945,#1946));
#1781 = ORIENTED_EDGE('',*,*,#1782,.F.);
#1782 = EDGE_CURVE('',#1758,#1783,#1785,.T.);
#1783 = VERTEX_POINT('',#1784);
#1784 = CARTESIAN_POINT('',(-26.16861946677,19.,5.5));
#1785 = B_SPLINE_CURVE_WITH_KNOTS('',7,(#1786,#1787,#1788,#1789,#1790,
    #1791,#1792,#1793,#1794,#1795,#1796,#1797,#1798,#1799,#1800,#1801,
    #1802,#1803,#1804,#1805,#1806,#1807,#1808,#1809,#1810,#1811,#1812,
    #1813,#1814,#1815,#1816,#1817,#1818,#1819,#1820,#1821,#1822,#1823,
    #1824,#1825,#1826,#1827,#1828,#1829,#1830,#1831,#1832,#1833,#1834,
    #1835,#1836,#1837,#1838,#1839,#1840,#1841,#1842,#1843,#1844,#1845,
    #1846,#1847,#1848,#1849,#1850,#1851,#1852,#1853,#1854,#1855,#1856,
    #1857,#1858,#1859,#1860,#1861,#1862,#1863,#1864,#1865,#1866,#1867,
    #1868,#1869,#1870,#1871,#1872,#1873,#1874,#1875,#1876,#1877,#1878,
    #1879,#1880,#1881,#1882,#1883,#1884,#1885,#1886,#1887,#1888,#1889,
    #1890,#1891,#1892,#1893,#1894,#1895,#1896,#1897,#1898,#1899,#1900,
    #1901,#1902,#1903,#1904,#1905,#1906,#1907,#1908,#1909,#1910,#1911,
    #1912,#1913,#1914,#1915,#1916,#1917,#1918,#1919,#1920,#1921,#1922,
    #1923,#1924,#1925,#1926,#1927,#1928,#1929,#1930,#1931,#1932,#1933,
    #1934,#1935,#1936,#1937,#1938,#1939,#1940,#1941,#1942,#1943),
  .UNSPECIFIED.,.T.,.F.,(8,6,6,6,6,6,6,6,6,6,6,6,6,6,6,6,6,6,6,6,6,6,6,6
    ,6,6,8),(0.,5.400369263458E-02,8.742492393124E-02,0.130217051563,
    0.16296585857,0.187006568537,0.249995756077,0.312984943618,
    0.337025653584,0.369774460591,0.412566588223,0.445987819519,
    0.463760483432,0.5,0.536239516568,0.554012180481,0.587433411778,
    0.630225539409,0.662974346416,0.687015056383,0.750004243924,
    0.812993431464,0.837034141431,0.869782948438,0.91257507607,
    0.945996307367,1.),.UNSPECIFIED.);
#1786 = CARTESIAN_POINT('',(5.783679776269E-15,43.7,5.5));
#1787 = CARTESIAN_POINT('',(1.569453042697,43.700000152698,5.5));
#1788 = CARTESIAN_POINT('',(3.140015712379,43.562360208992,5.5));
#1789 = CARTESIAN_POINT('',(4.695051885875,43.286735628629,5.5));
#1790 = CARTESIAN_POINT('',(6.220849176016,42.878264783552,5.5));
#1791 = CARTESIAN_POINT('',(7.706061426655,42.345071190421,5.5));
#1792 = CARTESIAN_POINT('',(9.141488913314,41.697351447667,5.5));
#1793 = CARTESIAN_POINT('',(11.372925494123,40.481962656835,5.5));
#1794 = CARTESIAN_POINT('',(12.204395812795,39.977724819988,5.5));
#1795 = CARTESIAN_POINT('',(13.012820014384,39.436405453394,5.5));
#1796 = CARTESIAN_POINT('',(13.797111600356,38.860575743161,5.5));
#1797 = CARTESIAN_POINT('',(14.556500454289,38.252750523203,5.5));
#1798 = CARTESIAN_POINT('',(15.290479051435,37.615314048031,5.5));
#1799 = CARTESIAN_POINT('',(16.905642571591,36.099206673871,5.5));
#1800 = CARTESIAN_POINT('',(17.77031891619,35.203083346679,5.5));
#1801 = CARTESIAN_POINT('',(18.592268920768,34.26667743038,5.5));
#1802 = CARTESIAN_POINT('',(19.371339084958,33.294236778797,5.5));
#1803 = CARTESIAN_POINT('',(20.107672204618,32.289617623566,5.5));
#1804 = CARTESIAN_POINT('',(20.801633170597,31.256225046227,5.5));
#1805 = CARTESIAN_POINT('',(21.95278765387,29.386293508406,5.5));
#1806 = CARTESIAN_POINT('',(22.427291992058,28.560530320099,5.5));
#1807 = CARTESIAN_POINT('',(22.877462883102,27.720995512643,5.5));
#1808 = CARTESIAN_POINT('',(23.303528055118,26.868924712974,5.5));
#1809 = CARTESIAN_POINT('',(23.705723626538,26.005455494463,5.5));
#1810 = CARTESIAN_POINT('',(24.084289869332,25.131625323666,5.5));
#1811 = CARTESIAN_POINT('',(24.700200623233,23.599975836232,5.5));
#1812 = CARTESIAN_POINT('',(24.948326064154,22.946511631622,5.5));
#1813 = CARTESIAN_POINT('',(25.183936309089,22.288352139031,5.5));
#1814 = CARTESIAN_POINT('',(25.407119864872,21.625854353446,5.5));
#1815 = CARTESIAN_POINT('',(25.617960731096,20.95935701906,5.5));
#1816 = CARTESIAN_POINT('',(25.816538400108,20.289180629267,5.5));
#1817 = CARTESIAN_POINT('',(26.491287219774,17.850848301539,5.5));
#1818 = CARTESIAN_POINT('',(26.895924683738,16.063069253606,5.5));
#1819 = CARTESIAN_POINT('',(27.218276118536,14.257491117707,5.5));
#1820 = CARTESIAN_POINT('',(27.45932645487,12.438984254606,5.5));
#1821 = CARTESIAN_POINT('',(27.619766574921,10.61211266569,5.5));
#1822 = CARTESIAN_POINT('',(27.700000089222,8.781137506633,5.5));
#1823 = CARTESIAN_POINT('',(27.700000089222,5.118862493371,5.5));
#1824 = CARTESIAN_POINT('',(27.619766574923,3.287887334323,5.5));
#1825 = CARTESIAN_POINT('',(27.45932645487,1.461015745399,5.5));
#1826 = CARTESIAN_POINT('',(27.218276118536,-0.357491117704,5.5));
#1827 = CARTESIAN_POINT('',(26.895924683741,-2.163069253594,5.5));
#1828 = CARTESIAN_POINT('',(26.491287219775,-3.950848301534,5.5));
#1829 = CARTESIAN_POINT('',(25.81653840011,-6.38918062926,5.5));
#1830 = CARTESIAN_POINT('',(25.617960731098,-7.059357019053,5.5));
#1831 = CARTESIAN_POINT('',(25.407119864874,-7.725854353439,5.5));
#1832 = CARTESIAN_POINT('',(25.183936309091,-8.388352139024,5.5));
#1833 = CARTESIAN_POINT('',(24.948326064156,-9.046511631615,5.5));
#1834 = CARTESIAN_POINT('',(24.700200623236,-9.699975836226,5.5));
#1835 = CARTESIAN_POINT('',(24.084289869335,-11.23162532366,5.5));
#1836 = CARTESIAN_POINT('',(23.705723626541,-12.10545549445,5.5));
#1837 = CARTESIAN_POINT('',(23.303528055121,-12.96892471296,5.5));
#1838 = CARTESIAN_POINT('',(22.877462883104,-13.82099551263,5.5));
#1839 = CARTESIAN_POINT('',(22.427291992061,-14.66053032009,5.5));
#1840 = CARTESIAN_POINT('',(21.952787653874,-15.4862935084,5.5));
#1841 = CARTESIAN_POINT('',(20.801633170601,-17.35622504622,5.5));
#1842 = CARTESIAN_POINT('',(20.107672204621,-18.38961762356,5.5));
#1843 = CARTESIAN_POINT('',(19.371339084961,-19.39423677879,5.5));
#1844 = CARTESIAN_POINT('',(18.592268920772,-20.36667743037,5.5));
#1845 = CARTESIAN_POINT('',(17.770318916195,-21.30308334667,5.5));
#1846 = CARTESIAN_POINT('',(16.905642571595,-22.19920667386,5.5));
#1847 = CARTESIAN_POINT('',(15.290479051438,-23.71531404802,5.5));
#1848 = CARTESIAN_POINT('',(14.556500454294,-24.35275052319,5.5));
#1849 = CARTESIAN_POINT('',(13.797111600359,-24.96057574316,5.5));
#1850 = CARTESIAN_POINT('',(13.012820014387,-25.53640545339,5.5));
#1851 = CARTESIAN_POINT('',(12.204395812801,-26.07772481998,5.5));
#1852 = CARTESIAN_POINT('',(11.372925494126,-26.58196265683,5.5));
#1853 = CARTESIAN_POINT('',(10.066250900778,-27.29366446921,5.5));
#1854 = CARTESIAN_POINT('',(9.60652101649,-27.52953886684,5.5));
#1855 = CARTESIAN_POINT('',(9.140916013562,-27.75382880242,5.5));
#1856 = CARTESIAN_POINT('',(8.669689734945,-27.96615686456,5.5));
#1857 = CARTESIAN_POINT('',(8.193127584765,-28.16615542816,5.5));
#1858 = CARTESIAN_POINT('',(7.711548967012,-28.35347211048,5.5));
#1859 = CARTESIAN_POINT('',(6.233839092793,-28.88318957721,5.5));
#1860 = CARTESIAN_POINT('',(5.222835270708,-29.1845536453,5.5));
#1861 = CARTESIAN_POINT('',(4.195524494177,-29.428947262,5.5));
#1862 = CARTESIAN_POINT('',(3.155474671288,-29.61401182375,5.5));
#1863 = CARTESIAN_POINT('',(2.106605783716,-29.73801596162,5.5));
#1864 = CARTESIAN_POINT('',(1.053212642798,-29.80000011355,5.5));
#1865 = CARTESIAN_POINT('',(-1.053212642789,-29.80000011355,5.5));
#1866 = CARTESIAN_POINT('',(-2.10660578371,-29.73801596162,5.5));
#1867 = CARTESIAN_POINT('',(-3.155474671281,-29.61401182375,5.5));
#1868 = CARTESIAN_POINT('',(-4.195524494169,-29.428947262,5.5));
#1869 = CARTESIAN_POINT('',(-5.222835270702,-29.1845536453,5.5));
#1870 = CARTESIAN_POINT('',(-6.233839092786,-28.88318957721,5.5));
#1871 = CARTESIAN_POINT('',(-7.711548967005,-28.35347211048,5.5));
#1872 = CARTESIAN_POINT('',(-8.193127584759,-28.16615542817,5.5));
#1873 = CARTESIAN_POINT('',(-8.669689734939,-27.96615686456,5.5));
#1874 = CARTESIAN_POINT('',(-9.140916013554,-27.75382880242,5.5));
#1875 = CARTESIAN_POINT('',(-9.606521016482,-27.52953886684,5.5));
#1876 = CARTESIAN_POINT('',(-10.06625090077,-27.29366446921,5.5));
#1877 = CARTESIAN_POINT('',(-11.37292549411,-26.58196265683,5.5));
#1878 = CARTESIAN_POINT('',(-12.20439581279,-26.07772481998,5.5));
#1879 = CARTESIAN_POINT('',(-13.01282001437,-25.53640545339,5.5));
#1880 = CARTESIAN_POINT('',(-13.79711160035,-24.96057574316,5.5));
#1881 = CARTESIAN_POINT('',(-14.55650045428,-24.3527505232,5.5));
#1882 = CARTESIAN_POINT('',(-15.29047905143,-23.71531404803,5.5));
#1883 = CARTESIAN_POINT('',(-16.90564257159,-22.19920667387,5.5));
#1884 = CARTESIAN_POINT('',(-17.77031891618,-21.30308334668,5.5));
#1885 = CARTESIAN_POINT('',(-18.59226892076,-20.36667743038,5.5));
#1886 = CARTESIAN_POINT('',(-19.37133908495,-19.3942367788,5.5));
#1887 = CARTESIAN_POINT('',(-20.10767220461,-18.38961762356,5.5));
#1888 = CARTESIAN_POINT('',(-20.80163317059,-17.35622504622,5.5));
#1889 = CARTESIAN_POINT('',(-21.95278765386,-15.4862935084,5.5));
#1890 = CARTESIAN_POINT('',(-22.42729199205,-14.6605303201,5.5));
#1891 = CARTESIAN_POINT('',(-22.8774628831,-13.82099551264,5.5));
#1892 = CARTESIAN_POINT('',(-23.30352805511,-12.96892471297,5.5));
#1893 = CARTESIAN_POINT('',(-23.70572362653,-12.10545549446,5.5));
#1894 = CARTESIAN_POINT('',(-24.08428986933,-11.23162532366,5.5));
#1895 = CARTESIAN_POINT('',(-24.70020062323,-9.699975836234,5.5));
#1896 = CARTESIAN_POINT('',(-24.94832606415,-9.046511631624,5.5));
#1897 = CARTESIAN_POINT('',(-25.18393630908,-8.388352139032,5.5));
#1898 = CARTESIAN_POINT('',(-25.40711986487,-7.725854353448,5.5));
#1899 = CARTESIAN_POINT('',(-25.61796073109,-7.059357019062,5.5));
#1900 = CARTESIAN_POINT('',(-25.8165384001,-6.389180629269,5.5));
#1901 = CARTESIAN_POINT('',(-26.49128721977,-3.950848301545,5.5));
#1902 = CARTESIAN_POINT('',(-26.89592468373,-2.163069253598,5.5));
#1903 = CARTESIAN_POINT('',(-27.21827611853,-0.357491117715,5.5));
#1904 = CARTESIAN_POINT('',(-27.45932645487,1.461015745387,5.5));
#1905 = CARTESIAN_POINT('',(-27.61976657492,3.287887334319,5.5));
#1906 = CARTESIAN_POINT('',(-27.70000008922,5.118862493362,5.5));
#1907 = CARTESIAN_POINT('',(-27.70000008922,8.781137506629,5.5));
#1908 = CARTESIAN_POINT('',(-27.61976657492,10.612112665672,5.5));
#1909 = CARTESIAN_POINT('',(-27.45932645487,12.438984254604,5.5));
#1910 = CARTESIAN_POINT('',(-27.21827611853,14.257491117706,5.5));
#1911 = CARTESIAN_POINT('',(-26.89592468374,16.063069253589,5.5));
#1912 = CARTESIAN_POINT('',(-26.49128721977,17.850848301536,5.5));
#1913 = CARTESIAN_POINT('',(-25.81653840011,20.289180629261,5.5));
#1914 = CARTESIAN_POINT('',(-25.61796073109,20.959357019053,5.5));
#1915 = CARTESIAN_POINT('',(-25.40711986487,21.62585435344,5.5));
#1916 = CARTESIAN_POINT('',(-25.18393630909,22.288352139024,5.5));
#1917 = CARTESIAN_POINT('',(-24.94832606415,22.946511631616,5.5));
#1918 = CARTESIAN_POINT('',(-24.70020062323,23.599975836226,5.5));
#1919 = CARTESIAN_POINT('',(-24.08428986933,25.13162532366,5.5));
#1920 = CARTESIAN_POINT('',(-23.70572362654,26.005455494458,5.5));
#1921 = CARTESIAN_POINT('',(-23.30352805512,26.868924712969,5.5));
#1922 = CARTESIAN_POINT('',(-22.8774628831,27.720995512637,5.5));
#1923 = CARTESIAN_POINT('',(-22.42729199206,28.560530320093,5.5));
#1924 = CARTESIAN_POINT('',(-21.95278765387,29.386293508402,5.5));
#1925 = CARTESIAN_POINT('',(-20.8016331706,31.25622504622,5.5));
#1926 = CARTESIAN_POINT('',(-20.10767220462,32.289617623564,5.5));
#1927 = CARTESIAN_POINT('',(-19.37133908496,33.294236778794,5.5));
#1928 = CARTESIAN_POINT('',(-18.59226892077,34.266677430375,5.5));
#1929 = CARTESIAN_POINT('',(-17.77031891619,35.203083346674,5.5));
#1930 = CARTESIAN_POINT('',(-16.90564257159,36.099206673869,5.5));
#1931 = CARTESIAN_POINT('',(-15.29047905143,37.615314048027,5.5));
#1932 = CARTESIAN_POINT('',(-14.55650045429,38.252750523202,5.5));
#1933 = CARTESIAN_POINT('',(-13.79711160035,38.860575743157,5.5));
#1934 = CARTESIAN_POINT('',(-13.01282001438,39.436405453391,5.5));
#1935 = CARTESIAN_POINT('',(-12.2043958128,39.977724819987,5.5));
#1936 = CARTESIAN_POINT('',(-11.37292549412,40.481962656833,5.5));
#1937 = CARTESIAN_POINT('',(-9.141488913313,41.697351447667,5.5));
#1938 = CARTESIAN_POINT('',(-7.706061426674,42.345071190413,5.5));
#1939 = CARTESIAN_POINT('',(-6.22084917599,42.878264783563,5.5));
#1940 = CARTESIAN_POINT('',(-4.695051885905,43.286735628618,5.5));
#1941 = CARTESIAN_POINT('',(-3.140015712364,43.562360208997,5.5));
#1942 = CARTESIAN_POINT('',(-1.569453042702,43.700000152697,5.5));
#1943 = CARTESIAN_POINT('',(-1.321747581332E-15,43.7,5.5));
#1944 = ORIENTED_EDGE('',*,*,#1765,.T.);
#1945 = ORIENTED_EDGE('',*,*,#489,.T.);
#1946 = ORIENTED_EDGE('',*,*,#1947,.F.);
#1947 = EDGE_CURVE('',#1783,#482,#1948,.T.);
#1948 = B_SPLINE_CURVE_WITH_KNOTS('',4,(#1949,#1950,#1951,#1952,#1953),
  .UNSPECIFIED.,.F.,.F.,(5,5),(0.,1.),.PIECEWISE_BEZIER_KNOTS.);
#1949 = CARTESIAN_POINT('',(-26.16861954899,19.,5.5000012));
#1950 = CARTESIAN_POINT('',(-26.16861954899,19.,4.8000006));
#1951 = CARTESIAN_POINT('',(-26.16861954899,19.,4.1));
#1952 = CARTESIAN_POINT('',(-26.16861954899,19.,3.3999994));
#1953 = CARTESIAN_POINT('',(-26.16861954899,19.,2.6999988));
#1954 = SURFACE_OF_LINEAR_EXTRUSION('',#1955,#1960);
#1955 = ELLIPSE('',#1956,36.75,27.7);
#1956 = AXIS2_PLACEMENT_3D('',#1957,#1958,#1959);
#1957 = CARTESIAN_POINT('',(0.,6.95,2.6));
#1958 = DIRECTION('',(0.,-0.,1.));
#1959 = DIRECTION('',(0.,1.,0.));
#1960 = VECTOR('',#1961,1.);
#1961 = DIRECTION('',(-0.,-0.,-1.));
#1962 = ADVANCED_FACE('',(#1963),#1984,.F.);
#1963 = FACE_BOUND('',#1964,.F.);
#1964 = EDGE_LOOP('',(#1965,#1966,#1976,#1983));
#1965 = ORIENTED_EDGE('',*,*,#459,.T.);
#1966 = ORIENTED_EDGE('',*,*,#1967,.F.);
#1967 = EDGE_CURVE('',#1968,#460,#1970,.T.);
#1968 = VERTEX_POINT('',#1969);
#1969 = CARTESIAN_POINT('',(-27.61026398097,19.,5.5));
#1970 = B_SPLINE_CURVE_WITH_KNOTS('',4,(#1971,#1972,#1973,#1974,#1975),
  .UNSPECIFIED.,.F.,.F.,(5,5),(0.,1.),.PIECEWISE_BEZIER_KNOTS.);
#1971 = CARTESIAN_POINT('',(-27.61026398097,19.,5.5000006));
#1972 = CARTESIAN_POINT('',(-27.61026398097,19.,4.8000003));
#1973 = CARTESIAN_POINT('',(-27.61026398097,19.,4.1));
#1974 = CARTESIAN_POINT('',(-27.61026398097,19.,3.3999997));
#1975 = CARTESIAN_POINT('',(-27.61026398097,19.,2.6999994));
#1976 = ORIENTED_EDGE('',*,*,#1977,.T.);
#1977 = EDGE_CURVE('',#1968,#1748,#1978,.T.);
#1978 = ELLIPSE('',#1979,38.15,29.1);
#1979 = AXIS2_PLACEMENT_3D('',#1980,#1981,#1982);
#1980 = CARTESIAN_POINT('',(0.,6.95,5.5));
#1981 = DIRECTION('',(0.,-0.,1.));
#1982 = DIRECTION('',(0.,1.,0.));
#1983 = ORIENTED_EDGE('',*,*,#1747,.T.);
#1984 = SURFACE_OF_LINEAR_EXTRUSION('',#1985,#1990);
#1985 = ELLIPSE('',#1986,38.15,29.1);
#1986 = AXIS2_PLACEMENT_3D('',#1987,#1988,#1989);
#1987 = CARTESIAN_POINT('',(0.,6.95,2.7));
#1988 = DIRECTION('',(0.,-0.,1.));
#1989 = DIRECTION('',(0.,1.,0.));
#1990 = VECTOR('',#1991,1.);
#1991 = DIRECTION('',(-0.,-0.,-1.));
#1992 = ADVANCED_FACE('',(#1993),#2004,.T.);
#1993 = FACE_BOUND('',#1994,.T.);
#1994 = EDGE_LOOP('',(#1995,#1996,#2002,#2003));
#1995 = ORIENTED_EDGE('',*,*,#1967,.F.);
#1996 = ORIENTED_EDGE('',*,*,#1997,.F.);
#1997 = EDGE_CURVE('',#1783,#1968,#1998,.T.);
#1998 = LINE('',#1999,#2000);
#1999 = CARTESIAN_POINT('',(-15.75,19.,5.5));
#2000 = VECTOR('',#2001,1.);
#2001 = DIRECTION('',(-1.,-0.,0.));
#2002 = ORIENTED_EDGE('',*,*,#1947,.T.);
#2003 = ORIENTED_EDGE('',*,*,#481,.T.);
#2004 = PLANE('',#2005);
#2005 = AXIS2_PLACEMENT_3D('',#2006,#2007,#2008);
#2006 = CARTESIAN_POINT('',(-31.5,19.,2.));
#2007 = DIRECTION('',(-0.,1.,0.));
#2008 = DIRECTION('',(0.,0.,1.));
#2009 = ADVANCED_FACE('',(#2010),#2194,.T.);
#2010 = FACE_BOUND('',#2011,.T.);
#2011 = EDGE_LOOP('',(#2012,#2177,#2185,#2186));
#2012 = ORIENTED_EDGE('',*,*,#2013,.F.);
#2013 = EDGE_CURVE('',#2014,#2016,#2018,.T.);
#2014 = VERTEX_POINT('',#2015);
#2015 = CARTESIAN_POINT('',(19.614085932275,-19.,5.5));
#2016 = VERTEX_POINT('',#2017);
#2017 = CARTESIAN_POINT('',(-19.61408593227,-19.,5.5));
#2018 = B_SPLINE_CURVE_WITH_KNOTS('',7,(#2019,#2020,#2021,#2022,#2023,
    #2024,#2025,#2026,#2027,#2028,#2029,#2030,#2031,#2032,#2033,#2034,
    #2035,#2036,#2037,#2038,#2039,#2040,#2041,#2042,#2043,#2044,#2045,
    #2046,#2047,#2048,#2049,#2050,#2051,#2052,#2053,#2054,#2055,#2056,
    #2057,#2058,#2059,#2060,#2061,#2062,#2063,#2064,#2065,#2066,#2067,
    #2068,#2069,#2070,#2071,#2072,#2073,#2074,#2075,#2076,#2077,#2078,
    #2079,#2080,#2081,#2082,#2083,#2084,#2085,#2086,#2087,#2088,#2089,
    #2090,#2091,#2092,#2093,#2094,#2095,#2096,#2097,#2098,#2099,#2100,
    #2101,#2102,#2103,#2104,#2105,#2106,#2107,#2108,#2109,#2110,#2111,
    #2112,#2113,#2114,#2115,#2116,#2117,#2118,#2119,#2120,#2121,#2122,
    #2123,#2124,#2125,#2126,#2127,#2128,#2129,#2130,#2131,#2132,#2133,
    #2134,#2135,#2136,#2137,#2138,#2139,#2140,#2141,#2142,#2143,#2144,
    #2145,#2146,#2147,#2148,#2149,#2150,#2151,#2152,#2153,#2154,#2155,
    #2156,#2157,#2158,#2159,#2160,#2161,#2162,#2163,#2164,#2165,#2166,
    #2167,#2168,#2169,#2170,#2171,#2172,#2173,#2174,#2175,#2176),
  .UNSPECIFIED.,.T.,.F.,(8,6,6,6,6,6,6,6,6,6,6,6,6,6,6,6,6,6,6,6,6,6,6,6
    ,6,6,8),(0.,5.400369263458E-02,8.742492393124E-02,0.130217051563,
    0.16296585857,0.187006568537,0.249995756077,0.312984943618,
    0.337025653584,0.369774460591,0.412566588223,0.445987819519,
    0.463760483432,0.5,0.536239516568,0.554012180481,0.587433411778,
    0.630225539409,0.662974346416,0.687015056383,0.750004243924,
    0.812993431464,0.837034141431,0.869782948438,0.91257507607,
    0.945996307367,1.),.UNSPECIFIED.);
#2019 = CARTESIAN_POINT('',(5.783679776269E-15,43.7,5.5));
#2020 = CARTESIAN_POINT('',(1.569453042697,43.700000152698,5.5));
#2021 = CARTESIAN_POINT('',(3.140015712379,43.562360208992,5.5));
#2022 = CARTESIAN_POINT('',(4.695051885875,43.286735628629,5.5));
#2023 = CARTESIAN_POINT('',(6.220849176016,42.878264783552,5.5));
#2024 = CARTESIAN_POINT('',(7.706061426655,42.345071190421,5.5));
#2025 = CARTESIAN_POINT('',(9.141488913314,41.697351447667,5.5));
#2026 = CARTESIAN_POINT('',(11.372925494123,40.481962656835,5.5));
#2027 = CARTESIAN_POINT('',(12.204395812795,39.977724819988,5.5));
#2028 = CARTESIAN_POINT('',(13.012820014384,39.436405453394,5.5));
#2029 = CARTESIAN_POINT('',(13.797111600356,38.860575743161,5.5));
#2030 = CARTESIAN_POINT('',(14.556500454289,38.252750523203,5.5));
#2031 = CARTESIAN_POINT('',(15.290479051435,37.615314048031,5.5));
#2032 = CARTESIAN_POINT('',(16.905642571591,36.099206673871,5.5));
#2033 = CARTESIAN_POINT('',(17.77031891619,35.203083346679,5.5));
#2034 = CARTESIAN_POINT('',(18.592268920768,34.26667743038,5.5));
#2035 = CARTESIAN_POINT('',(19.371339084958,33.294236778797,5.5));
#2036 = CARTESIAN_POINT('',(20.107672204618,32.289617623566,5.5));
#2037 = CARTESIAN_POINT('',(20.801633170597,31.256225046227,5.5));
#2038 = CARTESIAN_POINT('',(21.95278765387,29.386293508406,5.5));
#2039 = CARTESIAN_POINT('',(22.427291992058,28.560530320099,5.5));
#2040 = CARTESIAN_POINT('',(22.877462883102,27.720995512643,5.5));
#2041 = CARTESIAN_POINT('',(23.303528055118,26.868924712974,5.5));
#2042 = CARTESIAN_POINT('',(23.705723626538,26.005455494463,5.5));
#2043 = CARTESIAN_POINT('',(24.084289869332,25.131625323666,5.5));
#2044 = CARTESIAN_POINT('',(24.700200623233,23.599975836232,5.5));
#2045 = CARTESIAN_POINT('',(24.948326064154,22.946511631622,5.5));
#2046 = CARTESIAN_POINT('',(25.183936309089,22.288352139031,5.5));
#2047 = CARTESIAN_POINT('',(25.407119864872,21.625854353446,5.5));
#2048 = CARTESIAN_POINT('',(25.617960731096,20.95935701906,5.5));
#2049 = CARTESIAN_POINT('',(25.816538400108,20.289180629267,5.5));
#2050 = CARTESIAN_POINT('',(26.491287219774,17.850848301539,5.5));
#2051 = CARTESIAN_POINT('',(26.895924683738,16.063069253606,5.5));
#2052 = CARTESIAN_POINT('',(27.218276118536,14.257491117707,5.5));
#2053 = CARTESIAN_POINT('',(27.45932645487,12.438984254606,5.5));
#2054 = CARTESIAN_POINT('',(27.619766574921,10.61211266569,5.5));
#2055 = CARTESIAN_POINT('',(27.700000089222,8.781137506633,5.5));
#2056 = CARTESIAN_POINT('',(27.700000089222,5.118862493371,5.5));
#2057 = CARTESIAN_POINT('',(27.619766574923,3.287887334323,5.5));
#2058 = CARTESIAN_POINT('',(27.45932645487,1.461015745399,5.5));
#2059 = CARTESIAN_POINT('',(27.218276118536,-0.357491117704,5.5));
#2060 = CARTESIAN_POINT('',(26.895924683741,-2.163069253594,5.5));
#2061 = CARTESIAN_POINT('',(26.491287219775,-3.950848301534,5.5));
#2062 = CARTESIAN_POINT('',(25.81653840011,-6.38918062926,5.5));
#2063 = CARTESIAN_POINT('',(25.617960731098,-7.059357019053,5.5));
#2064 = CARTESIAN_POINT('',(25.407119864874,-7.725854353439,5.5));
#2065 = CARTESIAN_POINT('',(25.183936309091,-8.388352139024,5.5));
#2066 = CARTESIAN_POINT('',(24.948326064156,-9.046511631615,5.5));
#2067 = CARTESIAN_POINT('',(24.700200623236,-9.699975836226,5.5));
#2068 = CARTESIAN_POINT('',(24.084289869335,-11.23162532366,5.5));
#2069 = CARTESIAN_POINT('',(23.705723626541,-12.10545549445,5.5));
#2070 = CARTESIAN_POINT('',(23.303528055121,-12.96892471296,5.5));
#2071 = CARTESIAN_POINT('',(22.877462883104,-13.82099551263,5.5));
#2072 = CARTESIAN_POINT('',(22.427291992061,-14.66053032009,5.5));
#2073 = CARTESIAN_POINT('',(21.952787653874,-15.4862935084,5.5));
#2074 = CARTESIAN_POINT('',(20.801633170601,-17.35622504622,5.5));
#2075 = CARTESIAN_POINT('',(20.107672204621,-18.38961762356,5.5));
#2076 = CARTESIAN_POINT('',(19.371339084961,-19.39423677879,5.5));
#2077 = CARTESIAN_POINT('',(18.592268920772,-20.36667743037,5.5));
#2078 = CARTESIAN_POINT('',(17.770318916195,-21.30308334667,5.5));
#2079 = CARTESIAN_POINT('',(16.905642571595,-22.19920667386,5.5));
#2080 = CARTESIAN_POINT('',(15.290479051438,-23.71531404802,5.5));
#2081 = CARTESIAN_POINT('',(14.556500454294,-24.35275052319,5.5));
#2082 = CARTESIAN_POINT('',(13.797111600359,-24.96057574316,5.5));
#2083 = CARTESIAN_POINT('',(13.012820014387,-25.53640545339,5.5));
#2084 = CARTESIAN_POINT('',(12.204395812801,-26.07772481998,5.5));
#2085 = CARTESIAN_POINT('',(11.372925494126,-26.58196265683,5.5));
#2086 = CARTESIAN_POINT('',(10.066250900778,-27.29366446921,5.5));
#2087 = CARTESIAN_POINT('',(9.60652101649,-27.52953886684,5.5));
#2088 = CARTESIAN_POINT('',(9.140916013562,-27.75382880242,5.5));
#2089 = CARTESIAN_POINT('',(8.669689734945,-27.96615686456,5.5));
#2090 = CARTESIAN_POINT('',(8.193127584765,-28.16615542816,5.5));
#2091 = CARTESIAN_POINT('',(7.711548967012,-28.35347211048,5.5));
#2092 = CARTESIAN_POINT('',(6.233839092793,-28.88318957721,5.5));
#2093 = CARTESIAN_POINT('',(5.222835270708,-29.1845536453,5.5));
#2094 = CARTESIAN_POINT('',(4.195524494177,-29.428947262,5.5));
#2095 = CARTESIAN_POINT('',(3.155474671288,-29.61401182375,5.5));
#2096 = CARTESIAN_POINT('',(2.106605783716,-29.73801596162,5.5));
#2097 = CARTESIAN_POINT('',(1.053212642798,-29.80000011355,5.5));
#2098 = CARTESIAN_POINT('',(-1.053212642789,-29.80000011355,5.5));
#2099 = CARTESIAN_POINT('',(-2.10660578371,-29.73801596162,5.5));
#2100 = CARTESIAN_POINT('',(-3.155474671281,-29.61401182375,5.5));
#2101 = CARTESIAN_POINT('',(-4.195524494169,-29.428947262,5.5));
#2102 = CARTESIAN_POINT('',(-5.222835270702,-29.1845536453,5.5));
#2103 = CARTESIAN_POINT('',(-6.233839092786,-28.88318957721,5.5));
#2104 = CARTESIAN_POINT('',(-7.711548967005,-28.35347211048,5.5));
#2105 = CARTESIAN_POINT('',(-8.193127584759,-28.16615542817,5.5));
#2106 = CARTESIAN_POINT('',(-8.669689734939,-27.96615686456,5.5));
#2107 = CARTESIAN_POINT('',(-9.140916013554,-27.75382880242,5.5));
#2108 = CARTESIAN_POINT('',(-9.606521016482,-27.52953886684,5.5));
#2109 = CARTESIAN_POINT('',(-10.06625090077,-27.29366446921,5.5));
#2110 = CARTESIAN_POINT('',(-11.37292549411,-26.58196265683,5.5));
#2111 = CARTESIAN_POINT('',(-12.20439581279,-26.07772481998,5.5));
#2112 = CARTESIAN_POINT('',(-13.01282001437,-25.53640545339,5.5));
#2113 = CARTESIAN_POINT('',(-13.79711160035,-24.96057574316,5.5));
#2114 = CARTESIAN_POINT('',(-14.55650045428,-24.3527505232,5.5));
#2115 = CARTESIAN_POINT('',(-15.29047905143,-23.71531404803,5.5));
#2116 = CARTESIAN_POINT('',(-16.90564257159,-22.19920667387,5.5));
#2117 = CARTESIAN_POINT('',(-17.77031891618,-21.30308334668,5.5));
#2118 = CARTESIAN_POINT('',(-18.59226892076,-20.36667743038,5.5));
#2119 = CARTESIAN_POINT('',(-19.37133908495,-19.3942367788,5.5));
#2120 = CARTESIAN_POINT('',(-20.10767220461,-18.38961762356,5.5));
#2121 = CARTESIAN_POINT('',(-20.80163317059,-17.35622504622,5.5));
#2122 = CARTESIAN_POINT('',(-21.95278765386,-15.4862935084,5.5));
#2123 = CARTESIAN_POINT('',(-22.42729199205,-14.6605303201,5.5));
#2124 = CARTESIAN_POINT('',(-22.8774628831,-13.82099551264,5.5));
#2125 = CARTESIAN_POINT('',(-23.30352805511,-12.96892471297,5.5));
#2126 = CARTESIAN_POINT('',(-23.70572362653,-12.10545549446,5.5));
#2127 = CARTESIAN_POINT('',(-24.08428986933,-11.23162532366,5.5));
#2128 = CARTESIAN_POINT('',(-24.70020062323,-9.699975836234,5.5));
#2129 = CARTESIAN_POINT('',(-24.94832606415,-9.046511631624,5.5));
#2130 = CARTESIAN_POINT('',(-25.18393630908,-8.388352139032,5.5));
#2131 = CARTESIAN_POINT('',(-25.40711986487,-7.725854353448,5.5));
#2132 = CARTESIAN_POINT('',(-25.61796073109,-7.059357019062,5.5));
#2133 = CARTESIAN_POINT('',(-25.8165384001,-6.389180629269,5.5));
#2134 = CARTESIAN_POINT('',(-26.49128721977,-3.950848301545,5.5));
#2135 = CARTESIAN_POINT('',(-26.89592468373,-2.163069253598,5.5));
#2136 = CARTESIAN_POINT('',(-27.21827611853,-0.357491117715,5.5));
#2137 = CARTESIAN_POINT('',(-27.45932645487,1.461015745387,5.5));
#2138 = CARTESIAN_POINT('',(-27.61976657492,3.287887334319,5.5));
#2139 = CARTESIAN_POINT('',(-27.70000008922,5.118862493362,5.5));
#2140 = CARTESIAN_POINT('',(-27.70000008922,8.781137506629,5.5));
#2141 = CARTESIAN_POINT('',(-27.61976657492,10.612112665672,5.5));
#2142 = CARTESIAN_POINT('',(-27.45932645487,12.438984254604,5.5));
#2143 = CARTESIAN_POINT('',(-27.21827611853,14.257491117706,5.5));
#2144 = CARTESIAN_POINT('',(-26.89592468374,16.063069253589,5.5));
#2145 = CARTESIAN_POINT('',(-26.49128721977,17.850848301536,5.5));
#2146 = CARTESIAN_POINT('',(-25.81653840011,20.289180629261,5.5));
#2147 = CARTESIAN_POINT('',(-25.61796073109,20.959357019053,5.5));
#2148 = CARTESIAN_POINT('',(-25.40711986487,21.62585435344,5.5));
#2149 = CARTESIAN_POINT('',(-25.18393630909,22.288352139024,5.5));
#2150 = CARTESIAN_POINT('',(-24.94832606415,22.946511631616,5.5));
#2151 = CARTESIAN_POINT('',(-24.70020062323,23.599975836226,5.5));
#2152 = CARTESIAN_POINT('',(-24.08428986933,25.13162532366,5.5));
#2153 = CARTESIAN_POINT('',(-23.70572362654,26.005455494458,5.5));
#2154 = CARTESIAN_POINT('',(-23.30352805512,26.868924712969,5.5));
#2155 = CARTESIAN_POINT('',(-22.8774628831,27.720995512637,5.5));
#2156 = CARTESIAN_POINT('',(-22.42729199206,28.560530320093,5.5));
#2157 = CARTESIAN_POINT('',(-21.95278765387,29.386293508402,5.5));
#2158 = CARTESIAN_POINT('',(-20.8016331706,31.25622504622,5.5));
#2159 = CARTESIAN_POINT('',(-20.10767220462,32.289617623564,5.5));
#2160 = CARTESIAN_POINT('',(-19.37133908496,33.294236778794,5.5));
#2161 = CARTESIAN_POINT('',(-18.59226892077,34.266677430375,5.5));
#2162 = CARTESIAN_POINT('',(-17.77031891619,35.203083346674,5.5));
#2163 = CARTESIAN_POINT('',(-16.90564257159,36.099206673869,5.5));
#2164 = CARTESIAN_POINT('',(-15.29047905143,37.615314048027,5.5));
#2165 = CARTESIAN_POINT('',(-14.55650045429,38.252750523202,5.5));
#2166 = CARTESIAN_POINT('',(-13.79711160035,38.860575743157,5.5));
#2167 = CARTESIAN_POINT('',(-13.01282001438,39.436405453391,5.5));
#2168 = CARTESIAN_POINT('',(-12.2043958128,39.977724819987,5.5));
#2169 = CARTESIAN_POINT('',(-11.37292549412,40.481962656833,5.5));
#2170 = CARTESIAN_POINT('',(-9.141488913313,41.697351447667,5.5));
#2171 = CARTESIAN_POINT('',(-7.706061426674,42.345071190413,5.5));
#2172 = CARTESIAN_POINT('',(-6.22084917599,42.878264783563,5.5));
#2173 = CARTESIAN_POINT('',(-4.695051885905,43.286735628618,5.5));
#2174 = CARTESIAN_POINT('',(-3.140015712364,43.562360208997,5.5));
#2175 = CARTESIAN_POINT('',(-1.569453042702,43.700000152697,5.5));
#2176 = CARTESIAN_POINT('',(-1.321747581332E-15,43.7,5.5));
#2177 = ORIENTED_EDGE('',*,*,#2178,.T.);
#2178 = EDGE_CURVE('',#2014,#512,#2179,.T.);
#2179 = B_SPLINE_CURVE_WITH_KNOTS('',4,(#2180,#2181,#2182,#2183,#2184),
  .UNSPECIFIED.,.F.,.F.,(5,5),(0.,1.),.PIECEWISE_BEZIER_KNOTS.);
#2180 = CARTESIAN_POINT('',(19.614085937926,-19.,5.5000012));
#2181 = CARTESIAN_POINT('',(19.614085937926,-19.,4.8000006));
#2182 = CARTESIAN_POINT('',(19.614085937926,-19.,4.1));
#2183 = CARTESIAN_POINT('',(19.614085937926,-19.,3.3999994));
#2184 = CARTESIAN_POINT('',(19.614085937926,-19.,2.6999988));
#2185 = ORIENTED_EDGE('',*,*,#511,.T.);
#2186 = ORIENTED_EDGE('',*,*,#2187,.F.);
#2187 = EDGE_CURVE('',#2016,#514,#2188,.T.);
#2188 = B_SPLINE_CURVE_WITH_KNOTS('',4,(#2189,#2190,#2191,#2192,#2193),
  .UNSPECIFIED.,.F.,.F.,(5,5),(0.,1.),.PIECEWISE_BEZIER_KNOTS.);
#2189 = CARTESIAN_POINT('',(-19.61408593792,-19.,5.5000006));
#2190 = CARTESIAN_POINT('',(-19.61408593792,-19.,4.8000003));
#2191 = CARTESIAN_POINT('',(-19.61408593792,-19.,4.1));
#2192 = CARTESIAN_POINT('',(-19.61408593792,-19.,3.3999997));
#2193 = CARTESIAN_POINT('',(-19.61408593792,-19.,2.6999994));
#2194 = SURFACE_OF_LINEAR_EXTRUSION('',#2195,#2200);
#2195 = ELLIPSE('',#2196,36.75,27.7);
#2196 = AXIS2_PLACEMENT_3D('',#2197,#2198,#2199);
#2197 = CARTESIAN_POINT('',(0.,6.95,2.6));
#2198 = DIRECTION('',(0.,-0.,1.));
#2199 = DIRECTION('',(0.,1.,0.));
#2200 = VECTOR('',#2201,1.);
#2201 = DIRECTION('',(-0.,-0.,-1.));
#2202 = ADVANCED_FACE('',(#2203),#2223,.T.);
#2203 = FACE_BOUND('',#2204,.T.);
#2204 = EDGE_LOOP('',(#2205,#2213,#2221,#2222));
#2205 = ORIENTED_EDGE('',*,*,#2206,.F.);
#2206 = EDGE_CURVE('',#2207,#2014,#2209,.T.);
#2207 = VERTEX_POINT('',#2208);
#2208 = CARTESIAN_POINT('',(21.330811446957,-19.,5.5));
#2209 = LINE('',#2210,#2211);
#2210 = CARTESIAN_POINT('',(8.25,-19.,5.5));
#2211 = VECTOR('',#2212,1.);
#2212 = DIRECTION('',(-1.,-0.,0.));
#2213 = ORIENTED_EDGE('',*,*,#2214,.T.);
#2214 = EDGE_CURVE('',#2207,#569,#2215,.T.);
#2215 = B_SPLINE_CURVE_WITH_KNOTS('',4,(#2216,#2217,#2218,#2219,#2220),
  .UNSPECIFIED.,.F.,.F.,(5,5),(0.,1.),.PIECEWISE_BEZIER_KNOTS.);
#2216 = CARTESIAN_POINT('',(21.330811446957,-19.,5.5000006));
#2217 = CARTESIAN_POINT('',(21.330811446957,-19.,4.8000003));
#2218 = CARTESIAN_POINT('',(21.330811446957,-19.,4.1));
#2219 = CARTESIAN_POINT('',(21.330811446957,-19.,3.3999997));
#2220 = CARTESIAN_POINT('',(21.330811446957,-19.,2.6999994));
#2221 = ORIENTED_EDGE('',*,*,#568,.T.);
#2222 = ORIENTED_EDGE('',*,*,#2178,.F.);
#2223 = PLANE('',#2224);
#2224 = AXIS2_PLACEMENT_3D('',#2225,#2226,#2227);
#2225 = CARTESIAN_POINT('',(16.5,-19.,2.));
#2226 = DIRECTION('',(-0.,1.,0.));
#2227 = DIRECTION('',(0.,0.,1.));
#2228 = ADVANCED_FACE('',(#2229),#2249,.T.);
#2229 = FACE_BOUND('',#2230,.T.);
#2230 = EDGE_LOOP('',(#2231,#2241,#2247,#2248));
#2231 = ORIENTED_EDGE('',*,*,#2232,.F.);
#2232 = EDGE_CURVE('',#2233,#577,#2235,.T.);
#2233 = VERTEX_POINT('',#2234);
#2234 = CARTESIAN_POINT('',(-21.33081144695,-19.,5.5));
#2235 = B_SPLINE_CURVE_WITH_KNOTS('',4,(#2236,#2237,#2238,#2239,#2240),
  .UNSPECIFIED.,.F.,.F.,(5,5),(0.,1.),.PIECEWISE_BEZIER_KNOTS.);
#2236 = CARTESIAN_POINT('',(-21.33081144695,-19.,5.5000006));
#2237 = CARTESIAN_POINT('',(-21.33081144695,-19.,4.8000003));
#2238 = CARTESIAN_POINT('',(-21.33081144695,-19.,4.1));
#2239 = CARTESIAN_POINT('',(-21.33081144695,-19.,3.3999997));
#2240 = CARTESIAN_POINT('',(-21.33081144695,-19.,2.6999994));
#2241 = ORIENTED_EDGE('',*,*,#2242,.F.);
#2242 = EDGE_CURVE('',#2016,#2233,#2243,.T.);
#2243 = LINE('',#2244,#2245);
#2244 = CARTESIAN_POINT('',(-15.75,-19.,5.5));
#2245 = VECTOR('',#2246,1.);
#2246 = DIRECTION('',(-1.,-0.,0.));
#2247 = ORIENTED_EDGE('',*,*,#2187,.T.);
#2248 = ORIENTED_EDGE('',*,*,#631,.T.);
#2249 = PLANE('',#2250);
#2250 = AXIS2_PLACEMENT_3D('',#2251,#2252,#2253);
#2251 = CARTESIAN_POINT('',(-31.5,-19.,2.));
#2252 = DIRECTION('',(-0.,1.,0.));
#2253 = DIRECTION('',(0.,0.,1.));
#2254 = ADVANCED_FACE('',(#2255),#2267,.F.);
#2255 = FACE_BOUND('',#2256,.F.);
#2256 = EDGE_LOOP('',(#2257,#2264,#2265,#2266));
#2257 = ORIENTED_EDGE('',*,*,#2258,.T.);
#2258 = EDGE_CURVE('',#2233,#2207,#2259,.T.);
#2259 = ELLIPSE('',#2260,38.15,29.1);
#2260 = AXIS2_PLACEMENT_3D('',#2261,#2262,#2263);
#2261 = CARTESIAN_POINT('',(0.,6.95,5.5));
#2262 = DIRECTION('',(0.,-0.,1.));
#2263 = DIRECTION('',(0.,1.,0.));
#2264 = ORIENTED_EDGE('',*,*,#2214,.T.);
#2265 = ORIENTED_EDGE('',*,*,#576,.T.);
#2266 = ORIENTED_EDGE('',*,*,#2232,.F.);
#2267 = SURFACE_OF_LINEAR_EXTRUSION('',#2268,#2273);
#2268 = ELLIPSE('',#2269,38.15,29.1);
#2269 = AXIS2_PLACEMENT_3D('',#2270,#2271,#2272);
#2270 = CARTESIAN_POINT('',(0.,6.95,2.7));
#2271 = DIRECTION('',(0.,-0.,1.));
#2272 = DIRECTION('',(0.,1.,0.));
#2273 = VECTOR('',#2274,1.);
#2274 = DIRECTION('',(-0.,-0.,-1.));
#2275 = ADVANCED_FACE('',(#2276),#2295,.T.);
#2276 = FACE_BOUND('',#2277,.T.);
#2277 = EDGE_LOOP('',(#2278,#2286,#2293,#2294));
#2278 = ORIENTED_EDGE('',*,*,#2279,.T.);
#2279 = EDGE_CURVE('',#640,#2280,#2282,.T.);
#2280 = VERTEX_POINT('',#2281);
#2281 = CARTESIAN_POINT('',(14.8,-14.5,17.));
#2282 = LINE('',#2283,#2284);
#2283 = CARTESIAN_POINT('',(14.8,-14.5,2.7));
#2284 = VECTOR('',#2285,1.);
#2285 = DIRECTION('',(0.,0.,1.));
#2286 = ORIENTED_EDGE('',*,*,#2287,.F.);
#2287 = EDGE_CURVE('',#2280,#2280,#2288,.T.);
#2288 = CIRCLE('',#2289,2.8);
#2289 = AXIS2_PLACEMENT_3D('',#2290,#2291,#2292);
#2290 = CARTESIAN_POINT('',(12.,-14.5,17.));
#2291 = DIRECTION('',(0.,0.,1.));
#2292 = DIRECTION('',(1.,0.,-0.));
#2293 = ORIENTED_EDGE('',*,*,#2279,.F.);
#2294 = ORIENTED_EDGE('',*,*,#639,.T.);
#2295 = CYLINDRICAL_SURFACE('',#2296,2.8);
#2296 = AXIS2_PLACEMENT_3D('',#2297,#2298,#2299);
#2297 = CARTESIAN_POINT('',(12.,-14.5,2.7));
#2298 = DIRECTION('',(0.,0.,1.));
#2299 = DIRECTION('',(1.,0.,-0.));
#2300 = ADVANCED_FACE('',(#2301),#2320,.F.);
#2301 = FACE_BOUND('',#2302,.F.);
#2302 = EDGE_LOOP('',(#2303,#2311,#2312,#2313));
#2303 = ORIENTED_EDGE('',*,*,#2304,.T.);
#2304 = EDGE_CURVE('',#2305,#651,#2307,.T.);
#2305 = VERTEX_POINT('',#2306);
#2306 = CARTESIAN_POINT('',(25.4,-14.,1.3));
#2307 = LINE('',#2308,#2309);
#2308 = CARTESIAN_POINT('',(25.4,-14.,-1.));
#2309 = VECTOR('',#2310,1.);
#2310 = DIRECTION('',(0.,0.,1.));
#2311 = ORIENTED_EDGE('',*,*,#650,.F.);
#2312 = ORIENTED_EDGE('',*,*,#2304,.F.);
#2313 = ORIENTED_EDGE('',*,*,#2314,.T.);
#2314 = EDGE_CURVE('',#2305,#2305,#2315,.T.);
#2315 = CIRCLE('',#2316,1.4);
#2316 = AXIS2_PLACEMENT_3D('',#2317,#2318,#2319);
#2317 = CARTESIAN_POINT('',(24.,-14.,1.3));
#2318 = DIRECTION('',(0.,0.,1.));
#2319 = DIRECTION('',(1.,0.,-0.));
#2320 = CYLINDRICAL_SURFACE('',#2321,1.4);
#2321 = AXIS2_PLACEMENT_3D('',#2322,#2323,#2324);
#2322 = CARTESIAN_POINT('',(24.,-14.,-1.));
#2323 = DIRECTION('',(0.,0.,1.));
#2324 = DIRECTION('',(1.,0.,-0.));
#2325 = ADVANCED_FACE('',(#2326),#2355,.T.);
#2326 = FACE_BOUND('',#2327,.T.);
#2327 = EDGE_LOOP('',(#2328,#2338,#2346,#2347));
#2328 = ORIENTED_EDGE('',*,*,#2329,.F.);
#2329 = EDGE_CURVE('',#2330,#2332,#2334,.T.);
#2330 = VERTEX_POINT('',#2331);
#2331 = CARTESIAN_POINT('',(27.610263980971,19.,5.5));
#2332 = VERTEX_POINT('',#2333);
#2333 = CARTESIAN_POINT('',(26.168619466775,19.,5.5));
#2334 = LINE('',#2335,#2336);
#2335 = CARTESIAN_POINT('',(8.25,19.,5.5));
#2336 = VECTOR('',#2337,1.);
#2337 = DIRECTION('',(-1.,-0.,0.));
#2338 = ORIENTED_EDGE('',*,*,#2339,.T.);
#2339 = EDGE_CURVE('',#2330,#797,#2340,.T.);
#2340 = B_SPLINE_CURVE_WITH_KNOTS('',4,(#2341,#2342,#2343,#2344,#2345),
  .UNSPECIFIED.,.F.,.F.,(5,5),(0.,1.),.PIECEWISE_BEZIER_KNOTS.);
#2341 = CARTESIAN_POINT('',(27.610263980971,19.,5.5000006));
#2342 = CARTESIAN_POINT('',(27.610263980971,19.,4.8000003));
#2343 = CARTESIAN_POINT('',(27.610263980971,19.,4.1));
#2344 = CARTESIAN_POINT('',(27.610263980971,19.,3.3999997));
#2345 = CARTESIAN_POINT('',(27.610263980971,19.,2.6999994));
#2346 = ORIENTED_EDGE('',*,*,#796,.T.);
#2347 = ORIENTED_EDGE('',*,*,#2348,.F.);
#2348 = EDGE_CURVE('',#2332,#799,#2349,.T.);
#2349 = B_SPLINE_CURVE_WITH_KNOTS('',4,(#2350,#2351,#2352,#2353,#2354),
  .UNSPECIFIED.,.F.,.F.,(5,5),(0.,1.),.PIECEWISE_BEZIER_KNOTS.);
#2350 = CARTESIAN_POINT('',(26.168619548992,19.,5.5000018));
#2351 = CARTESIAN_POINT('',(26.168619548992,19.,4.8000009));
#2352 = CARTESIAN_POINT('',(26.168619548992,19.,4.1));
#2353 = CARTESIAN_POINT('',(26.168619548992,19.,3.3999991));
#2354 = CARTESIAN_POINT('',(26.168619548992,19.,2.6999982));
#2355 = PLANE('',#2356);
#2356 = AXIS2_PLACEMENT_3D('',#2357,#2358,#2359);
#2357 = CARTESIAN_POINT('',(16.5,19.,2.));
#2358 = DIRECTION('',(-0.,1.,0.));
#2359 = DIRECTION('',(0.,0.,1.));
#2360 = ADVANCED_FACE('',(#2361),#2382,.F.);
#2361 = FACE_BOUND('',#2362,.F.);
#2362 = EDGE_LOOP('',(#2363,#2372,#2373,#2374));
#2363 = ORIENTED_EDGE('',*,*,#2364,.T.);
#2364 = EDGE_CURVE('',#2365,#2330,#2367,.T.);
#2365 = VERTEX_POINT('',#2366);
#2366 = CARTESIAN_POINT('',(26.434650111957,-9.,5.5));
#2367 = ELLIPSE('',#2368,38.15,29.1);
#2368 = AXIS2_PLACEMENT_3D('',#2369,#2370,#2371);
#2369 = CARTESIAN_POINT('',(0.,6.95,5.5));
#2370 = DIRECTION('',(0.,-0.,1.));
#2371 = DIRECTION('',(0.,1.,0.));
#2372 = ORIENTED_EDGE('',*,*,#2339,.T.);
#2373 = ORIENTED_EDGE('',*,*,#806,.T.);
#2374 = ORIENTED_EDGE('',*,*,#2375,.F.);
#2375 = EDGE_CURVE('',#2365,#807,#2376,.T.);
#2376 = B_SPLINE_CURVE_WITH_KNOTS('',4,(#2377,#2378,#2379,#2380,#2381),
  .UNSPECIFIED.,.F.,.F.,(5,5),(0.,1.),.PIECEWISE_BEZIER_KNOTS.);
#2377 = CARTESIAN_POINT('',(26.434650111957,-9.,5.5000006));
#2378 = CARTESIAN_POINT('',(26.434650111957,-9.,4.8000003));
#2379 = CARTESIAN_POINT('',(26.434650111957,-9.,4.1));
#2380 = CARTESIAN_POINT('',(26.434650111957,-9.,3.3999997));
#2381 = CARTESIAN_POINT('',(26.434650111957,-9.,2.6999994));
#2382 = SURFACE_OF_LINEAR_EXTRUSION('',#2383,#2388);
#2383 = ELLIPSE('',#2384,38.15,29.1);
#2384 = AXIS2_PLACEMENT_3D('',#2385,#2386,#2387);
#2385 = CARTESIAN_POINT('',(0.,6.95,2.7));
#2386 = DIRECTION('',(0.,-0.,1.));
#2387 = DIRECTION('',(0.,1.,0.));
#2388 = VECTOR('',#2389,1.);
#2389 = DIRECTION('',(-0.,-0.,-1.));
#2390 = ADVANCED_FACE('',(#2391),#2566,.T.);
#2391 = FACE_BOUND('',#2392,.T.);
#2392 = EDGE_LOOP('',(#2393,#2556,#2557,#2558));
#2393 = ORIENTED_EDGE('',*,*,#2394,.F.);
#2394 = EDGE_CURVE('',#2332,#2395,#2397,.T.);
#2395 = VERTEX_POINT('',#2396);
#2396 = CARTESIAN_POINT('',(24.955104948228,-9.,5.5));
#2397 = B_SPLINE_CURVE_WITH_KNOTS('',7,(#2398,#2399,#2400,#2401,#2402,
    #2403,#2404,#2405,#2406,#2407,#2408,#2409,#2410,#2411,#2412,#2413,
    #2414,#2415,#2416,#2417,#2418,#2419,#2420,#2421,#2422,#2423,#2424,
    #2425,#2426,#2427,#2428,#2429,#2430,#2431,#2432,#2433,#2434,#2435,
    #2436,#2437,#2438,#2439,#2440,#2441,#2442,#2443,#2444,#2445,#2446,
    #2447,#2448,#2449,#2450,#2451,#2452,#2453,#2454,#2455,#2456,#2457,
    #2458,#2459,#2460,#2461,#2462,#2463,#2464,#2465,#2466,#2467,#2468,
    #2469,#2470,#2471,#2472,#2473,#2474,#2475,#2476,#2477,#2478,#2479,
    #2480,#2481,#2482,#2483,#2484,#2485,#2486,#2487,#2488,#2489,#2490,
    #2491,#2492,#2493,#2494,#2495,#2496,#2497,#2498,#2499,#2500,#2501,
    #2502,#2503,#2504,#2505,#2506,#2507,#2508,#2509,#2510,#2511,#2512,
    #2513,#2514,#2515,#2516,#2517,#2518,#2519,#2520,#2521,#2522,#2523,
    #2524,#2525,#2526,#2527,#2528,#2529,#2530,#2531,#2532,#2533,#2534,
    #2535,#2536,#2537,#2538,#2539,#2540,#2541,#2542,#2543,#2544,#2545,
    #2546,#2547,#2548,#2549,#2550,#2551,#2552,#2553,#2554,#2555),
  .UNSPECIFIED.,.T.,.F.,(8,6,6,6,6,6,6,6,6,6,6,6,6,6,6,6,6,6,6,6,6,6,6,6
    ,6,6,8),(0.,5.400369263458E-02,8.742492393124E-02,0.130217051563,
    0.16296585857,0.187006568537,0.249995756077,0.312984943618,
    0.337025653584,0.369774460591,0.412566588223,0.445987819519,
    0.463760483432,0.5,0.536239516568,0.554012180481,0.587433411778,
    0.630225539409,0.662974346416,0.687015056383,0.750004243924,
    0.812993431464,0.837034141431,0.869782948438,0.91257507607,
    0.945996307367,1.),.UNSPECIFIED.);
#2398 = CARTESIAN_POINT('',(5.783679776269E-15,43.7,5.5));
#2399 = CARTESIAN_POINT('',(1.569453042697,43.700000152698,5.5));
#2400 = CARTESIAN_POINT('',(3.140015712379,43.562360208992,5.5));
#2401 = CARTESIAN_POINT('',(4.695051885875,43.286735628629,5.5));
#2402 = CARTESIAN_POINT('',(6.220849176016,42.878264783552,5.5));
#2403 = CARTESIAN_POINT('',(7.706061426655,42.345071190421,5.5));
#2404 = CARTESIAN_POINT('',(9.141488913314,41.697351447667,5.5));
#2405 = CARTESIAN_POINT('',(11.372925494123,40.481962656835,5.5));
#2406 = CARTESIAN_POINT('',(12.204395812795,39.977724819988,5.5));
#2407 = CARTESIAN_POINT('',(13.012820014384,39.436405453394,5.5));
#2408 = CARTESIAN_POINT('',(13.797111600356,38.860575743161,5.5));
#2409 = CARTESIAN_POINT('',(14.556500454289,38.252750523203,5.5));
#2410 = CARTESIAN_POINT('',(15.290479051435,37.615314048031,5.5));
#2411 = CARTESIAN_POINT('',(16.905642571591,36.099206673871,5.5));
#2412 = CARTESIAN_POINT('',(17.77031891619,35.203083346679,5.5));
#2413 = CARTESIAN_POINT('',(18.592268920768,34.26667743038,5.5));
#2414 = CARTESIAN_POINT('',(19.371339084958,33.294236778797,5.5));
#2415 = CARTESIAN_POINT('',(20.107672204618,32.289617623566,5.5));
#2416 = CARTESIAN_POINT('',(20.801633170597,31.256225046227,5.5));
#2417 = CARTESIAN_POINT('',(21.95278765387,29.386293508406,5.5));
#2418 = CARTESIAN_POINT('',(22.427291992058,28.560530320099,5.5));
#2419 = CARTESIAN_POINT('',(22.877462883102,27.720995512643,5.5));
#2420 = CARTESIAN_POINT('',(23.303528055118,26.868924712974,5.5));
#2421 = CARTESIAN_POINT('',(23.705723626538,26.005455494463,5.5));
#2422 = CARTESIAN_POINT('',(24.084289869332,25.131625323666,5.5));
#2423 = CARTESIAN_POINT('',(24.700200623233,23.599975836232,5.5));
#2424 = CARTESIAN_POINT('',(24.948326064154,22.946511631622,5.5));
#2425 = CARTESIAN_POINT('',(25.183936309089,22.288352139031,5.5));
#2426 = CARTESIAN_POINT('',(25.407119864872,21.625854353446,5.5));
#2427 = CARTESIAN_POINT('',(25.617960731096,20.95935701906,5.5));
#2428 = CARTESIAN_POINT('',(25.816538400108,20.289180629267,5.5));
#2429 = CARTESIAN_POINT('',(26.491287219774,17.850848301539,5.5));
#2430 = CARTESIAN_POINT('',(26.895924683738,16.063069253606,5.5));
#2431 = CARTESIAN_POINT('',(27.218276118536,14.257491117707,5.5));
#2432 = CARTESIAN_POINT('',(27.45932645487,12.438984254606,5.5));
#2433 = CARTESIAN_POINT('',(27.619766574921,10.61211266569,5.5));
#2434 = CARTESIAN_POINT('',(27.700000089222,8.781137506633,5.5));
#2435 = CARTESIAN_POINT('',(27.700000089222,5.118862493371,5.5));
#2436 = CARTESIAN_POINT('',(27.619766574923,3.287887334323,5.5));
#2437 = CARTESIAN_POINT('',(27.45932645487,1.461015745399,5.5));
#2438 = CARTESIAN_POINT('',(27.218276118536,-0.357491117704,5.5));
#2439 = CARTESIAN_POINT('',(26.895924683741,-2.163069253594,5.5));
#2440 = CARTESIAN_POINT('',(26.491287219775,-3.950848301534,5.5));
#2441 = CARTESIAN_POINT('',(25.81653840011,-6.38918062926,5.5));
#2442 = CARTESIAN_POINT('',(25.617960731098,-7.059357019053,5.5));
#2443 = CARTESIAN_POINT('',(25.407119864874,-7.725854353439,5.5));
#2444 = CARTESIAN_POINT('',(25.183936309091,-8.388352139024,5.5));
#2445 = CARTESIAN_POINT('',(24.948326064156,-9.046511631615,5.5));
#2446 = CARTESIAN_POINT('',(24.700200623236,-9.699975836226,5.5));
#2447 = CARTESIAN_POINT('',(24.084289869335,-11.23162532366,5.5));
#2448 = CARTESIAN_POINT('',(23.705723626541,-12.10545549445,5.5));
#2449 = CARTESIAN_POINT('',(23.303528055121,-12.96892471296,5.5));
#2450 = CARTESIAN_POINT('',(22.877462883104,-13.82099551263,5.5));
#2451 = CARTESIAN_POINT('',(22.427291992061,-14.66053032009,5.5));
#2452 = CARTESIAN_POINT('',(21.952787653874,-15.4862935084,5.5));
#2453 = CARTESIAN_POINT('',(20.801633170601,-17.35622504622,5.5));
#2454 = CARTESIAN_POINT('',(20.107672204621,-18.38961762356,5.5));
#2455 = CARTESIAN_POINT('',(19.371339084961,-19.39423677879,5.5));
#2456 = CARTESIAN_POINT('',(18.592268920772,-20.36667743037,5.5));
#2457 = CARTESIAN_POINT('',(17.770318916195,-21.30308334667,5.5));
#2458 = CARTESIAN_POINT('',(16.905642571595,-22.19920667386,5.5));
#2459 = CARTESIAN_POINT('',(15.290479051438,-23.71531404802,5.5));
#2460 = CARTESIAN_POINT('',(14.556500454294,-24.35275052319,5.5));
#2461 = CARTESIAN_POINT('',(13.797111600359,-24.96057574316,5.5));
#2462 = CARTESIAN_POINT('',(13.012820014387,-25.53640545339,5.5));
#2463 = CARTESIAN_POINT('',(12.204395812801,-26.07772481998,5.5));
#2464 = CARTESIAN_POINT('',(11.372925494126,-26.58196265683,5.5));
#2465 = CARTESIAN_POINT('',(10.066250900778,-27.29366446921,5.5));
#2466 = CARTESIAN_POINT('',(9.60652101649,-27.52953886684,5.5));
#2467 = CARTESIAN_POINT('',(9.140916013562,-27.75382880242,5.5));
#2468 = CARTESIAN_POINT('',(8.669689734945,-27.96615686456,5.5));
#2469 = CARTESIAN_POINT('',(8.193127584765,-28.16615542816,5.5));
#2470 = CARTESIAN_POINT('',(7.711548967012,-28.35347211048,5.5));
#2471 = CARTESIAN_POINT('',(6.233839092793,-28.88318957721,5.5));
#2472 = CARTESIAN_POINT('',(5.222835270708,-29.1845536453,5.5));
#2473 = CARTESIAN_POINT('',(4.195524494177,-29.428947262,5.5));
#2474 = CARTESIAN_POINT('',(3.155474671288,-29.61401182375,5.5));
#2475 = CARTESIAN_POINT('',(2.106605783716,-29.73801596162,5.5));
#2476 = CARTESIAN_POINT('',(1.053212642798,-29.80000011355,5.5));
#2477 = CARTESIAN_POINT('',(-1.053212642789,-29.80000011355,5.5));
#2478 = CARTESIAN_POINT('',(-2.10660578371,-29.73801596162,5.5));
#2479 = CARTESIAN_POINT('',(-3.155474671281,-29.61401182375,5.5));
#2480 = CARTESIAN_POINT('',(-4.195524494169,-29.428947262,5.5));
#2481 = CARTESIAN_POINT('',(-5.222835270702,-29.1845536453,5.5));
#2482 = CARTESIAN_POINT('',(-6.233839092786,-28.88318957721,5.5));
#2483 = CARTESIAN_POINT('',(-7.711548967005,-28.35347211048,5.5));
#2484 = CARTESIAN_POINT('',(-8.193127584759,-28.16615542817,5.5));
#2485 = CARTESIAN_POINT('',(-8.669689734939,-27.96615686456,5.5));
#2486 = CARTESIAN_POINT('',(-9.140916013554,-27.75382880242,5.5));
#2487 = CARTESIAN_POINT('',(-9.606521016482,-27.52953886684,5.5));
#2488 = CARTESIAN_POINT('',(-10.06625090077,-27.29366446921,5.5));
#2489 = CARTESIAN_POINT('',(-11.37292549411,-26.58196265683,5.5));
#2490 = CARTESIAN_POINT('',(-12.20439581279,-26.07772481998,5.5));
#2491 = CARTESIAN_POINT('',(-13.01282001437,-25.53640545339,5.5));
#2492 = CARTESIAN_POINT('',(-13.79711160035,-24.96057574316,5.5));
#2493 = CARTESIAN_POINT('',(-14.55650045428,-24.3527505232,5.5));
#2494 = CARTESIAN_POINT('',(-15.29047905143,-23.71531404803,5.5));
#2495 = CARTESIAN_POINT('',(-16.90564257159,-22.19920667387,5.5));
#2496 = CARTESIAN_POINT('',(-17.77031891618,-21.30308334668,5.5));
#2497 = CARTESIAN_POINT('',(-18.59226892076,-20.36667743038,5.5));
#2498 = CARTESIAN_POINT('',(-19.37133908495,-19.3942367788,5.5));
#2499 = CARTESIAN_POINT('',(-20.10767220461,-18.38961762356,5.5));
#2500 = CARTESIAN_POINT('',(-20.80163317059,-17.35622504622,5.5));
#2501 = CARTESIAN_POINT('',(-21.95278765386,-15.4862935084,5.5));
#2502 = CARTESIAN_POINT('',(-22.42729199205,-14.6605303201,5.5));
#2503 = CARTESIAN_POINT('',(-22.8774628831,-13.82099551264,5.5));
#2504 = CARTESIAN_POINT('',(-23.30352805511,-12.96892471297,5.5));
#2505 = CARTESIAN_POINT('',(-23.70572362653,-12.10545549446,5.5));
#2506 = CARTESIAN_POINT('',(-24.08428986933,-11.23162532366,5.5));
#2507 = CARTESIAN_POINT('',(-24.70020062323,-9.699975836234,5.5));
#2508 = CARTESIAN_POINT('',(-24.94832606415,-9.046511631624,5.5));
#2509 = CARTESIAN_POINT('',(-25.18393630908,-8.388352139032,5.5));
#2510 = CARTESIAN_POINT('',(-25.40711986487,-7.725854353448,5.5));
#2511 = CARTESIAN_POINT('',(-25.61796073109,-7.059357019062,5.5));
#2512 = CARTESIAN_POINT('',(-25.8165384001,-6.389180629269,5.5));
#2513 = CARTESIAN_POINT('',(-26.49128721977,-3.950848301545,5.5));
#2514 = CARTESIAN_POINT('',(-26.89592468373,-2.163069253598,5.5));
#2515 = CARTESIAN_POINT('',(-27.21827611853,-0.357491117715,5.5));
#2516 = CARTESIAN_POINT('',(-27.45932645487,1.461015745387,5.5));
#2517 = CARTESIAN_POINT('',(-27.61976657492,3.287887334319,5.5));
#2518 = CARTESIAN_POINT('',(-27.70000008922,5.118862493362,5.5));
#2519 = CARTESIAN_POINT('',(-27.70000008922,8.781137506629,5.5));
#2520 = CARTESIAN_POINT('',(-27.61976657492,10.612112665672,5.5));
#2521 = CARTESIAN_POINT('',(-27.45932645487,12.438984254604,5.5));
#2522 = CARTESIAN_POINT('',(-27.21827611853,14.257491117706,5.5));
#2523 = CARTESIAN_POINT('',(-26.89592468374,16.063069253589,5.5));
#2524 = CARTESIAN_POINT('',(-26.49128721977,17.850848301536,5.5));
#2525 = CARTESIAN_POINT('',(-25.81653840011,20.289180629261,5.5));
#2526 = CARTESIAN_POINT('',(-25.61796073109,20.959357019053,5.5));
#2527 = CARTESIAN_POINT('',(-25.40711986487,21.62585435344,5.5));
#2528 = CARTESIAN_POINT('',(-25.18393630909,22.288352139024,5.5));
#2529 = CARTESIAN_POINT('',(-24.94832606415,22.946511631616,5.5));
#2530 = CARTESIAN_POINT('',(-24.70020062323,23.599975836226,5.5));
#2531 = CARTESIAN_POINT('',(-24.08428986933,25.13162532366,5.5));
#2532 = CARTESIAN_POINT('',(-23.70572362654,26.005455494458,5.5));
#2533 = CARTESIAN_POINT('',(-23.30352805512,26.868924712969,5.5));
#2534 = CARTESIAN_POINT('',(-22.8774628831,27.720995512637,5.5));
#2535 = CARTESIAN_POINT('',(-22.42729199206,28.560530320093,5.5));
#2536 = CARTESIAN_POINT('',(-21.95278765387,29.386293508402,5.5));
#2537 = CARTESIAN_POINT('',(-20.8016331706,31.25622504622,5.5));
#2538 = CARTESIAN_POINT('',(-20.10767220462,32.289617623564,5.5));
#2539 = CARTESIAN_POINT('',(-19.37133908496,33.294236778794,5.5));
#2540 = CARTESIAN_POINT('',(-18.59226892077,34.266677430375,5.5));
#2541 = CARTESIAN_POINT('',(-17.77031891619,35.203083346674,5.5));
#2542 = CARTESIAN_POINT('',(-16.90564257159,36.099206673869,5.5));
#2543 = CARTESIAN_POINT('',(-15.29047905143,37.615314048027,5.5));
#2544 = CARTESIAN_POINT('',(-14.55650045429,38.252750523202,5.5));
#2545 = CARTESIAN_POINT('',(-13.79711160035,38.860575743157,5.5));
#2546 = CARTESIAN_POINT('',(-13.01282001438,39.436405453391,5.5));
#2547 = CARTESIAN_POINT('',(-12.2043958128,39.977724819987,5.5));
#2548 = CARTESIAN_POINT('',(-11.37292549412,40.481962656833,5.5));
#2549 = CARTESIAN_POINT('',(-9.141488913313,41.697351447667,5.5));
#2550 = CARTESIAN_POINT('',(-7.706061426674,42.345071190413,5.5));
#2551 = CARTESIAN_POINT('',(-6.22084917599,42.878264783563,5.5));
#2552 = CARTESIAN_POINT('',(-4.695051885905,43.286735628618,5.5));
#2553 = CARTESIAN_POINT('',(-3.140015712364,43.562360208997,5.5));
#2554 = CARTESIAN_POINT('',(-1.569453042702,43.700000152697,5.5));
#2555 = CARTESIAN_POINT('',(-1.321747581332E-15,43.7,5.5));
#2556 = ORIENTED_EDGE('',*,*,#2348,.T.);
#2557 = ORIENTED_EDGE('',*,*,#836,.T.);
#2558 = ORIENTED_EDGE('',*,*,#2559,.F.);
#2559 = EDGE_CURVE('',#2395,#829,#2560,.T.);
#2560 = B_SPLINE_CURVE_WITH_KNOTS('',4,(#2561,#2562,#2563,#2564,#2565),
  .UNSPECIFIED.,.F.,.F.,(5,5),(0.,1.),.PIECEWISE_BEZIER_KNOTS.);
#2561 = CARTESIAN_POINT('',(24.955104954467,-9.,5.5000012));
#2562 = CARTESIAN_POINT('',(24.955104954467,-9.,4.8000006));
#2563 = CARTESIAN_POINT('',(24.955104954467,-9.,4.1));
#2564 = CARTESIAN_POINT('',(24.955104954467,-9.,3.3999994));
#2565 = CARTESIAN_POINT('',(24.955104954467,-9.,2.6999988));
#2566 = SURFACE_OF_LINEAR_EXTRUSION('',#2567,#2572);
#2567 = ELLIPSE('',#2568,36.75,27.7);
#2568 = AXIS2_PLACEMENT_3D('',#2569,#2570,#2571);
#2569 = CARTESIAN_POINT('',(0.,6.95,2.6));
#2570 = DIRECTION('',(0.,-0.,1.));
#2571 = DIRECTION('',(0.,1.,0.));
#2572 = VECTOR('',#2573,1.);
#2573 = DIRECTION('',(-0.,-0.,-1.));
#2574 = ADVANCED_FACE('',(#2575),#2586,.F.);
#2575 = FACE_BOUND('',#2576,.F.);
#2576 = EDGE_LOOP('',(#2577,#2583,#2584,#2585));
#2577 = ORIENTED_EDGE('',*,*,#2578,.F.);
#2578 = EDGE_CURVE('',#2365,#2395,#2579,.T.);
#2579 = LINE('',#2580,#2581);
#2580 = CARTESIAN_POINT('',(8.25,-9.,5.5));
#2581 = VECTOR('',#2582,1.);
#2582 = DIRECTION('',(-1.,-0.,0.));
#2583 = ORIENTED_EDGE('',*,*,#2375,.T.);
#2584 = ORIENTED_EDGE('',*,*,#828,.T.);
#2585 = ORIENTED_EDGE('',*,*,#2559,.F.);
#2586 = PLANE('',#2587);
#2587 = AXIS2_PLACEMENT_3D('',#2588,#2589,#2590);
#2588 = CARTESIAN_POINT('',(16.5,-9.,2.));
#2589 = DIRECTION('',(-0.,1.,0.));
#2590 = DIRECTION('',(0.,0.,1.));
#2591 = ADVANCED_FACE('',(#2592),#2611,.F.);
#2592 = FACE_BOUND('',#2593,.F.);
#2593 = EDGE_LOOP('',(#2594,#2602,#2603,#2604));
#2594 = ORIENTED_EDGE('',*,*,#2595,.T.);
#2595 = EDGE_CURVE('',#2596,#859,#2598,.T.);
#2596 = VERTEX_POINT('',#2597);
#2597 = CARTESIAN_POINT('',(-22.6,24.,1.3));
#2598 = LINE('',#2599,#2600);
#2599 = CARTESIAN_POINT('',(-22.6,24.,-1.));
#2600 = VECTOR('',#2601,1.);
#2601 = DIRECTION('',(0.,0.,1.));
#2602 = ORIENTED_EDGE('',*,*,#858,.F.);
#2603 = ORIENTED_EDGE('',*,*,#2595,.F.);
#2604 = ORIENTED_EDGE('',*,*,#2605,.T.);
#2605 = EDGE_CURVE('',#2596,#2596,#2606,.T.);
#2606 = CIRCLE('',#2607,1.4);
#2607 = AXIS2_PLACEMENT_3D('',#2608,#2609,#2610);
#2608 = CARTESIAN_POINT('',(-24.,24.,1.3));
#2609 = DIRECTION('',(0.,0.,1.));
#2610 = DIRECTION('',(1.,0.,-0.));
#2611 = CYLINDRICAL_SURFACE('',#2612,1.4);
#2612 = AXIS2_PLACEMENT_3D('',#2613,#2614,#2615);
#2613 = CARTESIAN_POINT('',(-24.,24.,-1.));
#2614 = DIRECTION('',(0.,0.,1.));
#2615 = DIRECTION('',(1.,0.,-0.));
#2616 = ADVANCED_FACE('',(#2617),#2636,.T.);
#2617 = FACE_BOUND('',#2618,.T.);
#2618 = EDGE_LOOP('',(#2619,#2627,#2634,#2635));
#2619 = ORIENTED_EDGE('',*,*,#2620,.T.);
#2620 = EDGE_CURVE('',#870,#2621,#2623,.T.);
#2621 = VERTEX_POINT('',#2622);
#2622 = CARTESIAN_POINT('',(-9.2,34.5,17.));
#2623 = LINE('',#2624,#2625);
#2624 = CARTESIAN_POINT('',(-9.2,34.5,2.7));
#2625 = VECTOR('',#2626,1.);
#2626 = DIRECTION('',(0.,0.,1.));
#2627 = ORIENTED_EDGE('',*,*,#2628,.F.);
#2628 = EDGE_CURVE('',#2621,#2621,#2629,.T.);
#2629 = CIRCLE('',#2630,2.8);
#2630 = AXIS2_PLACEMENT_3D('',#2631,#2632,#2633);
#2631 = CARTESIAN_POINT('',(-12.,34.5,17.));
#2632 = DIRECTION('',(0.,0.,1.));
#2633 = DIRECTION('',(1.,0.,-0.));
#2634 = ORIENTED_EDGE('',*,*,#2620,.F.);
#2635 = ORIENTED_EDGE('',*,*,#869,.T.);
#2636 = CYLINDRICAL_SURFACE('',#2637,2.8);
#2637 = AXIS2_PLACEMENT_3D('',#2638,#2639,#2640);
#2638 = CARTESIAN_POINT('',(-12.,34.5,2.7));
#2639 = DIRECTION('',(0.,0.,1.));
#2640 = DIRECTION('',(1.,0.,-0.));
#2641 = ADVANCED_FACE('',(#2642),#2661,.F.);
#2642 = FACE_BOUND('',#2643,.F.);
#2643 = EDGE_LOOP('',(#2644,#2652,#2653,#2654));
#2644 = ORIENTED_EDGE('',*,*,#2645,.T.);
#2645 = EDGE_CURVE('',#2646,#1016,#2648,.T.);
#2646 = VERTEX_POINT('',#2647);
#2647 = CARTESIAN_POINT('',(25.4,24.,1.3));
#2648 = LINE('',#2649,#2650);
#2649 = CARTESIAN_POINT('',(25.4,24.,-1.));
#2650 = VECTOR('',#2651,1.);
#2651 = DIRECTION('',(0.,0.,1.));
#2652 = ORIENTED_EDGE('',*,*,#1015,.F.);
#2653 = ORIENTED_EDGE('',*,*,#2645,.F.);
#2654 = ORIENTED_EDGE('',*,*,#2655,.T.);
#2655 = EDGE_CURVE('',#2646,#2646,#2656,.T.);
#2656 = CIRCLE('',#2657,1.4);
#2657 = AXIS2_PLACEMENT_3D('',#2658,#2659,#2660);
#2658 = CARTESIAN_POINT('',(24.,24.,1.3));
#2659 = DIRECTION('',(0.,0.,1.));
#2660 = DIRECTION('',(1.,0.,-0.));
#2661 = CYLINDRICAL_SURFACE('',#2662,1.4);
#2662 = AXIS2_PLACEMENT_3D('',#2663,#2664,#2665);
#2663 = CARTESIAN_POINT('',(24.,24.,-1.));
#2664 = DIRECTION('',(0.,0.,1.));
#2665 = DIRECTION('',(1.,0.,-0.));
#2666 = ADVANCED_FACE('',(#2667),#2686,.T.);
#2667 = FACE_BOUND('',#2668,.T.);
#2668 = EDGE_LOOP('',(#2669,#2677,#2684,#2685));
#2669 = ORIENTED_EDGE('',*,*,#2670,.T.);
#2670 = EDGE_CURVE('',#1027,#2671,#2673,.T.);
#2671 = VERTEX_POINT('',#2672);
#2672 = CARTESIAN_POINT('',(14.8,34.5,17.));
#2673 = LINE('',#2674,#2675);
#2674 = CARTESIAN_POINT('',(14.8,34.5,2.7));
#2675 = VECTOR('',#2676,1.);
#2676 = DIRECTION('',(0.,0.,1.));
#2677 = ORIENTED_EDGE('',*,*,#2678,.F.);
#2678 = EDGE_CURVE('',#2671,#2671,#2679,.T.);
#2679 = CIRCLE('',#2680,2.8);
#2680 = AXIS2_PLACEMENT_3D('',#2681,#2682,#2683);
#2681 = CARTESIAN_POINT('',(12.,34.5,17.));
#2682 = DIRECTION('',(0.,0.,1.));
#2683 = DIRECTION('',(1.,0.,-0.));
#2684 = ORIENTED_EDGE('',*,*,#2670,.F.);
#2685 = ORIENTED_EDGE('',*,*,#1026,.T.);
#2686 = CYLINDRICAL_SURFACE('',#2687,2.8);
#2687 = AXIS2_PLACEMENT_3D('',#2688,#2689,#2690);
#2688 = CARTESIAN_POINT('',(12.,34.5,2.7));
#2689 = DIRECTION('',(0.,0.,1.));
#2690 = DIRECTION('',(1.,0.,-0.));
#2691 = ADVANCED_FACE('',(#2692),#2721,.F.);
#2692 = FACE_BOUND('',#2693,.F.);
#2693 = EDGE_LOOP('',(#2694,#2704,#2712,#2720));
#2694 = ORIENTED_EDGE('',*,*,#2695,.F.);
#2695 = EDGE_CURVE('',#2696,#1040,#2698,.T.);
#2696 = VERTEX_POINT('',#2697);
#2697 = CARTESIAN_POINT('',(-23.74704801379,29.,5.5));
#2698 = B_SPLINE_CURVE_WITH_KNOTS('',4,(#2699,#2700,#2701,#2702,#2703),
  .UNSPECIFIED.,.F.,.F.,(5,5),(0.,1.),.PIECEWISE_BEZIER_KNOTS.);
#2699 = CARTESIAN_POINT('',(-23.74704801379,29.,5.5000006));
#2700 = CARTESIAN_POINT('',(-23.74704801379,29.,4.8000003));
#2701 = CARTESIAN_POINT('',(-23.74704801379,29.,4.1));
#2702 = CARTESIAN_POINT('',(-23.74704801379,29.,3.3999997));
#2703 = CARTESIAN_POINT('',(-23.74704801379,29.,2.6999994));
#2704 = ORIENTED_EDGE('',*,*,#2705,.F.);
#2705 = EDGE_CURVE('',#2706,#2696,#2708,.T.);
#2706 = VERTEX_POINT('',#2707);
#2707 = CARTESIAN_POINT('',(-22.16000000184,29.,5.5));
#2708 = LINE('',#2709,#2710);
#2709 = CARTESIAN_POINT('',(-15.75,29.,5.5));
#2710 = VECTOR('',#2711,1.);
#2711 = DIRECTION('',(-1.,-0.,0.));
#2712 = ORIENTED_EDGE('',*,*,#2713,.T.);
#2713 = EDGE_CURVE('',#2706,#1038,#2714,.T.);
#2714 = B_SPLINE_CURVE_WITH_KNOTS('',4,(#2715,#2716,#2717,#2718,#2719),
  .UNSPECIFIED.,.F.,.F.,(5,5),(0.,1.),.PIECEWISE_BEZIER_KNOTS.);
#2715 = CARTESIAN_POINT('',(-22.16,29.,5.5000012));
#2716 = CARTESIAN_POINT('',(-22.16,29.,4.8000006));
#2717 = CARTESIAN_POINT('',(-22.16,29.,4.1));
#2718 = CARTESIAN_POINT('',(-22.16,29.,3.3999994));
#2719 = CARTESIAN_POINT('',(-22.16,29.,2.6999988));
#2720 = ORIENTED_EDGE('',*,*,#1037,.T.);
#2721 = PLANE('',#2722);
#2722 = AXIS2_PLACEMENT_3D('',#2723,#2724,#2725);
#2723 = CARTESIAN_POINT('',(-31.5,29.,2.));
#2724 = DIRECTION('',(-0.,1.,0.));
#2725 = DIRECTION('',(0.,0.,1.));
#2726 = ADVANCED_FACE('',(#2727),#2900,.T.);
#2727 = FACE_BOUND('',#2728,.T.);
#2728 = EDGE_LOOP('',(#2729,#2892,#2893,#2894));
#2729 = ORIENTED_EDGE('',*,*,#2730,.F.);
#2730 = EDGE_CURVE('',#2706,#2731,#2733,.T.);
#2731 = VERTEX_POINT('',#2732);
#2732 = CARTESIAN_POINT('',(0.,43.7,5.5));
#2733 = B_SPLINE_CURVE_WITH_KNOTS('',7,(#2734,#2735,#2736,#2737,#2738,
    #2739,#2740,#2741,#2742,#2743,#2744,#2745,#2746,#2747,#2748,#2749,
    #2750,#2751,#2752,#2753,#2754,#2755,#2756,#2757,#2758,#2759,#2760,
    #2761,#2762,#2763,#2764,#2765,#2766,#2767,#2768,#2769,#2770,#2771,
    #2772,#2773,#2774,#2775,#2776,#2777,#2778,#2779,#2780,#2781,#2782,
    #2783,#2784,#2785,#2786,#2787,#2788,#2789,#2790,#2791,#2792,#2793,
    #2794,#2795,#2796,#2797,#2798,#2799,#2800,#2801,#2802,#2803,#2804,
    #2805,#2806,#2807,#2808,#2809,#2810,#2811,#2812,#2813,#2814,#2815,
    #2816,#2817,#2818,#2819,#2820,#2821,#2822,#2823,#2824,#2825,#2826,
    #2827,#2828,#2829,#2830,#2831,#2832,#2833,#2834,#2835,#2836,#2837,
    #2838,#2839,#2840,#2841,#2842,#2843,#2844,#2845,#2846,#2847,#2848,
    #2849,#2850,#2851,#2852,#2853,#2854,#2855,#2856,#2857,#2858,#2859,
    #2860,#2861,#2862,#2863,#2864,#2865,#2866,#2867,#2868,#2869,#2870,
    #2871,#2872,#2873,#2874,#2875,#2876,#2877,#2878,#2879,#2880,#2881,
    #2882,#2883,#2884,#2885,#2886,#2887,#2888,#2889,#2890,#2891),
  .UNSPECIFIED.,.T.,.F.,(8,6,6,6,6,6,6,6,6,6,6,6,6,6,6,6,6,6,6,6,6,6,6,6
    ,6,6,8),(0.,5.400369263458E-02,8.742492393124E-02,0.130217051563,
    0.16296585857,0.187006568537,0.249995756077,0.312984943618,
    0.337025653584,0.369774460591,0.412566588223,0.445987819519,
    0.463760483432,0.5,0.536239516568,0.554012180481,0.587433411778,
    0.630225539409,0.662974346416,0.687015056383,0.750004243924,
    0.812993431464,0.837034141431,0.869782948438,0.91257507607,
    0.945996307367,1.),.UNSPECIFIED.);
#2734 = CARTESIAN_POINT('',(5.783679776269E-15,43.7,5.5));
#2735 = CARTESIAN_POINT('',(1.569453042697,43.700000152698,5.5));
#2736 = CARTESIAN_POINT('',(3.140015712379,43.562360208992,5.5));
#2737 = CARTESIAN_POINT('',(4.695051885875,43.286735628629,5.5));
#2738 = CARTESIAN_POINT('',(6.220849176016,42.878264783552,5.5));
#2739 = CARTESIAN_POINT('',(7.706061426655,42.345071190421,5.5));
#2740 = CARTESIAN_POINT('',(9.141488913314,41.697351447667,5.5));
#2741 = CARTESIAN_POINT('',(11.372925494123,40.481962656835,5.5));
#2742 = CARTESIAN_POINT('',(12.204395812795,39.977724819988,5.5));
#2743 = CARTESIAN_POINT('',(13.012820014384,39.436405453394,5.5));
#2744 = CARTESIAN_POINT('',(13.797111600356,38.860575743161,5.5));
#2745 = CARTESIAN_POINT('',(14.556500454289,38.252750523203,5.5));
#2746 = CARTESIAN_POINT('',(15.290479051435,37.615314048031,5.5));
#2747 = CARTESIAN_POINT('',(16.905642571591,36.099206673871,5.5));
#2748 = CARTESIAN_POINT('',(17.77031891619,35.203083346679,5.5));
#2749 = CARTESIAN_POINT('',(18.592268920768,34.26667743038,5.5));
#2750 = CARTESIAN_POINT('',(19.371339084958,33.294236778797,5.5));
#2751 = CARTESIAN_POINT('',(20.107672204618,32.289617623566,5.5));
#2752 = CARTESIAN_POINT('',(20.801633170597,31.256225046227,5.5));
#2753 = CARTESIAN_POINT('',(21.95278765387,29.386293508406,5.5));
#2754 = CARTESIAN_POINT('',(22.427291992058,28.560530320099,5.5));
#2755 = CARTESIAN_POINT('',(22.877462883102,27.720995512643,5.5));
#2756 = CARTESIAN_POINT('',(23.303528055118,26.868924712974,5.5));
#2757 = CARTESIAN_POINT('',(23.705723626538,26.005455494463,5.5));
#2758 = CARTESIAN_POINT('',(24.084289869332,25.131625323666,5.5));
#2759 = CARTESIAN_POINT('',(24.700200623233,23.599975836232,5.5));
#2760 = CARTESIAN_POINT('',(24.948326064154,22.946511631622,5.5));
#2761 = CARTESIAN_POINT('',(25.183936309089,22.288352139031,5.5));
#2762 = CARTESIAN_POINT('',(25.407119864872,21.625854353446,5.5));
#2763 = CARTESIAN_POINT('',(25.617960731096,20.95935701906,5.5));
#2764 = CARTESIAN_POINT('',(25.816538400108,20.289180629267,5.5));
#2765 = CARTESIAN_POINT('',(26.491287219774,17.850848301539,5.5));
#2766 = CARTESIAN_POINT('',(26.895924683738,16.063069253606,5.5));
#2767 = CARTESIAN_POINT('',(27.218276118536,14.257491117707,5.5));
#2768 = CARTESIAN_POINT('',(27.45932645487,12.438984254606,5.5));
#2769 = CARTESIAN_POINT('',(27.619766574921,10.61211266569,5.5));
#2770 = CARTESIAN_POINT('',(27.700000089222,8.781137506633,5.5));
#2771 = CARTESIAN_POINT('',(27.700000089222,5.118862493371,5.5));
#2772 = CARTESIAN_POINT('',(27.619766574923,3.287887334323,5.5));
#2773 = CARTESIAN_POINT('',(27.45932645487,1.461015745399,5.5));
#2774 = CARTESIAN_POINT('',(27.218276118536,-0.357491117704,5.5));
#2775 = CARTESIAN_POINT('',(26.895924683741,-2.163069253594,5.5));
#2776 = CARTESIAN_POINT('',(26.491287219775,-3.950848301534,5.5));
#2777 = CARTESIAN_POINT('',(25.81653840011,-6.38918062926,5.5));
#2778 = CARTESIAN_POINT('',(25.617960731098,-7.059357019053,5.5));
#2779 = CARTESIAN_POINT('',(25.407119864874,-7.725854353439,5.5));
#2780 = CARTESIAN_POINT('',(25.183936309091,-8.388352139024,5.5));
#2781 = CARTESIAN_POINT('',(24.948326064156,-9.046511631615,5.5));
#2782 = CARTESIAN_POINT('',(24.700200623236,-9.699975836226,5.5));
#2783 = CARTESIAN_POINT('',(24.084289869335,-11.23162532366,5.5));
#2784 = CARTESIAN_POINT('',(23.705723626541,-12.10545549445,5.5));
#2785 = CARTESIAN_POINT('',(23.303528055121,-12.96892471296,5.5));
#2786 = CARTESIAN_POINT('',(22.877462883104,-13.82099551263,5.5));
#2787 = CARTESIAN_POINT('',(22.427291992061,-14.66053032009,5.5));
#2788 = CARTESIAN_POINT('',(21.952787653874,-15.4862935084,5.5));
#2789 = CARTESIAN_POINT('',(20.801633170601,-17.35622504622,5.5));
#2790 = CARTESIAN_POINT('',(20.107672204621,-18.38961762356,5.5));
#2791 = CARTESIAN_POINT('',(19.371339084961,-19.39423677879,5.5));
#2792 = CARTESIAN_POINT('',(18.592268920772,-20.36667743037,5.5));
#2793 = CARTESIAN_POINT('',(17.770318916195,-21.30308334667,5.5));
#2794 = CARTESIAN_POINT('',(16.905642571595,-22.19920667386,5.5));
#2795 = CARTESIAN_POINT('',(15.290479051438,-23.71531404802,5.5));
#2796 = CARTESIAN_POINT('',(14.556500454294,-24.35275052319,5.5));
#2797 = CARTESIAN_POINT('',(13.797111600359,-24.96057574316,5.5));
#2798 = CARTESIAN_POINT('',(13.012820014387,-25.53640545339,5.5));
#2799 = CARTESIAN_POINT('',(12.204395812801,-26.07772481998,5.5));
#2800 = CARTESIAN_POINT('',(11.372925494126,-26.58196265683,5.5));
#2801 = CARTESIAN_POINT('',(10.066250900778,-27.29366446921,5.5));
#2802 = CARTESIAN_POINT('',(9.60652101649,-27.52953886684,5.5));
#2803 = CARTESIAN_POINT('',(9.140916013562,-27.75382880242,5.5));
#2804 = CARTESIAN_POINT('',(8.669689734945,-27.96615686456,5.5));
#2805 = CARTESIAN_POINT('',(8.193127584765,-28.16615542816,5.5));
#2806 = CARTESIAN_POINT('',(7.711548967012,-28.35347211048,5.5));
#2807 = CARTESIAN_POINT('',(6.233839092793,-28.88318957721,5.5));
#2808 = CARTESIAN_POINT('',(5.222835270708,-29.1845536453,5.5));
#2809 = CARTESIAN_POINT('',(4.195524494177,-29.428947262,5.5));
#2810 = CARTESIAN_POINT('',(3.155474671288,-29.61401182375,5.5));
#2811 = CARTESIAN_POINT('',(2.106605783716,-29.73801596162,5.5));
#2812 = CARTESIAN_POINT('',(1.053212642798,-29.80000011355,5.5));
#2813 = CARTESIAN_POINT('',(-1.053212642789,-29.80000011355,5.5));
#2814 = CARTESIAN_POINT('',(-2.10660578371,-29.73801596162,5.5));
#2815 = CARTESIAN_POINT('',(-3.155474671281,-29.61401182375,5.5));
#2816 = CARTESIAN_POINT('',(-4.195524494169,-29.428947262,5.5));
#2817 = CARTESIAN_POINT('',(-5.222835270702,-29.1845536453,5.5));
#2818 = CARTESIAN_POINT('',(-6.233839092786,-28.88318957721,5.5));
#2819 = CARTESIAN_POINT('',(-7.711548967005,-28.35347211048,5.5));
#2820 = CARTESIAN_POINT('',(-8.193127584759,-28.16615542817,5.5));
#2821 = CARTESIAN_POINT('',(-8.669689734939,-27.96615686456,5.5));
#2822 = CARTESIAN_POINT('',(-9.140916013554,-27.75382880242,5.5));
#2823 = CARTESIAN_POINT('',(-9.606521016482,-27.52953886684,5.5));
#2824 = CARTESIAN_POINT('',(-10.06625090077,-27.29366446921,5.5));
#2825 = CARTESIAN_POINT('',(-11.37292549411,-26.58196265683,5.5));
#2826 = CARTESIAN_POINT('',(-12.20439581279,-26.07772481998,5.5));
#2827 = CARTESIAN_POINT('',(-13.01282001437,-25.53640545339,5.5));
#2828 = CARTESIAN_POINT('',(-13.79711160035,-24.96057574316,5.5));
#2829 = CARTESIAN_POINT('',(-14.55650045428,-24.3527505232,5.5));
#2830 = CARTESIAN_POINT('',(-15.29047905143,-23.71531404803,5.5));
#2831 = CARTESIAN_POINT('',(-16.90564257159,-22.19920667387,5.5));
#2832 = CARTESIAN_POINT('',(-17.77031891618,-21.30308334668,5.5));
#2833 = CARTESIAN_POINT('',(-18.59226892076,-20.36667743038,5.5));
#2834 = CARTESIAN_POINT('',(-19.37133908495,-19.3942367788,5.5));
#2835 = CARTESIAN_POINT('',(-20.10767220461,-18.38961762356,5.5));
#2836 = CARTESIAN_POINT('',(-20.80163317059,-17.35622504622,5.5));
#2837 = CARTESIAN_POINT('',(-21.95278765386,-15.4862935084,5.5));
#2838 = CARTESIAN_POINT('',(-22.42729199205,-14.6605303201,5.5));
#2839 = CARTESIAN_POINT('',(-22.8774628831,-13.82099551264,5.5));
#2840 = CARTESIAN_POINT('',(-23.30352805511,-12.96892471297,5.5));
#2841 = CARTESIAN_POINT('',(-23.70572362653,-12.10545549446,5.5));
#2842 = CARTESIAN_POINT('',(-24.08428986933,-11.23162532366,5.5));
#2843 = CARTESIAN_POINT('',(-24.70020062323,-9.699975836234,5.5));
#2844 = CARTESIAN_POINT('',(-24.94832606415,-9.046511631624,5.5));
#2845 = CARTESIAN_POINT('',(-25.18393630908,-8.388352139032,5.5));
#2846 = CARTESIAN_POINT('',(-25.40711986487,-7.725854353448,5.5));
#2847 = CARTESIAN_POINT('',(-25.61796073109,-7.059357019062,5.5));
#2848 = CARTESIAN_POINT('',(-25.8165384001,-6.389180629269,5.5));
#2849 = CARTESIAN_POINT('',(-26.49128721977,-3.950848301545,5.5));
#2850 = CARTESIAN_POINT('',(-26.89592468373,-2.163069253598,5.5));
#2851 = CARTESIAN_POINT('',(-27.21827611853,-0.357491117715,5.5));
#2852 = CARTESIAN_POINT('',(-27.45932645487,1.461015745387,5.5));
#2853 = CARTESIAN_POINT('',(-27.61976657492,3.287887334319,5.5));
#2854 = CARTESIAN_POINT('',(-27.70000008922,5.118862493362,5.5));
#2855 = CARTESIAN_POINT('',(-27.70000008922,8.781137506629,5.5));
#2856 = CARTESIAN_POINT('',(-27.61976657492,10.612112665672,5.5));
#2857 = CARTESIAN_POINT('',(-27.45932645487,12.438984254604,5.5));
#2858 = CARTESIAN_POINT('',(-27.21827611853,14.257491117706,5.5));
#2859 = CARTESIAN_POINT('',(-26.89592468374,16.063069253589,5.5));
#2860 = CARTESIAN_POINT('',(-26.49128721977,17.850848301536,5.5));
#2861 = CARTESIAN_POINT('',(-25.81653840011,20.289180629261,5.5));
#2862 = CARTESIAN_POINT('',(-25.61796073109,20.959357019053,5.5));
#2863 = CARTESIAN_POINT('',(-25.40711986487,21.62585435344,5.5));
#2864 = CARTESIAN_POINT('',(-25.18393630909,22.288352139024,5.5));
#2865 = CARTESIAN_POINT('',(-24.94832606415,22.946511631616,5.5));
#2866 = CARTESIAN_POINT('',(-24.70020062323,23.599975836226,5.5));
#2867 = CARTESIAN_POINT('',(-24.08428986933,25.13162532366,5.5));
#2868 = CARTESIAN_POINT('',(-23.70572362654,26.005455494458,5.5));
#2869 = CARTESIAN_POINT('',(-23.30352805512,26.868924712969,5.5));
#2870 = CARTESIAN_POINT('',(-22.8774628831,27.720995512637,5.5));
#2871 = CARTESIAN_POINT('',(-22.42729199206,28.560530320093,5.5));
#2872 = CARTESIAN_POINT('',(-21.95278765387,29.386293508402,5.5));
#2873 = CARTESIAN_POINT('',(-20.8016331706,31.25622504622,5.5));
#2874 = CARTESIAN_POINT('',(-20.10767220462,32.289617623564,5.5));
#2875 = CARTESIAN_POINT('',(-19.37133908496,33.294236778794,5.5));
#2876 = CARTESIAN_POINT('',(-18.59226892077,34.266677430375,5.5));
#2877 = CARTESIAN_POINT('',(-17.77031891619,35.203083346674,5.5));
#2878 = CARTESIAN_POINT('',(-16.90564257159,36.099206673869,5.5));
#2879 = CARTESIAN_POINT('',(-15.29047905143,37.615314048027,5.5));
#2880 = CARTESIAN_POINT('',(-14.55650045429,38.252750523202,5.5));
#2881 = CARTESIAN_POINT('',(-13.79711160035,38.860575743157,5.5));
#2882 = CARTESIAN_POINT('',(-13.01282001438,39.436405453391,5.5));
#2883 = CARTESIAN_POINT('',(-12.2043958128,39.977724819987,5.5));
#2884 = CARTESIAN_POINT('',(-11.37292549412,40.481962656833,5.5));
#2885 = CARTESIAN_POINT('',(-9.141488913313,41.697351447667,5.5));
#2886 = CARTESIAN_POINT('',(-7.706061426674,42.345071190413,5.5));
#2887 = CARTESIAN_POINT('',(-6.22084917599,42.878264783563,5.5));
#2888 = CARTESIAN_POINT('',(-4.695051885905,43.286735628618,5.5));
#2889 = CARTESIAN_POINT('',(-3.140015712364,43.562360208997,5.5));
#2890 = CARTESIAN_POINT('',(-1.569453042702,43.700000152697,5.5));
#2891 = CARTESIAN_POINT('',(-1.321747581332E-15,43.7,5.5));
#2892 = ORIENTED_EDGE('',*,*,#2713,.T.);
#2893 = ORIENTED_EDGE('',*,*,#1130,.T.);
#2894 = ORIENTED_EDGE('',*,*,#2895,.T.);
#2895 = EDGE_CURVE('',#1106,#2731,#2896,.T.);
#2896 = LINE('',#2897,#2898);
#2897 = CARTESIAN_POINT('',(0.,43.7,2.6));
#2898 = VECTOR('',#2899,1.);
#2899 = DIRECTION('',(0.,0.,1.));
#2900 = SURFACE_OF_LINEAR_EXTRUSION('',#2901,#2906);
#2901 = ELLIPSE('',#2902,36.75,27.7);
#2902 = AXIS2_PLACEMENT_3D('',#2903,#2904,#2905);
#2903 = CARTESIAN_POINT('',(0.,6.95,2.6));
#2904 = DIRECTION('',(0.,-0.,1.));
#2905 = DIRECTION('',(0.,1.,0.));
#2906 = VECTOR('',#2907,1.);
#2907 = DIRECTION('',(-0.,-0.,-1.));
#2908 = ADVANCED_FACE('',(#2909),#2928,.F.);
#2909 = FACE_BOUND('',#2910,.F.);
#2910 = EDGE_LOOP('',(#2911,#2912,#2920,#2927));
#2911 = ORIENTED_EDGE('',*,*,#1047,.T.);
#2912 = ORIENTED_EDGE('',*,*,#2913,.T.);
#2913 = EDGE_CURVE('',#1048,#2914,#2916,.T.);
#2914 = VERTEX_POINT('',#2915);
#2915 = CARTESIAN_POINT('',(0.,45.1,5.5));
#2916 = LINE('',#2917,#2918);
#2917 = CARTESIAN_POINT('',(0.,45.1,2.7));
#2918 = VECTOR('',#2919,1.);
#2919 = DIRECTION('',(0.,0.,1.));
#2920 = ORIENTED_EDGE('',*,*,#2921,.T.);
#2921 = EDGE_CURVE('',#2914,#2696,#2922,.T.);
#2922 = ELLIPSE('',#2923,38.15,29.1);
#2923 = AXIS2_PLACEMENT_3D('',#2924,#2925,#2926);
#2924 = CARTESIAN_POINT('',(0.,6.95,5.5));
#2925 = DIRECTION('',(0.,-0.,1.));
#2926 = DIRECTION('',(0.,1.,0.));
#2927 = ORIENTED_EDGE('',*,*,#2695,.T.);
#2928 = SURFACE_OF_LINEAR_EXTRUSION('',#2929,#2934);
#2929 = ELLIPSE('',#2930,38.15,29.1);
#2930 = AXIS2_PLACEMENT_3D('',#2931,#2932,#2933);
#2931 = CARTESIAN_POINT('',(0.,6.95,2.7));
#2932 = DIRECTION('',(0.,-0.,1.));
#2933 = DIRECTION('',(0.,1.,0.));
#2934 = VECTOR('',#2935,1.);
#2935 = DIRECTION('',(-0.,-0.,-1.));
#2936 = ADVANCED_FACE('',(#2937),#3112,.T.);
#2937 = FACE_BOUND('',#2938,.T.);
#2938 = EDGE_LOOP('',(#2939,#3102,#3103,#3104));
#2939 = ORIENTED_EDGE('',*,*,#2940,.F.);
#2940 = EDGE_CURVE('',#2731,#2941,#2943,.T.);
#2941 = VERTEX_POINT('',#2942);
#2942 = CARTESIAN_POINT('',(22.160000001846,29.,5.5));
#2943 = B_SPLINE_CURVE_WITH_KNOTS('',7,(#2944,#2945,#2946,#2947,#2948,
    #2949,#2950,#2951,#2952,#2953,#2954,#2955,#2956,#2957,#2958,#2959,
    #2960,#2961,#2962,#2963,#2964,#2965,#2966,#2967,#2968,#2969,#2970,
    #2971,#2972,#2973,#2974,#2975,#2976,#2977,#2978,#2979,#2980,#2981,
    #2982,#2983,#2984,#2985,#2986,#2987,#2988,#2989,#2990,#2991,#2992,
    #2993,#2994,#2995,#2996,#2997,#2998,#2999,#3000,#3001,#3002,#3003,
    #3004,#3005,#3006,#3007,#3008,#3009,#3010,#3011,#3012,#3013,#3014,
    #3015,#3016,#3017,#3018,#3019,#3020,#3021,#3022,#3023,#3024,#3025,
    #3026,#3027,#3028,#3029,#3030,#3031,#3032,#3033,#3034,#3035,#3036,
    #3037,#3038,#3039,#3040,#3041,#3042,#3043,#3044,#3045,#3046,#3047,
    #3048,#3049,#3050,#3051,#3052,#3053,#3054,#3055,#3056,#3057,#3058,
    #3059,#3060,#3061,#3062,#3063,#3064,#3065,#3066,#3067,#3068,#3069,
    #3070,#3071,#3072,#3073,#3074,#3075,#3076,#3077,#3078,#3079,#3080,
    #3081,#3082,#3083,#3084,#3085,#3086,#3087,#3088,#3089,#3090,#3091,
    #3092,#3093,#3094,#3095,#3096,#3097,#3098,#3099,#3100,#3101),
  .UNSPECIFIED.,.T.,.F.,(8,6,6,6,6,6,6,6,6,6,6,6,6,6,6,6,6,6,6,6,6,6,6,6
    ,6,6,8),(0.,5.400369263458E-02,8.742492393124E-02,0.130217051563,
    0.16296585857,0.187006568537,0.249995756077,0.312984943618,
    0.337025653584,0.369774460591,0.412566588223,0.445987819519,
    0.463760483432,0.5,0.536239516568,0.554012180481,0.587433411778,
    0.630225539409,0.662974346416,0.687015056383,0.750004243924,
    0.812993431464,0.837034141431,0.869782948438,0.91257507607,
    0.945996307367,1.),.UNSPECIFIED.);
#2944 = CARTESIAN_POINT('',(5.783679776269E-15,43.7,5.5));
#2945 = CARTESIAN_POINT('',(1.569453042697,43.700000152698,5.5));
#2946 = CARTESIAN_POINT('',(3.140015712379,43.562360208992,5.5));
#2947 = CARTESIAN_POINT('',(4.695051885875,43.286735628629,5.5));
#2948 = CARTESIAN_POINT('',(6.220849176016,42.878264783552,5.5));
#2949 = CARTESIAN_POINT('',(7.706061426655,42.345071190421,5.5));
#2950 = CARTESIAN_POINT('',(9.141488913314,41.697351447667,5.5));
#2951 = CARTESIAN_POINT('',(11.372925494123,40.481962656835,5.5));
#2952 = CARTESIAN_POINT('',(12.204395812795,39.977724819988,5.5));
#2953 = CARTESIAN_POINT('',(13.012820014384,39.436405453394,5.5));
#2954 = CARTESIAN_POINT('',(13.797111600356,38.860575743161,5.5));
#2955 = CARTESIAN_POINT('',(14.556500454289,38.252750523203,5.5));
#2956 = CARTESIAN_POINT('',(15.290479051435,37.615314048031,5.5));
#2957 = CARTESIAN_POINT('',(16.905642571591,36.099206673871,5.5));
#2958 = CARTESIAN_POINT('',(17.77031891619,35.203083346679,5.5));
#2959 = CARTESIAN_POINT('',(18.592268920768,34.26667743038,5.5));
#2960 = CARTESIAN_POINT('',(19.371339084958,33.294236778797,5.5));
#2961 = CARTESIAN_POINT('',(20.107672204618,32.289617623566,5.5));
#2962 = CARTESIAN_POINT('',(20.801633170597,31.256225046227,5.5));
#2963 = CARTESIAN_POINT('',(21.95278765387,29.386293508406,5.5));
#2964 = CARTESIAN_POINT('',(22.427291992058,28.560530320099,5.5));
#2965 = CARTESIAN_POINT('',(22.877462883102,27.720995512643,5.5));
#2966 = CARTESIAN_POINT('',(23.303528055118,26.868924712974,5.5));
#2967 = CARTESIAN_POINT('',(23.705723626538,26.005455494463,5.5));
#2968 = CARTESIAN_POINT('',(24.084289869332,25.131625323666,5.5));
#2969 = CARTESIAN_POINT('',(24.700200623233,23.599975836232,5.5));
#2970 = CARTESIAN_POINT('',(24.948326064154,22.946511631622,5.5));
#2971 = CARTESIAN_POINT('',(25.183936309089,22.288352139031,5.5));
#2972 = CARTESIAN_POINT('',(25.407119864872,21.625854353446,5.5));
#2973 = CARTESIAN_POINT('',(25.617960731096,20.95935701906,5.5));
#2974 = CARTESIAN_POINT('',(25.816538400108,20.289180629267,5.5));
#2975 = CARTESIAN_POINT('',(26.491287219774,17.850848301539,5.5));
#2976 = CARTESIAN_POINT('',(26.895924683738,16.063069253606,5.5));
#2977 = CARTESIAN_POINT('',(27.218276118536,14.257491117707,5.5));
#2978 = CARTESIAN_POINT('',(27.45932645487,12.438984254606,5.5));
#2979 = CARTESIAN_POINT('',(27.619766574921,10.61211266569,5.5));
#2980 = CARTESIAN_POINT('',(27.700000089222,8.781137506633,5.5));
#2981 = CARTESIAN_POINT('',(27.700000089222,5.118862493371,5.5));
#2982 = CARTESIAN_POINT('',(27.619766574923,3.287887334323,5.5));
#2983 = CARTESIAN_POINT('',(27.45932645487,1.461015745399,5.5));
#2984 = CARTESIAN_POINT('',(27.218276118536,-0.357491117704,5.5));
#2985 = CARTESIAN_POINT('',(26.895924683741,-2.163069253594,5.5));
#2986 = CARTESIAN_POINT('',(26.491287219775,-3.950848301534,5.5));
#2987 = CARTESIAN_POINT('',(25.81653840011,-6.38918062926,5.5));
#2988 = CARTESIAN_POINT('',(25.617960731098,-7.059357019053,5.5));
#2989 = CARTESIAN_POINT('',(25.407119864874,-7.725854353439,5.5));
#2990 = CARTESIAN_POINT('',(25.183936309091,-8.388352139024,5.5));
#2991 = CARTESIAN_POINT('',(24.948326064156,-9.046511631615,5.5));
#2992 = CARTESIAN_POINT('',(24.700200623236,-9.699975836226,5.5));
#2993 = CARTESIAN_POINT('',(24.084289869335,-11.23162532366,5.5));
#2994 = CARTESIAN_POINT('',(23.705723626541,-12.10545549445,5.5));
#2995 = CARTESIAN_POINT('',(23.303528055121,-12.96892471296,5.5));
#2996 = CARTESIAN_POINT('',(22.877462883104,-13.82099551263,5.5));
#2997 = CARTESIAN_POINT('',(22.427291992061,-14.66053032009,5.5));
#2998 = CARTESIAN_POINT('',(21.952787653874,-15.4862935084,5.5));
#2999 = CARTESIAN_POINT('',(20.801633170601,-17.35622504622,5.5));
#3000 = CARTESIAN_POINT('',(20.107672204621,-18.38961762356,5.5));
#3001 = CARTESIAN_POINT('',(19.371339084961,-19.39423677879,5.5));
#3002 = CARTESIAN_POINT('',(18.592268920772,-20.36667743037,5.5));
#3003 = CARTESIAN_POINT('',(17.770318916195,-21.30308334667,5.5));
#3004 = CARTESIAN_POINT('',(16.905642571595,-22.19920667386,5.5));
#3005 = CARTESIAN_POINT('',(15.290479051438,-23.71531404802,5.5));
#3006 = CARTESIAN_POINT('',(14.556500454294,-24.35275052319,5.5));
#3007 = CARTESIAN_POINT('',(13.797111600359,-24.96057574316,5.5));
#3008 = CARTESIAN_POINT('',(13.012820014387,-25.53640545339,5.5));
#3009 = CARTESIAN_POINT('',(12.204395812801,-26.07772481998,5.5));
#3010 = CARTESIAN_POINT('',(11.372925494126,-26.58196265683,5.5));
#3011 = CARTESIAN_POINT('',(10.066250900778,-27.29366446921,5.5));
#3012 = CARTESIAN_POINT('',(9.60652101649,-27.52953886684,5.5));
#3013 = CARTESIAN_POINT('',(9.140916013562,-27.75382880242,5.5));
#3014 = CARTESIAN_POINT('',(8.669689734945,-27.96615686456,5.5));
#3015 = CARTESIAN_POINT('',(8.193127584765,-28.16615542816,5.5));
#3016 = CARTESIAN_POINT('',(7.711548967012,-28.35347211048,5.5));
#3017 = CARTESIAN_POINT('',(6.233839092793,-28.88318957721,5.5));
#3018 = CARTESIAN_POINT('',(5.222835270708,-29.1845536453,5.5));
#3019 = CARTESIAN_POINT('',(4.195524494177,-29.428947262,5.5));
#3020 = CARTESIAN_POINT('',(3.155474671288,-29.61401182375,5.5));
#3021 = CARTESIAN_POINT('',(2.106605783716,-29.73801596162,5.5));
#3022 = CARTESIAN_POINT('',(1.053212642798,-29.80000011355,5.5));
#3023 = CARTESIAN_POINT('',(-1.053212642789,-29.80000011355,5.5));
#3024 = CARTESIAN_POINT('',(-2.10660578371,-29.73801596162,5.5));
#3025 = CARTESIAN_POINT('',(-3.155474671281,-29.61401182375,5.5));
#3026 = CARTESIAN_POINT('',(-4.195524494169,-29.428947262,5.5));
#3027 = CARTESIAN_POINT('',(-5.222835270702,-29.1845536453,5.5));
#3028 = CARTESIAN_POINT('',(-6.233839092786,-28.88318957721,5.5));
#3029 = CARTESIAN_POINT('',(-7.711548967005,-28.35347211048,5.5));
#3030 = CARTESIAN_POINT('',(-8.193127584759,-28.16615542817,5.5));
#3031 = CARTESIAN_POINT('',(-8.669689734939,-27.96615686456,5.5));
#3032 = CARTESIAN_POINT('',(-9.140916013554,-27.75382880242,5.5));
#3033 = CARTESIAN_POINT('',(-9.606521016482,-27.52953886684,5.5));
#3034 = CARTESIAN_POINT('',(-10.06625090077,-27.29366446921,5.5));
#3035 = CARTESIAN_POINT('',(-11.37292549411,-26.58196265683,5.5));
#3036 = CARTESIAN_POINT('',(-12.20439581279,-26.07772481998,5.5));
#3037 = CARTESIAN_POINT('',(-13.01282001437,-25.53640545339,5.5));
#3038 = CARTESIAN_POINT('',(-13.79711160035,-24.96057574316,5.5));
#3039 = CARTESIAN_POINT('',(-14.55650045428,-24.3527505232,5.5));
#3040 = CARTESIAN_POINT('',(-15.29047905143,-23.71531404803,5.5));
#3041 = CARTESIAN_POINT('',(-16.90564257159,-22.19920667387,5.5));
#3042 = CARTESIAN_POINT('',(-17.77031891618,-21.30308334668,5.5));
#3043 = CARTESIAN_POINT('',(-18.59226892076,-20.36667743038,5.5));
#3044 = CARTESIAN_POINT('',(-19.37133908495,-19.3942367788,5.5));
#3045 = CARTESIAN_POINT('',(-20.10767220461,-18.38961762356,5.5));
#3046 = CARTESIAN_POINT('',(-20.80163317059,-17.35622504622,5.5));
#3047 = CARTESIAN_POINT('',(-21.95278765386,-15.4862935084,5.5));
#3048 = CARTESIAN_POINT('',(-22.42729199205,-14.6605303201,5.5));
#3049 = CARTESIAN_POINT('',(-22.8774628831,-13.82099551264,5.5));
#3050 = CARTESIAN_POINT('',(-23.30352805511,-12.96892471297,5.5));
#3051 = CARTESIAN_POINT('',(-23.70572362653,-12.10545549446,5.5));
#3052 = CARTESIAN_POINT('',(-24.08428986933,-11.23162532366,5.5));
#3053 = CARTESIAN_POINT('',(-24.70020062323,-9.699975836234,5.5));
#3054 = CARTESIAN_POINT('',(-24.94832606415,-9.046511631624,5.5));
#3055 = CARTESIAN_POINT('',(-25.18393630908,-8.388352139032,5.5));
#3056 = CARTESIAN_POINT('',(-25.40711986487,-7.725854353448,5.5));
#3057 = CARTESIAN_POINT('',(-25.61796073109,-7.059357019062,5.5));
#3058 = CARTESIAN_POINT('',(-25.8165384001,-6.389180629269,5.5));
#3059 = CARTESIAN_POINT('',(-26.49128721977,-3.950848301545,5.5));
#3060 = CARTESIAN_POINT('',(-26.89592468373,-2.163069253598,5.5));
#3061 = CARTESIAN_POINT('',(-27.21827611853,-0.357491117715,5.5));
#3062 = CARTESIAN_POINT('',(-27.45932645487,1.461015745387,5.5));
#3063 = CARTESIAN_POINT('',(-27.61976657492,3.287887334319,5.5));
#3064 = CARTESIAN_POINT('',(-27.70000008922,5.118862493362,5.5));
#3065 = CARTESIAN_POINT('',(-27.70000008922,8.781137506629,5.5));
#3066 = CARTESIAN_POINT('',(-27.61976657492,10.612112665672,5.5));
#3067 = CARTESIAN_POINT('',(-27.45932645487,12.438984254604,5.5));
#3068 = CARTESIAN_POINT('',(-27.21827611853,14.257491117706,5.5));
#3069 = CARTESIAN_POINT('',(-26.89592468374,16.063069253589,5.5));
#3070 = CARTESIAN_POINT('',(-26.49128721977,17.850848301536,5.5));
#3071 = CARTESIAN_POINT('',(-25.81653840011,20.289180629261,5.5));
#3072 = CARTESIAN_POINT('',(-25.61796073109,20.959357019053,5.5));
#3073 = CARTESIAN_POINT('',(-25.40711986487,21.62585435344,5.5));
#3074 = CARTESIAN_POINT('',(-25.18393630909,22.288352139024,5.5));
#3075 = CARTESIAN_POINT('',(-24.94832606415,22.946511631616,5.5));
#3076 = CARTESIAN_POINT('',(-24.70020062323,23.599975836226,5.5));
#3077 = CARTESIAN_POINT('',(-24.08428986933,25.13162532366,5.5));
#3078 = CARTESIAN_POINT('',(-23.70572362654,26.005455494458,5.5));
#3079 = CARTESIAN_POINT('',(-23.30352805512,26.868924712969,5.5));
#3080 = CARTESIAN_POINT('',(-22.8774628831,27.720995512637,5.5));
#3081 = CARTESIAN_POINT('',(-22.42729199206,28.560530320093,5.5));
#3082 = CARTESIAN_POINT('',(-21.95278765387,29.386293508402,5.5));
#3083 = CARTESIAN_POINT('',(-20.8016331706,31.25622504622,5.5));
#3084 = CARTESIAN_POINT('',(-20.10767220462,32.289617623564,5.5));
#3085 = CARTESIAN_POINT('',(-19.37133908496,33.294236778794,5.5));
#3086 = CARTESIAN_POINT('',(-18.59226892077,34.266677430375,5.5));
#3087 = CARTESIAN_POINT('',(-17.77031891619,35.203083346674,5.5));
#3088 = CARTESIAN_POINT('',(-16.90564257159,36.099206673869,5.5));
#3089 = CARTESIAN_POINT('',(-15.29047905143,37.615314048027,5.5));
#3090 = CARTESIAN_POINT('',(-14.55650045429,38.252750523202,5.5));
#3091 = CARTESIAN_POINT('',(-13.79711160035,38.860575743157,5.5));
#3092 = CARTESIAN_POINT('',(-13.01282001438,39.436405453391,5.5));
#3093 = CARTESIAN_POINT('',(-12.2043958128,39.977724819987,5.5));
#3094 = CARTESIAN_POINT('',(-11.37292549412,40.481962656833,5.5));
#3095 = CARTESIAN_POINT('',(-9.141488913313,41.697351447667,5.5));
#3096 = CARTESIAN_POINT('',(-7.706061426674,42.345071190413,5.5));
#3097 = CARTESIAN_POINT('',(-6.22084917599,42.878264783563,5.5));
#3098 = CARTESIAN_POINT('',(-4.695051885905,43.286735628618,5.5));
#3099 = CARTESIAN_POINT('',(-3.140015712364,43.562360208997,5.5));
#3100 = CARTESIAN_POINT('',(-1.569453042702,43.700000152697,5.5));
#3101 = CARTESIAN_POINT('',(-1.321747581332E-15,43.7,5.5));
#3102 = ORIENTED_EDGE('',*,*,#2895,.F.);
#3103 = ORIENTED_EDGE('',*,*,#1105,.T.);
#3104 = ORIENTED_EDGE('',*,*,#3105,.F.);
#3105 = EDGE_CURVE('',#2941,#1098,#3106,.T.);
#3106 = B_SPLINE_CURVE_WITH_KNOTS('',4,(#3107,#3108,#3109,#3110,#3111),
  .UNSPECIFIED.,.F.,.F.,(5,5),(0.,1.),.PIECEWISE_BEZIER_KNOTS.);
#3107 = CARTESIAN_POINT('',(22.16,29.,5.5000018));
#3108 = CARTESIAN_POINT('',(22.16,29.,4.8000009));
#3109 = CARTESIAN_POINT('',(22.16,29.,4.1));
#3110 = CARTESIAN_POINT('',(22.16,29.,3.3999991));
#3111 = CARTESIAN_POINT('',(22.16,29.,2.6999982));
#3112 = SURFACE_OF_LINEAR_EXTRUSION('',#3113,#3118);
#3113 = ELLIPSE('',#3114,36.75,27.7);
#3114 = AXIS2_PLACEMENT_3D('',#3115,#3116,#3117);
#3115 = CARTESIAN_POINT('',(0.,6.95,2.6));
#3116 = DIRECTION('',(0.,-0.,1.));
#3117 = DIRECTION('',(0.,1.,0.));
#3118 = VECTOR('',#3119,1.);
#3119 = DIRECTION('',(-0.,-0.,-1.));
#3120 = ADVANCED_FACE('',(#3121),#3142,.F.);
#3121 = FACE_BOUND('',#3122,.F.);
#3122 = EDGE_LOOP('',(#3123,#3132,#3133,#3134));
#3123 = ORIENTED_EDGE('',*,*,#3124,.T.);
#3124 = EDGE_CURVE('',#3125,#2914,#3127,.T.);
#3125 = VERTEX_POINT('',#3126);
#3126 = CARTESIAN_POINT('',(23.747048013797,29.,5.5));
#3127 = ELLIPSE('',#3128,38.15,29.1);
#3128 = AXIS2_PLACEMENT_3D('',#3129,#3130,#3131);
#3129 = CARTESIAN_POINT('',(0.,6.95,5.5));
#3130 = DIRECTION('',(0.,-0.,1.));
#3131 = DIRECTION('',(0.,1.,0.));
#3132 = ORIENTED_EDGE('',*,*,#2913,.F.);
#3133 = ORIENTED_EDGE('',*,*,#1072,.T.);
#3134 = ORIENTED_EDGE('',*,*,#3135,.F.);
#3135 = EDGE_CURVE('',#3125,#1073,#3136,.T.);
#3136 = B_SPLINE_CURVE_WITH_KNOTS('',4,(#3137,#3138,#3139,#3140,#3141),
  .UNSPECIFIED.,.F.,.F.,(5,5),(0.,1.),.PIECEWISE_BEZIER_KNOTS.);
#3137 = CARTESIAN_POINT('',(23.747048013797,29.,5.5000006));
#3138 = CARTESIAN_POINT('',(23.747048013797,29.,4.8000003));
#3139 = CARTESIAN_POINT('',(23.747048013797,29.,4.1));
#3140 = CARTESIAN_POINT('',(23.747048013797,29.,3.3999997));
#3141 = CARTESIAN_POINT('',(23.747048013797,29.,2.6999994));
#3142 = SURFACE_OF_LINEAR_EXTRUSION('',#3143,#3148);
#3143 = ELLIPSE('',#3144,38.15,29.1);
#3144 = AXIS2_PLACEMENT_3D('',#3145,#3146,#3147);
#3145 = CARTESIAN_POINT('',(0.,6.95,2.7));
#3146 = DIRECTION('',(0.,-0.,1.));
#3147 = DIRECTION('',(0.,1.,0.));
#3148 = VECTOR('',#3149,1.);
#3149 = DIRECTION('',(-0.,-0.,-1.));
#3150 = ADVANCED_FACE('',(#3151),#3162,.F.);
#3151 = FACE_BOUND('',#3152,.F.);
#3152 = EDGE_LOOP('',(#3153,#3159,#3160,#3161));
#3153 = ORIENTED_EDGE('',*,*,#3154,.F.);
#3154 = EDGE_CURVE('',#3125,#2941,#3155,.T.);
#3155 = LINE('',#3156,#3157);
#3156 = CARTESIAN_POINT('',(8.25,29.,5.5));
#3157 = VECTOR('',#3158,1.);
#3158 = DIRECTION('',(-1.,-0.,0.));
#3159 = ORIENTED_EDGE('',*,*,#3135,.T.);
#3160 = ORIENTED_EDGE('',*,*,#1097,.T.);
#3161 = ORIENTED_EDGE('',*,*,#3105,.F.);
#3162 = PLANE('',#3163);
#3163 = AXIS2_PLACEMENT_3D('',#3164,#3165,#3166);
#3164 = CARTESIAN_POINT('',(16.5,29.,2.));
#3165 = DIRECTION('',(-0.,1.,0.));
#3166 = DIRECTION('',(0.,0.,1.));
#3167 = ADVANCED_FACE('',(#3168),#3171,.F.);
#3168 = FACE_BOUND('',#3169,.F.);
#3169 = EDGE_LOOP('',(#3170));
#3170 = ORIENTED_EDGE('',*,*,#1169,.T.);
#3171 = PLANE('',#3172);
#3172 = AXIS2_PLACEMENT_3D('',#3173,#3174,#3175);
#3173 = CARTESIAN_POINT('',(-15.,-24.,0.5));
#3174 = DIRECTION('',(0.,0.,1.));
#3175 = DIRECTION('',(1.,0.,-0.));
#3176 = ADVANCED_FACE('',(#3177,#3180),#3183,.F.);
#3177 = FACE_BOUND('',#3178,.F.);
#3178 = EDGE_LOOP('',(#3179));
#3179 = ORIENTED_EDGE('',*,*,#1194,.T.);
#3180 = FACE_BOUND('',#3181,.F.);
#3181 = EDGE_LOOP('',(#3182));
#3182 = ORIENTED_EDGE('',*,*,#1707,.F.);
#3183 = PLANE('',#3184);
#3184 = AXIS2_PLACEMENT_3D('',#3185,#3186,#3187);
#3185 = CARTESIAN_POINT('',(-24.,-14.,1.3));
#3186 = DIRECTION('',(0.,0.,1.));
#3187 = DIRECTION('',(1.,0.,-0.));
#3188 = ADVANCED_FACE('',(#3189),#3192,.F.);
#3189 = FACE_BOUND('',#3190,.F.);
#3190 = EDGE_LOOP('',(#3191));
#3191 = ORIENTED_EDGE('',*,*,#1219,.T.);
#3192 = PLANE('',#3193);
#3193 = AXIS2_PLACEMENT_3D('',#3194,#3195,#3196);
#3194 = CARTESIAN_POINT('',(15.,-24.,0.5));
#3195 = DIRECTION('',(0.,0.,1.));
#3196 = DIRECTION('',(1.,0.,-0.));
#3197 = ADVANCED_FACE('',(#3198,#3201),#3204,.F.);
#3198 = FACE_BOUND('',#3199,.F.);
#3199 = EDGE_LOOP('',(#3200));
#3200 = ORIENTED_EDGE('',*,*,#1244,.T.);
#3201 = FACE_BOUND('',#3202,.F.);
#3202 = EDGE_LOOP('',(#3203));
#3203 = ORIENTED_EDGE('',*,*,#2314,.F.);
#3204 = PLANE('',#3205);
#3205 = AXIS2_PLACEMENT_3D('',#3206,#3207,#3208);
#3206 = CARTESIAN_POINT('',(24.,-14.,1.3));
#3207 = DIRECTION('',(0.,0.,1.));
#3208 = DIRECTION('',(1.,0.,-0.));
#3209 = ADVANCED_FACE('',(#3210,#3213),#3216,.F.);
#3210 = FACE_BOUND('',#3211,.F.);
#3211 = EDGE_LOOP('',(#3212));
#3212 = ORIENTED_EDGE('',*,*,#1437,.T.);
#3213 = FACE_BOUND('',#3214,.F.);
#3214 = EDGE_LOOP('',(#3215));
#3215 = ORIENTED_EDGE('',*,*,#2605,.F.);
#3216 = PLANE('',#3217);
#3217 = AXIS2_PLACEMENT_3D('',#3218,#3219,#3220);
#3218 = CARTESIAN_POINT('',(-24.,24.,1.3));
#3219 = DIRECTION('',(0.,0.,1.));
#3220 = DIRECTION('',(1.,0.,-0.));
#3221 = ADVANCED_FACE('',(#3222),#3225,.F.);
#3222 = FACE_BOUND('',#3223,.F.);
#3223 = EDGE_LOOP('',(#3224));
#3224 = ORIENTED_EDGE('',*,*,#1462,.T.);
#3225 = PLANE('',#3226);
#3226 = AXIS2_PLACEMENT_3D('',#3227,#3228,#3229);
#3227 = CARTESIAN_POINT('',(-15.,33.,0.5));
#3228 = DIRECTION('',(0.,0.,1.));
#3229 = DIRECTION('',(1.,0.,-0.));
#3230 = ADVANCED_FACE('',(#3231,#3234),#3237,.F.);
#3231 = FACE_BOUND('',#3232,.F.);
#3232 = EDGE_LOOP('',(#3233));
#3233 = ORIENTED_EDGE('',*,*,#1655,.T.);
#3234 = FACE_BOUND('',#3235,.F.);
#3235 = EDGE_LOOP('',(#3236));
#3236 = ORIENTED_EDGE('',*,*,#2655,.F.);
#3237 = PLANE('',#3238);
#3238 = AXIS2_PLACEMENT_3D('',#3239,#3240,#3241);
#3239 = CARTESIAN_POINT('',(24.,24.,1.3));
#3240 = DIRECTION('',(0.,0.,1.));
#3241 = DIRECTION('',(1.,0.,-0.));
#3242 = ADVANCED_FACE('',(#3243),#3246,.F.);
#3243 = FACE_BOUND('',#3244,.F.);
#3244 = EDGE_LOOP('',(#3245));
#3245 = ORIENTED_EDGE('',*,*,#1680,.T.);
#3246 = PLANE('',#3247);
#3247 = AXIS2_PLACEMENT_3D('',#3248,#3249,#3250);
#3248 = CARTESIAN_POINT('',(15.,33.,0.5));
#3249 = DIRECTION('',(0.,0.,1.));
#3250 = DIRECTION('',(1.,0.,-0.));
#3251 = ADVANCED_FACE('',(#3252,#3255),#3266,.T.);
#3252 = FACE_BOUND('',#3253,.T.);
#3253 = EDGE_LOOP('',(#3254));
#3254 = ORIENTED_EDGE('',*,*,#1730,.T.);
#3255 = FACE_BOUND('',#3256,.T.);
#3256 = EDGE_LOOP('',(#3257));
#3257 = ORIENTED_EDGE('',*,*,#3258,.F.);
#3258 = EDGE_CURVE('',#3259,#3259,#3261,.T.);
#3259 = VERTEX_POINT('',#3260);
#3260 = CARTESIAN_POINT('',(-11.15,-14.5,17.));
#3261 = CIRCLE('',#3262,0.85);
#3262 = AXIS2_PLACEMENT_3D('',#3263,#3264,#3265);
#3263 = CARTESIAN_POINT('',(-12.,-14.5,17.));
#3264 = DIRECTION('',(0.,0.,1.));
#3265 = DIRECTION('',(1.,0.,-0.));
#3266 = PLANE('',#3267);
#3267 = AXIS2_PLACEMENT_3D('',#3268,#3269,#3270);
#3268 = CARTESIAN_POINT('',(-12.,-14.5,17.));
#3269 = DIRECTION('',(0.,0.,1.));
#3270 = DIRECTION('',(1.,0.,-0.));
#3271 = ADVANCED_FACE('',(#3272),#3278,.T.);
#3272 = FACE_BOUND('',#3273,.T.);
#3273 = EDGE_LOOP('',(#3274,#3275,#3276,#3277));
#3274 = ORIENTED_EDGE('',*,*,#1997,.T.);
#3275 = ORIENTED_EDGE('',*,*,#1977,.T.);
#3276 = ORIENTED_EDGE('',*,*,#1757,.F.);
#3277 = ORIENTED_EDGE('',*,*,#1782,.T.);
#3278 = PLANE('',#3279);
#3279 = AXIS2_PLACEMENT_3D('',#3280,#3281,#3282);
#3280 = CARTESIAN_POINT('',(-1.321747581332E-15,8.268247960046,5.5));
#3281 = DIRECTION('',(0.,0.,1.));
#3282 = DIRECTION('',(1.,0.,-0.));
#3283 = ADVANCED_FACE('',(#3284),#3290,.T.);
#3284 = FACE_BOUND('',#3285,.T.);
#3285 = EDGE_LOOP('',(#3286,#3287,#3288,#3289));
#3286 = ORIENTED_EDGE('',*,*,#2013,.T.);
#3287 = ORIENTED_EDGE('',*,*,#2242,.T.);
#3288 = ORIENTED_EDGE('',*,*,#2258,.T.);
#3289 = ORIENTED_EDGE('',*,*,#2206,.T.);
#3290 = PLANE('',#3291);
#3291 = AXIS2_PLACEMENT_3D('',#3292,#3293,#3294);
#3292 = CARTESIAN_POINT('',(-1.321747581332E-15,8.268247960046,5.5));
#3293 = DIRECTION('',(0.,0.,1.));
#3294 = DIRECTION('',(1.,0.,-0.));
#3295 = ADVANCED_FACE('',(#3296,#3299),#3310,.T.);
#3296 = FACE_BOUND('',#3297,.T.);
#3297 = EDGE_LOOP('',(#3298));
#3298 = ORIENTED_EDGE('',*,*,#2287,.T.);
#3299 = FACE_BOUND('',#3300,.T.);
#3300 = EDGE_LOOP('',(#3301));
#3301 = ORIENTED_EDGE('',*,*,#3302,.F.);
#3302 = EDGE_CURVE('',#3303,#3303,#3305,.T.);
#3303 = VERTEX_POINT('',#3304);
#3304 = CARTESIAN_POINT('',(12.85,-14.5,17.));
#3305 = CIRCLE('',#3306,0.85);
#3306 = AXIS2_PLACEMENT_3D('',#3307,#3308,#3309);
#3307 = CARTESIAN_POINT('',(12.,-14.5,17.));
#3308 = DIRECTION('',(0.,0.,1.));
#3309 = DIRECTION('',(1.,0.,-0.));
#3310 = PLANE('',#3311);
#3311 = AXIS2_PLACEMENT_3D('',#3312,#3313,#3314);
#3312 = CARTESIAN_POINT('',(12.,-14.5,17.));
#3313 = DIRECTION('',(0.,0.,1.));
#3314 = DIRECTION('',(1.,0.,-0.));
#3315 = ADVANCED_FACE('',(#3316),#3322,.T.);
#3316 = FACE_BOUND('',#3317,.T.);
#3317 = EDGE_LOOP('',(#3318,#3319,#3320,#3321));
#3318 = ORIENTED_EDGE('',*,*,#2329,.T.);
#3319 = ORIENTED_EDGE('',*,*,#2394,.T.);
#3320 = ORIENTED_EDGE('',*,*,#2578,.F.);
#3321 = ORIENTED_EDGE('',*,*,#2364,.T.);
#3322 = PLANE('',#3323);
#3323 = AXIS2_PLACEMENT_3D('',#3324,#3325,#3326);
#3324 = CARTESIAN_POINT('',(-1.321747581332E-15,8.268247960046,5.5));
#3325 = DIRECTION('',(0.,0.,1.));
#3326 = DIRECTION('',(1.,0.,-0.));
#3327 = ADVANCED_FACE('',(#3328,#3331),#3342,.T.);
#3328 = FACE_BOUND('',#3329,.T.);
#3329 = EDGE_LOOP('',(#3330));
#3330 = ORIENTED_EDGE('',*,*,#2628,.T.);
#3331 = FACE_BOUND('',#3332,.T.);
#3332 = EDGE_LOOP('',(#3333));
#3333 = ORIENTED_EDGE('',*,*,#3334,.F.);
#3334 = EDGE_CURVE('',#3335,#3335,#3337,.T.);
#3335 = VERTEX_POINT('',#3336);
#3336 = CARTESIAN_POINT('',(-11.15,34.5,17.));
#3337 = CIRCLE('',#3338,0.85);
#3338 = AXIS2_PLACEMENT_3D('',#3339,#3340,#3341);
#3339 = CARTESIAN_POINT('',(-12.,34.5,17.));
#3340 = DIRECTION('',(0.,0.,1.));
#3341 = DIRECTION('',(1.,0.,-0.));
#3342 = PLANE('',#3343);
#3343 = AXIS2_PLACEMENT_3D('',#3344,#3345,#3346);
#3344 = CARTESIAN_POINT('',(-12.,34.5,17.));
#3345 = DIRECTION('',(0.,0.,1.));
#3346 = DIRECTION('',(1.,0.,-0.));
#3347 = ADVANCED_FACE('',(#3348,#3351),#3362,.T.);
#3348 = FACE_BOUND('',#3349,.T.);
#3349 = EDGE_LOOP('',(#3350));
#3350 = ORIENTED_EDGE('',*,*,#2678,.T.);
#3351 = FACE_BOUND('',#3352,.T.);
#3352 = EDGE_LOOP('',(#3353));
#3353 = ORIENTED_EDGE('',*,*,#3354,.F.);
#3354 = EDGE_CURVE('',#3355,#3355,#3357,.T.);
#3355 = VERTEX_POINT('',#3356);
#3356 = CARTESIAN_POINT('',(12.85,34.5,17.));
#3357 = CIRCLE('',#3358,0.85);
#3358 = AXIS2_PLACEMENT_3D('',#3359,#3360,#3361);
#3359 = CARTESIAN_POINT('',(12.,34.5,17.));
#3360 = DIRECTION('',(0.,0.,1.));
#3361 = DIRECTION('',(1.,0.,-0.));
#3362 = PLANE('',#3363);
#3363 = AXIS2_PLACEMENT_3D('',#3364,#3365,#3366);
#3364 = CARTESIAN_POINT('',(12.,34.5,17.));
#3365 = DIRECTION('',(0.,0.,1.));
#3366 = DIRECTION('',(1.,0.,-0.));
#3367 = ADVANCED_FACE('',(#3368),#3376,.T.);
#3368 = FACE_BOUND('',#3369,.T.);
#3369 = EDGE_LOOP('',(#3370,#3371,#3372,#3373,#3374,#3375));
#3370 = ORIENTED_EDGE('',*,*,#2730,.T.);
#3371 = ORIENTED_EDGE('',*,*,#2940,.T.);
#3372 = ORIENTED_EDGE('',*,*,#3154,.F.);
#3373 = ORIENTED_EDGE('',*,*,#3124,.T.);
#3374 = ORIENTED_EDGE('',*,*,#2921,.T.);
#3375 = ORIENTED_EDGE('',*,*,#2705,.F.);
#3376 = PLANE('',#3377);
#3377 = AXIS2_PLACEMENT_3D('',#3378,#3379,#3380);
#3378 = CARTESIAN_POINT('',(-1.321747581332E-15,8.268247960046,5.5));
#3379 = DIRECTION('',(0.,0.,1.));
#3380 = DIRECTION('',(1.,0.,-0.));
#3381 = ADVANCED_FACE('',(#3382),#3401,.F.);
#3382 = FACE_BOUND('',#3383,.F.);
#3383 = EDGE_LOOP('',(#3384,#3385,#3393,#3400));
#3384 = ORIENTED_EDGE('',*,*,#3258,.F.);
#3385 = ORIENTED_EDGE('',*,*,#3386,.F.);
#3386 = EDGE_CURVE('',#3387,#3259,#3389,.T.);
#3387 = VERTEX_POINT('',#3388);
#3388 = CARTESIAN_POINT('',(-11.15,-14.5,10.));
#3389 = LINE('',#3390,#3391);
#3390 = CARTESIAN_POINT('',(-11.15,-14.5,10.));
#3391 = VECTOR('',#3392,1.);
#3392 = DIRECTION('',(0.,0.,1.));
#3393 = ORIENTED_EDGE('',*,*,#3394,.T.);
#3394 = EDGE_CURVE('',#3387,#3387,#3395,.T.);
#3395 = CIRCLE('',#3396,0.85);
#3396 = AXIS2_PLACEMENT_3D('',#3397,#3398,#3399);
#3397 = CARTESIAN_POINT('',(-12.,-14.5,10.));
#3398 = DIRECTION('',(0.,0.,1.));
#3399 = DIRECTION('',(1.,0.,-0.));
#3400 = ORIENTED_EDGE('',*,*,#3386,.T.);
#3401 = CYLINDRICAL_SURFACE('',#3402,0.85);
#3402 = AXIS2_PLACEMENT_3D('',#3403,#3404,#3405);
#3403 = CARTESIAN_POINT('',(-12.,-14.5,10.));
#3404 = DIRECTION('',(0.,0.,1.));
#3405 = DIRECTION('',(1.,0.,-0.));
#3406 = ADVANCED_FACE('',(#3407),#3426,.F.);
#3407 = FACE_BOUND('',#3408,.F.);
#3408 = EDGE_LOOP('',(#3409,#3410,#3418,#3425));
#3409 = ORIENTED_EDGE('',*,*,#3302,.F.);
#3410 = ORIENTED_EDGE('',*,*,#3411,.F.);
#3411 = EDGE_CURVE('',#3412,#3303,#3414,.T.);
#3412 = VERTEX_POINT('',#3413);
#3413 = CARTESIAN_POINT('',(12.85,-14.5,10.));
#3414 = LINE('',#3415,#3416);
#3415 = CARTESIAN_POINT('',(12.85,-14.5,10.));
#3416 = VECTOR('',#3417,1.);
#3417 = DIRECTION('',(0.,0.,1.));
#3418 = ORIENTED_EDGE('',*,*,#3419,.T.);
#3419 = EDGE_CURVE('',#3412,#3412,#3420,.T.);
#3420 = CIRCLE('',#3421,0.85);
#3421 = AXIS2_PLACEMENT_3D('',#3422,#3423,#3424);
#3422 = CARTESIAN_POINT('',(12.,-14.5,10.));
#3423 = DIRECTION('',(0.,0.,1.));
#3424 = DIRECTION('',(1.,0.,-0.));
#3425 = ORIENTED_EDGE('',*,*,#3411,.T.);
#3426 = CYLINDRICAL_SURFACE('',#3427,0.85);
#3427 = AXIS2_PLACEMENT_3D('',#3428,#3429,#3430);
#3428 = CARTESIAN_POINT('',(12.,-14.5,10.));
#3429 = DIRECTION('',(0.,0.,1.));
#3430 = DIRECTION('',(1.,0.,-0.));
#3431 = ADVANCED_FACE('',(#3432),#3451,.F.);
#3432 = FACE_BOUND('',#3433,.F.);
#3433 = EDGE_LOOP('',(#3434,#3435,#3443,#3450));
#3434 = ORIENTED_EDGE('',*,*,#3334,.F.);
#3435 = ORIENTED_EDGE('',*,*,#3436,.F.);
#3436 = EDGE_CURVE('',#3437,#3335,#3439,.T.);
#3437 = VERTEX_POINT('',#3438);
#3438 = CARTESIAN_POINT('',(-11.15,34.5,10.));
#3439 = LINE('',#3440,#3441);
#3440 = CARTESIAN_POINT('',(-11.15,34.5,10.));
#3441 = VECTOR('',#3442,1.);
#3442 = DIRECTION('',(0.,0.,1.));
#3443 = ORIENTED_EDGE('',*,*,#3444,.T.);
#3444 = EDGE_CURVE('',#3437,#3437,#3445,.T.);
#3445 = CIRCLE('',#3446,0.85);
#3446 = AXIS2_PLACEMENT_3D('',#3447,#3448,#3449);
#3447 = CARTESIAN_POINT('',(-12.,34.5,10.));
#3448 = DIRECTION('',(0.,0.,1.));
#3449 = DIRECTION('',(1.,0.,-0.));
#3450 = ORIENTED_EDGE('',*,*,#3436,.T.);
#3451 = CYLINDRICAL_SURFACE('',#3452,0.85);
#3452 = AXIS2_PLACEMENT_3D('',#3453,#3454,#3455);
#3453 = CARTESIAN_POINT('',(-12.,34.5,10.));
#3454 = DIRECTION('',(0.,0.,1.));
#3455 = DIRECTION('',(1.,0.,-0.));
#3456 = ADVANCED_FACE('',(#3457),#3476,.F.);
#3457 = FACE_BOUND('',#3458,.F.);
#3458 = EDGE_LOOP('',(#3459,#3460,#3468,#3475));
#3459 = ORIENTED_EDGE('',*,*,#3354,.F.);
#3460 = ORIENTED_EDGE('',*,*,#3461,.F.);
#3461 = EDGE_CURVE('',#3462,#3355,#3464,.T.);
#3462 = VERTEX_POINT('',#3463);
#3463 = CARTESIAN_POINT('',(12.85,34.5,10.));
#3464 = LINE('',#3465,#3466);
#3465 = CARTESIAN_POINT('',(12.85,34.5,10.));
#3466 = VECTOR('',#3467,1.);
#3467 = DIRECTION('',(0.,0.,1.));
#3468 = ORIENTED_EDGE('',*,*,#3469,.T.);
#3469 = EDGE_CURVE('',#3462,#3462,#3470,.T.);
#3470 = CIRCLE('',#3471,0.85);
#3471 = AXIS2_PLACEMENT_3D('',#3472,#3473,#3474);
#3472 = CARTESIAN_POINT('',(12.,34.5,10.));
#3473 = DIRECTION('',(0.,0.,1.));
#3474 = DIRECTION('',(1.,0.,-0.));
#3475 = ORIENTED_EDGE('',*,*,#3461,.T.);
#3476 = CYLINDRICAL_SURFACE('',#3477,0.85);
#3477 = AXIS2_PLACEMENT_3D('',#3478,#3479,#3480);
#3478 = CARTESIAN_POINT('',(12.,34.5,10.));
#3479 = DIRECTION('',(0.,0.,1.));
#3480 = DIRECTION('',(1.,0.,-0.));
#3481 = ADVANCED_FACE('',(#3482),#3485,.T.);
#3482 = FACE_BOUND('',#3483,.F.);
#3483 = EDGE_LOOP('',(#3484));
#3484 = ORIENTED_EDGE('',*,*,#3394,.F.);
#3485 = PLANE('',#3486);
#3486 = AXIS2_PLACEMENT_3D('',#3487,#3488,#3489);
#3487 = CARTESIAN_POINT('',(-12.,-14.5,10.));
#3488 = DIRECTION('',(0.,0.,1.));
#3489 = DIRECTION('',(1.,0.,-0.));
#3490 = ADVANCED_FACE('',(#3491),#3494,.T.);
#3491 = FACE_BOUND('',#3492,.F.);
#3492 = EDGE_LOOP('',(#3493));
#3493 = ORIENTED_EDGE('',*,*,#3419,.F.);
#3494 = PLANE('',#3495);
#3495 = AXIS2_PLACEMENT_3D('',#3496,#3497,#3498);
#3496 = CARTESIAN_POINT('',(12.,-14.5,10.));
#3497 = DIRECTION('',(0.,0.,1.));
#3498 = DIRECTION('',(1.,0.,-0.));
#3499 = ADVANCED_FACE('',(#3500),#3503,.T.);
#3500 = FACE_BOUND('',#3501,.F.);
#3501 = EDGE_LOOP('',(#3502));
#3502 = ORIENTED_EDGE('',*,*,#3444,.F.);
#3503 = PLANE('',#3504);
#3504 = AXIS2_PLACEMENT_3D('',#3505,#3506,#3507);
#3505 = CARTESIAN_POINT('',(-12.,34.5,10.));
#3506 = DIRECTION('',(0.,0.,1.));
#3507 = DIRECTION('',(1.,0.,-0.));
#3508 = ADVANCED_FACE('',(#3509),#3512,.T.);
#3509 = FACE_BOUND('',#3510,.F.);
#3510 = EDGE_LOOP('',(#3511));
#3511 = ORIENTED_EDGE('',*,*,#3469,.F.);
#3512 = PLANE('',#3513);
#3513 = AXIS2_PLACEMENT_3D('',#3514,#3515,#3516);
#3514 = CARTESIAN_POINT('',(12.,34.5,10.));
#3515 = DIRECTION('',(0.,0.,1.));
#3516 = DIRECTION('',(1.,0.,-0.));
#3517 = ADVANCED_FACE('',(#3518),#3526,.F.);
#3518 = FACE_BOUND('',#3519,.F.);
#3519 = EDGE_LOOP('',(#3520,#3521,#3522,#3523,#3524,#3525));
#3520 = ORIENTED_EDGE('',*,*,#1303,.F.);
#3521 = ORIENTED_EDGE('',*,*,#132,.T.);
#3522 = ORIENTED_EDGE('',*,*,#123,.T.);
#3523 = ORIENTED_EDGE('',*,*,#1286,.T.);
#3524 = ORIENTED_EDGE('',*,*,#680,.F.);
#3525 = ORIENTED_EDGE('',*,*,#689,.F.);
#3526 = CYLINDRICAL_SURFACE('',#3527,1.1);
#3527 = AXIS2_PLACEMENT_3D('',#3528,#3529,#3530);
#3528 = CARTESIAN_POINT('',(9.,-8.,-1.));
#3529 = DIRECTION('',(0.,0.,1.));
#3530 = DIRECTION('',(1.,0.,-0.));
#3531 = ADVANCED_FACE('',(#3532),#3540,.F.);
#3532 = FACE_BOUND('',#3533,.F.);
#3533 = EDGE_LOOP('',(#3534,#3535,#3536,#3537,#3538,#3539));
#3534 = ORIENTED_EDGE('',*,*,#1359,.F.);
#3535 = ORIENTED_EDGE('',*,*,#177,.T.);
#3536 = ORIENTED_EDGE('',*,*,#168,.T.);
#3537 = ORIENTED_EDGE('',*,*,#1342,.T.);
#3538 = ORIENTED_EDGE('',*,*,#725,.F.);
#3539 = ORIENTED_EDGE('',*,*,#734,.F.);
#3540 = CYLINDRICAL_SURFACE('',#3541,1.1);
#3541 = AXIS2_PLACEMENT_3D('',#3542,#3543,#3544);
#3542 = CARTESIAN_POINT('',(9.,-3.,-1.));
#3543 = DIRECTION('',(0.,0.,1.));
#3544 = DIRECTION('',(1.,0.,-0.));
#3545 = ADVANCED_FACE('',(#3546),#3554,.F.);
#3546 = FACE_BOUND('',#3547,.F.);
#3547 = EDGE_LOOP('',(#3548,#3549,#3550,#3551,#3552,#3553));
#3548 = ORIENTED_EDGE('',*,*,#1415,.F.);
#3549 = ORIENTED_EDGE('',*,*,#222,.T.);
#3550 = ORIENTED_EDGE('',*,*,#213,.T.);
#3551 = ORIENTED_EDGE('',*,*,#1398,.T.);
#3552 = ORIENTED_EDGE('',*,*,#770,.F.);
#3553 = ORIENTED_EDGE('',*,*,#779,.F.);
#3554 = CYLINDRICAL_SURFACE('',#3555,1.1);
#3555 = AXIS2_PLACEMENT_3D('',#3556,#3557,#3558);
#3556 = CARTESIAN_POINT('',(9.,2.,-1.));
#3557 = DIRECTION('',(0.,0.,1.));
#3558 = DIRECTION('',(1.,0.,-0.));
#3559 = ADVANCED_FACE('',(#3560),#3568,.F.);
#3560 = FACE_BOUND('',#3561,.F.);
#3561 = EDGE_LOOP('',(#3562,#3563,#3564,#3565,#3566,#3567));
#3562 = ORIENTED_EDGE('',*,*,#1521,.F.);
#3563 = ORIENTED_EDGE('',*,*,#289,.T.);
#3564 = ORIENTED_EDGE('',*,*,#280,.T.);
#3565 = ORIENTED_EDGE('',*,*,#1504,.T.);
#3566 = ORIENTED_EDGE('',*,*,#899,.F.);
#3567 = ORIENTED_EDGE('',*,*,#908,.F.);
#3568 = CYLINDRICAL_SURFACE('',#3569,1.1);
#3569 = AXIS2_PLACEMENT_3D('',#3570,#3571,#3572);
#3570 = CARTESIAN_POINT('',(9.,7.,-1.));
#3571 = DIRECTION('',(0.,0.,1.));
#3572 = DIRECTION('',(1.,0.,-0.));
#3573 = ADVANCED_FACE('',(#3574),#3582,.F.);
#3574 = FACE_BOUND('',#3575,.F.);
#3575 = EDGE_LOOP('',(#3576,#3577,#3578,#3579,#3580,#3581));
#3576 = ORIENTED_EDGE('',*,*,#1577,.F.);
#3577 = ORIENTED_EDGE('',*,*,#334,.T.);
#3578 = ORIENTED_EDGE('',*,*,#325,.T.);
#3579 = ORIENTED_EDGE('',*,*,#1560,.T.);
#3580 = ORIENTED_EDGE('',*,*,#944,.F.);
#3581 = ORIENTED_EDGE('',*,*,#953,.F.);
#3582 = CYLINDRICAL_SURFACE('',#3583,1.1);
#3583 = AXIS2_PLACEMENT_3D('',#3584,#3585,#3586);
#3584 = CARTESIAN_POINT('',(9.,12.,-1.));
#3585 = DIRECTION('',(0.,0.,1.));
#3586 = DIRECTION('',(1.,0.,-0.));
#3587 = ADVANCED_FACE('',(#3588),#3596,.F.);
#3588 = FACE_BOUND('',#3589,.F.);
#3589 = EDGE_LOOP('',(#3590,#3591,#3592,#3593,#3594,#3595));
#3590 = ORIENTED_EDGE('',*,*,#1633,.F.);
#3591 = ORIENTED_EDGE('',*,*,#379,.T.);
#3592 = ORIENTED_EDGE('',*,*,#370,.T.);
#3593 = ORIENTED_EDGE('',*,*,#1616,.T.);
#3594 = ORIENTED_EDGE('',*,*,#989,.F.);
#3595 = ORIENTED_EDGE('',*,*,#998,.F.);
#3596 = CYLINDRICAL_SURFACE('',#3597,1.1);
#3597 = AXIS2_PLACEMENT_3D('',#3598,#3599,#3600);
#3598 = CARTESIAN_POINT('',(9.,17.,-1.));
#3599 = DIRECTION('',(0.,0.,1.));
#3600 = DIRECTION('',(1.,0.,-0.));
#3601 = ( GEOMETRIC_REPRESENTATION_CONTEXT(3) 
GLOBAL_UNCERTAINTY_ASSIGNED_CONTEXT((#3605)) 
GLOBAL_UNIT_ASSIGNED_CONTEXT((#3602,#3603,#3604)) REPRESENTATION_CONTEXT
('Context #1','3D Context with UNIT and UNCERTAINTY') );
#3602 = ( LENGTH_UNIT() NAMED_UNIT(*) SI_UNIT(.MILLI.,.METRE.) );
#3603 = ( NAMED_UNIT(*) PLANE_ANGLE_UNIT() SI_UNIT($,.RADIAN.) );
#3604 = ( NAMED_UNIT(*) SI_UNIT($,.STERADIAN.) SOLID_ANGLE_UNIT() );
#3605 = UNCERTAINTY_MEASURE_WITH_UNIT(LENGTH_MEASURE(1.E-06),#3602,
  'distance_accuracy_value','confusion accuracy');
#3606 = PRODUCT_RELATED_PRODUCT_CATEGORY('part',$,(#7));
ENDSEC;
END-ISO-10303-21;
