ISO-10303-21;
HEADER;
FILE_DESCRIPTION(('FreeCAD Model'),'2;1');
FILE_NAME('Open CASCADE Shape Model','2026-09-25T06:55:23',('Author'),(
    ''),'Open CASCADE STEP processor 7.8','FreeCAD','Unknown');
FILE_SCHEMA(('AUTOMOTIVE_DESIGN { 1 0 10303 214 1 1 1 1 }'));
ENDSEC;
DATA;
#1 = APPLICATION_PROTOCOL_DEFINITION('international standard',
  'automotive_design',2000,#2);
#2 = APPLICATION_CONTEXT(
  'core data for automotive mechanical design processes');
#3 = SHAPE_DEFINITION_REPRESENTATION(#4,#10);
#4 = PRODUCT_DEFINITION_SHAPE('','',#5);
#5 = PRODUCT_DEFINITION('design','',#6,#9);
#6 = PRODUCT_DEFINITION_FORMATION('','',#7);
#7 = PRODUCT('Shell','Shell','',(#8));
#8 = PRODUCT_CONTEXT('',#2,'mechanical');
#9 = PRODUCT_DEFINITION_CONTEXT('part definition',#2,'design');
#10 = ADVANCED_BREP_SHAPE_REPRESENTATION('',(#11,#15),#12808);
#11 = AXIS2_PLACEMENT_3D('',#12,#13,#14);
#12 = CARTESIAN_POINT('',(0.,0.,0.));
#13 = DIRECTION('',(0.,0.,1.));
#14 = DIRECTION('',(1.,0.,-0.));
#15 = MANIFOLD_SOLID_BREP('',#16);
#16 = CLOSED_SHELL('',(#17,#1574,#1634,#1678,#1719,#1763,#1813,#1857,
    #1898,#1942,#2193,#2368,#2612,#2797,#3041,#3220,#3464,#3632,#3876,
    #4047,#4291,#4451,#4685,#4836,#4962,#5093,#5237,#5370,#5527,#5563,
    #5587,#5646,#5699,#5723,#5750,#5774,#5836,#5863,#5881,#5913,#5975,
    #6007,#6069,#6093,#7162,#8642,#8852,#9102,#9372,#9530,#9911,#10162,
    #10320,#10478,#10740,#10764,#10782,#10837,#10886,#10922,#10967,
    #11002,#11069,#11086,#11108,#11155,#11203,#11232,#11250,#11287,
    #11353,#11387,#11425,#11445,#11470,#11494,#11512,#11529,#11546,
    #11565,#11589,#11608,#11627,#11651,#11670,#11689,#11713,#11732,
    #11751,#11777,#11791,#11805,#11819,#11836,#11853,#11866,#11885,
    #11904,#11923,#11942,#11961,#11980,#12006,#12023,#12044,#12055,
    #12066,#12076,#12087,#12097,#12127,#12154,#12175,#12202,#12219,
    #12254,#12266,#12284,#12319,#12330,#12355,#12448,#12457,#12466,
    #12475,#12484,#12509,#12537,#12555,#12593,#12618,#12646,#12658,
    #12678,#12703,#12728,#12753,#12778,#12787,#12799));
#17 = ADVANCED_FACE('',(#18,#887,#996,#1102,#1208,#1317,#1426),#1543,.T.
  );
#18 = FACE_BOUND('',#19,.T.);
#19 = EDGE_LOOP('',(#20,#29,#90,#117,#139,#200,#222,#249,#310,#329,#354,
    #415,#457,#518,#561,#622,#664,#723,#724,#733,#743,#753,#763,#772,
    #782,#792,#802,#811,#821,#831,#841,#850,#860,#870,#880));
#20 = ORIENTED_EDGE('',*,*,#21,.T.);
#21 = EDGE_CURVE('',#22,#24,#26,.T.);
#22 = VERTEX_POINT('',#23);
#23 = CARTESIAN_POINT('',(0.,48.,3.));
#24 = VERTEX_POINT('',#25);
#25 = CARTESIAN_POINT('',(2.346553201184E-14,48.,12.278057900508));
#26 = B_SPLINE_CURVE_WITH_KNOTS('',1,(#27,#28),.UNSPECIFIED.,.F.,.F.,(2,
    2),(0.,1.),.PIECEWISE_BEZIER_KNOTS.);
#27 = CARTESIAN_POINT('',(2.346553201184E-14,48.,3.));
#28 = CARTESIAN_POINT('',(2.346553201184E-14,48.,13.));
#29 = ORIENTED_EDGE('',*,*,#30,.F.);
#30 = EDGE_CURVE('',#31,#24,#33,.T.);
#31 = VERTEX_POINT('',#32);
#32 = CARTESIAN_POINT('',(31.82522918444,9.48796080713,12.810335463395)
  );
#33 = ( BOUNDED_CURVE() B_SPLINE_CURVE(10,(#34,#35,#36,#37,#38,#39,#40,
    #41,#42,#43,#44,#45,#46,#47,#48,#49,#50,#51,#52,#53,#54,#55,#56,#57,
    #58,#59,#60,#61,#62,#63,#64,#65,#66,#67,#68,#69,#70,#71,#72,#73,#74,
    #75,#76,#77,#78,#79,#80,#81,#82,#83,#84,#85,#86,#87,#88,#89),
.UNSPECIFIED.,.T.,.F.) B_SPLINE_CURVE_WITH_KNOTS((11,9,9,9,9,9,11),(0.,
    59.228168149817,88.842252224725,118.45633629963,148.07042037454,
177.68450444945,236.91267259926),.UNSPECIFIED.) CURVE() 
GEOMETRIC_REPRESENTATION_ITEM() RATIONAL_B_SPLINE_CURVE((1.,1.,1.,1.,1.,
    1.,1.,1.,1.,1.,1.,1.,1.,1.,1.,1.,1.,1.,1.,1.,1.,1.,1.,1.,1.,1.,1.,1.
    ,1.,1.,1.,1.,1.,1.,1.,1.,1.,1.,1.,1.,1.,1.,1.,1.,1.,1.,1.,1.,1.,1.,
1.,1.,1.,1.,1.,1.)) REPRESENTATION_ITEM('') );
#34 = CARTESIAN_POINT('',(2.346553201184E-14,48.,12.278057900508));
#35 = CARTESIAN_POINT('',(-4.95383568894,48.000000000003,12.278057900508
    ));
#36 = CARTESIAN_POINT('',(-9.945261465839,46.854990372668,
    12.310596679273));
#37 = CARTESIAN_POINT('',(-14.79777496702,44.535647839392,
    12.376182951866));
#38 = CARTESIAN_POINT('',(-19.32686745731,41.07516324628,12.467524212197
    ));
#39 = CARTESIAN_POINT('',(-23.35621706072,36.572400130998,
    12.559623670624));
#40 = CARTESIAN_POINT('',(-26.7345658104,31.184327958794,12.647953394333
    ));
#41 = CARTESIAN_POINT('',(-29.34571575825,25.108528342852,
    12.724692058894));
#42 = CARTESIAN_POINT('',(-31.11211393482,18.568289227755,
    12.784516918711));
#43 = CARTESIAN_POINT('',(-31.99636936474,11.79816819408,12.818973230933
    ));
#44 = CARTESIAN_POINT('',(-32.0018028298,1.647308841901,12.812445280041)
  );
#45 = CARTESIAN_POINT('',(-31.78345584423,-1.735590623938,
    12.800575328796));
#46 = CARTESIAN_POINT('',(-31.34514005151,-5.088674615735,
    12.777290370458));
#47 = CARTESIAN_POINT('',(-30.68947776198,-8.382960793617,
    12.740799759965));
#48 = CARTESIAN_POINT('',(-29.82148842381,-11.58998992691,
    12.688414698546));
#49 = CARTESIAN_POINT('',(-28.74851550246,-14.68221765046,
    12.618118505444));
#50 = CARTESIAN_POINT('',(-27.48012082364,-17.63338946178,
    12.527045030794));
#51 = CARTESIAN_POINT('',(-26.02794445499,-20.41889740171,
    12.413190533481));
#52 = CARTESIAN_POINT('',(-24.40552735656,-23.01611184774,12.28254091055
    ));
#53 = CARTESIAN_POINT('',(-20.85067065293,-27.79323846579,
    12.004845664499));
#54 = CARTESIAN_POINT('',(-18.91823104902,-29.97315064081,
    11.857854675514));
#55 = CARTESIAN_POINT('',(-16.84600965944,-31.92405405001,
    11.711015715458));
#56 = CARTESIAN_POINT('',(-14.65092450935,-33.62786313899,
    11.577070105538));
#57 = CARTESIAN_POINT('',(-12.35136964232,-35.06905825433,
    11.465468648479));
#58 = CARTESIAN_POINT('',(-9.966967949396,-36.23494223445,
    11.377279362147));
#59 = CARTESIAN_POINT('',(-7.518290223805,-37.11584792055,
    11.310989635312));
#60 = CARTESIAN_POINT('',(-5.026548245745,-37.7052826389,11.267490888861
    ));
#61 = CARTESIAN_POINT('',(-2.513274122271,-37.9999999943,11.245603749365
    ));
#62 = CARTESIAN_POINT('',(2.513274122271,-37.9999999943,11.245603749365)
  );
#63 = CARTESIAN_POINT('',(5.026548245744,-37.7052826389,11.267490888861)
  );
#64 = CARTESIAN_POINT('',(7.518290223806,-37.11584792055,11.310989635311
    ));
#65 = CARTESIAN_POINT('',(9.966967949396,-36.23494223446,11.377279362147
    ));
#66 = CARTESIAN_POINT('',(12.351369642325,-35.06905825432,
    11.465468648478));
#67 = CARTESIAN_POINT('',(14.650924509361,-33.627863139,11.577070105538)
  );
#68 = CARTESIAN_POINT('',(16.846009659438,-31.92405405001,
    11.711015715458));
#69 = CARTESIAN_POINT('',(18.918231049022,-29.97315064081,
    11.857854675514));
#70 = CARTESIAN_POINT('',(20.85067065293,-27.79323846579,12.004845664499
    ));
#71 = CARTESIAN_POINT('',(24.405527356566,-23.01611184774,12.28254091055
    ));
#72 = CARTESIAN_POINT('',(26.027944454995,-20.4188974017,12.413190533482
    ));
#73 = CARTESIAN_POINT('',(27.48012082364,-17.63338946178,12.527045030794
    ));
#74 = CARTESIAN_POINT('',(28.748515502467,-14.68221765046,
    12.618118505444));
#75 = CARTESIAN_POINT('',(29.821488423816,-11.58998992691,
    12.688414698546));
#76 = CARTESIAN_POINT('',(30.689477761982,-8.38296079362,12.740799759965
    ));
#77 = CARTESIAN_POINT('',(31.345140051517,-5.088674615732,
    12.777290370458));
#78 = CARTESIAN_POINT('',(31.783455844237,-1.73559062394,12.800575328796
    ));
#79 = CARTESIAN_POINT('',(32.0018028298,1.647308841901,12.812445280041)
  );
#80 = CARTESIAN_POINT('',(31.996369364741,11.798168194079,
    12.818973230933));
#81 = CARTESIAN_POINT('',(31.112113934821,18.568289227759,12.78451691871
    ));
#82 = CARTESIAN_POINT('',(29.345715758253,25.108528342845,
    12.724692058901));
#83 = CARTESIAN_POINT('',(26.734565810409,31.184327958804,
    12.647953394314));
#84 = CARTESIAN_POINT('',(23.356217060708,36.572400130991,
    12.559623670655));
#85 = CARTESIAN_POINT('',(19.326867457334,41.075163246282,
    12.467524212165));
#86 = CARTESIAN_POINT('',(14.797774967018,44.535647839396,
    12.376182951886));
#87 = CARTESIAN_POINT('',(9.945261465842,46.854990372665,12.310596679265
    ));
#88 = CARTESIAN_POINT('',(4.953835688939,48.000000000004,12.278057900507
    ));
#89 = CARTESIAN_POINT('',(3.250733016102E-13,48.,12.278057900509));
#90 = ORIENTED_EDGE('',*,*,#91,.T.);
#91 = EDGE_CURVE('',#31,#92,#94,.T.);
#92 = VERTEX_POINT('',#93);
#93 = CARTESIAN_POINT('',(31.922025018197,8.,11.5));
#94 = B_SPLINE_CURVE_WITH_KNOTS('',6,(#95,#96,#97,#98,#99,#100,#101,#102
    ,#103,#104,#105,#106,#107,#108,#109,#110,#111,#112,#113,#114,#115,
    #116),.UNSPECIFIED.,.F.,.F.,(7,5,5,5,7),(0.,0.207018441713,
    0.467453857334,0.698477671337,1.),.UNSPECIFIED.);
#95 = CARTESIAN_POINT('',(31.825145132418,9.489037098654,12.818979230933
    ));
#96 = CARTESIAN_POINT('',(31.825852299212,9.479984442399,12.744514068325
    ));
#97 = CARTESIAN_POINT('',(31.826906816,9.466463002956,12.670592125585));
#98 = CARTESIAN_POINT('',(31.828302283425,9.448514198882,12.597551401183
    ));
#99 = CARTESIAN_POINT('',(31.830027010562,9.426212655542,12.525722027255
    ));
#100 = CARTESIAN_POINT('',(31.832064588979,9.399665520398,
    12.455424716466));
#101 = CARTESIAN_POINT('',(31.837325523084,9.330448450325,
    12.300850124849));
#102 = CARTESIAN_POINT('',(31.840719333921,9.28538383983,12.217641847622
    ));
#103 = CARTESIAN_POINT('',(31.844535020898,9.234095990352,
    12.137962448483));
#104 = CARTESIAN_POINT('',(31.848721984105,9.176934646334,
    12.062385570313));
#105 = CARTESIAN_POINT('',(31.853223091584,9.114317746772,
    11.991436497227));
#106 = CARTESIAN_POINT('',(31.862195677428,8.986771173724,
    11.867176356029));
#107 = CARTESIAN_POINT('',(31.866613304281,8.922898512962,
    11.812775428011));
#108 = CARTESIAN_POINT('',(31.871188582641,8.855446364072,
    11.762714429237));
#109 = CARTESIAN_POINT('',(31.875877971701,8.784783183584,
    11.717282169953));
#110 = CARTESIAN_POINT('',(31.880638297316,8.711307388938,
    11.676725438633));
#111 = CARTESIAN_POINT('',(31.891680449552,8.536433347805,
    11.594942436972));
#112 = CARTESIAN_POINT('',(31.89798352791,8.433352556363,11.557286427247
    ));
#113 = CARTESIAN_POINT('',(31.90424636751,8.327150505932,11.528730165075
    ));
#114 = CARTESIAN_POINT('',(31.910385345147,8.218826315093,
    11.509577959993));
#115 = CARTESIAN_POINT('',(31.916330134382,8.109418565844,11.5));
#116 = CARTESIAN_POINT('',(31.922025018197,8.,11.5));
#117 = ORIENTED_EDGE('',*,*,#118,.T.);
#118 = EDGE_CURVE('',#92,#119,#121,.T.);
#119 = VERTEX_POINT('',#120);
#120 = CARTESIAN_POINT('',(31.980224621707,6.511482640108,
    12.814754030277));
#121 = B_SPLINE_CURVE_WITH_KNOTS('',6,(#122,#123,#124,#125,#126,#127,
    #128,#129,#130,#131,#132,#133,#134,#135,#136,#137,#138),
  .UNSPECIFIED.,.F.,.F.,(7,5,5,7),(0.,0.473262301588,0.619429504263,1.),
  .UNSPECIFIED.);
#122 = CARTESIAN_POINT('',(31.922025018197,8.,11.5));
#123 = CARTESIAN_POINT('',(31.930955255426,7.828419019258,11.5));
#124 = CARTESIAN_POINT('',(31.939275539744,7.656724233325,
    11.523552538265));
#125 = CARTESIAN_POINT('',(31.946764933575,7.4891429877,11.57071205435)
  );
#126 = CARTESIAN_POINT('',(31.953317925625,7.329639636281,
    11.640461402008));
#127 = CARTESIAN_POINT('',(31.958929677945,7.181923285377,
    11.731067601621));
#128 = CARTESIAN_POINT('',(31.965096743495,7.008229612364,
    11.873412393564));
#129 = CARTESIAN_POINT('',(31.96646628609,6.968669855212,11.908736824946
    ));
#130 = CARTESIAN_POINT('',(31.967751527303,6.93062936563,11.945719841643
    ));
#131 = CARTESIAN_POINT('',(31.968954169989,6.894194360393,
    11.984278995713));
#132 = CARTESIAN_POINT('',(31.970076217167,6.859444862838,
    12.024326039678));
#133 = CARTESIAN_POINT('',(31.973837560473,6.740559363107,12.17366513189
    ));
#134 = CARTESIAN_POINT('',(31.976024599772,6.666577123891,12.29102948654
    ));
#135 = CARTESIAN_POINT('',(31.977718895573,6.605839832436,
    12.416176805076));
#136 = CARTESIAN_POINT('',(31.978967754829,6.559297532261,
    12.547233330201));
#137 = CARTESIAN_POINT('',(31.979803157675,6.527590388115,
    12.682205175764));
#138 = CARTESIAN_POINT('',(31.980238230292,6.510962901347,
    12.818979230933));
#139 = ORIENTED_EDGE('',*,*,#140,.F.);
#140 = EDGE_CURVE('',#141,#119,#143,.T.);
#141 = VERTEX_POINT('',#142);
#142 = CARTESIAN_POINT('',(31.997735380824,4.488443235936,12.81415938712
    ));
#143 = ( BOUNDED_CURVE() B_SPLINE_CURVE(10,(#144,#145,#146,#147,#148,
    #149,#150,#151,#152,#153,#154,#155,#156,#157,#158,#159,#160,#161,
    #162,#163,#164,#165,#166,#167,#168,#169,#170,#171,#172,#173,#174,
    #175,#176,#177,#178,#179,#180,#181,#182,#183,#184,#185,#186,#187,
    #188,#189,#190,#191,#192,#193,#194,#195,#196,#197,#198,#199),
.UNSPECIFIED.,.T.,.F.) B_SPLINE_CURVE_WITH_KNOTS((11,9,9,9,9,9,11),(0.,
    59.228168149817,88.842252224725,118.45633629963,148.07042037454,
177.68450444945,236.91267259926),.UNSPECIFIED.) CURVE() 
GEOMETRIC_REPRESENTATION_ITEM() RATIONAL_B_SPLINE_CURVE((1.,1.,1.,1.,1.,
    1.,1.,1.,1.,1.,1.,1.,1.,1.,1.,1.,1.,1.,1.,1.,1.,1.,1.,1.,1.,1.,1.,1.
    ,1.,1.,1.,1.,1.,1.,1.,1.,1.,1.,1.,1.,1.,1.,1.,1.,1.,1.,1.,1.,1.,1.,
1.,1.,1.,1.,1.,1.)) REPRESENTATION_ITEM('') );
#144 = CARTESIAN_POINT('',(2.346553201184E-14,48.,12.278057900508));
#145 = CARTESIAN_POINT('',(-4.95383568894,48.000000000003,
    12.278057900508));
#146 = CARTESIAN_POINT('',(-9.945261465839,46.854990372668,
    12.310596679273));
#147 = CARTESIAN_POINT('',(-14.79777496702,44.535647839392,
    12.376182951866));
#148 = CARTESIAN_POINT('',(-19.32686745731,41.07516324628,
    12.467524212197));
#149 = CARTESIAN_POINT('',(-23.35621706072,36.572400130998,
    12.559623670624));
#150 = CARTESIAN_POINT('',(-26.7345658104,31.184327958794,
    12.647953394333));
#151 = CARTESIAN_POINT('',(-29.34571575825,25.108528342852,
    12.724692058894));
#152 = CARTESIAN_POINT('',(-31.11211393482,18.568289227755,
    12.784516918711));
#153 = CARTESIAN_POINT('',(-31.99636936474,11.79816819408,
    12.818973230933));
#154 = CARTESIAN_POINT('',(-32.0018028298,1.647308841901,12.812445280041
    ));
#155 = CARTESIAN_POINT('',(-31.78345584423,-1.735590623938,
    12.800575328796));
#156 = CARTESIAN_POINT('',(-31.34514005151,-5.088674615735,
    12.777290370458));
#157 = CARTESIAN_POINT('',(-30.68947776198,-8.382960793617,
    12.740799759965));
#158 = CARTESIAN_POINT('',(-29.82148842381,-11.58998992691,
    12.688414698546));
#159 = CARTESIAN_POINT('',(-28.74851550246,-14.68221765046,
    12.618118505444));
#160 = CARTESIAN_POINT('',(-27.48012082364,-17.63338946178,
    12.527045030794));
#161 = CARTESIAN_POINT('',(-26.02794445499,-20.41889740171,
    12.413190533481));
#162 = CARTESIAN_POINT('',(-24.40552735656,-23.01611184774,
    12.28254091055));
#163 = CARTESIAN_POINT('',(-20.85067065293,-27.79323846579,
    12.004845664499));
#164 = CARTESIAN_POINT('',(-18.91823104902,-29.97315064081,
    11.857854675514));
#165 = CARTESIAN_POINT('',(-16.84600965944,-31.92405405001,
    11.711015715458));
#166 = CARTESIAN_POINT('',(-14.65092450935,-33.62786313899,
    11.577070105538));
#167 = CARTESIAN_POINT('',(-12.35136964232,-35.06905825433,
    11.465468648479));
#168 = CARTESIAN_POINT('',(-9.966967949396,-36.23494223445,
    11.377279362147));
#169 = CARTESIAN_POINT('',(-7.518290223805,-37.11584792055,
    11.310989635312));
#170 = CARTESIAN_POINT('',(-5.026548245745,-37.7052826389,
    11.267490888861));
#171 = CARTESIAN_POINT('',(-2.513274122271,-37.9999999943,
    11.245603749365));
#172 = CARTESIAN_POINT('',(2.513274122271,-37.9999999943,11.245603749365
    ));
#173 = CARTESIAN_POINT('',(5.026548245744,-37.7052826389,11.267490888861
    ));
#174 = CARTESIAN_POINT('',(7.518290223806,-37.11584792055,
    11.310989635311));
#175 = CARTESIAN_POINT('',(9.966967949396,-36.23494223446,
    11.377279362147));
#176 = CARTESIAN_POINT('',(12.351369642325,-35.06905825432,
    11.465468648478));
#177 = CARTESIAN_POINT('',(14.650924509361,-33.627863139,11.577070105538
    ));
#178 = CARTESIAN_POINT('',(16.846009659438,-31.92405405001,
    11.711015715458));
#179 = CARTESIAN_POINT('',(18.918231049022,-29.97315064081,
    11.857854675514));
#180 = CARTESIAN_POINT('',(20.85067065293,-27.79323846579,
    12.004845664499));
#181 = CARTESIAN_POINT('',(24.405527356566,-23.01611184774,
    12.28254091055));
#182 = CARTESIAN_POINT('',(26.027944454995,-20.4188974017,
    12.413190533482));
#183 = CARTESIAN_POINT('',(27.48012082364,-17.63338946178,
    12.527045030794));
#184 = CARTESIAN_POINT('',(28.748515502467,-14.68221765046,
    12.618118505444));
#185 = CARTESIAN_POINT('',(29.821488423816,-11.58998992691,
    12.688414698546));
#186 = CARTESIAN_POINT('',(30.689477761982,-8.38296079362,
    12.740799759965));
#187 = CARTESIAN_POINT('',(31.345140051517,-5.088674615732,
    12.777290370458));
#188 = CARTESIAN_POINT('',(31.783455844237,-1.73559062394,
    12.800575328796));
#189 = CARTESIAN_POINT('',(32.0018028298,1.647308841901,12.812445280041)
  );
#190 = CARTESIAN_POINT('',(31.996369364741,11.798168194079,
    12.818973230933));
#191 = CARTESIAN_POINT('',(31.112113934821,18.568289227759,
    12.78451691871));
#192 = CARTESIAN_POINT('',(29.345715758253,25.108528342845,
    12.724692058901));
#193 = CARTESIAN_POINT('',(26.734565810409,31.184327958804,
    12.647953394314));
#194 = CARTESIAN_POINT('',(23.356217060708,36.572400130991,
    12.559623670655));
#195 = CARTESIAN_POINT('',(19.326867457334,41.075163246282,
    12.467524212165));
#196 = CARTESIAN_POINT('',(14.797774967018,44.535647839396,
    12.376182951886));
#197 = CARTESIAN_POINT('',(9.945261465842,46.854990372665,
    12.310596679265));
#198 = CARTESIAN_POINT('',(4.953835688939,48.000000000004,
    12.278057900507));
#199 = CARTESIAN_POINT('',(3.250733016102E-13,48.,12.278057900509));
#200 = ORIENTED_EDGE('',*,*,#201,.T.);
#201 = EDGE_CURVE('',#141,#202,#204,.T.);
#202 = VERTEX_POINT('',#203);
#203 = CARTESIAN_POINT('',(31.965367909736,3.,11.5));
#204 = B_SPLINE_CURVE_WITH_KNOTS('',6,(#205,#206,#207,#208,#209,#210,
    #211,#212,#213,#214,#215,#216,#217,#218,#219,#220,#221),
  .UNSPECIFIED.,.F.,.F.,(7,5,5,7),(0.,0.436071167594,0.597231020826,1.),
  .UNSPECIFIED.);
#205 = CARTESIAN_POINT('',(31.99774063581,4.489037098654,12.818979230933
    ));
#206 = CARTESIAN_POINT('',(31.997572210855,4.469992432004,
    12.662321984811));
#207 = CARTESIAN_POINT('',(31.997221267162,4.431163160263,
    12.508013756106));
#208 = CARTESIAN_POINT('',(31.996661781528,4.372912374277,
    12.359249603651));
#209 = CARTESIAN_POINT('',(31.995823409174,4.296294293402,
    12.218996504425));
#210 = CARTESIAN_POINT('',(31.994601994654,4.20286552321,12.090006242879
    ));
#211 = CARTESIAN_POINT('',(31.992283848418,4.054918324859,
    11.932030719367));
#212 = CARTESIAN_POINT('',(31.991593942932,4.012998022508,11.89126103267
    ));
#213 = CARTESIAN_POINT('',(31.990834989675,3.969188883227,
    11.852468661775));
#214 = CARTESIAN_POINT('',(31.990002797073,3.923607937511,
    11.815762341917));
#215 = CARTESIAN_POINT('',(31.989093664621,3.876380604663,
    11.781241459024));
#216 = CARTESIAN_POINT('',(31.985631980575,3.705830427043,
    11.668408668106));
#217 = CARTESIAN_POINT('',(31.982658830738,3.574548555472,
    11.602017485829));
#218 = CARTESIAN_POINT('',(31.979138081577,3.435921318769,
    11.551263274072));
#219 = CARTESIAN_POINT('',(31.975051104711,3.292288976648,
    11.517080986269));
#220 = CARTESIAN_POINT('',(31.970431084927,3.146119993262,11.5));
#221 = CARTESIAN_POINT('',(31.965367909736,3.,11.5));
#222 = ORIENTED_EDGE('',*,*,#223,.T.);
#223 = EDGE_CURVE('',#202,#224,#226,.T.);
#224 = VERTEX_POINT('',#225);
#225 = CARTESIAN_POINT('',(31.894573883423,1.512417543765,12.8073904574)
  );
#226 = B_SPLINE_CURVE_WITH_KNOTS('',6,(#227,#228,#229,#230,#231,#232,
    #233,#234,#235,#236,#237,#238,#239,#240,#241,#242,#243,#244,#245,
    #246,#247,#248),.UNSPECIFIED.,.F.,.F.,(7,5,5,5,7),(0.,0.303465611458
    ,0.534162560258,0.789386545355,1.),.UNSPECIFIED.);
#227 = CARTESIAN_POINT('',(31.965367909736,3.,11.5));
#228 = CARTESIAN_POINT('',(31.961550663165,2.889836708714,11.5));
#229 = CARTESIAN_POINT('',(31.957480903139,2.779683378966,
    11.509708779148));
#230 = CARTESIAN_POINT('',(31.953196359024,2.670630429423,
    11.529122897945));
#231 = CARTESIAN_POINT('',(31.948750415733,2.563738448974,
    11.558070359051));
#232 = CARTESIAN_POINT('',(31.944211042655,2.460032871113,
    11.596238609734));
#233 = CARTESIAN_POINT('',(31.936191664476,2.284812659348,
    11.678824030092));
#234 = CARTESIAN_POINT('',(31.932718408755,2.211536700431,
    11.719550716742));
#235 = CARTESIAN_POINT('',(31.929268955187,2.141085116581,
    11.765131838267));
#236 = CARTESIAN_POINT('',(31.925879406566,2.073854567987,11.81531865022
    ));
#237 = CARTESIAN_POINT('',(31.922586662297,2.010211100777,
    11.869820601093));
#238 = CARTESIAN_POINT('',(31.915930818961,1.884415681392,
    11.993012443308));
#239 = CARTESIAN_POINT('',(31.912597269439,1.823138393097,
    12.062598046099));
#240 = CARTESIAN_POINT('',(31.909474849172,1.767108151164,12.13661583497
    ));
#241 = CARTESIAN_POINT('',(31.906610156139,1.716715987807,
    12.214569793773));
#242 = CARTESIAN_POINT('',(31.904044831626,1.672289533754,
    12.295920261341));
#243 = CARTESIAN_POINT('',(31.899970876451,1.602568127433,12.4495438702)
  );
#244 = CARTESIAN_POINT('',(31.898355847749,1.575285214032,
    12.520920849054));
#245 = CARTESIAN_POINT('',(31.8969867902,1.552388055153,12.593893898299)
  );
#246 = CARTESIAN_POINT('',(31.895878994142,1.533989121322,
    12.668126682574));
#247 = CARTESIAN_POINT('',(31.895043354188,1.52016641478,12.743273150294
    ));
#248 = CARTESIAN_POINT('',(31.894485774867,1.510962901347,
    12.818979230933));
#249 = ORIENTED_EDGE('',*,*,#250,.F.);
#250 = EDGE_CURVE('',#251,#224,#253,.T.);
#251 = VERTEX_POINT('',#252);
#252 = CARTESIAN_POINT('',(31.735848518052,-0.513620366453,
    12.798318109451));
#253 = ( BOUNDED_CURVE() B_SPLINE_CURVE(10,(#254,#255,#256,#257,#258,
    #259,#260,#261,#262,#263,#264,#265,#266,#267,#268,#269,#270,#271,
    #272,#273,#274,#275,#276,#277,#278,#279,#280,#281,#282,#283,#284,
    #285,#286,#287,#288,#289,#290,#291,#292,#293,#294,#295,#296,#297,
    #298,#299,#300,#301,#302,#303,#304,#305,#306,#307,#308,#309),
.UNSPECIFIED.,.T.,.F.) B_SPLINE_CURVE_WITH_KNOTS((11,9,9,9,9,9,11),(0.,
    59.228168149817,88.842252224725,118.45633629963,148.07042037454,
177.68450444945,236.91267259926),.UNSPECIFIED.) CURVE() 
GEOMETRIC_REPRESENTATION_ITEM() RATIONAL_B_SPLINE_CURVE((1.,1.,1.,1.,1.,
    1.,1.,1.,1.,1.,1.,1.,1.,1.,1.,1.,1.,1.,1.,1.,1.,1.,1.,1.,1.,1.,1.,1.
    ,1.,1.,1.,1.,1.,1.,1.,1.,1.,1.,1.,1.,1.,1.,1.,1.,1.,1.,1.,1.,1.,1.,
1.,1.,1.,1.,1.,1.)) REPRESENTATION_ITEM('') );
#254 = CARTESIAN_POINT('',(2.346553201184E-14,48.,12.278057900508));
#255 = CARTESIAN_POINT('',(-4.95383568894,48.000000000003,
    12.278057900508));
#256 = CARTESIAN_POINT('',(-9.945261465839,46.854990372668,
    12.310596679273));
#257 = CARTESIAN_POINT('',(-14.79777496702,44.535647839392,
    12.376182951866));
#258 = CARTESIAN_POINT('',(-19.32686745731,41.07516324628,
    12.467524212197));
#259 = CARTESIAN_POINT('',(-23.35621706072,36.572400130998,
    12.559623670624));
#260 = CARTESIAN_POINT('',(-26.7345658104,31.184327958794,
    12.647953394333));
#261 = CARTESIAN_POINT('',(-29.34571575825,25.108528342852,
    12.724692058894));
#262 = CARTESIAN_POINT('',(-31.11211393482,18.568289227755,
    12.784516918711));
#263 = CARTESIAN_POINT('',(-31.99636936474,11.79816819408,
    12.818973230933));
#264 = CARTESIAN_POINT('',(-32.0018028298,1.647308841901,12.812445280041
    ));
#265 = CARTESIAN_POINT('',(-31.78345584423,-1.735590623938,
    12.800575328796));
#266 = CARTESIAN_POINT('',(-31.34514005151,-5.088674615735,
    12.777290370458));
#267 = CARTESIAN_POINT('',(-30.68947776198,-8.382960793617,
    12.740799759965));
#268 = CARTESIAN_POINT('',(-29.82148842381,-11.58998992691,
    12.688414698546));
#269 = CARTESIAN_POINT('',(-28.74851550246,-14.68221765046,
    12.618118505444));
#270 = CARTESIAN_POINT('',(-27.48012082364,-17.63338946178,
    12.527045030794));
#271 = CARTESIAN_POINT('',(-26.02794445499,-20.41889740171,
    12.413190533481));
#272 = CARTESIAN_POINT('',(-24.40552735656,-23.01611184774,
    12.28254091055));
#273 = CARTESIAN_POINT('',(-20.85067065293,-27.79323846579,
    12.004845664499));
#274 = CARTESIAN_POINT('',(-18.91823104902,-29.97315064081,
    11.857854675514));
#275 = CARTESIAN_POINT('',(-16.84600965944,-31.92405405001,
    11.711015715458));
#276 = CARTESIAN_POINT('',(-14.65092450935,-33.62786313899,
    11.577070105538));
#277 = CARTESIAN_POINT('',(-12.35136964232,-35.06905825433,
    11.465468648479));
#278 = CARTESIAN_POINT('',(-9.966967949396,-36.23494223445,
    11.377279362147));
#279 = CARTESIAN_POINT('',(-7.518290223805,-37.11584792055,
    11.310989635312));
#280 = CARTESIAN_POINT('',(-5.026548245745,-37.7052826389,
    11.267490888861));
#281 = CARTESIAN_POINT('',(-2.513274122271,-37.9999999943,
    11.245603749365));
#282 = CARTESIAN_POINT('',(2.513274122271,-37.9999999943,11.245603749365
    ));
#283 = CARTESIAN_POINT('',(5.026548245744,-37.7052826389,11.267490888861
    ));
#284 = CARTESIAN_POINT('',(7.518290223806,-37.11584792055,
    11.310989635311));
#285 = CARTESIAN_POINT('',(9.966967949396,-36.23494223446,
    11.377279362147));
#286 = CARTESIAN_POINT('',(12.351369642325,-35.06905825432,
    11.465468648478));
#287 = CARTESIAN_POINT('',(14.650924509361,-33.627863139,11.577070105538
    ));
#288 = CARTESIAN_POINT('',(16.846009659438,-31.92405405001,
    11.711015715458));
#289 = CARTESIAN_POINT('',(18.918231049022,-29.97315064081,
    11.857854675514));
#290 = CARTESIAN_POINT('',(20.85067065293,-27.79323846579,
    12.004845664499));
#291 = CARTESIAN_POINT('',(24.405527356566,-23.01611184774,
    12.28254091055));
#292 = CARTESIAN_POINT('',(26.027944454995,-20.4188974017,
    12.413190533482));
#293 = CARTESIAN_POINT('',(27.48012082364,-17.63338946178,
    12.527045030794));
#294 = CARTESIAN_POINT('',(28.748515502467,-14.68221765046,
    12.618118505444));
#295 = CARTESIAN_POINT('',(29.821488423816,-11.58998992691,
    12.688414698546));
#296 = CARTESIAN_POINT('',(30.689477761982,-8.38296079362,
    12.740799759965));
#297 = CARTESIAN_POINT('',(31.345140051517,-5.088674615732,
    12.777290370458));
#298 = CARTESIAN_POINT('',(31.783455844237,-1.73559062394,
    12.800575328796));
#299 = CARTESIAN_POINT('',(32.0018028298,1.647308841901,12.812445280041)
  );
#300 = CARTESIAN_POINT('',(31.996369364741,11.798168194079,
    12.818973230933));
#301 = CARTESIAN_POINT('',(31.112113934821,18.568289227759,
    12.78451691871));
#302 = CARTESIAN_POINT('',(29.345715758253,25.108528342845,
    12.724692058901));
#303 = CARTESIAN_POINT('',(26.734565810409,31.184327958804,
    12.647953394314));
#304 = CARTESIAN_POINT('',(23.356217060708,36.572400130991,
    12.559623670655));
#305 = CARTESIAN_POINT('',(19.326867457334,41.075163246282,
    12.467524212165));
#306 = CARTESIAN_POINT('',(14.797774967018,44.535647839396,
    12.376182951886));
#307 = CARTESIAN_POINT('',(9.945261465842,46.854990372665,
    12.310596679265));
#308 = CARTESIAN_POINT('',(4.953835688939,48.000000000004,
    12.278057900507));
#309 = CARTESIAN_POINT('',(3.250733016102E-13,48.,12.278057900509));
#310 = ORIENTED_EDGE('',*,*,#311,.T.);
#311 = EDGE_CURVE('',#251,#312,#314,.T.);
#312 = VERTEX_POINT('',#313);
#313 = CARTESIAN_POINT('',(31.57313996796,-2.,11.5));
#314 = B_SPLINE_CURVE_WITH_KNOTS('',7,(#315,#316,#317,#318,#319,#320,
    #321,#322,#323,#324,#325,#326,#327,#328),.UNSPECIFIED.,.F.,.F.,(8,6,
    8),(0.,0.513221868281,1.),.UNSPECIFIED.);
#315 = CARTESIAN_POINT('',(31.736104147513,-0.510962901346,
    12.818979230933));
#316 = CARTESIAN_POINT('',(31.734248638729,-0.530257071859,
    12.660269620818));
#317 = CARTESIAN_POINT('',(31.730486784337,-0.569293838611,
    12.503902252912));
#318 = CARTESIAN_POINT('',(31.724824113179,-0.62772106059,
    12.352975122184));
#319 = CARTESIAN_POINT('',(31.717284252189,-0.704551421784,
    12.210346363277));
#320 = CARTESIAN_POINT('',(31.707898961284,-0.798346940232,
    12.07862354876));
#321 = CARTESIAN_POINT('',(31.696733238803,-0.907220939694,
    11.960160165767));
#322 = CARTESIAN_POINT('',(31.671779356423,-1.144023602779,
    11.75895849433));
#323 = CARTESIAN_POINT('',(31.658147063513,-1.270765905538,
    11.674622089382));
#324 = CARTESIAN_POINT('',(31.643141760885,-1.406970731182,
    11.605559324121));
#325 = CARTESIAN_POINT('',(31.626913253926,-1.550402581393,
    11.552962456102));
#326 = CARTESIAN_POINT('',(31.609657425682,-1.698707000467,
    11.517635449465));
#327 = CARTESIAN_POINT('',(31.591628691039,-1.849421272222,11.5));
#328 = CARTESIAN_POINT('',(31.57313996796,-2.,11.5));
#329 = ORIENTED_EDGE('',*,*,#330,.T.);
#330 = EDGE_CURVE('',#312,#331,#333,.T.);
#331 = VERTEX_POINT('',#332);
#332 = CARTESIAN_POINT('',(31.371053598139,-3.483415766832,
    12.77756425037));
#333 = B_SPLINE_CURVE_WITH_KNOTS('',7,(#334,#335,#336,#337,#338,#339,
    #340,#341,#342,#343,#344,#345,#346,#347,#348,#349,#350,#351,#352,
    #353),.UNSPECIFIED.,.F.,.F.,(8,6,6,8),(0.,0.502025776671,
    0.648846684239,1.),.UNSPECIFIED.);
#334 = CARTESIAN_POINT('',(31.57313996796,-2.,11.5));
#335 = CARTESIAN_POINT('',(31.554030333521,-2.155635650434,11.5));
#336 = CARTESIAN_POINT('',(31.534417065366,-2.311226115011,
    11.518839850796));
#337 = CARTESIAN_POINT('',(31.514640849765,-2.463990391663,
    11.556498701743));
#338 = CARTESIAN_POINT('',(31.495081024691,-2.611277462138,
    11.612431845402));
#339 = CARTESIAN_POINT('',(31.476149315524,-2.750584176317,
    11.685702327839));
#340 = CARTESIAN_POINT('',(31.458274351404,-2.879551162509,
    11.774980691086));
#341 = CARTESIAN_POINT('',(31.437065423567,-3.030138254402,
    11.908719976779));
#342 = CARTESIAN_POINT('',(31.432391224796,-3.063150218437,
    11.940198966268));
#343 = CARTESIAN_POINT('',(31.427852144789,-3.095047189883,
    11.972850463397));
#344 = CARTESIAN_POINT('',(31.423458035444,-3.125779418159,
    12.006627812406));
#345 = CARTESIAN_POINT('',(31.419218435288,-3.155299539455,
    12.041481682822));
#346 = CARTESIAN_POINT('',(31.41514256948,-3.183562576732,
    12.077360069454));
#347 = CARTESIAN_POINT('',(31.40190397276,-3.275014536587,
    12.202338626708));
#348 = CARTESIAN_POINT('',(31.393554671038,-3.332078076757,
    12.296029115542));
#349 = CARTESIAN_POINT('',(31.386314569005,-3.381119306462,
    12.394516490325));
#350 = CARTESIAN_POINT('',(31.380289068009,-3.421654851466,
    12.496969864592));
#351 = CARTESIAN_POINT('',(31.375562512145,-3.453306404238,
    12.60250088904));
#352 = CARTESIAN_POINT('',(31.372193871101,-3.475809102427,
    12.710168638518));
#353 = CARTESIAN_POINT('',(31.370211440109,-3.489037098654,
    12.818979230933));
#354 = ORIENTED_EDGE('',*,*,#355,.F.);
#355 = EDGE_CURVE('',#356,#331,#358,.T.);
#356 = VERTEX_POINT('',#357);
#357 = CARTESIAN_POINT('',(-31.37105359813,-3.483415766832,
    12.77756425037));
#358 = ( BOUNDED_CURVE() B_SPLINE_CURVE(10,(#359,#360,#361,#362,#363,
    #364,#365,#366,#367,#368,#369,#370,#371,#372,#373,#374,#375,#376,
    #377,#378,#379,#380,#381,#382,#383,#384,#385,#386,#387,#388,#389,
    #390,#391,#392,#393,#394,#395,#396,#397,#398,#399,#400,#401,#402,
    #403,#404,#405,#406,#407,#408,#409,#410,#411,#412,#413,#414),
.UNSPECIFIED.,.T.,.F.) B_SPLINE_CURVE_WITH_KNOTS((11,9,9,9,9,9,11),(0.,
    59.228168149817,88.842252224725,118.45633629963,148.07042037454,
177.68450444945,236.91267259926),.UNSPECIFIED.) CURVE() 
GEOMETRIC_REPRESENTATION_ITEM() RATIONAL_B_SPLINE_CURVE((1.,1.,1.,1.,1.,
    1.,1.,1.,1.,1.,1.,1.,1.,1.,1.,1.,1.,1.,1.,1.,1.,1.,1.,1.,1.,1.,1.,1.
    ,1.,1.,1.,1.,1.,1.,1.,1.,1.,1.,1.,1.,1.,1.,1.,1.,1.,1.,1.,1.,1.,1.,
1.,1.,1.,1.,1.,1.)) REPRESENTATION_ITEM('') );
#359 = CARTESIAN_POINT('',(2.346553201184E-14,48.,12.278057900508));
#360 = CARTESIAN_POINT('',(-4.95383568894,48.000000000003,
    12.278057900508));
#361 = CARTESIAN_POINT('',(-9.945261465839,46.854990372668,
    12.310596679273));
#362 = CARTESIAN_POINT('',(-14.79777496702,44.535647839392,
    12.376182951866));
#363 = CARTESIAN_POINT('',(-19.32686745731,41.07516324628,
    12.467524212197));
#364 = CARTESIAN_POINT('',(-23.35621706072,36.572400130998,
    12.559623670624));
#365 = CARTESIAN_POINT('',(-26.7345658104,31.184327958794,
    12.647953394333));
#366 = CARTESIAN_POINT('',(-29.34571575825,25.108528342852,
    12.724692058894));
#367 = CARTESIAN_POINT('',(-31.11211393482,18.568289227755,
    12.784516918711));
#368 = CARTESIAN_POINT('',(-31.99636936474,11.79816819408,
    12.818973230933));
#369 = CARTESIAN_POINT('',(-32.0018028298,1.647308841901,12.812445280041
    ));
#370 = CARTESIAN_POINT('',(-31.78345584423,-1.735590623938,
    12.800575328796));
#371 = CARTESIAN_POINT('',(-31.34514005151,-5.088674615735,
    12.777290370458));
#372 = CARTESIAN_POINT('',(-30.68947776198,-8.382960793617,
    12.740799759965));
#373 = CARTESIAN_POINT('',(-29.82148842381,-11.58998992691,
    12.688414698546));
#374 = CARTESIAN_POINT('',(-28.74851550246,-14.68221765046,
    12.618118505444));
#375 = CARTESIAN_POINT('',(-27.48012082364,-17.63338946178,
    12.527045030794));
#376 = CARTESIAN_POINT('',(-26.02794445499,-20.41889740171,
    12.413190533481));
#377 = CARTESIAN_POINT('',(-24.40552735656,-23.01611184774,
    12.28254091055));
#378 = CARTESIAN_POINT('',(-20.85067065293,-27.79323846579,
    12.004845664499));
#379 = CARTESIAN_POINT('',(-18.91823104902,-29.97315064081,
    11.857854675514));
#380 = CARTESIAN_POINT('',(-16.84600965944,-31.92405405001,
    11.711015715458));
#381 = CARTESIAN_POINT('',(-14.65092450935,-33.62786313899,
    11.577070105538));
#382 = CARTESIAN_POINT('',(-12.35136964232,-35.06905825433,
    11.465468648479));
#383 = CARTESIAN_POINT('',(-9.966967949396,-36.23494223445,
    11.377279362147));
#384 = CARTESIAN_POINT('',(-7.518290223805,-37.11584792055,
    11.310989635312));
#385 = CARTESIAN_POINT('',(-5.026548245745,-37.7052826389,
    11.267490888861));
#386 = CARTESIAN_POINT('',(-2.513274122271,-37.9999999943,
    11.245603749365));
#387 = CARTESIAN_POINT('',(2.513274122271,-37.9999999943,11.245603749365
    ));
#388 = CARTESIAN_POINT('',(5.026548245744,-37.7052826389,11.267490888861
    ));
#389 = CARTESIAN_POINT('',(7.518290223806,-37.11584792055,
    11.310989635311));
#390 = CARTESIAN_POINT('',(9.966967949396,-36.23494223446,
    11.377279362147));
#391 = CARTESIAN_POINT('',(12.351369642325,-35.06905825432,
    11.465468648478));
#392 = CARTESIAN_POINT('',(14.650924509361,-33.627863139,11.577070105538
    ));
#393 = CARTESIAN_POINT('',(16.846009659438,-31.92405405001,
    11.711015715458));
#394 = CARTESIAN_POINT('',(18.918231049022,-29.97315064081,
    11.857854675514));
#395 = CARTESIAN_POINT('',(20.85067065293,-27.79323846579,
    12.004845664499));
#396 = CARTESIAN_POINT('',(24.405527356566,-23.01611184774,
    12.28254091055));
#397 = CARTESIAN_POINT('',(26.027944454995,-20.4188974017,
    12.413190533482));
#398 = CARTESIAN_POINT('',(27.48012082364,-17.63338946178,
    12.527045030794));
#399 = CARTESIAN_POINT('',(28.748515502467,-14.68221765046,
    12.618118505444));
#400 = CARTESIAN_POINT('',(29.821488423816,-11.58998992691,
    12.688414698546));
#401 = CARTESIAN_POINT('',(30.689477761982,-8.38296079362,
    12.740799759965));
#402 = CARTESIAN_POINT('',(31.345140051517,-5.088674615732,
    12.777290370458));
#403 = CARTESIAN_POINT('',(31.783455844237,-1.73559062394,
    12.800575328796));
#404 = CARTESIAN_POINT('',(32.0018028298,1.647308841901,12.812445280041)
  );
#405 = CARTESIAN_POINT('',(31.996369364741,11.798168194079,
    12.818973230933));
#406 = CARTESIAN_POINT('',(31.112113934821,18.568289227759,
    12.78451691871));
#407 = CARTESIAN_POINT('',(29.345715758253,25.108528342845,
    12.724692058901));
#408 = CARTESIAN_POINT('',(26.734565810409,31.184327958804,
    12.647953394314));
#409 = CARTESIAN_POINT('',(23.356217060708,36.572400130991,
    12.559623670655));
#410 = CARTESIAN_POINT('',(19.326867457334,41.075163246282,
    12.467524212165));
#411 = CARTESIAN_POINT('',(14.797774967018,44.535647839396,
    12.376182951886));
#412 = CARTESIAN_POINT('',(9.945261465842,46.854990372665,
    12.310596679265));
#413 = CARTESIAN_POINT('',(4.953835688939,48.000000000004,
    12.278057900507));
#414 = CARTESIAN_POINT('',(3.250733016102E-13,48.,12.278057900509));
#415 = ORIENTED_EDGE('',*,*,#416,.T.);
#416 = EDGE_CURVE('',#356,#417,#419,.T.);
#417 = VERTEX_POINT('',#418);
#418 = CARTESIAN_POINT('',(-31.73584851805,-0.513620366453,
    12.798318109451));
#419 = B_SPLINE_CURVE_WITH_KNOTS('',6,(#420,#421,#422,#423,#424,#425,
    #426,#427,#428,#429,#430,#431,#432,#433,#434,#435,#436,#437,#438,
    #439,#440,#441,#442,#443,#444,#445,#446,#447,#448,#449,#450,#451,
    #452,#453,#454,#455,#456),.UNSPECIFIED.,.F.,.F.,(7,5,5,5,5,5,5,7),(
    0.,0.173584937239,0.2465414068,0.40768896935,0.635450385006,
    0.730099082236,0.801579618269,1.),.UNSPECIFIED.);
#420 = CARTESIAN_POINT('',(-31.3702114401,-3.489037098653,
    12.818979230933));
#421 = CARTESIAN_POINT('',(-31.37249550765,-3.473796398218,
    12.693612575636));
#422 = CARTESIAN_POINT('',(-31.37667228038,-3.44589219665,12.56980687304
    ));
#423 = CARTESIAN_POINT('',(-31.38269405433,-3.405536674857,
    12.449236412081));
#424 = CARTESIAN_POINT('',(-31.39044511251,-3.35325017131,
    12.333458860419));
#425 = CARTESIAN_POINT('',(-31.39975902515,-3.289777749152,
    12.223916092114));
#426 = CARTESIAN_POINT('',(-31.41491436643,-3.185158905556,
    12.079024875033));
#427 = CARTESIAN_POINT('',(-31.41963913014,-3.152398335309,
    12.037475540673));
#428 = CARTESIAN_POINT('',(-31.42458872745,-3.117908333971,
    11.997347167659));
#429 = CARTESIAN_POINT('',(-31.42974726414,-3.081766716933,
    11.958727842771));
#430 = CARTESIAN_POINT('',(-31.43509811714,-3.044056757058,
    11.921699615479));
#431 = CARTESIAN_POINT('',(-31.45282945942,-2.918304552128,
    11.808232225342));
#432 = CARTESIAN_POINT('',(-31.46588951735,-2.824517881318,
    11.73825521652));
#433 = CARTESIAN_POINT('',(-31.47961771495,-2.7244670485,11.677234487541
    ));
#434 = CARTESIAN_POINT('',(-31.49381878863,-2.619211462173,
    11.625823826292));
#435 = CARTESIAN_POINT('',(-31.50830138129,-2.509882772716,
    11.584528711677));
#436 = CARTESIAN_POINT('',(-31.54349230172,-2.239114654649,
    11.510076923181));
#437 = CARTESIAN_POINT('',(-31.56431416192,-2.074702528805,
    11.487309954368));
#438 = CARTESIAN_POINT('',(-31.5848182157,-1.907964232501,
    11.486395665985));
#439 = CARTESIAN_POINT('',(-31.60454492717,-1.742456844162,
    11.507480250962));
#440 = CARTESIAN_POINT('',(-31.62313373595,-1.581714006481,
    11.550083659514));
#441 = CARTESIAN_POINT('',(-31.64743772344,-1.365739699794,
    11.638965610068));
#442 = CARTESIAN_POINT('',(-31.65432796225,-1.303743013118,
    11.668546334844));
#443 = CARTESIAN_POINT('',(-31.660953662,-1.243394170741,11.701521382373
    ));
#444 = CARTESIAN_POINT('',(-31.66729788711,-1.184925437782,
    11.737775571168));
#445 = CARTESIAN_POINT('',(-31.67334630304,-1.128558275762,
    11.777172303473));
#446 = CARTESIAN_POINT('',(-31.68342207045,-1.033677751588,
    11.851560885953));
#447 = CARTESIAN_POINT('',(-31.68758175367,-0.994170995492,
    11.885270781352));
#448 = CARTESIAN_POINT('',(-31.69156067852,-0.956071923494,
    11.920615362253));
#449 = CARTESIAN_POINT('',(-31.69535439575,-0.919465371532,
    11.957520704881));
#450 = CARTESIAN_POINT('',(-31.69895914132,-0.884430877725,
    11.995906946563));
#451 = CARTESIAN_POINT('',(-31.71184502021,-0.758361529792,
    12.146115948167));
#452 = CARTESIAN_POINT('',(-31.71984024141,-0.678345205797,
    12.267317785361));
#453 = CARTESIAN_POINT('',(-31.72628489391,-0.61262580459,12.39742252364
    ));
#454 = CARTESIAN_POINT('',(-31.73115347526,-0.56237424094,
    12.534296940604));
#455 = CARTESIAN_POINT('',(-31.734428334,-0.528388543251,12.675639726863
    ));
#456 = CARTESIAN_POINT('',(-31.73610414751,-0.510962901347,
    12.818979230933));
#457 = ORIENTED_EDGE('',*,*,#458,.F.);
#458 = EDGE_CURVE('',#459,#417,#461,.T.);
#459 = VERTEX_POINT('',#460);
#460 = CARTESIAN_POINT('',(-31.89457388342,1.512417543765,12.8073904574)
  );
#461 = ( BOUNDED_CURVE() B_SPLINE_CURVE(10,(#462,#463,#464,#465,#466,
    #467,#468,#469,#470,#471,#472,#473,#474,#475,#476,#477,#478,#479,
    #480,#481,#482,#483,#484,#485,#486,#487,#488,#489,#490,#491,#492,
    #493,#494,#495,#496,#497,#498,#499,#500,#501,#502,#503,#504,#505,
    #506,#507,#508,#509,#510,#511,#512,#513,#514,#515,#516,#517),
.UNSPECIFIED.,.T.,.F.) B_SPLINE_CURVE_WITH_KNOTS((11,9,9,9,9,9,11),(0.,
    59.228168149817,88.842252224725,118.45633629963,148.07042037454,
177.68450444945,236.91267259926),.UNSPECIFIED.) CURVE() 
GEOMETRIC_REPRESENTATION_ITEM() RATIONAL_B_SPLINE_CURVE((1.,1.,1.,1.,1.,
    1.,1.,1.,1.,1.,1.,1.,1.,1.,1.,1.,1.,1.,1.,1.,1.,1.,1.,1.,1.,1.,1.,1.
    ,1.,1.,1.,1.,1.,1.,1.,1.,1.,1.,1.,1.,1.,1.,1.,1.,1.,1.,1.,1.,1.,1.,
1.,1.,1.,1.,1.,1.)) REPRESENTATION_ITEM('') );
#462 = CARTESIAN_POINT('',(2.346553201184E-14,48.,12.278057900508));
#463 = CARTESIAN_POINT('',(-4.95383568894,48.000000000003,
    12.278057900508));
#464 = CARTESIAN_POINT('',(-9.945261465839,46.854990372668,
    12.310596679273));
#465 = CARTESIAN_POINT('',(-14.79777496702,44.535647839392,
    12.376182951866));
#466 = CARTESIAN_POINT('',(-19.32686745731,41.07516324628,
    12.467524212197));
#467 = CARTESIAN_POINT('',(-23.35621706072,36.572400130998,
    12.559623670624));
#468 = CARTESIAN_POINT('',(-26.7345658104,31.184327958794,
    12.647953394333));
#469 = CARTESIAN_POINT('',(-29.34571575825,25.108528342852,
    12.724692058894));
#470 = CARTESIAN_POINT('',(-31.11211393482,18.568289227755,
    12.784516918711));
#471 = CARTESIAN_POINT('',(-31.99636936474,11.79816819408,
    12.818973230933));
#472 = CARTESIAN_POINT('',(-32.0018028298,1.647308841901,12.812445280041
    ));
#473 = CARTESIAN_POINT('',(-31.78345584423,-1.735590623938,
    12.800575328796));
#474 = CARTESIAN_POINT('',(-31.34514005151,-5.088674615735,
    12.777290370458));
#475 = CARTESIAN_POINT('',(-30.68947776198,-8.382960793617,
    12.740799759965));
#476 = CARTESIAN_POINT('',(-29.82148842381,-11.58998992691,
    12.688414698546));
#477 = CARTESIAN_POINT('',(-28.74851550246,-14.68221765046,
    12.618118505444));
#478 = CARTESIAN_POINT('',(-27.48012082364,-17.63338946178,
    12.527045030794));
#479 = CARTESIAN_POINT('',(-26.02794445499,-20.41889740171,
    12.413190533481));
#480 = CARTESIAN_POINT('',(-24.40552735656,-23.01611184774,
    12.28254091055));
#481 = CARTESIAN_POINT('',(-20.85067065293,-27.79323846579,
    12.004845664499));
#482 = CARTESIAN_POINT('',(-18.91823104902,-29.97315064081,
    11.857854675514));
#483 = CARTESIAN_POINT('',(-16.84600965944,-31.92405405001,
    11.711015715458));
#484 = CARTESIAN_POINT('',(-14.65092450935,-33.62786313899,
    11.577070105538));
#485 = CARTESIAN_POINT('',(-12.35136964232,-35.06905825433,
    11.465468648479));
#486 = CARTESIAN_POINT('',(-9.966967949396,-36.23494223445,
    11.377279362147));
#487 = CARTESIAN_POINT('',(-7.518290223805,-37.11584792055,
    11.310989635312));
#488 = CARTESIAN_POINT('',(-5.026548245745,-37.7052826389,
    11.267490888861));
#489 = CARTESIAN_POINT('',(-2.513274122271,-37.9999999943,
    11.245603749365));
#490 = CARTESIAN_POINT('',(2.513274122271,-37.9999999943,11.245603749365
    ));
#491 = CARTESIAN_POINT('',(5.026548245744,-37.7052826389,11.267490888861
    ));
#492 = CARTESIAN_POINT('',(7.518290223806,-37.11584792055,
    11.310989635311));
#493 = CARTESIAN_POINT('',(9.966967949396,-36.23494223446,
    11.377279362147));
#494 = CARTESIAN_POINT('',(12.351369642325,-35.06905825432,
    11.465468648478));
#495 = CARTESIAN_POINT('',(14.650924509361,-33.627863139,11.577070105538
    ));
#496 = CARTESIAN_POINT('',(16.846009659438,-31.92405405001,
    11.711015715458));
#497 = CARTESIAN_POINT('',(18.918231049022,-29.97315064081,
    11.857854675514));
#498 = CARTESIAN_POINT('',(20.85067065293,-27.79323846579,
    12.004845664499));
#499 = CARTESIAN_POINT('',(24.405527356566,-23.01611184774,
    12.28254091055));
#500 = CARTESIAN_POINT('',(26.027944454995,-20.4188974017,
    12.413190533482));
#501 = CARTESIAN_POINT('',(27.48012082364,-17.63338946178,
    12.527045030794));
#502 = CARTESIAN_POINT('',(28.748515502467,-14.68221765046,
    12.618118505444));
#503 = CARTESIAN_POINT('',(29.821488423816,-11.58998992691,
    12.688414698546));
#504 = CARTESIAN_POINT('',(30.689477761982,-8.38296079362,
    12.740799759965));
#505 = CARTESIAN_POINT('',(31.345140051517,-5.088674615732,
    12.777290370458));
#506 = CARTESIAN_POINT('',(31.783455844237,-1.73559062394,
    12.800575328796));
#507 = CARTESIAN_POINT('',(32.0018028298,1.647308841901,12.812445280041)
  );
#508 = CARTESIAN_POINT('',(31.996369364741,11.798168194079,
    12.818973230933));
#509 = CARTESIAN_POINT('',(31.112113934821,18.568289227759,
    12.78451691871));
#510 = CARTESIAN_POINT('',(29.345715758253,25.108528342845,
    12.724692058901));
#511 = CARTESIAN_POINT('',(26.734565810409,31.184327958804,
    12.647953394314));
#512 = CARTESIAN_POINT('',(23.356217060708,36.572400130991,
    12.559623670655));
#513 = CARTESIAN_POINT('',(19.326867457334,41.075163246282,
    12.467524212165));
#514 = CARTESIAN_POINT('',(14.797774967018,44.535647839396,
    12.376182951886));
#515 = CARTESIAN_POINT('',(9.945261465842,46.854990372665,
    12.310596679265));
#516 = CARTESIAN_POINT('',(4.953835688939,48.000000000004,
    12.278057900507));
#517 = CARTESIAN_POINT('',(3.250733016102E-13,48.,12.278057900509));
#518 = ORIENTED_EDGE('',*,*,#519,.T.);
#519 = EDGE_CURVE('',#459,#520,#522,.T.);
#520 = VERTEX_POINT('',#521);
#521 = CARTESIAN_POINT('',(-31.99773538082,4.488443235936,12.81415938712
    ));
#522 = B_SPLINE_CURVE_WITH_KNOTS('',7,(#523,#524,#525,#526,#527,#528,
    #529,#530,#531,#532,#533,#534,#535,#536,#537,#538,#539,#540,#541,
    #542,#543,#544,#545,#546,#547,#548,#549,#550,#551,#552,#553,#554,
    #555,#556,#557,#558,#559,#560),.UNSPECIFIED.,.F.,.F.,(8,6,6,6,6,6,8)
  ,(0.,0.106078982292,0.240413636973,0.36618275449,0.545117813922,
    0.785965569401,1.),.UNSPECIFIED.);
#523 = CARTESIAN_POINT('',(-31.89448577486,1.510962901347,
    12.818979230933));
#524 = CARTESIAN_POINT('',(-31.89496706954,1.518907245473,
    12.753630800533));
#525 = CARTESIAN_POINT('',(-31.89564978941,1.530197703923,
    12.688687742273));
#526 = CARTESIAN_POINT('',(-31.89653048882,1.544809197529,
    12.624356703514));
#527 = CARTESIAN_POINT('',(-31.89760352205,1.56270120697,12.560840789859
    ));
#528 = CARTESIAN_POINT('',(-31.89886121968,1.583817940266,
    12.498339062148));
#529 = CARTESIAN_POINT('',(-31.90029406506,1.608088500261,
    12.437046033455));
#530 = CARTESIAN_POINT('',(-31.90391300861,1.670047622979,
    12.301302433833));
#531 = CARTESIAN_POINT('',(-31.90619818048,1.709589923165,
    12.227692591914));
#532 = CARTESIAN_POINT('',(-31.90872370534,1.753878684101,
    12.156707452701));
#533 = CARTESIAN_POINT('',(-31.91146285253,1.802704097606,
    12.088711712002));
#534 = CARTESIAN_POINT('',(-31.91438587389,1.855822793044,
    12.024047479978));
#535 = CARTESIAN_POINT('',(-31.91746103594,1.912958814484,
    11.963032812074));
#536 = CARTESIAN_POINT('',(-31.92364657086,2.030770691198,
    11.852526767764));
#537 = CARTESIAN_POINT('',(-31.92674235922,2.090991383213,
    11.802545961165));
#538 = CARTESIAN_POINT('',(-31.92991619891,2.154214297406,
    11.756257259473));
#539 = CARTESIAN_POINT('',(-31.93314090971,2.220168032722,
    11.713875508574));
#540 = CARTESIAN_POINT('',(-31.93638967849,2.288563078023,
    11.675590032856));
#541 = CARTESIAN_POINT('',(-31.93963678824,2.359092726573,11.64156370716
    ));
#542 = CARTESIAN_POINT('',(-31.94744174436,2.534355825543,
    11.569774253868));
#543 = CARTESIAN_POINT('',(-31.95197324346,2.640940967573,
    11.536513028086));
#544 = CARTESIAN_POINT('',(-31.95638452934,2.750270754271,
    11.512530717095));
#545 = CARTESIAN_POINT('',(-31.96061543849,2.86138480404,11.498088706447
    ));
#546 = CARTESIAN_POINT('',(-31.96461726741,2.973286145374,
    11.493332169787));
#547 = CARTESIAN_POINT('',(-31.96835446078,3.084947244726,
    11.498275813458));
#548 = CARTESIAN_POINT('',(-31.97644869642,3.343875252063,
    11.532280671181));
#549 = CARTESIAN_POINT('',(-31.98057675218,3.490220774077,
    11.569111503303));
#550 = CARTESIAN_POINT('',(-31.98413361596,3.631811835268,
    11.622954242497));
#551 = CARTESIAN_POINT('',(-31.98711518699,3.766293513471,
    11.693015295783));
#552 = CARTESIAN_POINT('',(-31.98955929219,3.891501229284,
    11.778149007775));
#553 = CARTESIAN_POINT('',(-31.99152821674,4.005465031557,
    11.876862321439));
#554 = CARTESIAN_POINT('',(-31.9944798681,4.196304514936,12.085372120387
    ));
#555 = CARTESIAN_POINT('',(-31.99554867836,4.275941101275,
    12.192759871882));
#556 = CARTESIAN_POINT('',(-31.9963455354,4.344237696967,12.308125763962
    ));
#557 = CARTESIAN_POINT('',(-31.99692423849,4.400275029435,
    12.430024612293));
#558 = CARTESIAN_POINT('',(-31.99733144652,4.443355773655,12.55690604707
    ));
#559 = CARTESIAN_POINT('',(-31.99759888568,4.47300869073,12.687133066795
    ));
#560 = CARTESIAN_POINT('',(-31.99774063581,4.489037098653,
    12.818979230933));
#561 = ORIENTED_EDGE('',*,*,#562,.F.);
#562 = EDGE_CURVE('',#563,#520,#565,.T.);
#563 = VERTEX_POINT('',#564);
#564 = CARTESIAN_POINT('',(-31.9802246217,6.511482640108,12.814754030276
    ));
#565 = ( BOUNDED_CURVE() B_SPLINE_CURVE(10,(#566,#567,#568,#569,#570,
    #571,#572,#573,#574,#575,#576,#577,#578,#579,#580,#581,#582,#583,
    #584,#585,#586,#587,#588,#589,#590,#591,#592,#593,#594,#595,#596,
    #597,#598,#599,#600,#601,#602,#603,#604,#605,#606,#607,#608,#609,
    #610,#611,#612,#613,#614,#615,#616,#617,#618,#619,#620,#621),
.UNSPECIFIED.,.T.,.F.) B_SPLINE_CURVE_WITH_KNOTS((11,9,9,9,9,9,11),(0.,
    59.228168149817,88.842252224725,118.45633629963,148.07042037454,
177.68450444945,236.91267259926),.UNSPECIFIED.) CURVE() 
GEOMETRIC_REPRESENTATION_ITEM() RATIONAL_B_SPLINE_CURVE((1.,1.,1.,1.,1.,
    1.,1.,1.,1.,1.,1.,1.,1.,1.,1.,1.,1.,1.,1.,1.,1.,1.,1.,1.,1.,1.,1.,1.
    ,1.,1.,1.,1.,1.,1.,1.,1.,1.,1.,1.,1.,1.,1.,1.,1.,1.,1.,1.,1.,1.,1.,
1.,1.,1.,1.,1.,1.)) REPRESENTATION_ITEM('') );
#566 = CARTESIAN_POINT('',(2.346553201184E-14,48.,12.278057900508));
#567 = CARTESIAN_POINT('',(-4.95383568894,48.000000000003,
    12.278057900508));
#568 = CARTESIAN_POINT('',(-9.945261465839,46.854990372668,
    12.310596679273));
#569 = CARTESIAN_POINT('',(-14.79777496702,44.535647839392,
    12.376182951866));
#570 = CARTESIAN_POINT('',(-19.32686745731,41.07516324628,
    12.467524212197));
#571 = CARTESIAN_POINT('',(-23.35621706072,36.572400130998,
    12.559623670624));
#572 = CARTESIAN_POINT('',(-26.7345658104,31.184327958794,
    12.647953394333));
#573 = CARTESIAN_POINT('',(-29.34571575825,25.108528342852,
    12.724692058894));
#574 = CARTESIAN_POINT('',(-31.11211393482,18.568289227755,
    12.784516918711));
#575 = CARTESIAN_POINT('',(-31.99636936474,11.79816819408,
    12.818973230933));
#576 = CARTESIAN_POINT('',(-32.0018028298,1.647308841901,12.812445280041
    ));
#577 = CARTESIAN_POINT('',(-31.78345584423,-1.735590623938,
    12.800575328796));
#578 = CARTESIAN_POINT('',(-31.34514005151,-5.088674615735,
    12.777290370458));
#579 = CARTESIAN_POINT('',(-30.68947776198,-8.382960793617,
    12.740799759965));
#580 = CARTESIAN_POINT('',(-29.82148842381,-11.58998992691,
    12.688414698546));
#581 = CARTESIAN_POINT('',(-28.74851550246,-14.68221765046,
    12.618118505444));
#582 = CARTESIAN_POINT('',(-27.48012082364,-17.63338946178,
    12.527045030794));
#583 = CARTESIAN_POINT('',(-26.02794445499,-20.41889740171,
    12.413190533481));
#584 = CARTESIAN_POINT('',(-24.40552735656,-23.01611184774,
    12.28254091055));
#585 = CARTESIAN_POINT('',(-20.85067065293,-27.79323846579,
    12.004845664499));
#586 = CARTESIAN_POINT('',(-18.91823104902,-29.97315064081,
    11.857854675514));
#587 = CARTESIAN_POINT('',(-16.84600965944,-31.92405405001,
    11.711015715458));
#588 = CARTESIAN_POINT('',(-14.65092450935,-33.62786313899,
    11.577070105538));
#589 = CARTESIAN_POINT('',(-12.35136964232,-35.06905825433,
    11.465468648479));
#590 = CARTESIAN_POINT('',(-9.966967949396,-36.23494223445,
    11.377279362147));
#591 = CARTESIAN_POINT('',(-7.518290223805,-37.11584792055,
    11.310989635312));
#592 = CARTESIAN_POINT('',(-5.026548245745,-37.7052826389,
    11.267490888861));
#593 = CARTESIAN_POINT('',(-2.513274122271,-37.9999999943,
    11.245603749365));
#594 = CARTESIAN_POINT('',(2.513274122271,-37.9999999943,11.245603749365
    ));
#595 = CARTESIAN_POINT('',(5.026548245744,-37.7052826389,11.267490888861
    ));
#596 = CARTESIAN_POINT('',(7.518290223806,-37.11584792055,
    11.310989635311));
#597 = CARTESIAN_POINT('',(9.966967949396,-36.23494223446,
    11.377279362147));
#598 = CARTESIAN_POINT('',(12.351369642325,-35.06905825432,
    11.465468648478));
#599 = CARTESIAN_POINT('',(14.650924509361,-33.627863139,11.577070105538
    ));
#600 = CARTESIAN_POINT('',(16.846009659438,-31.92405405001,
    11.711015715458));
#601 = CARTESIAN_POINT('',(18.918231049022,-29.97315064081,
    11.857854675514));
#602 = CARTESIAN_POINT('',(20.85067065293,-27.79323846579,
    12.004845664499));
#603 = CARTESIAN_POINT('',(24.405527356566,-23.01611184774,
    12.28254091055));
#604 = CARTESIAN_POINT('',(26.027944454995,-20.4188974017,
    12.413190533482));
#605 = CARTESIAN_POINT('',(27.48012082364,-17.63338946178,
    12.527045030794));
#606 = CARTESIAN_POINT('',(28.748515502467,-14.68221765046,
    12.618118505444));
#607 = CARTESIAN_POINT('',(29.821488423816,-11.58998992691,
    12.688414698546));
#608 = CARTESIAN_POINT('',(30.689477761982,-8.38296079362,
    12.740799759965));
#609 = CARTESIAN_POINT('',(31.345140051517,-5.088674615732,
    12.777290370458));
#610 = CARTESIAN_POINT('',(31.783455844237,-1.73559062394,
    12.800575328796));
#611 = CARTESIAN_POINT('',(32.0018028298,1.647308841901,12.812445280041)
  );
#612 = CARTESIAN_POINT('',(31.996369364741,11.798168194079,
    12.818973230933));
#613 = CARTESIAN_POINT('',(31.112113934821,18.568289227759,
    12.78451691871));
#614 = CARTESIAN_POINT('',(29.345715758253,25.108528342845,
    12.724692058901));
#615 = CARTESIAN_POINT('',(26.734565810409,31.184327958804,
    12.647953394314));
#616 = CARTESIAN_POINT('',(23.356217060708,36.572400130991,
    12.559623670655));
#617 = CARTESIAN_POINT('',(19.326867457334,41.075163246282,
    12.467524212165));
#618 = CARTESIAN_POINT('',(14.797774967018,44.535647839396,
    12.376182951886));
#619 = CARTESIAN_POINT('',(9.945261465842,46.854990372665,
    12.310596679265));
#620 = CARTESIAN_POINT('',(4.953835688939,48.000000000004,
    12.278057900507));
#621 = CARTESIAN_POINT('',(3.250733016102E-13,48.,12.278057900509));
#622 = ORIENTED_EDGE('',*,*,#623,.T.);
#623 = EDGE_CURVE('',#563,#624,#626,.T.);
#624 = VERTEX_POINT('',#625);
#625 = CARTESIAN_POINT('',(-31.82522918444,9.48796080713,12.810335463394
    ));
#626 = B_SPLINE_CURVE_WITH_KNOTS('',6,(#627,#628,#629,#630,#631,#632,
    #633,#634,#635,#636,#637,#638,#639,#640,#641,#642,#643,#644,#645,
    #646,#647,#648,#649,#650,#651,#652,#653,#654,#655,#656,#657,#658,
    #659,#660,#661,#662,#663),.UNSPECIFIED.,.F.,.F.,(7,5,5,5,5,5,5,7),(
    0.,0.191025529061,0.264193288449,0.416106621637,0.640591251165,
    0.7638013112,0.897169266166,1.),.UNSPECIFIED.);
#627 = CARTESIAN_POINT('',(-31.98023823029,6.510962901347,
    12.818979230933));
#628 = CARTESIAN_POINT('',(-31.97980129691,6.527661502194,12.68162020696
    ));
#629 = CARTESIAN_POINT('',(-31.97896060064,6.559569057491,
    12.546078580799));
#630 = CARTESIAN_POINT('',(-31.97770284566,6.606437964687,
    12.414495110457));
#631 = CARTESIAN_POINT('',(-31.97599555945,6.6676179394,12.28888887096)
  );
#632 = CARTESIAN_POINT('',(-31.9737906988,6.74214396861,12.171156541134)
  );
#633 = CARTESIAN_POINT('',(-31.97000034532,6.861801489665,
    12.021573452053));
#634 = CARTESIAN_POINT('',(-31.96887198338,6.896701843797,
    11.981549047468));
#635 = CARTESIAN_POINT('',(-31.96766268054,6.933289261313,
    11.943021263089));
#636 = CARTESIAN_POINT('',(-31.96637043335,6.971483125427,
    11.906078558632));
#637 = CARTESIAN_POINT('',(-31.96499354408,7.011196601864,
    11.870803541484));
#638 = CARTESIAN_POINT('',(-31.96049325077,7.137752950619,11.76765567324
    ));
#639 = CARTESIAN_POINT('',(-31.95708493039,7.229325340815,
    11.705552729763));
#640 = CARTESIAN_POINT('',(-31.95329441214,7.326212979693,
    11.651659802107));
#641 = CARTESIAN_POINT('',(-31.9491185404,7.427486485132,11.606526635286
    ));
#642 = CARTESIAN_POINT('',(-31.94456814766,7.532149188293,11.57057173968
    ));
#643 = CARTESIAN_POINT('',(-31.93243762355,7.797234143875,
    11.504869156635));
#644 = CARTESIAN_POINT('',(-31.92444292735,7.960532358889,
    11.486261740452));
#645 = CARTESIAN_POINT('',(-31.91578570219,8.125480046938,
    11.489157945914));
#646 = CARTESIAN_POINT('',(-31.9066369194,8.28855451973,11.5135319169));
#647 = CARTESIAN_POINT('',(-31.89725066821,8.446353892462,
    11.558736824065));
#648 = CARTESIAN_POINT('',(-31.88280792893,8.677630865773,
    11.658809948194));
#649 = CARTESIAN_POINT('',(-31.87770787872,8.757042584963,
    11.700122550143));
#650 = CARTESIAN_POINT('',(-31.87267476745,8.833385692918,
    11.747054205046));
#651 = CARTESIAN_POINT('',(-31.86776073694,8.906170722243,
    11.799316010524));
#652 = CARTESIAN_POINT('',(-31.8630186801,8.974946031668,11.856564080155
    ));
#653 = CARTESIAN_POINT('',(-31.85360851217,9.108961053108,
    11.985338284651));
#654 = CARTESIAN_POINT('',(-31.84897841354,9.173446012683,
    12.057656610166));
#655 = CARTESIAN_POINT('',(-31.84467464331,9.232234074546,
    12.134852828905));
#656 = CARTESIAN_POINT('',(-31.84075873889,9.284874545395,
    12.216364955435));
#657 = CARTESIAN_POINT('',(-31.83728511289,9.330991528464,
    12.301577714613));
#658 = CARTESIAN_POINT('',(-31.83199388948,9.400586569348,
    12.457869846875));
#659 = CARTESIAN_POINT('',(-31.82997912773,9.426831772257,
    12.527720517102));
#660 = CARTESIAN_POINT('',(-31.82827321838,9.448888032069,
    12.599075417197));
#661 = CARTESIAN_POINT('',(-31.82689216556,9.466650858769,
    12.671620337252));
#662 = CARTESIAN_POINT('',(-31.82584738123,9.480047398868,
    12.745031934418));
#663 = CARTESIAN_POINT('',(-31.82514513241,9.489037098653,
    12.818979230933));
#664 = ORIENTED_EDGE('',*,*,#665,.F.);
#665 = EDGE_CURVE('',#24,#624,#666,.T.);
#666 = ( BOUNDED_CURVE() B_SPLINE_CURVE(10,(#667,#668,#669,#670,#671,
    #672,#673,#674,#675,#676,#677,#678,#679,#680,#681,#682,#683,#684,
    #685,#686,#687,#688,#689,#690,#691,#692,#693,#694,#695,#696,#697,
    #698,#699,#700,#701,#702,#703,#704,#705,#706,#707,#708,#709,#710,
    #711,#712,#713,#714,#715,#716,#717,#718,#719,#720,#721,#722),
.UNSPECIFIED.,.T.,.F.) B_SPLINE_CURVE_WITH_KNOTS((11,9,9,9,9,9,11),(0.,
    59.228168149817,88.842252224725,118.45633629963,148.07042037454,
177.68450444945,236.91267259926),.UNSPECIFIED.) CURVE() 
GEOMETRIC_REPRESENTATION_ITEM() RATIONAL_B_SPLINE_CURVE((1.,1.,1.,1.,1.,
    1.,1.,1.,1.,1.,1.,1.,1.,1.,1.,1.,1.,1.,1.,1.,1.,1.,1.,1.,1.,1.,1.,1.
    ,1.,1.,1.,1.,1.,1.,1.,1.,1.,1.,1.,1.,1.,1.,1.,1.,1.,1.,1.,1.,1.,1.,
1.,1.,1.,1.,1.,1.)) REPRESENTATION_ITEM('') );
#667 = CARTESIAN_POINT('',(2.346553201184E-14,48.,12.278057900508));
#668 = CARTESIAN_POINT('',(-4.95383568894,48.000000000003,
    12.278057900508));
#669 = CARTESIAN_POINT('',(-9.945261465839,46.854990372668,
    12.310596679273));
#670 = CARTESIAN_POINT('',(-14.79777496702,44.535647839392,
    12.376182951866));
#671 = CARTESIAN_POINT('',(-19.32686745731,41.07516324628,
    12.467524212197));
#672 = CARTESIAN_POINT('',(-23.35621706072,36.572400130998,
    12.559623670624));
#673 = CARTESIAN_POINT('',(-26.7345658104,31.184327958794,
    12.647953394333));
#674 = CARTESIAN_POINT('',(-29.34571575825,25.108528342852,
    12.724692058894));
#675 = CARTESIAN_POINT('',(-31.11211393482,18.568289227755,
    12.784516918711));
#676 = CARTESIAN_POINT('',(-31.99636936474,11.79816819408,
    12.818973230933));
#677 = CARTESIAN_POINT('',(-32.0018028298,1.647308841901,12.812445280041
    ));
#678 = CARTESIAN_POINT('',(-31.78345584423,-1.735590623938,
    12.800575328796));
#679 = CARTESIAN_POINT('',(-31.34514005151,-5.088674615735,
    12.777290370458));
#680 = CARTESIAN_POINT('',(-30.68947776198,-8.382960793617,
    12.740799759965));
#681 = CARTESIAN_POINT('',(-29.82148842381,-11.58998992691,
    12.688414698546));
#682 = CARTESIAN_POINT('',(-28.74851550246,-14.68221765046,
    12.618118505444));
#683 = CARTESIAN_POINT('',(-27.48012082364,-17.63338946178,
    12.527045030794));
#684 = CARTESIAN_POINT('',(-26.02794445499,-20.41889740171,
    12.413190533481));
#685 = CARTESIAN_POINT('',(-24.40552735656,-23.01611184774,
    12.28254091055));
#686 = CARTESIAN_POINT('',(-20.85067065293,-27.79323846579,
    12.004845664499));
#687 = CARTESIAN_POINT('',(-18.91823104902,-29.97315064081,
    11.857854675514));
#688 = CARTESIAN_POINT('',(-16.84600965944,-31.92405405001,
    11.711015715458));
#689 = CARTESIAN_POINT('',(-14.65092450935,-33.62786313899,
    11.577070105538));
#690 = CARTESIAN_POINT('',(-12.35136964232,-35.06905825433,
    11.465468648479));
#691 = CARTESIAN_POINT('',(-9.966967949396,-36.23494223445,
    11.377279362147));
#692 = CARTESIAN_POINT('',(-7.518290223805,-37.11584792055,
    11.310989635312));
#693 = CARTESIAN_POINT('',(-5.026548245745,-37.7052826389,
    11.267490888861));
#694 = CARTESIAN_POINT('',(-2.513274122271,-37.9999999943,
    11.245603749365));
#695 = CARTESIAN_POINT('',(2.513274122271,-37.9999999943,11.245603749365
    ));
#696 = CARTESIAN_POINT('',(5.026548245744,-37.7052826389,11.267490888861
    ));
#697 = CARTESIAN_POINT('',(7.518290223806,-37.11584792055,
    11.310989635311));
#698 = CARTESIAN_POINT('',(9.966967949396,-36.23494223446,
    11.377279362147));
#699 = CARTESIAN_POINT('',(12.351369642325,-35.06905825432,
    11.465468648478));
#700 = CARTESIAN_POINT('',(14.650924509361,-33.627863139,11.577070105538
    ));
#701 = CARTESIAN_POINT('',(16.846009659438,-31.92405405001,
    11.711015715458));
#702 = CARTESIAN_POINT('',(18.918231049022,-29.97315064081,
    11.857854675514));
#703 = CARTESIAN_POINT('',(20.85067065293,-27.79323846579,
    12.004845664499));
#704 = CARTESIAN_POINT('',(24.405527356566,-23.01611184774,
    12.28254091055));
#705 = CARTESIAN_POINT('',(26.027944454995,-20.4188974017,
    12.413190533482));
#706 = CARTESIAN_POINT('',(27.48012082364,-17.63338946178,
    12.527045030794));
#707 = CARTESIAN_POINT('',(28.748515502467,-14.68221765046,
    12.618118505444));
#708 = CARTESIAN_POINT('',(29.821488423816,-11.58998992691,
    12.688414698546));
#709 = CARTESIAN_POINT('',(30.689477761982,-8.38296079362,
    12.740799759965));
#710 = CARTESIAN_POINT('',(31.345140051517,-5.088674615732,
    12.777290370458));
#711 = CARTESIAN_POINT('',(31.783455844237,-1.73559062394,
    12.800575328796));
#712 = CARTESIAN_POINT('',(32.0018028298,1.647308841901,12.812445280041)
  );
#713 = CARTESIAN_POINT('',(31.996369364741,11.798168194079,
    12.818973230933));
#714 = CARTESIAN_POINT('',(31.112113934821,18.568289227759,
    12.78451691871));
#715 = CARTESIAN_POINT('',(29.345715758253,25.108528342845,
    12.724692058901));
#716 = CARTESIAN_POINT('',(26.734565810409,31.184327958804,
    12.647953394314));
#717 = CARTESIAN_POINT('',(23.356217060708,36.572400130991,
    12.559623670655));
#718 = CARTESIAN_POINT('',(19.326867457334,41.075163246282,
    12.467524212165));
#719 = CARTESIAN_POINT('',(14.797774967018,44.535647839396,
    12.376182951886));
#720 = CARTESIAN_POINT('',(9.945261465842,46.854990372665,
    12.310596679265));
#721 = CARTESIAN_POINT('',(4.953835688939,48.000000000004,
    12.278057900507));
#722 = CARTESIAN_POINT('',(3.250733016102E-13,48.,12.278057900509));
#723 = ORIENTED_EDGE('',*,*,#21,.F.);
#724 = ORIENTED_EDGE('',*,*,#725,.T.);
#725 = EDGE_CURVE('',#22,#726,#728,.T.);
#726 = VERTEX_POINT('',#727);
#727 = CARTESIAN_POINT('',(-27.7128129211,26.500000000001,3.));
#728 = ELLIPSE('',#729,43.,32.);
#729 = AXIS2_PLACEMENT_3D('',#730,#731,#732);
#730 = CARTESIAN_POINT('',(0.,5.,3.));
#731 = DIRECTION('',(0.,-0.,1.));
#732 = DIRECTION('',(0.,1.,0.));
#733 = ORIENTED_EDGE('',*,*,#734,.T.);
#734 = EDGE_CURVE('',#726,#735,#737,.T.);
#735 = VERTEX_POINT('',#736);
#736 = CARTESIAN_POINT('',(-27.71281297384,26.5,11.));
#737 = B_SPLINE_CURVE_WITH_KNOTS('',4,(#738,#739,#740,#741,#742),
  .UNSPECIFIED.,.F.,.F.,(5,5),(0.,1.),.PIECEWISE_BEZIER_KNOTS.);
#738 = CARTESIAN_POINT('',(-27.71281297384,26.5,3.));
#739 = CARTESIAN_POINT('',(-27.71281297384,26.5,5.));
#740 = CARTESIAN_POINT('',(-27.71281297384,26.5,7.));
#741 = CARTESIAN_POINT('',(-27.71281297384,26.5,9.));
#742 = CARTESIAN_POINT('',(-27.71281297384,26.5,11.));
#743 = ORIENTED_EDGE('',*,*,#744,.F.);
#744 = EDGE_CURVE('',#745,#735,#747,.T.);
#745 = VERTEX_POINT('',#746);
#746 = CARTESIAN_POINT('',(-29.55037135805,21.5,11.));
#747 = B_SPLINE_CURVE_WITH_KNOTS('',4,(#748,#749,#750,#751,#752),
  .UNSPECIFIED.,.F.,.F.,(5,5),(0.,1.),.PIECEWISE_BEZIER_KNOTS.);
#748 = CARTESIAN_POINT('',(-29.55037135805,21.5,11.));
#749 = CARTESIAN_POINT('',(-29.15674901368,22.772904159385,11.));
#750 = CARTESIAN_POINT('',(-28.71979510915,24.032396275547,11.));
#751 = CARTESIAN_POINT('',(-28.23877494529,25.275853342176,11.));
#752 = CARTESIAN_POINT('',(-27.71281297384,26.5,11.));
#753 = ORIENTED_EDGE('',*,*,#754,.F.);
#754 = EDGE_CURVE('',#755,#745,#757,.T.);
#755 = VERTEX_POINT('',#756);
#756 = CARTESIAN_POINT('',(-29.5503713284,21.499999999999,3.));
#757 = B_SPLINE_CURVE_WITH_KNOTS('',4,(#758,#759,#760,#761,#762),
  .UNSPECIFIED.,.F.,.F.,(5,5),(0.,1.),.PIECEWISE_BEZIER_KNOTS.);
#758 = CARTESIAN_POINT('',(-29.55037135805,21.5,3.));
#759 = CARTESIAN_POINT('',(-29.55037135805,21.5,5.));
#760 = CARTESIAN_POINT('',(-29.55037135805,21.5,7.));
#761 = CARTESIAN_POINT('',(-29.55037135805,21.5,9.));
#762 = CARTESIAN_POINT('',(-29.55037135805,21.5,11.));
#763 = ORIENTED_EDGE('',*,*,#764,.T.);
#764 = EDGE_CURVE('',#755,#765,#767,.T.);
#765 = VERTEX_POINT('',#766);
#766 = CARTESIAN_POINT('',(-29.55037132839,-11.5,3.));
#767 = ELLIPSE('',#768,43.,32.);
#768 = AXIS2_PLACEMENT_3D('',#769,#770,#771);
#769 = CARTESIAN_POINT('',(0.,5.,3.));
#770 = DIRECTION('',(0.,-0.,1.));
#771 = DIRECTION('',(0.,1.,0.));
#772 = ORIENTED_EDGE('',*,*,#773,.T.);
#773 = EDGE_CURVE('',#765,#774,#776,.T.);
#774 = VERTEX_POINT('',#775);
#775 = CARTESIAN_POINT('',(-29.55037134996,-11.5,11.));
#776 = B_SPLINE_CURVE_WITH_KNOTS('',4,(#777,#778,#779,#780,#781),
  .UNSPECIFIED.,.F.,.F.,(5,5),(0.,1.),.PIECEWISE_BEZIER_KNOTS.);
#777 = CARTESIAN_POINT('',(-29.55037134996,-11.5,3.));
#778 = CARTESIAN_POINT('',(-29.55037134996,-11.5,5.));
#779 = CARTESIAN_POINT('',(-29.55037134996,-11.5,7.));
#780 = CARTESIAN_POINT('',(-29.55037134996,-11.5,9.));
#781 = CARTESIAN_POINT('',(-29.55037134996,-11.5,11.));
#782 = ORIENTED_EDGE('',*,*,#783,.F.);
#783 = EDGE_CURVE('',#784,#774,#786,.T.);
#784 = VERTEX_POINT('',#785);
#785 = CARTESIAN_POINT('',(-27.71281296179,-16.5,11.));
#786 = B_SPLINE_CURVE_WITH_KNOTS('',4,(#787,#788,#789,#790,#791),
  .UNSPECIFIED.,.F.,.F.,(5,5),(0.,1.),.PIECEWISE_BEZIER_KNOTS.);
#787 = CARTESIAN_POINT('',(-27.71281296179,-16.5,11.));
#788 = CARTESIAN_POINT('',(-28.23877493297,-15.27585334171,11.));
#789 = CARTESIAN_POINT('',(-28.71979509764,-14.03239627509,11.));
#790 = CARTESIAN_POINT('',(-29.15674900374,-12.77290415915,11.));
#791 = CARTESIAN_POINT('',(-29.55037134996,-11.5,11.));
#792 = ORIENTED_EDGE('',*,*,#793,.F.);
#793 = EDGE_CURVE('',#794,#784,#796,.T.);
#794 = VERTEX_POINT('',#795);
#795 = CARTESIAN_POINT('',(-27.7128129211,-16.5,3.));
#796 = B_SPLINE_CURVE_WITH_KNOTS('',4,(#797,#798,#799,#800,#801),
  .UNSPECIFIED.,.F.,.F.,(5,5),(0.,1.),.PIECEWISE_BEZIER_KNOTS.);
#797 = CARTESIAN_POINT('',(-27.71281296179,-16.5,3.));
#798 = CARTESIAN_POINT('',(-27.71281296179,-16.5,5.));
#799 = CARTESIAN_POINT('',(-27.71281296179,-16.5,7.));
#800 = CARTESIAN_POINT('',(-27.71281296179,-16.5,9.));
#801 = CARTESIAN_POINT('',(-27.71281296179,-16.5,11.));
#802 = ORIENTED_EDGE('',*,*,#803,.T.);
#803 = EDGE_CURVE('',#794,#804,#806,.T.);
#804 = VERTEX_POINT('',#805);
#805 = CARTESIAN_POINT('',(27.712812921102,-16.5,3.));
#806 = ELLIPSE('',#807,43.,32.);
#807 = AXIS2_PLACEMENT_3D('',#808,#809,#810);
#808 = CARTESIAN_POINT('',(0.,5.,3.));
#809 = DIRECTION('',(0.,-0.,1.));
#810 = DIRECTION('',(0.,1.,0.));
#811 = ORIENTED_EDGE('',*,*,#812,.T.);
#812 = EDGE_CURVE('',#804,#813,#815,.T.);
#813 = VERTEX_POINT('',#814);
#814 = CARTESIAN_POINT('',(27.712812961797,-16.5,11.));
#815 = B_SPLINE_CURVE_WITH_KNOTS('',4,(#816,#817,#818,#819,#820),
  .UNSPECIFIED.,.F.,.F.,(5,5),(0.,1.),.PIECEWISE_BEZIER_KNOTS.);
#816 = CARTESIAN_POINT('',(27.712812961797,-16.5,3.));
#817 = CARTESIAN_POINT('',(27.712812961797,-16.5,5.));
#818 = CARTESIAN_POINT('',(27.712812961797,-16.5,7.));
#819 = CARTESIAN_POINT('',(27.712812961797,-16.5,9.));
#820 = CARTESIAN_POINT('',(27.712812961797,-16.5,11.));
#821 = ORIENTED_EDGE('',*,*,#822,.F.);
#822 = EDGE_CURVE('',#823,#813,#825,.T.);
#823 = VERTEX_POINT('',#824);
#824 = CARTESIAN_POINT('',(29.550371349963,-11.5,11.));
#825 = B_SPLINE_CURVE_WITH_KNOTS('',4,(#826,#827,#828,#829,#830),
  .UNSPECIFIED.,.F.,.F.,(5,5),(0.,1.),.PIECEWISE_BEZIER_KNOTS.);
#826 = CARTESIAN_POINT('',(29.550371349963,-11.5,11.));
#827 = CARTESIAN_POINT('',(29.156749003747,-12.77290415915,11.));
#828 = CARTESIAN_POINT('',(28.719795097648,-14.03239627509,11.));
#829 = CARTESIAN_POINT('',(28.238774932975,-15.27585334171,11.));
#830 = CARTESIAN_POINT('',(27.712812961797,-16.5,11.));
#831 = ORIENTED_EDGE('',*,*,#832,.F.);
#832 = EDGE_CURVE('',#833,#823,#835,.T.);
#833 = VERTEX_POINT('',#834);
#834 = CARTESIAN_POINT('',(29.550371328399,-11.5,3.));
#835 = B_SPLINE_CURVE_WITH_KNOTS('',4,(#836,#837,#838,#839,#840),
  .UNSPECIFIED.,.F.,.F.,(5,5),(0.,1.),.PIECEWISE_BEZIER_KNOTS.);
#836 = CARTESIAN_POINT('',(29.550371349963,-11.5,3.));
#837 = CARTESIAN_POINT('',(29.550371349963,-11.5,5.));
#838 = CARTESIAN_POINT('',(29.550371349963,-11.5,7.));
#839 = CARTESIAN_POINT('',(29.550371349963,-11.5,9.));
#840 = CARTESIAN_POINT('',(29.550371349963,-11.5,11.));
#841 = ORIENTED_EDGE('',*,*,#842,.T.);
#842 = EDGE_CURVE('',#833,#843,#845,.T.);
#843 = VERTEX_POINT('',#844);
#844 = CARTESIAN_POINT('',(29.5503713284,21.499999999999,3.));
#845 = ELLIPSE('',#846,43.,32.);
#846 = AXIS2_PLACEMENT_3D('',#847,#848,#849);
#847 = CARTESIAN_POINT('',(0.,5.,3.));
#848 = DIRECTION('',(0.,-0.,1.));
#849 = DIRECTION('',(0.,1.,0.));
#850 = ORIENTED_EDGE('',*,*,#851,.T.);
#851 = EDGE_CURVE('',#843,#852,#854,.T.);
#852 = VERTEX_POINT('',#853);
#853 = CARTESIAN_POINT('',(29.550371358054,21.5,11.));
#854 = B_SPLINE_CURVE_WITH_KNOTS('',4,(#855,#856,#857,#858,#859),
  .UNSPECIFIED.,.F.,.F.,(5,5),(0.,1.),.PIECEWISE_BEZIER_KNOTS.);
#855 = CARTESIAN_POINT('',(29.550371358054,21.5,3.));
#856 = CARTESIAN_POINT('',(29.550371358054,21.5,5.));
#857 = CARTESIAN_POINT('',(29.550371358054,21.5,7.));
#858 = CARTESIAN_POINT('',(29.550371358054,21.5,9.));
#859 = CARTESIAN_POINT('',(29.550371358054,21.5,11.));
#860 = ORIENTED_EDGE('',*,*,#861,.F.);
#861 = EDGE_CURVE('',#862,#852,#864,.T.);
#862 = VERTEX_POINT('',#863);
#863 = CARTESIAN_POINT('',(27.712812973849,26.5,11.));
#864 = B_SPLINE_CURVE_WITH_KNOTS('',4,(#865,#866,#867,#868,#869),
  .UNSPECIFIED.,.F.,.F.,(5,5),(0.,1.),.PIECEWISE_BEZIER_KNOTS.);
#865 = CARTESIAN_POINT('',(27.712812973849,26.5,11.));
#866 = CARTESIAN_POINT('',(28.238774945294,25.275853342176,11.));
#867 = CARTESIAN_POINT('',(28.719795109156,24.032396275547,11.));
#868 = CARTESIAN_POINT('',(29.156749013686,22.772904159385,11.));
#869 = CARTESIAN_POINT('',(29.550371358054,21.5,11.));
#870 = ORIENTED_EDGE('',*,*,#871,.F.);
#871 = EDGE_CURVE('',#872,#862,#874,.T.);
#872 = VERTEX_POINT('',#873);
#873 = CARTESIAN_POINT('',(27.712812921101,26.500000000001,3.));
#874 = B_SPLINE_CURVE_WITH_KNOTS('',4,(#875,#876,#877,#878,#879),
  .UNSPECIFIED.,.F.,.F.,(5,5),(0.,1.),.PIECEWISE_BEZIER_KNOTS.);
#875 = CARTESIAN_POINT('',(27.712812973849,26.5,3.));
#876 = CARTESIAN_POINT('',(27.712812973849,26.5,5.));
#877 = CARTESIAN_POINT('',(27.712812973849,26.5,7.));
#878 = CARTESIAN_POINT('',(27.712812973849,26.5,9.));
#879 = CARTESIAN_POINT('',(27.712812973849,26.5,11.));
#880 = ORIENTED_EDGE('',*,*,#881,.T.);
#881 = EDGE_CURVE('',#872,#22,#882,.T.);
#882 = ELLIPSE('',#883,43.,32.);
#883 = AXIS2_PLACEMENT_3D('',#884,#885,#886);
#884 = CARTESIAN_POINT('',(0.,5.,3.));
#885 = DIRECTION('',(0.,-0.,1.));
#886 = DIRECTION('',(0.,1.,0.));
#887 = FACE_BOUND('',#888,.T.);
#888 = EDGE_LOOP('',(#889,#946));
#889 = ORIENTED_EDGE('',*,*,#890,.T.);
#890 = EDGE_CURVE('',#891,#893,#895,.T.);
#891 = VERTEX_POINT('',#892);
#892 = CARTESIAN_POINT('',(-31.92202501819,8.,9.5));
#893 = VERTEX_POINT('',#894);
#894 = CARTESIAN_POINT('',(-31.95914147476,7.172255402579,6.749064797265
    ));
#895 = B_SPLINE_CURVE_WITH_KNOTS('',7,(#896,#897,#898,#899,#900,#901,
    #902,#903,#904,#905,#906,#907,#908,#909,#910,#911,#912,#913,#914,
    #915,#916,#917,#918,#919,#920,#921,#922,#923,#924,#925,#926,#927,
    #928,#929,#930,#931,#932,#933,#934,#935,#936,#937,#938,#939,#940,
    #941,#942,#943,#944,#945),.UNSPECIFIED.,.F.,.F.,(8,6,6,6,6,6,6,6,8),
  (0.,0.27099820165,0.353337918898,0.438051219159,0.49325531624,
    0.615895572927,0.771689647877,0.847643755394,1.),.UNSPECIFIED.);
#896 = CARTESIAN_POINT('',(-31.92202501819,8.,9.5));
#897 = CARTESIAN_POINT('',(-31.92975774801,7.851427310152,9.5));
#898 = CARTESIAN_POINT('',(-31.93704563539,7.702775361628,9.482831318981
    ));
#899 = CARTESIAN_POINT('',(-31.94375884465,7.556530746072,9.448461937581
    ));
#900 = CARTESIAN_POINT('',(-31.94981829357,7.415071435631,9.397341580709
    ));
#901 = CARTESIAN_POINT('',(-31.95519314287,7.280646283527,9.330283933493
    ));
#902 = CARTESIAN_POINT('',(-31.95988798485,7.155368943911,9.248466686986
    ));
#903 = CARTESIAN_POINT('',(-31.96515579327,7.00641311127,9.124643327584)
  );
#904 = CARTESIAN_POINT('',(-31.96632303669,6.972716457907,9.094571311572
    ));
#905 = CARTESIAN_POINT('',(-31.96743075658,6.940086424648,9.063325665968
    ));
#906 = CARTESIAN_POINT('',(-31.96847988557,6.908571921046,9.030952141927
    ));
#907 = CARTESIAN_POINT('',(-31.96947147792,6.87821925303,8.997498897082)
  );
#908 = CARTESIAN_POINT('',(-31.97040670947,6.849072122908,8.963016495553
    ));
#909 = CARTESIAN_POINT('',(-31.97219241822,6.79246685643,8.891077165965)
  );
#910 = CARTESIAN_POINT('',(-31.97303963108,6.765081422625,8.853562843207
    ));
#911 = CARTESIAN_POINT('',(-31.97382992897,6.739060046712,8.815072643888
    ));
#912 = CARTESIAN_POINT('',(-31.97456471771,6.714444071809,8.775666257271
    ));
#913 = CARTESIAN_POINT('',(-31.97524539627,6.691271465388,8.735405357664
    ));
#914 = CARTESIAN_POINT('',(-31.97587335671,6.669576819272,8.694353604413
    ));
#915 = CARTESIAN_POINT('',(-31.97682574812,6.636237327521,8.625352351434
    ));
#916 = CARTESIAN_POINT('',(-31.97717970184,6.623724147112,8.597820001878
    ));
#917 = CARTESIAN_POINT('',(-31.97751221912,6.611860419584,8.569997706306
    ));
#918 = CARTESIAN_POINT('',(-31.97782365415,6.600654101877,8.54190382207)
  );
#919 = CARTESIAN_POINT('',(-31.97811434159,6.590112496697,8.51355695082)
  );
#920 = CARTESIAN_POINT('',(-31.97838459654,6.580242252516,8.484975938496
    ));
#921 = CARTESIAN_POINT('',(-31.97919037143,6.55062663557,8.392207149314)
  );
#922 = CARTESIAN_POINT('',(-31.97964663174,6.53354671929,8.327172172914)
  );
#923 = CARTESIAN_POINT('',(-31.98000670381,6.519875562342,8.261285198179
    ));
#924 = CARTESIAN_POINT('',(-31.98027312543,6.509662459676,8.194759738078
    ));
#925 = CARTESIAN_POINT('',(-31.98044766256,6.502940022197,8.127811991062
    ));
#926 = CARTESIAN_POINT('',(-31.9805312078,6.499724145372,8.060660265623)
  );
#927 = CARTESIAN_POINT('',(-31.98051411514,6.500382161853,7.908239445356
    ));
#928 = CARTESIAN_POINT('',(-31.98035755704,6.506407845463,7.822976104833
    ));
#929 = CARTESIAN_POINT('',(-31.980054035,6.518088790415,7.738186743105)
  );
#930 = CARTESIAN_POINT('',(-31.97960093576,6.535379276871,7.654318373092
    ));
#931 = CARTESIAN_POINT('',(-31.97899344352,6.558190275628,7.571810656453
    ));
#932 = CARTESIAN_POINT('',(-31.97822498082,6.586389620339,7.491093899208
    ));
#933 = CARTESIAN_POINT('',(-31.97683067342,6.636091766662,7.37431269152)
  );
#934 = CARTESIAN_POINT('',(-31.97633357398,6.653620681575,7.336562902594
    ));
#935 = CARTESIAN_POINT('',(-31.97579541616,6.672368725781,7.299385915258
    ));
#936 = CARTESIAN_POINT('',(-31.97521523715,6.692313457227,7.262828814381
    ));
#937 = CARTESIAN_POINT('',(-31.97459204627,6.713430190491,7.226937535041
    ));
#938 = CARTESIAN_POINT('',(-31.97392482501,6.73569199678,7.191756862521)
  );
#939 = CARTESIAN_POINT('',(-31.97178372941,6.80596301604,7.088274501132)
  );
#940 = CARTESIAN_POINT('',(-31.97017355295,6.857348169434,7.02225090819)
  );
#941 = CARTESIAN_POINT('',(-31.96837389671,6.912987667743,6.959614033018
    ));
#942 = CARTESIAN_POINT('',(-31.96637671064,6.972612413683,6.900691949338
    ));
#943 = CARTESIAN_POINT('',(-31.96417500693,7.035922768673,6.845784720295
    ));
#944 = CARTESIAN_POINT('',(-31.96176387139,7.10258961243,6.795162693699)
  );
#945 = CARTESIAN_POINT('',(-31.95914147476,7.172255402579,6.749064797265
    ));
#946 = ORIENTED_EDGE('',*,*,#947,.T.);
#947 = EDGE_CURVE('',#893,#891,#948,.T.);
#948 = B_SPLINE_CURVE_WITH_KNOTS('',6,(#949,#950,#951,#952,#953,#954,
    #955,#956,#957,#958,#959,#960,#961,#962,#963,#964,#965,#966,#967,
    #968,#969,#970,#971,#972,#973,#974,#975,#976,#977,#978,#979,#980,
    #981,#982,#983,#984,#985,#986,#987,#988,#989,#990,#991,#992,#993,
    #994,#995),.UNSPECIFIED.,.F.,.F.,(7,5,5,5,5,5,5,5,5,7),(0.,
    0.147590946185,0.293574190351,0.36429274404,0.469444582161,
    0.577873025048,0.687677726932,0.792920294987,0.878874639046,1.),
  .UNSPECIFIED.);
#949 = CARTESIAN_POINT('',(-31.95914147476,7.172255402579,6.749064797265
    ));
#950 = CARTESIAN_POINT('',(-31.95482001002,7.287058118277,6.673099769277
    ));
#951 = CARTESIAN_POINT('',(-31.94990750023,7.410262896219,6.609753880322
    ));
#952 = CARTESIAN_POINT('',(-31.94439556312,7.540085456291,6.560228737752
    ));
#953 = CARTESIAN_POINT('',(-31.93830111392,7.674573768884,6.525324502395
    ));
#954 = CARTESIAN_POINT('',(-31.93168241717,7.811678470989,6.505515070492
    ));
#955 = CARTESIAN_POINT('',(-31.91768117982,8.085341713787,6.496252549218
    ));
#956 = CARTESIAN_POINT('',(-31.91030819286,8.221881132268,6.506471432456
    ));
#957 = CARTESIAN_POINT('',(-31.90262378747,8.35683408679,6.53156540492)
  );
#958 = CARTESIAN_POINT('',(-31.89476290344,8.488217162449,6.57120151781)
  );
#959 = CARTESIAN_POINT('',(-31.88689445831,8.614115978645,6.624738099296
    ));
#960 = CARTESIAN_POINT('',(-31.87547524033,8.790213153897,6.723324324694
    ));
#961 = CARTESIAN_POINT('',(-31.87178958393,8.845980373927,6.758521955505
    ));
#962 = CARTESIAN_POINT('',(-31.86816538435,8.899848195993,6.796631598607
    ));
#963 = CARTESIAN_POINT('',(-31.86462370571,8.95162903621,6.837524111645)
  );
#964 = CARTESIAN_POINT('',(-31.86118558081,9.001147308465,6.881054695953
    ));
#965 = CARTESIAN_POINT('',(-31.85294371545,9.118262434392,6.995474098636
    ));
#966 = CARTESIAN_POINT('',(-31.8482899076,9.1829253914,7.069367184327));
#967 = CARTESIAN_POINT('',(-31.84397757157,9.241690414663,7.148213435838
    ));
#968 = CARTESIAN_POINT('',(-31.84007028573,9.294094292621,7.231423413253
    ));
#969 = CARTESIAN_POINT('',(-31.83662387746,9.339753293274,7.31835229524)
  );
#970 = CARTESIAN_POINT('',(-31.83064969517,9.41818472159,7.501060049967)
  );
#971 = CARTESIAN_POINT('',(-31.82815361681,9.450514496999,7.597037967676
    ));
#972 = CARTESIAN_POINT('',(-31.82624321105,9.47502814038,7.695474052485)
  );
#973 = CARTESIAN_POINT('',(-31.82495299142,9.491503534832,7.795572889573
    ));
#974 = CARTESIAN_POINT('',(-31.82430119946,9.499827431516,7.896515640136
    ));
#975 = CARTESIAN_POINT('',(-31.82427433721,9.500170456522,8.099701019321
    ));
#976 = CARTESIAN_POINT('',(-31.82491557473,9.491981285965,8.201953367837
    ));
#977 = CARTESIAN_POINT('',(-31.82621201468,9.475429469635,8.303357585485
    ));
#978 = CARTESIAN_POINT('',(-31.82814491514,9.450631215392,8.403062984746
    ));
#979 = CARTESIAN_POINT('',(-31.83067841356,9.417817261348,8.500243414573
    ));
#980 = CARTESIAN_POINT('',(-31.83671668155,9.338525512748,8.684067587374
    ));
#981 = CARTESIAN_POINT('',(-31.84017699136,9.292668946399,8.770988755257
    ));
#982 = CARTESIAN_POINT('',(-31.84409798778,9.240062639533,8.854172213031
    ));
#983 = CARTESIAN_POINT('',(-31.84842356408,9.181092505133,8.932972190589
    ));
#984 = CARTESIAN_POINT('',(-31.85308987804,9.116224102741,9.006798633323
    ));
#985 = CARTESIAN_POINT('',(-31.86206324441,8.988643229202,9.13092351041)
  );
#986 = CARTESIAN_POINT('',(-31.86627959535,8.927711954482,9.183056907972
    ));
#987 = CARTESIAN_POINT('',(-31.87064140484,8.863498495527,9.231235138191
    ));
#988 = CARTESIAN_POINT('',(-31.87511068484,8.796323643753,9.275204594539
    ));
#989 = CARTESIAN_POINT('',(-31.87964968688,8.726533424797,9.314746601259
    ));
#990 = CARTESIAN_POINT('',(-31.89066593995,8.552985654267,9.398904824696
    ));
#991 = CARTESIAN_POINT('',(-31.89717665734,8.447008865184,9.438979632273
    ));
#992 = CARTESIAN_POINT('',(-31.90365312543,8.337604389605,9.469391102897
    ));
#993 = CARTESIAN_POINT('',(-31.91000243832,8.225868455714,9.489795427905
    ));
#994 = CARTESIAN_POINT('',(-31.91614679936,8.112941070467,9.5));
#995 = CARTESIAN_POINT('',(-31.92202501819,8.,9.5));
#996 = FACE_BOUND('',#997,.T.);
#997 = EDGE_LOOP('',(#998,#1052));
#998 = ORIENTED_EDGE('',*,*,#999,.T.);
#999 = EDGE_CURVE('',#1000,#1002,#1004,.T.);
#1000 = VERTEX_POINT('',#1001);
#1001 = CARTESIAN_POINT('',(-31.96536790973,3.,9.5));
#1002 = VERTEX_POINT('',#1003);
#1003 = CARTESIAN_POINT('',(-31.98810649174,3.82774459655,6.749064796689
    ));
#1004 = B_SPLINE_CURVE_WITH_KNOTS('',6,(#1005,#1006,#1007,#1008,#1009,
    #1010,#1011,#1012,#1013,#1014,#1015,#1016,#1017,#1018,#1019,#1020,
    #1021,#1022,#1023,#1024,#1025,#1026,#1027,#1028,#1029,#1030,#1031,
    #1032,#1033,#1034,#1035,#1036,#1037,#1038,#1039,#1040,#1041,#1042,
    #1043,#1044,#1045,#1046,#1047,#1048,#1049,#1050,#1051),
  .UNSPECIFIED.,.F.,.F.,(7,5,5,5,5,5,5,5,5,7),(0.,0.118930140995,
    0.208380688926,0.307584888319,0.421782706759,0.535498959583,
    0.615245870255,0.681489209738,0.843146584317,1.),.UNSPECIFIED.);
#1005 = CARTESIAN_POINT('',(-31.96536790973,3.,9.5));
#1006 = CARTESIAN_POINT('',(-31.96152378151,2.889060921416,9.5));
#1007 = CARTESIAN_POINT('',(-31.9574236033,2.778132891841,9.49015400734)
  );
#1008 = CARTESIAN_POINT('',(-31.95310575976,2.668324983321,9.47046578934
    ));
#1009 = CARTESIAN_POINT('',(-31.94862480503,2.560719792952,
    9.441110034933));
#1010 = CARTESIAN_POINT('',(-31.94405048107,2.456367374047,
    9.402407126904));
#1011 = CARTESIAN_POINT('',(-31.93601050032,2.280978532898,
    9.319073953729));
#1012 = CARTESIAN_POINT('',(-31.93255072342,2.208087491119,
    9.278286924264));
#1013 = CARTESIAN_POINT('',(-31.9291157654,2.138013706358,9.232688764154
    ));
#1014 = CARTESIAN_POINT('',(-31.9257413677,2.071148839842,9.182526553273
    ));
#1015 = CARTESIAN_POINT('',(-31.92246402863,2.007854286055,
    9.128088495857));
#1016 = CARTESIAN_POINT('',(-31.91583173856,1.882587788536,
    9.004948736594));
#1017 = CARTESIAN_POINT('',(-31.91250710356,1.821509354205,
    8.935335659463));
#1018 = CARTESIAN_POINT('',(-31.90939400542,1.765673321564,
    8.861310267912));
#1019 = CARTESIAN_POINT('',(-31.90653881779,1.715468475263,8.78336748435
    ));
#1020 = CARTESIAN_POINT('',(-31.90398295346,1.67122042896,8.702045568653
    ));
#1021 = CARTESIAN_POINT('',(-31.89920130511,1.5894096508,8.521084487301)
  );
#1022 = CARTESIAN_POINT('',(-31.89708353742,1.553864546902,8.42052611902
    ));
#1023 = CARTESIAN_POINT('',(-31.89545862114,1.526950353624,
    8.317131932361));
#1024 = CARTESIAN_POINT('',(-31.89436345487,1.508934060825,
    8.211825156237));
#1025 = CARTESIAN_POINT('',(-31.89381755084,1.499950558884,
    8.105557582946));
#1026 = CARTESIAN_POINT('',(-31.89382356755,1.500049558834,
    7.893490004095));
#1027 = CARTESIAN_POINT('',(-31.89437086948,1.509056034091,
    7.787679004852));
#1028 = CARTESIAN_POINT('',(-31.89546268329,1.527018396924,
    7.682824980795));
#1029 = CARTESIAN_POINT('',(-31.89707970693,1.553803147681,
    7.579867661291));
#1030 = CARTESIAN_POINT('',(-31.89918554269,1.589146903382,
    7.479718683023));
#1031 = CARTESIAN_POINT('',(-31.90351287154,1.663172851025,
    7.315601854803));
#1032 = CARTESIAN_POINT('',(-31.90551200827,1.69770524354,7.249759258639
    ));
#1033 = CARTESIAN_POINT('',(-31.90770906543,1.736121757718,
    7.186023525987));
#1034 = CARTESIAN_POINT('',(-31.91008335976,1.778260357759,
    7.124678109353));
#1035 = CARTESIAN_POINT('',(-31.91261188254,1.82393201896,7.065989312044
    ));
#1036 = CARTESIAN_POINT('',(-31.91747837882,1.913615636218,
    6.963866676036));
#1037 = CARTESIAN_POINT('',(-31.91977623269,1.956599816295,6.91953161939
    ));
#1038 = CARTESIAN_POINT('',(-31.92214953819,2.001750661927,6.87734185177
    ));
#1039 = CARTESIAN_POINT('',(-31.924583897,2.048934395008,6.837428165258)
  );
#1040 = CARTESIAN_POINT('',(-31.92706473329,2.098006870657,
    6.799910128738));
#1041 = CARTESIAN_POINT('',(-31.93570883725,2.272800061882,
    6.679449340211));
#1042 = CARTESIAN_POINT('',(-31.94203125661,2.407144991704,
    6.608893398495));
#1043 = CARTESIAN_POINT('',(-31.94833095255,2.549558332024,6.55484908628
    ));
#1044 = CARTESIAN_POINT('',(-31.95440753838,2.697502124995,
    6.518375871144));
#1045 = CARTESIAN_POINT('',(-31.96010879462,2.848293064436,
    6.500090149044));
#1046 = CARTESIAN_POINT('',(-31.9704096927,3.145437277079,6.499913054793
    ));
#1047 = CARTESIAN_POINT('',(-31.97503665594,3.291778398336,
    6.516956259551));
#1048 = CARTESIAN_POINT('',(-31.97912943612,3.435574687022,
    6.551130114011));
#1049 = CARTESIAN_POINT('',(-31.98265499429,3.574368798003,
    6.601914580353));
#1050 = CARTESIAN_POINT('',(-31.98563171889,3.705806724088,
    6.668378431178));
#1051 = CARTESIAN_POINT('',(-31.98810649174,3.82774459655,6.749064796689
    ));
#1052 = ORIENTED_EDGE('',*,*,#1053,.T.);
#1053 = EDGE_CURVE('',#1002,#1000,#1054,.T.);
#1054 = B_SPLINE_CURVE_WITH_KNOTS('',6,(#1055,#1056,#1057,#1058,#1059,
    #1060,#1061,#1062,#1063,#1064,#1065,#1066,#1067,#1068,#1069,#1070,
    #1071,#1072,#1073,#1074,#1075,#1076,#1077,#1078,#1079,#1080,#1081,
    #1082,#1083,#1084,#1085,#1086,#1087,#1088,#1089,#1090,#1091,#1092,
    #1093,#1094,#1095,#1096,#1097,#1098,#1099,#1100,#1101),
  .UNSPECIFIED.,.F.,.F.,(7,5,5,5,5,5,5,5,5,7),(0.,0.141234062602,
    0.218382489825,0.267782012804,0.38824694071,0.522627397245,
    0.581722915462,0.676403728326,0.771074624047,1.),.UNSPECIFIED.);
#1055 = CARTESIAN_POINT('',(-31.98810649174,3.82774459655,6.749064796689
    ));
#1056 = CARTESIAN_POINT('',(-31.98963592568,3.903103399855,
    6.798929763374));
#1057 = CARTESIAN_POINT('',(-31.99097390915,3.974846773851,
    6.854235642288));
#1058 = CARTESIAN_POINT('',(-31.99213164023,4.042478146221,
    6.914648506671));
#1059 = CARTESIAN_POINT('',(-31.99312476337,4.105549695373,
    6.979780362164));
#1060 = CARTESIAN_POINT('',(-31.99397090421,4.163664725504,7.04919320931
    ));
#1061 = CARTESIAN_POINT('',(-31.99507848001,4.245330154014,
    7.162393659953));
#1062 = CARTESIAN_POINT('',(-31.99543100074,4.272599486316,
    7.203517914007));
#1063 = CARTESIAN_POINT('',(-31.99574763222,4.298232485901,
    7.245697354789));
#1064 = CARTESIAN_POINT('',(-31.99603110147,4.322179083021,
    7.288850492795));
#1065 = CARTESIAN_POINT('',(-31.99628399695,4.344394690838,
    7.332892862451));
#1066 = CARTESIAN_POINT('',(-31.99665269386,4.377931835475,
    7.406451542628));
#1067 = CARTESIAN_POINT('',(-31.9967850785,4.390297747375,7.435494879761
    ));
#1068 = CARTESIAN_POINT('',(-31.99690655541,4.401927700962,
    7.464844132495));
#1069 = CARTESIAN_POINT('',(-31.99701770942,4.412812434603,
    7.494476051582));
#1070 = CARTESIAN_POINT('',(-31.99711907717,4.422943665201,
    7.524367039551));
#1071 = CARTESIAN_POINT('',(-31.99743566771,4.455164659653,
    7.627958228692));
#1072 = CARTESIAN_POINT('',(-31.99760488036,4.473491197493,
    7.702822609193));
#1073 = CARTESIAN_POINT('',(-31.99772584054,4.487187392735,
    7.778737427884));
#1074 = CARTESIAN_POINT('',(-31.99780349932,4.496182956676,
    7.855346987655));
#1075 = CARTESIAN_POINT('',(-31.99784038817,4.500443724734,
    7.932290571808));
#1076 = CARTESIAN_POINT('',(-31.9978317472,4.499445276772,8.095002641417
    ));
#1077 = CARTESIAN_POINT('',(-31.99777619752,4.493029433774,
    8.180766929125));
#1078 = CARTESIAN_POINT('',(-31.99766953136,4.480727509488,
    8.265991205653));
#1079 = CARTESIAN_POINT('',(-31.99750733956,4.462598769536,
    8.350175725274));
#1080 = CARTESIAN_POINT('',(-31.99728157765,4.438758226945,
    8.432830108602));
#1081 = CARTESIAN_POINT('',(-31.99684912905,4.396455370276,
    8.548941835811));
#1082 = CARTESIAN_POINT('',(-31.99670262176,4.382462600414,8.58401917808
    ));
#1083 = CARTESIAN_POINT('',(-31.99654074995,4.367412534598,
    8.618668149271));
#1084 = CARTESIAN_POINT('',(-31.99636248759,4.351321581072,
    8.652849161741));
#1085 = CARTESIAN_POINT('',(-31.9961667274,4.3342081143,8.686523457667)
  );
#1086 = CARTESIAN_POINT('',(-31.995608702,4.287068218797,8.772732300456)
  );
#1087 = CARTESIAN_POINT('',(-31.99521722759,4.255471186735,
    8.824413933244));
#1088 = CARTESIAN_POINT('',(-31.9947728494,4.22138537971,8.874541422139)
  );
#1089 = CARTESIAN_POINT('',(-31.99427047645,4.184906633451,
    8.922966113512));
#1090 = CARTESIAN_POINT('',(-31.99370493502,4.146142618476,8.96954728538
    ));
#1091 = CARTESIAN_POINT('',(-31.99243706867,4.064287348813,
    9.058752337396));
#1092 = CARTESIAN_POINT('',(-31.99173488059,4.021195966503,
    9.101377363155));
#1093 = CARTESIAN_POINT('',(-31.9909591464,3.976058332315,9.141894497749
    ));
#1094 = CARTESIAN_POINT('',(-31.99010515933,3.929003826947,
    9.180181740877));
#1095 = CARTESIAN_POINT('',(-31.98916876384,3.880171572646,9.21612781887
    ));
#1096 = CARTESIAN_POINT('',(-31.98567405214,3.707689454857,
    9.330649687323));
#1097 = CARTESIAN_POINT('',(-31.98269869955,3.576119179073,
    9.397406594749));
#1098 = CARTESIAN_POINT('',(-31.97917279781,3.437141739174,
    9.448445918964));
#1099 = CARTESIAN_POINT('',(-31.97507726488,3.293116648037,
    9.482822272453));
#1100 = CARTESIAN_POINT('',(-31.97044540162,3.146533163857,9.5));
#1101 = CARTESIAN_POINT('',(-31.96536790973,3.,9.5));
#1102 = FACE_BOUND('',#1103,.T.);
#1103 = EDGE_LOOP('',(#1104,#1167));
#1104 = ORIENTED_EDGE('',*,*,#1105,.T.);
#1105 = EDGE_CURVE('',#1106,#1108,#1110,.T.);
#1106 = VERTEX_POINT('',#1107);
#1107 = CARTESIAN_POINT('',(-31.57313996796,-2.,9.5));
#1108 = VERTEX_POINT('',#1109);
#1109 = CARTESIAN_POINT('',(-31.5569549734,-2.13056490191,6.505693202053
    ));
#1110 = B_SPLINE_CURVE_WITH_KNOTS('',7,(#1111,#1112,#1113,#1114,#1115,
    #1116,#1117,#1118,#1119,#1120,#1121,#1122,#1123,#1124,#1125,#1126,
    #1127,#1128,#1129,#1130,#1131,#1132,#1133,#1134,#1135,#1136,#1137,
    #1138,#1139,#1140,#1141,#1142,#1143,#1144,#1145,#1146,#1147,#1148,
    #1149,#1150,#1151,#1152,#1153,#1154,#1155,#1156,#1157,#1158,#1159,
    #1160,#1161,#1162,#1163,#1164,#1165,#1166),.UNSPECIFIED.,.F.,.F.,(8,
    6,6,6,6,6,6,6,6,8),(0.,0.240595357639,0.312559733625,0.381444441303,
    0.513189157796,0.607511117854,0.648454239734,0.717484178749,
    0.786500437149,1.),.UNSPECIFIED.);
#1111 = CARTESIAN_POINT('',(-31.57313996796,-2.,9.5));
#1112 = CARTESIAN_POINT('',(-31.55384981558,-2.157105852642,9.5));
#1113 = CARTESIAN_POINT('',(-31.53404986279,-2.314138024155,
    9.480802507216));
#1114 = CARTESIAN_POINT('',(-31.51408853092,-2.468255021749,
    9.442441204732));
#1115 = CARTESIAN_POINT('',(-31.4943548519,-2.616743303183,
    9.385479610525));
#1116 = CARTESIAN_POINT('',(-31.47527219866,-2.757035318634,
    9.310885006819));
#1117 = CARTESIAN_POINT('',(-31.45728192509,-2.886707941759,
    9.220034601563));
#1118 = CARTESIAN_POINT('',(-31.43587429982,-3.038557651754,
    9.083333279698));
#1119 = CARTESIAN_POINT('',(-31.43108018169,-3.072378753598,
    9.050570256261));
#1120 = CARTESIAN_POINT('',(-31.42643203937,-3.10500170724,
    9.016567366899));
#1121 = CARTESIAN_POINT('',(-31.42194066322,-3.136372187909,
    8.981376402275));
#1122 = CARTESIAN_POINT('',(-31.41761647427,-3.16643861625,
    8.945052170984));
#1123 = CARTESIAN_POINT('',(-31.41346952426,-3.195152158325,
    8.907652499557));
#1124 = CARTESIAN_POINT('',(-31.40571893383,-3.248612383894,
    8.832467878747));
#1125 = CARTESIAN_POINT('',(-31.40209954745,-3.27347651419,
    8.794767684694));
#1126 = CARTESIAN_POINT('',(-31.39865982458,-3.297018667156,
    8.756191113376));
#1127 = CARTESIAN_POINT('',(-31.39540770338,-3.319201347336,
    8.716793731743));
#1128 = CARTESIAN_POINT('',(-31.39235057204,-3.339990013159,
    8.676633210621));
#1129 = CARTESIAN_POINT('',(-31.38949526884,-3.359353076941,
    8.635769324711));
#1130 = CARTESIAN_POINT('',(-31.38178523313,-3.411513243682,
    8.514883293694));
#1131 = CARTESIAN_POINT('',(-31.37748322455,-3.440447232919,
    8.433151350528));
#1132 = CARTESIAN_POINT('',(-31.3739860155,-3.463862272849,
    8.349506482686));
#1133 = CARTESIAN_POINT('',(-31.37132790716,-3.481603997864,
    8.264403759581));
#1134 = CARTESIAN_POINT('',(-31.36953270173,-3.493567047469,
    8.17831259083));
#1135 = CARTESIAN_POINT('',(-31.36861286146,-3.499696837249,
    8.091714356659));
#1136 = CARTESIAN_POINT('',(-31.36853702736,-3.500202170322,
    7.943088957349));
#1137 = CARTESIAN_POINT('',(-31.36895421837,-3.497422104079,
    7.881066595506));
#1138 = CARTESIAN_POINT('',(-31.36982040494,-3.491650509864,
    7.819211824644));
#1139 = CARTESIAN_POINT('',(-31.3711325955,-3.482900562876,
    7.757701760348));
#1140 = CARTESIAN_POINT('',(-31.37288475515,-3.471198996046,
    7.696711309137));
#1141 = CARTESIAN_POINT('',(-31.37506791824,-3.456585861328,
    7.636412715692));
#1142 = CARTESIAN_POINT('',(-31.3787999388,-3.431530260356,
    7.551174531632));
#1143 = CARTESIAN_POINT('',(-31.38000857737,-3.423407583324,
    7.525536000492));
#1144 = CARTESIAN_POINT('',(-31.38129525431,-3.41475058634,
    7.500073252031));
#1145 = CARTESIAN_POINT('',(-31.38265891836,-3.405564022092,
    7.474799822852));
#1146 = CARTESIAN_POINT('',(-31.38409842926,-3.395853069506,
    7.449729050796));
#1147 = CARTESIAN_POINT('',(-31.3856125577,-3.385623333748,
    7.424874074942));
#1148 = CARTESIAN_POINT('',(-31.38987638209,-3.356769055406,
    7.358728095018));
#1149 = CARTESIAN_POINT('',(-31.39276118439,-3.337199587385,
    7.317858398465));
#1150 = CARTESIAN_POINT('',(-31.39584801343,-3.316201506487,
    7.277700878014));
#1151 = CARTESIAN_POINT('',(-31.39912994036,-3.293806843186,
    7.238315532994));
#1152 = CARTESIAN_POINT('',(-31.4025994863,-3.270050594101,
    7.199760229999));
#1153 = CARTESIAN_POINT('',(-31.40624862234,-3.244970722,7.162090702888)
  );
#1154 = CARTESIAN_POINT('',(-31.41388815971,-3.192250814227,
    7.088637682001));
#1155 = CARTESIAN_POINT('',(-31.41787857868,-3.164611026134,
    7.052853599314));
#1156 = CARTESIAN_POINT('',(-31.42203145757,-3.135729645976,
    7.018061762989));
#1157 = CARTESIAN_POINT('',(-31.42633791511,-3.105649849894,
    6.984313077617));
#1158 = CARTESIAN_POINT('',(-31.4307887577,-3.074417135708,
    6.951655894114));
#1159 = CARTESIAN_POINT('',(-31.43537447943,-3.042079322918,
    6.920136009719));
#1160 = CARTESIAN_POINT('',(-31.45465791553,-2.905387098231,
    6.795942895785));
#1161 = CARTESIAN_POINT('',(-31.47042987768,-2.791975845413,
    6.713372142041));
#1162 = CARTESIAN_POINT('',(-31.48710976467,-2.669954390614,
    6.64339277699));
#1163 = CARTESIAN_POINT('',(-31.50439226083,-2.540981259909,
    6.587012477921));
#1164 = CARTESIAN_POINT('',(-31.52197802948,-2.406828942831,
    6.544988300182));
#1165 = CARTESIAN_POINT('',(-31.53958556319,-2.269366093897,
    6.517820941847));
#1166 = CARTESIAN_POINT('',(-31.5569549734,-2.13056490191,6.505693202053
    ));
#1167 = ORIENTED_EDGE('',*,*,#1168,.T.);
#1168 = EDGE_CURVE('',#1108,#1106,#1169,.T.);
#1169 = B_SPLINE_CURVE_WITH_KNOTS('',7,(#1170,#1171,#1172,#1173,#1174,
    #1175,#1176,#1177,#1178,#1179,#1180,#1181,#1182,#1183,#1184,#1185,
    #1186,#1187,#1188,#1189,#1190,#1191,#1192,#1193,#1194,#1195,#1196,
    #1197,#1198,#1199,#1200,#1201,#1202,#1203,#1204,#1205,#1206,#1207),
  .UNSPECIFIED.,.F.,.F.,(8,6,6,6,6,6,8),(0.,0.218506107321,
    0.285905379249,0.512302512713,0.715130759679,0.776170510589,1.),
  .UNSPECIFIED.);
#1170 = CARTESIAN_POINT('',(-31.5569549734,-2.13056490191,6.505693202053
    ));
#1171 = CARTESIAN_POINT('',(-31.57571553661,-1.98064682729,6.49259412579
    ));
#1172 = CARTESIAN_POINT('',(-31.5942079619,-1.829090199266,
    6.497033485032));
#1173 = CARTESIAN_POINT('',(-31.61209920828,-1.678416926187,
    6.519275339036));
#1174 = CARTESIAN_POINT('',(-31.62910974573,-1.531101625369,
    6.559104863718));
#1175 = CARTESIAN_POINT('',(-31.64501777494,-1.389540565701,
    6.61592581253));
#1176 = CARTESIAN_POINT('',(-31.65964949725,-1.25604537827,
    6.688753566979));
#1177 = CARTESIAN_POINT('',(-31.67694937037,-1.094716469682,
    6.803072927204));
#1178 = CARTESIAN_POINT('',(-31.68089370025,-1.057652719086,
    6.831407812605));
#1179 = CARTESIAN_POINT('',(-31.68470034754,-1.021618311216,
    6.861086194663));
#1180 = CARTESIAN_POINT('',(-31.68836594168,-0.986672106666,
    6.892063110614));
#1181 = CARTESIAN_POINT('',(-31.69188748569,-0.952870375129,
    6.924290402564));
#1182 = CARTESIAN_POINT('',(-31.69526235615,-0.920266795396,
    6.957716717481));
#1183 = CARTESIAN_POINT('',(-31.70932440206,-0.783591841295,
    7.108412317915));
#1184 = CARTESIAN_POINT('',(-31.71848482224,-0.692318249261,
    7.237503554612));
#1185 = CARTESIAN_POINT('',(-31.72587165326,-0.617122214306,
    7.377430004085));
#1186 = CARTESIAN_POINT('',(-31.73144673337,-0.55949187745,7.52574739838
    ));
#1187 = CARTESIAN_POINT('',(-31.73519285057,-0.520468966712,
    7.679829962112));
#1188 = CARTESIAN_POINT('',(-31.73709521446,-0.500647694535,
    7.836874781313));
#1189 = CARTESIAN_POINT('',(-31.73721083444,-0.499443007524,
    8.134637694611));
#1190 = CARTESIAN_POINT('',(-31.73578754593,-0.51427254597,
    8.275445515222));
#1191 = CARTESIAN_POINT('',(-31.73288489983,-0.544523562839,
    8.414249020762));
#1192 = CARTESIAN_POINT('',(-31.72851123258,-0.58983735163,
    8.549029558972));
#1193 = CARTESIAN_POINT('',(-31.72267787649,-0.649552251324,
    8.677858625568));
#1194 = CARTESIAN_POINT('',(-31.7154069786,-0.722712755373,
    8.798924316699));
#1195 = CARTESIAN_POINT('',(-31.70414983245,-0.8336787104,8.944183608857
    ));
#1196 = CARTESIAN_POINT('',(-31.70142035816,-0.860449527588,
    8.976936863611));
#1197 = CARTESIAN_POINT('',(-31.69856681303,-0.888287426912,
    9.008797330328));
#1198 = CARTESIAN_POINT('',(-31.6955907437,-0.917156114042,
    9.039723309402));
#1199 = CARTESIAN_POINT('',(-31.69249392013,-0.947017331312,
    9.069675070945));
#1200 = CARTESIAN_POINT('',(-31.68927833561,-0.97783085772,
    9.098614854786));
#1201 = CARTESIAN_POINT('',(-31.67372746896,-1.125883434705,
    9.228785394495));
#1202 = CARTESIAN_POINT('',(-31.65993796401,-1.254487448657,
    9.317007580453));
#1203 = CARTESIAN_POINT('',(-31.64469412418,-1.393235875805,
    9.389337480381));
#1204 = CARTESIAN_POINT('',(-31.62815311728,-1.539739130066,
    9.444465094495));
#1205 = CARTESIAN_POINT('',(-31.61052205866,-1.691476578447,
    9.481507973593));
#1206 = CARTESIAN_POINT('',(-31.59207237228,-1.845807774593,9.5));
#1207 = CARTESIAN_POINT('',(-31.57313996796,-2.,9.5));
#1208 = FACE_BOUND('',#1209,.T.);
#1209 = EDGE_LOOP('',(#1210,#1222));
#1210 = ORIENTED_EDGE('',*,*,#1211,.T.);
#1211 = EDGE_CURVE('',#1212,#1214,#1216,.T.);
#1212 = VERTEX_POINT('',#1213);
#1213 = CARTESIAN_POINT('',(31.965367909736,3.,6.5));
#1214 = VERTEX_POINT('',#1215);
#1215 = CARTESIAN_POINT('',(31.96265026248,2.923053948412,6.501974864982
    ));
#1216 = B_SPLINE_CURVE_WITH_KNOTS('',3,(#1217,#1218,#1219,#1220,#1221),
  .UNSPECIFIED.,.F.,.F.,(4,1,4),(0.,0.631894477236,1.),.UNSPECIFIED.);
#1217 = CARTESIAN_POINT('',(31.965367909736,3.,6.5));
#1218 = CARTESIAN_POINT('',(31.964806073309,2.983785760553,6.5));
#1219 = CARTESIAN_POINT('',(31.963906029276,2.958123945041,
    6.500416146826));
#1220 = CARTESIAN_POINT('',(31.962989712538,2.932486526998,
    6.501490360643));
#1221 = CARTESIAN_POINT('',(31.96265026248,2.923053948412,6.501974864982
    ));
#1222 = ORIENTED_EDGE('',*,*,#1223,.T.);
#1223 = EDGE_CURVE('',#1214,#1212,#1224,.T.);
#1224 = B_SPLINE_CURVE_WITH_KNOTS('',6,(#1225,#1226,#1227,#1228,#1229,
    #1230,#1231,#1232,#1233,#1234,#1235,#1236,#1237,#1238,#1239,#1240,
    #1241,#1242,#1243,#1244,#1245,#1246,#1247,#1248,#1249,#1250,#1251,
    #1252,#1253,#1254,#1255,#1256,#1257,#1258,#1259,#1260,#1261,#1262,
    #1263,#1264,#1265,#1266,#1267,#1268,#1269,#1270,#1271,#1272,#1273,
    #1274,#1275,#1276,#1277,#1278,#1279,#1280,#1281,#1282,#1283,#1284,
    #1285,#1286,#1287,#1288,#1289,#1290,#1291,#1292,#1293,#1294,#1295,
    #1296,#1297,#1298,#1299,#1300,#1301,#1302,#1303,#1304,#1305,#1306,
    #1307,#1308,#1309,#1310,#1311,#1312,#1313,#1314,#1315,#1316),
  .UNSPECIFIED.,.F.,.F.,(7,5,5,5,5,5,5,5,5,5,5,5,5,5,5,5,5,5,7),(0.,
    9.618357287987E-02,0.132698170074,0.17502034808,0.243350860206,
    0.312169708074,0.359900602298,0.401475101515,0.498930486621,
    0.58011527772,0.623130471074,0.664151095034,0.689766729773,
    0.749539772168,0.803965405192,0.828207218501,0.86703456721,
    0.905828904658,1.),.UNSPECIFIED.);
#1225 = CARTESIAN_POINT('',(31.96265026248,2.923053948412,6.501974864982
    ));
#1226 = CARTESIAN_POINT('',(31.957254856879,2.773127365689,
    6.509675842956));
#1227 = CARTESIAN_POINT('',(31.951426609102,2.624190375741,
    6.535379756865));
#1228 = CARTESIAN_POINT('',(31.945275166911,2.478978539705,
    6.578915539169));
#1229 = CARTESIAN_POINT('',(31.93896195115,2.340083130766,6.639557213462
    ));
#1230 = CARTESIAN_POINT('',(31.932692112318,2.209955149313,6.71614616551
    ));
#1231 = CARTESIAN_POINT('',(31.924394887566,2.045538003274,
    6.841450016688));
#1232 = CARTESIAN_POINT('',(31.922148301153,2.001869014231,
    6.877985276715));
#1233 = CARTESIAN_POINT('',(31.919949889936,1.959890507022,
    6.916485497138));
#1234 = CARTESIAN_POINT('',(31.917811040067,1.919711463648,
    6.956852455186));
#1235 = CARTESIAN_POINT('',(31.915742912194,1.881433095018,
    6.998980104813));
#1236 = CARTESIAN_POINT('',(31.911454026124,1.803093641729,
    7.093491299358));
#1237 = CARTESIAN_POINT('',(31.90926120876,1.763716732689,7.1464410885)
  );
#1238 = CARTESIAN_POINT('',(31.907194789466,1.727163501213,
    7.201426646294));
#1239 = CARTESIAN_POINT('',(31.905270564229,1.693562892622,
    7.258259519963));
#1240 = CARTESIAN_POINT('',(31.903502835487,1.663026977667,
    7.316740798958));
#1241 = CARTESIAN_POINT('',(31.899322426767,1.591450352157,
    7.473406207392));
#1242 = CARTESIAN_POINT('',(31.897180779428,1.555483494215,
    7.573910118292));
#1243 = CARTESIAN_POINT('',(31.895531309557,1.528151041473,
    7.677288039674));
#1244 = CARTESIAN_POINT('',(31.894411471218,1.509724189217,
    7.782615461218));
#1245 = CARTESIAN_POINT('',(31.893841322779,1.50034170668,7.888938714454
    ));
#1246 = CARTESIAN_POINT('',(31.893800544069,1.499670726205,
    8.102390945812));
#1247 = CARTESIAN_POINT('',(31.894337797479,1.508512001332,
    8.209531599048));
#1248 = CARTESIAN_POINT('',(31.895433491875,1.526533521353,8.3157126355)
  );
#1249 = CARTESIAN_POINT('',(31.897067838924,1.553598654994,
    8.419959048826));
#1250 = CARTESIAN_POINT('',(31.899203090421,1.589434353112,
    8.521325137044));
#1251 = CARTESIAN_POINT('',(31.903577592782,1.664289083654,
    8.686583197371));
#1252 = CARTESIAN_POINT('',(31.905584589963,1.698969143241,
    8.752443750101));
#1253 = CARTESIAN_POINT('',(31.907789512248,1.737538656587,
    8.816186198509));
#1254 = CARTESIAN_POINT('',(31.910171559504,1.779834560836,
    8.877526397601));
#1255 = CARTESIAN_POINT('',(31.912707607331,1.82566671076,8.936197474648
    ));
#1256 = CARTESIAN_POINT('',(31.91769481491,1.917630980715,9.040513580468
    ));
#1257 = CARTESIAN_POINT('',(31.920114875151,1.962962791473,
    9.086863671978));
#1258 = CARTESIAN_POINT('',(31.922616793841,2.010670948984,
    9.130837274821));
#1259 = CARTESIAN_POINT('',(31.925183891514,2.060599791372,9.17228400215
    ));
#1260 = CARTESIAN_POINT('',(31.927799307388,2.11258116814,9.211067197501
    ));
#1261 = CARTESIAN_POINT('',(31.936650148312,2.292672674278,
    9.331444407479));
#1262 = CARTESIAN_POINT('',(31.943028258626,2.429229007117,9.40053561819
    ));
#1263 = CARTESIAN_POINT('',(31.949361953671,2.573730541878,9.45270754757
    ));
#1264 = CARTESIAN_POINT('',(31.955448452598,2.723556830929,
    9.486916333535));
#1265 = CARTESIAN_POINT('',(31.961136470207,2.875946339919,
    9.502577705849));
#1266 = CARTESIAN_POINT('',(31.97065902212,3.154671849212,9.497373497102
    ));
#1267 = CARTESIAN_POINT('',(31.974643113593,3.281070775379,
    9.482170568428));
#1268 = CARTESIAN_POINT('',(31.978231091201,3.405575414773,
    9.454172102446));
#1269 = CARTESIAN_POINT('',(31.981400122752,3.526598514646,
    9.413691401764));
#1270 = CARTESIAN_POINT('',(31.984155785757,3.642596326589,
    9.361284426057));
#1271 = CARTESIAN_POINT('',(31.987776027174,3.810156207771,
    9.264177901643));
#1272 = CARTESIAN_POINT('',(31.988920707105,3.86637802847,9.227435651591
    ));
#1273 = CARTESIAN_POINT('',(31.989959899612,3.920579033949,
    9.187706489387));
#1274 = CARTESIAN_POINT('',(31.990898820649,3.972562235061,
    9.145131752321));
#1275 = CARTESIAN_POINT('',(31.991743700554,4.022144523277,
    9.099869648759));
#1276 = CARTESIAN_POINT('',(31.993223658705,4.11399011328,9.006534508591
    ));
#1277 = CARTESIAN_POINT('',(31.993866573514,4.156486931938,
    8.958688284364));
#1278 = CARTESIAN_POINT('',(31.994436059756,4.196501527107,
    8.908707263666));
#1279 = CARTESIAN_POINT('',(31.994938176278,4.23390213796,8.856753228157
    ));
#1280 = CARTESIAN_POINT('',(31.9953789683,4.26857145621,8.802998240225)
  );
#1281 = CARTESIAN_POINT('',(31.99600519521,4.320286335501,8.713046186972
    ));
#1282 = CARTESIAN_POINT('',(31.996224324637,4.33906101903,8.677836300255
    ));
#1283 = CARTESIAN_POINT('',(31.996423285458,4.356705747882,
    8.642039193851));
#1284 = CARTESIAN_POINT('',(31.996603412932,4.373198025868,
    8.605700152874));
#1285 = CARTESIAN_POINT('',(31.996765947811,4.388517789418,
    8.568865536531));
#1286 = CARTESIAN_POINT('',(31.997252927992,4.435618297205,
    8.444584976924));
#1287 = CARTESIAN_POINT('',(31.997504213279,4.462109608613,
    8.355144226994));
#1288 = CARTESIAN_POINT('',(31.997680351229,4.481896226171,
    8.263867101222));
#1289 = CARTESIAN_POINT('',(31.997791750377,4.494829650335,
    8.171377851562));
#1290 = CARTESIAN_POINT('',(31.997843804145,4.500838356837,
    8.078313537706));
#1291 = CARTESIAN_POINT('',(31.997828753061,4.499099383228,
    7.900644227007));
#1292 = CARTESIAN_POINT('',(31.99777189981,4.492534306099,7.816023406001
    ));
#1293 = CARTESIAN_POINT('',(31.99766512153,4.480237812829,7.731942910348
    ));
#1294 = CARTESIAN_POINT('',(31.997504114153,4.462267888572,
    7.648883002373));
#1295 = CARTESIAN_POINT('',(31.997281128599,4.438735397842,
    7.567314998048));
#1296 = CARTESIAN_POINT('',(31.996853946267,4.396917424937,
    7.452236056983));
#1297 = CARTESIAN_POINT('',(31.996707919653,4.382959759338,
    7.417160600711));
#1298 = CARTESIAN_POINT('',(31.996546563076,4.367945262066,7.38251228873
    ));
#1299 = CARTESIAN_POINT('',(31.996368853193,4.351890288699,7.34833067579
    ));
#1300 = CARTESIAN_POINT('',(31.996173685292,4.334813158563,
    7.314654489771));
#1301 = CARTESIAN_POINT('',(31.995617417344,4.287777583838,
    7.228453776625));
#1302 = CARTESIAN_POINT('',(31.99522720369,4.256250601603,7.176779236573
    ));
#1303 = CARTESIAN_POINT('',(31.994784239118,4.222236892483,
    7.126654338525));
#1304 = CARTESIAN_POINT('',(31.994283445446,4.18583194947,7.078227511894
    ));
#1305 = CARTESIAN_POINT('',(31.99371965952,4.1471430741,7.031639288492)
  );
#1306 = CARTESIAN_POINT('',(31.992456144268,4.065470412875,
    6.942443250232));
#1307 = CARTESIAN_POINT('',(31.991756652682,4.022489729836,
    6.899831357225));
#1308 = CARTESIAN_POINT('',(31.990983920655,3.977466302901,
    6.859318897219));
#1309 = CARTESIAN_POINT('',(31.99013325524,3.930528805769,6.821027492307
    ));
#1310 = CARTESIAN_POINT('',(31.989200508347,3.881815610267,
    6.785068112975));
#1311 = CARTESIAN_POINT('',(31.985709890705,3.70927523765,6.670156066657
    ));
#1312 = CARTESIAN_POINT('',(31.982732684245,3.577459284677,
    6.603086147782));
#1313 = CARTESIAN_POINT('',(31.979202410455,3.438183460929,
    6.551803129143));
#1314 = CARTESIAN_POINT('',(31.975099616536,3.293824272003,
    6.517260970149));
#1315 = CARTESIAN_POINT('',(31.970457688685,3.146887760687,6.5));
#1316 = CARTESIAN_POINT('',(31.965367909736,3.,6.5));
#1317 = FACE_BOUND('',#1318,.T.);
#1318 = EDGE_LOOP('',(#1319,#1418));
#1319 = ORIENTED_EDGE('',*,*,#1320,.T.);
#1320 = EDGE_CURVE('',#1321,#1323,#1325,.T.);
#1321 = VERTEX_POINT('',#1322);
#1322 = CARTESIAN_POINT('',(31.57313996796,-2.,6.5));
#1323 = VERTEX_POINT('',#1324);
#1324 = CARTESIAN_POINT('',(31.622147721654,-1.588455925413,
    6.557560581975));
#1325 = B_SPLINE_CURVE_WITH_KNOTS('',7,(#1326,#1327,#1328,#1329,#1330,
    #1331,#1332,#1333,#1334,#1335,#1336,#1337,#1338,#1339,#1340,#1341,
    #1342,#1343,#1344,#1345,#1346,#1347,#1348,#1349,#1350,#1351,#1352,
    #1353,#1354,#1355,#1356,#1357,#1358,#1359,#1360,#1361,#1362,#1363,
    #1364,#1365,#1366,#1367,#1368,#1369,#1370,#1371,#1372,#1373,#1374,
    #1375,#1376,#1377,#1378,#1379,#1380,#1381,#1382,#1383,#1384,#1385,
    #1386,#1387,#1388,#1389,#1390,#1391,#1392,#1393,#1394,#1395,#1396,
    #1397,#1398,#1399,#1400,#1401,#1402,#1403,#1404,#1405,#1406,#1407,
    #1408,#1409,#1410,#1411,#1412,#1413,#1414,#1415,#1416,#1417),
  .UNSPECIFIED.,.F.,.F.,(8,6,6,6,6,6,6,6,6,6,6,6,6,6,6,8),(0.,
    0.123122374818,0.159654092073,0.194671324815,0.26171595961,
    0.308280335611,0.329078247174,0.364085065649,0.400585552004,
    0.477760285614,0.589497632847,0.636742274129,0.670864774115,
    0.785084163412,0.908861311579,1.),.UNSPECIFIED.);
#1326 = CARTESIAN_POINT('',(31.57313996796,-2.,6.5));
#1327 = CARTESIAN_POINT('',(31.553751825592,-2.157903917931,6.5));
#1328 = CARTESIAN_POINT('',(31.533849425548,-2.315727414775,
    6.519393057656));
#1329 = CARTESIAN_POINT('',(31.513786095979,-2.470589571135,
    6.558142154994));
#1330 = CARTESIAN_POINT('',(31.493956806895,-2.619737685981,
    6.615673216868));
#1331 = CARTESIAN_POINT('',(31.474791686101,-2.760567030234,
    6.690999004083));
#1332 = CARTESIAN_POINT('',(31.456738804813,-2.890621671319,
    6.782716439012));
#1333 = CARTESIAN_POINT('',(31.435322848321,-3.042449646761,
    6.92041746422));
#1334 = CARTESIAN_POINT('',(31.430557416553,-3.076051701412,
    6.953202683724));
#1335 = CARTESIAN_POINT('',(31.425937950324,-3.108458456148,
    6.987216117054));
#1336 = CARTESIAN_POINT('',(31.421475123092,-3.139616241686,
    7.022406244938));
#1337 = CARTESIAN_POINT('',(31.417179239076,-3.1694741125,7.058718572355
    ));
#1338 = CARTESIAN_POINT('',(31.413060233262,-3.197983846821,
    7.09609562853));
#1339 = CARTESIAN_POINT('',(31.405358140581,-3.25109190238,
    7.171267141644));
#1340 = CARTESIAN_POINT('',(31.401759826473,-3.275803649117,
    7.208980280037));
#1341 = CARTESIAN_POINT('',(31.398341150134,-3.299195088118,
    7.247563045645));
#1342 = CARTESIAN_POINT('',(31.39510998321,-3.321229063765,
    7.286960019353));
#1343 = CARTESIAN_POINT('',(31.392073647924,-3.341871363546,
    7.327113699403));
#1344 = CARTESIAN_POINT('',(31.389238917087,-3.361090718058,
    7.367964501394));
#1345 = CARTESIAN_POINT('',(31.381582497521,-3.412877897857,
    7.488881105125));
#1346 = CARTESIAN_POINT('',(31.377314422443,-3.441578923482,
    7.570645726738));
#1347 = CARTESIAN_POINT('',(31.373851437203,-3.464761794723,
    7.654306340223));
#1348 = CARTESIAN_POINT('',(31.371227519153,-3.482273645526,
    7.739408131867));
#1349 = CARTESIAN_POINT('',(31.369466145404,-3.494010574019,
    7.825482129705));
#1350 = CARTESIAN_POINT('',(31.368579463588,-3.499919389586,
    7.91204757609));
#1351 = CARTESIAN_POINT('',(31.368559127611,-3.500054901599,
    8.058737313897));
#1352 = CARTESIAN_POINT('',(31.368972707913,-3.497298910955,
    8.118863745065));
#1353 = CARTESIAN_POINT('',(31.369808255043,-3.491731248994,
    8.178830634456));
#1354 = CARTESIAN_POINT('',(31.371063034589,-3.483363966981,
    8.238476573918));
#1355 = CARTESIAN_POINT('',(31.372731622088,-3.472221100005,
    8.297642094891));
#1356 = CARTESIAN_POINT('',(31.374805998896,-3.458338460522,
    8.356170056853));
#1357 = CARTESIAN_POINT('',(31.378378713307,-3.4343602192,8.439693727714
    ));
#1358 = CARTESIAN_POINT('',(31.37956064195,-3.426419845765,
    8.465323587341));
#1359 = CARTESIAN_POINT('',(31.380820497889,-3.417946517684,
    8.490781943332));
#1360 = CARTESIAN_POINT('',(31.382157256146,-3.408944865296,
    8.516055318254));
#1361 = CARTESIAN_POINT('',(31.383569802861,-3.399419943194,
    8.541130428564));
#1362 = CARTESIAN_POINT('',(31.385056935292,-3.389377230215,
    8.565994184612));
#1363 = CARTESIAN_POINT('',(31.389243854776,-3.361057240268,
    8.632106639122));
#1364 = CARTESIAN_POINT('',(31.392078044409,-3.341841473844,
    8.672944417004));
#1365 = CARTESIAN_POINT('',(31.395113712101,-3.32120363513,
    8.713085413851));
#1366 = CARTESIAN_POINT('',(31.398344090494,-3.299174968632,
    8.752470099514));
#1367 = CARTESIAN_POINT('',(31.401761863494,-3.275789658405,
    8.791041024125));
#1368 = CARTESIAN_POINT('',(31.405359166266,-3.251084828056,
    8.828742818098));
#1369 = CARTESIAN_POINT('',(31.413056794782,-3.198007558125,
    8.903870865288));
#1370 = CARTESIAN_POINT('',(31.417172130903,-3.169523313134,
    8.941216966657));
#1371 = CARTESIAN_POINT('',(31.421464052459,-3.139693187157,
    8.97750020419));
#1372 = CARTESIAN_POINT('',(31.425922650211,-3.108565276369,
    9.012663251326));
#1373 = CARTESIAN_POINT('',(31.430537646821,-3.076190391736,
    9.046651746991));
#1374 = CARTESIAN_POINT('',(31.435298396855,-3.042622059008,
    9.079414295596));
#1375 = CARTESIAN_POINT('',(31.450544656554,-2.934536925926,
    9.177479422189));
#1376 = CARTESIAN_POINT('',(31.461498425689,-2.856069832024,
    9.238362378923));
#1377 = CARTESIAN_POINT('',(31.472951519546,-2.773048550648,
    9.293089409734));
#1378 = CARTESIAN_POINT('',(31.484796515656,-2.68604783017,
    9.341270175434));
#1379 = CARTESIAN_POINT('',(31.496925747613,-2.59567635819,
    9.382579152986));
#1380 = CARTESIAN_POINT('',(31.509233750436,-2.502573414376,
    9.416755935891));
#1381 = CARTESIAN_POINT('',(31.539550105862,-2.269626958725,
    9.482497006964));
#1382 = CARTESIAN_POINT('',(31.557652589499,-2.127448682024,
    9.50605764018));
#1383 = CARTESIAN_POINT('',(31.575608727489,-1.982966936414,
    9.513677082796));
#1384 = CARTESIAN_POINT('',(31.593132521865,-1.838298321891,
    9.505129559451));
#1385 = CARTESIAN_POINT('',(31.609978196208,-1.695564112631,
    9.480508537559));
#1386 = CARTESIAN_POINT('',(31.625941590683,-1.556863840824,
    9.440228426383));
#1387 = CARTESIAN_POINT('',(31.647159392844,-1.368167424159,
    9.36179121184));
#1388 = CARTESIAN_POINT('',(31.653277373041,-1.313174298869,
    9.335825515393));
#1389 = CARTESIAN_POINT('',(31.659195525437,-1.259415234343,
    9.307262923221));
#1390 = CARTESIAN_POINT('',(31.664902808297,-1.207037817961,
    9.276173552488));
#1391 = CARTESIAN_POINT('',(31.670389515715,-1.156184477011,
    9.242637966147));
#1392 = CARTESIAN_POINT('',(31.675647136607,-1.106992046146,
    9.206747133133));
#1393 = CARTESIAN_POINT('',(31.684294692776,-1.025356113108,
    9.141052300084));
#1394 = CARTESIAN_POINT('',(31.687797795924,-0.99205516555,
    9.112326191552));
#1395 = CARTESIAN_POINT('',(31.691174768791,-0.959737721085,
    9.082462202904));
#1396 = CARTESIAN_POINT('',(31.694423133061,-0.928450812046,
    9.051500875649));
#1397 = CARTESIAN_POINT('',(31.697540686456,-0.898239274185,
    9.019485152859));
#1398 = CARTESIAN_POINT('',(31.700525502736,-0.869145746676,
    8.986460379162));
#1399 = CARTESIAN_POINT('',(31.712917268226,-0.747702659582,
    8.838711559945));
#1400 = CARTESIAN_POINT('',(31.720956036685,-0.66714119085,
    8.714136903672));
#1401 = CARTESIAN_POINT('',(31.727421360286,-0.601109251854,
    8.58059361943));
#1402 = CARTESIAN_POINT('',(31.732285485798,-0.550762884875,
    8.440139587189));
#1403 = CARTESIAN_POINT('',(31.735534483495,-0.516909330444,
    8.294980804234));
#1404 = CARTESIAN_POINT('',(31.737157901843,-0.499994531674,
    8.147437719427));
#1405 = CARTESIAN_POINT('',(31.737156808076,-0.500005928059,
    7.840108945962));
#1406 = CARTESIAN_POINT('',(31.735249175473,-0.51988221935,
    7.680201931871));
#1407 = CARTESIAN_POINT('',(31.731431567761,-0.559659708436,
    7.523337646453));
#1408 = CARTESIAN_POINT('',(31.725719818132,-0.618711281418,
    7.372471774765));
#1409 = CARTESIAN_POINT('',(31.718131926944,-0.695932141152,
    7.230368637257));
#1410 = CARTESIAN_POINT('',(31.708708518664,-0.78974045331,
    7.099597968898));
#1411 = CARTESIAN_POINT('',(31.689343432185,-0.977663272759,
    6.896085793738));
#1412 = CARTESIAN_POINT('',(31.680189764021,-1.065211996651,
    6.817094608988));
#1413 = CARTESIAN_POINT('',(31.67013340144,-1.159784742195,
    6.746296300606));
#1414 = CARTESIAN_POINT('',(31.659225027534,-1.260444946643,
    6.68442009112));
#1415 = CARTESIAN_POINT('',(31.647530628667,-1.366177158121,6.6320604018
    ));
#1416 = CARTESIAN_POINT('',(31.635135352462,-1.475898377288,
    6.589674507456));
#1417 = CARTESIAN_POINT('',(31.622147721654,-1.588455925413,
    6.557560581975));
#1418 = ORIENTED_EDGE('',*,*,#1419,.T.);
#1419 = EDGE_CURVE('',#1323,#1321,#1420,.T.);
#1420 = B_SPLINE_CURVE_WITH_KNOTS('',4,(#1421,#1422,#1423,#1424,#1425),
  .UNSPECIFIED.,.F.,.F.,(5,5),(0.,1.),.PIECEWISE_BEZIER_KNOTS.);
#1421 = CARTESIAN_POINT('',(31.622147721654,-1.588455925413,
    6.557560581975));
#1422 = CARTESIAN_POINT('',(31.610573700348,-1.688762400039,
    6.528942024579));
#1423 = CARTESIAN_POINT('',(31.59846054519,-1.791657057393,
    6.509642377021));
#1424 = CARTESIAN_POINT('',(31.585927944191,-1.8958501794,6.5));
#1425 = CARTESIAN_POINT('',(31.57313996796,-2.,6.5));
#1426 = FACE_BOUND('',#1427,.T.);
#1427 = EDGE_LOOP('',(#1428,#1533));
#1428 = ORIENTED_EDGE('',*,*,#1429,.T.);
#1429 = EDGE_CURVE('',#1430,#1432,#1434,.T.);
#1430 = VERTEX_POINT('',#1431);
#1431 = CARTESIAN_POINT('',(31.922025018197,8.,6.5));
#1432 = VERTEX_POINT('',#1433);
#1433 = CARTESIAN_POINT('',(31.879700444531,8.725047759088,
    6.686871770526));
#1434 = B_SPLINE_CURVE_WITH_KNOTS('',7,(#1435,#1436,#1437,#1438,#1439,
    #1440,#1441,#1442,#1443,#1444,#1445,#1446,#1447,#1448,#1449,#1450,
    #1451,#1452,#1453,#1454,#1455,#1456,#1457,#1458,#1459,#1460,#1461,
    #1462,#1463,#1464,#1465,#1466,#1467,#1468,#1469,#1470,#1471,#1472,
    #1473,#1474,#1475,#1476,#1477,#1478,#1479,#1480,#1481,#1482,#1483,
    #1484,#1485,#1486,#1487,#1488,#1489,#1490,#1491,#1492,#1493,#1494,
    #1495,#1496,#1497,#1498,#1499,#1500,#1501,#1502,#1503,#1504,#1505,
    #1506,#1507,#1508,#1509,#1510,#1511,#1512,#1513,#1514,#1515,#1516,
    #1517,#1518,#1519,#1520,#1521,#1522,#1523,#1524,#1525,#1526,#1527,
    #1528,#1529,#1530,#1531,#1532),.UNSPECIFIED.,.F.,.F.,(8,6,6,6,6,6,6,
    6,6,6,6,6,6,6,6,6,8),(0.,0.156233334294,0.193717779328,
    0.218142980507,0.272269183979,0.34921775762,0.386621796533,
    0.424675079417,0.500086113319,0.614910269771,0.676371858839,
    0.744412301548,0.81552885617,0.862411608518,0.886489007109,
    0.954555125333,1.),.UNSPECIFIED.);
#1435 = CARTESIAN_POINT('',(31.922025018197,8.,6.5));
#1436 = CARTESIAN_POINT('',(31.932102224708,7.806381741944,6.5));
#1437 = CARTESIAN_POINT('',(31.941429304223,7.612526221169,
    6.529158445682));
#1438 = CARTESIAN_POINT('',(31.949709304953,7.424092377698,
    6.587596530816));
#1439 = CARTESIAN_POINT('',(31.95680187946,7.246304104483,6.673926255302
    ));
#1440 = CARTESIAN_POINT('',(31.962707339296,7.083897705236,
    6.785835020921));
#1441 = CARTESIAN_POINT('',(31.967501048777,6.94116026447,6.920044120727
    ));
#1442 = CARTESIAN_POINT('',(31.972184198963,6.79273181926,7.108563453353
    ));
#1443 = CARTESIAN_POINT('',(31.973032031918,6.76533036915,7.146076347076
    ));
#1444 = CARTESIAN_POINT('',(31.973822920091,6.739293175499,
    7.184565868502));
#1445 = CARTESIAN_POINT('',(31.974558269921,6.714661621236,
    7.223972308301));
#1446 = CARTESIAN_POINT('',(31.975239481134,6.691473711737,
    7.264233969708));
#1447 = CARTESIAN_POINT('',(31.975867946749,6.669764074826,
    7.305287168521));
#1448 = CARTESIAN_POINT('',(31.976821100737,6.63640138496,7.374289846962
    ));
#1449 = CARTESIAN_POINT('',(31.977175330285,6.623879701525,
    7.401821752417));
#1450 = CARTESIAN_POINT('',(31.977508115682,6.612007529089,
    7.429643833001));
#1451 = CARTESIAN_POINT('',(31.977819811358,6.600792831821,7.45773772769
    ));
#1452 = CARTESIAN_POINT('',(31.978110752209,6.590242919441,
    7.486084830902));
#1453 = CARTESIAN_POINT('',(31.978381253592,6.580364447218,
    7.514666292495));
#1454 = CARTESIAN_POINT('',(31.979186403644,6.55077394668,7.607276511063
    ));
#1455 = CARTESIAN_POINT('',(31.979642265275,6.533710937422,
    7.672147965657));
#1456 = CARTESIAN_POINT('',(31.980002383147,6.520039911212,
    7.737868666231));
#1457 = CARTESIAN_POINT('',(31.980269280911,6.509809898927,
    7.804226661217));
#1458 = CARTESIAN_POINT('',(31.980444718353,6.503053408623,
    7.871007331201));
#1459 = CARTESIAN_POINT('',(31.980529590787,6.499786394854,
    7.937993957307));
#1460 = CARTESIAN_POINT('',(31.980515636455,6.500323597298,
    8.100182418966));
#1461 = CARTESIAN_POINT('',(31.980324280821,6.507690151485,
    8.195378227578));
#1462 = CARTESIAN_POINT('',(31.979949623437,6.522107096121,
    8.289923961641));
#1463 = CARTESIAN_POINT('',(31.979387944291,6.543501995044,
    8.383198361798));
#1464 = CARTESIAN_POINT('',(31.978631807384,6.571737669962,
    8.474592368922));
#1465 = CARTESIAN_POINT('',(31.977670905009,6.606612482531,
    8.563512406754));
#1466 = CARTESIAN_POINT('',(31.975921738872,6.667901144834,
    8.691127286737));
#1467 = CARTESIAN_POINT('',(31.975298538261,6.689453218398,
    8.732150522087));
#1468 = CARTESIAN_POINT('',(31.974622905035,6.712479342374,
    8.772389621488));
#1469 = CARTESIAN_POINT('',(31.973893457221,6.736945285945,
    8.811781219588));
#1470 = CARTESIAN_POINT('',(31.973108804406,6.762813464713,
    8.850263911651));
#1471 = CARTESIAN_POINT('',(31.972267547733,6.790042940696,
    8.887778253557));
#1472 = CARTESIAN_POINT('',(31.970453402951,6.847631402089,
    8.961388622612));
#1473 = CARTESIAN_POINT('',(31.969478531775,6.878036732575,
    8.997449061482));
#1474 = CARTESIAN_POINT('',(31.968442178657,6.909758714268,
    9.032387541143));
#1475 = CARTESIAN_POINT('',(31.967343002064,6.942747552547,
    9.066146396674));
#1476 = CARTESIAN_POINT('',(31.966179806656,6.976950357684,
    9.098670835504));
#1477 = CARTESIAN_POINT('',(31.964951543277,7.012311144844,
    9.129908937406));
#1478 = CARTESIAN_POINT('',(31.961092496143,7.121023808169,
    9.219070531582));
#1479 = CARTESIAN_POINT('',(31.958268560636,7.197596906305,
    9.273088870509));
#1480 = CARTESIAN_POINT('',(31.955179174687,7.278026181283,
    9.321480439524));
#1481 = CARTESIAN_POINT('',(31.951821302719,7.361811085638,
    9.363918650194));
#1482 = CARTESIAN_POINT('',(31.948196801616,7.448420207882,
    9.400132675812));
#1483 = CARTESIAN_POINT('',(31.944313806969,7.537294094124,9.4299092863)
  );
#1484 = CARTESIAN_POINT('',(31.933905625899,7.765722182547,
    9.488412208632));
#1485 = CARTESIAN_POINT('',(31.927056304689,7.907572841993,
    9.508477425999));
#1486 = CARTESIAN_POINT('',(31.919697022776,8.051257407353,
    9.512722744729));
#1487 = CARTESIAN_POINT('',(31.91191873895,8.194644252511,9.501010506837
    ));
#1488 = CARTESIAN_POINT('',(31.903849746667,8.335637373114,
    9.473538069432));
#1489 = CARTESIAN_POINT('',(31.895651344239,8.472203254419,
    9.430815849152));
#1490 = CARTESIAN_POINT('',(31.883145632891,8.672085554674,
    9.343164682609));
#1491 = CARTESIAN_POINT('',(31.878800087646,8.739957774134,9.30848402517
    ));
#1492 = CARTESIAN_POINT('',(31.874496682147,8.805720005811,
    9.269813373869));
#1493 = CARTESIAN_POINT('',(31.870264295097,8.869093218604,
    9.227308054304));
#1494 = CARTESIAN_POINT('',(31.866132424603,8.929813894714,
    9.181146706229));
#1495 = CARTESIAN_POINT('',(31.862130528532,8.987634836312,
    9.131530573313));
#1496 = CARTESIAN_POINT('',(31.854032828668,9.102871251844,
    9.020178181634));
#1497 = CARTESIAN_POINT('',(31.849972587577,9.159583986284,
    8.957709896668));
#1498 = CARTESIAN_POINT('',(31.846145695205,9.212151674619,
    8.891581780065));
#1499 = CARTESIAN_POINT('',(31.842589550857,9.260294379397,
    8.822123976072));
#1500 = CARTESIAN_POINT('',(31.839338788484,9.303765957056,8.74969153854
    ));
#1501 = CARTESIAN_POINT('',(31.836424165632,9.342355288373,
    8.674663038345));
#1502 = CARTESIAN_POINT('',(31.831203330833,9.410935722865,
    8.516724008257));
#1503 = CARTESIAN_POINT('',(31.828930369484,9.440461702856,
    8.433604635364));
#1504 = CARTESIAN_POINT('',(31.827082185073,9.464265957136,
    8.348539910839));
#1505 = CARTESIAN_POINT('',(31.825681850915,9.482197779651,
    8.262003032451));
#1506 = CARTESIAN_POINT('',(31.824745288142,9.494156003591,
    8.174479162168));
#1507 = CARTESIAN_POINT('',(31.824280656945,9.500089754943,
    8.086463051291));
#1508 = CARTESIAN_POINT('',(31.8242924224,9.49993951274,7.940439490719)
  );
#1509 = CARTESIAN_POINT('',(31.82450211065,9.497261796036,7.882424546428
    ));
#1510 = CARTESIAN_POINT('',(31.824916800496,9.491966232643,
    7.824554683472));
#1511 = CARTESIAN_POINT('',(31.825534934296,9.484062654911,
    7.766971798323));
#1512 = CARTESIAN_POINT('',(31.826353460596,9.473570487083,
    7.709816551828));
#1513 = CARTESIAN_POINT('',(31.827367885891,9.460518681532,
    7.653228087866));
#1514 = CARTESIAN_POINT('',(31.829190886353,9.436947874427,
    7.568643444064));
#1515 = CARTESIAN_POINT('',(31.829859568269,9.428285087551,
    7.540128709207));
#1516 = CARTESIAN_POINT('',(31.830577573352,9.418962486291,
    7.511818081678));
#1517 = CARTESIAN_POINT('',(31.831344016021,9.408985888005,
    7.483729864426));
#1518 = CARTESIAN_POINT('',(31.832157923895,9.398361735502,7.4558821291)
  );
#1519 = CARTESIAN_POINT('',(31.833018237794,9.387097097042,
    7.428292716051));
#1520 = CARTESIAN_POINT('',(31.836483843406,9.341565969503,
    7.323764801516));
#1521 = CARTESIAN_POINT('',(31.839405682649,9.302873864463,
    7.248753205962));
#1522 = CARTESIAN_POINT('',(31.842663470391,9.259298872554,
    7.176345392569));
#1523 = CARTESIAN_POINT('',(31.846226362277,9.211052796734,
    7.106920108122));
#1524 = CARTESIAN_POINT('',(31.85005964274,9.158382488008,7.040832507134
    ));
#1525 = CARTESIAN_POINT('',(31.854125839084,9.101568611859,
    6.978412757704));
#1526 = CARTESIAN_POINT('',(31.861230055414,9.000434843469,
    6.880941310674));
#1527 = CARTESIAN_POINT('',(31.864160742311,8.958236820968,
    6.843687293679));
#1528 = CARTESIAN_POINT('',(31.867166296895,8.914423093625,
    6.808292371749));
#1529 = CARTESIAN_POINT('',(31.870234894184,8.869091695581,
    6.774839918027));
#1530 = CARTESIAN_POINT('',(31.873354632923,8.822345787952,
    6.743406746593));
#1531 = CARTESIAN_POINT('',(31.876513684943,8.774293498131,
    6.714062955619));
#1532 = CARTESIAN_POINT('',(31.879700444531,8.725047759088,
    6.686871770526));
#1533 = ORIENTED_EDGE('',*,*,#1534,.T.);
#1534 = EDGE_CURVE('',#1432,#1430,#1535,.T.);
#1535 = B_SPLINE_CURVE_WITH_KNOTS('',6,(#1536,#1537,#1538,#1539,#1540,
    #1541,#1542),.UNSPECIFIED.,.F.,.F.,(7,7),(0.,1.),
  .PIECEWISE_BEZIER_KNOTS.);
#1536 = CARTESIAN_POINT('',(31.879700444531,8.725047759088,
    6.686871770526));
#1537 = CARTESIAN_POINT('',(31.886840846407,8.614705463808,
    6.625945935463));
#1538 = CARTESIAN_POINT('',(31.894125257506,8.498185844994,
    6.576127947778));
#1539 = CARTESIAN_POINT('',(31.901408395168,8.376908509492,
    6.538218115192));
#1540 = CARTESIAN_POINT('',(31.908555660789,8.25239056428,6.512743247781
    ));
#1541 = CARTESIAN_POINT('',(31.915456186723,8.126210146251,6.5));
#1542 = CARTESIAN_POINT('',(31.922025018197,8.,6.5));
#1543 = B_SPLINE_SURFACE_WITH_KNOTS('',14,1,(
    (#1544,#1545)
    ,(#1546,#1547)
    ,(#1548,#1549)
    ,(#1550,#1551)
    ,(#1552,#1553)
    ,(#1554,#1555)
    ,(#1556,#1557)
    ,(#1558,#1559)
    ,(#1560,#1561)
    ,(#1562,#1563)
    ,(#1564,#1565)
    ,(#1566,#1567)
    ,(#1568,#1569)
    ,(#1570,#1571)
    ,(#1572,#1573
    )),.UNSPECIFIED.,.T.,.F.,.F.,(15,15),(2,2),(0.,6.28318530718),(0.,1.
    ),.PIECEWISE_BEZIER_KNOTS.);
#1544 = CARTESIAN_POINT('',(2.346553201184E-14,48.,3.));
#1545 = CARTESIAN_POINT('',(2.346553201184E-14,48.,13.));
#1546 = CARTESIAN_POINT('',(-14.36156641642,48.000000000009,3.));
#1547 = CARTESIAN_POINT('',(-14.36156641642,48.000000000009,13.));
#1548 = CARTESIAN_POINT('',(-28.72313813399,38.672682468388,
    2.999999999999));
#1549 = CARTESIAN_POINT('',(-28.72313813399,38.672682468388,13.));
#1550 = CARTESIAN_POINT('',(-39.45021909035,20.018035481254,
    3.000000000002));
#1551 = CARTESIAN_POINT('',(-39.45021909035,20.018035481254,
    12.999999999996));
#1552 = CARTESIAN_POINT('',(-42.9087230664,-5.174256433837,
    2.999999999998));
#1553 = CARTESIAN_POINT('',(-42.9087230664,-5.174256433837,
    13.000000000017));
#1554 = CARTESIAN_POINT('',(-36.76725955238,-31.32535339723,
    2.999999999999));
#1555 = CARTESIAN_POINT('',(-36.76725955238,-31.32535339723,
    12.999999999957));
#1556 = CARTESIAN_POINT('',(-21.30832784837,-51.28879317144,
    3.000000000004));
#1557 = CARTESIAN_POINT('',(-21.30832784837,-51.28879317144,
    13.000000000076));
#1558 = CARTESIAN_POINT('',(-5.181632900531E-10,-58.80462988795,
    2.999999999992));
#1559 = CARTESIAN_POINT('',(-5.181632900531E-10,-58.80462988795,
    12.9999999999));
#1560 = CARTESIAN_POINT('',(21.308327849328,-51.28879317145,
    3.000000000009));
#1561 = CARTESIAN_POINT('',(21.308327849328,-51.28879317145,
    13.000000000102));
#1562 = CARTESIAN_POINT('',(36.767259551658,-31.32535339722,
    2.999999999992));
#1563 = CARTESIAN_POINT('',(36.767259551658,-31.32535339722,
    12.999999999918));
#1564 = CARTESIAN_POINT('',(42.908723066852,-5.174256433843,
    3.000000000005));
#1565 = CARTESIAN_POINT('',(42.908723066852,-5.174256433843,
    13.000000000052));
#1566 = CARTESIAN_POINT('',(39.450219090133,20.018035481258,
    2.999999999997));
#1567 = CARTESIAN_POINT('',(39.450219090133,20.018035481258,
    12.999999999974));
#1568 = CARTESIAN_POINT('',(28.723138134078,38.672682468387,
    3.000000000001));
#1569 = CARTESIAN_POINT('',(28.723138134078,38.672682468387,
    13.000000000009));
#1570 = CARTESIAN_POINT('',(14.361566416403,48.000000000009,3.));
#1571 = CARTESIAN_POINT('',(14.361566416403,48.000000000009,
    12.999999999998));
#1572 = CARTESIAN_POINT('',(-2.944024789679E-15,48.,3.));
#1573 = CARTESIAN_POINT('',(-2.944024789679E-15,48.,13.));
#1574 = ADVANCED_FACE('',(#1575),#1629,.F.);
#1575 = FACE_BOUND('',#1576,.F.);
#1576 = EDGE_LOOP('',(#1577,#1585,#1586,#1587,#1595,#1604,#1613,#1622));
#1577 = ORIENTED_EDGE('',*,*,#1578,.T.);
#1578 = EDGE_CURVE('',#1579,#872,#1581,.T.);
#1579 = VERTEX_POINT('',#1580);
#1580 = CARTESIAN_POINT('',(26.590366769398,26.5,3.));
#1581 = LINE('',#1582,#1583);
#1582 = CARTESIAN_POINT('',(24.,26.5,3.));
#1583 = VECTOR('',#1584,1.);
#1584 = DIRECTION('',(1.,0.,-0.));
#1585 = ORIENTED_EDGE('',*,*,#881,.T.);
#1586 = ORIENTED_EDGE('',*,*,#725,.T.);
#1587 = ORIENTED_EDGE('',*,*,#1588,.T.);
#1588 = EDGE_CURVE('',#726,#1589,#1591,.T.);
#1589 = VERTEX_POINT('',#1590);
#1590 = CARTESIAN_POINT('',(-26.59036676939,26.5,3.));
#1591 = LINE('',#1592,#1593);
#1592 = CARTESIAN_POINT('',(-32.,26.5,3.));
#1593 = VECTOR('',#1594,1.);
#1594 = DIRECTION('',(1.,0.,-0.));
#1595 = ORIENTED_EDGE('',*,*,#1596,.F.);
#1596 = EDGE_CURVE('',#1597,#1589,#1599,.T.);
#1597 = VERTEX_POINT('',#1598);
#1598 = CARTESIAN_POINT('',(-24.84949480549,27.49833654405,3.));
#1599 = CIRCLE('',#1600,3.6);
#1600 = AXIS2_PLACEMENT_3D('',#1601,#1602,#1603);
#1601 = CARTESIAN_POINT('',(-24.,24.,3.));
#1602 = DIRECTION('',(0.,0.,1.));
#1603 = DIRECTION('',(1.,0.,-0.));
#1604 = ORIENTED_EDGE('',*,*,#1605,.F.);
#1605 = EDGE_CURVE('',#1606,#1597,#1608,.T.);
#1606 = VERTEX_POINT('',#1607);
#1607 = CARTESIAN_POINT('',(0.,45.4,3.));
#1608 = ELLIPSE('',#1609,38.45,29.4);
#1609 = AXIS2_PLACEMENT_3D('',#1610,#1611,#1612);
#1610 = CARTESIAN_POINT('',(0.,6.95,3.));
#1611 = DIRECTION('',(0.,-0.,1.));
#1612 = DIRECTION('',(0.,1.,0.));
#1613 = ORIENTED_EDGE('',*,*,#1614,.F.);
#1614 = EDGE_CURVE('',#1615,#1606,#1617,.T.);
#1615 = VERTEX_POINT('',#1616);
#1616 = CARTESIAN_POINT('',(24.849494805496,27.49833654405,3.));
#1617 = ELLIPSE('',#1618,38.45,29.4);
#1618 = AXIS2_PLACEMENT_3D('',#1619,#1620,#1621);
#1619 = CARTESIAN_POINT('',(0.,6.95,3.));
#1620 = DIRECTION('',(0.,-0.,1.));
#1621 = DIRECTION('',(0.,1.,0.));
#1622 = ORIENTED_EDGE('',*,*,#1623,.F.);
#1623 = EDGE_CURVE('',#1579,#1615,#1624,.T.);
#1624 = CIRCLE('',#1625,3.6);
#1625 = AXIS2_PLACEMENT_3D('',#1626,#1627,#1628);
#1626 = CARTESIAN_POINT('',(24.,24.,3.));
#1627 = DIRECTION('',(0.,0.,1.));
#1628 = DIRECTION('',(1.,0.,-0.));
#1629 = PLANE('',#1630);
#1630 = AXIS2_PLACEMENT_3D('',#1631,#1632,#1633);
#1631 = CARTESIAN_POINT('',(0.,5.,3.));
#1632 = DIRECTION('',(0.,-0.,1.));
#1633 = DIRECTION('',(0.,1.,0.));
#1634 = ADVANCED_FACE('',(#1635),#1647,.T.);
#1635 = FACE_BOUND('',#1636,.T.);
#1636 = EDGE_LOOP('',(#1637,#1644,#1645,#1646));
#1637 = ORIENTED_EDGE('',*,*,#1638,.T.);
#1638 = EDGE_CURVE('',#843,#872,#1639,.T.);
#1639 = ELLIPSE('',#1640,43.,32.);
#1640 = AXIS2_PLACEMENT_3D('',#1641,#1642,#1643);
#1641 = CARTESIAN_POINT('',(0.,5.,3.));
#1642 = DIRECTION('',(0.,-0.,1.));
#1643 = DIRECTION('',(0.,1.,0.));
#1644 = ORIENTED_EDGE('',*,*,#871,.T.);
#1645 = ORIENTED_EDGE('',*,*,#861,.T.);
#1646 = ORIENTED_EDGE('',*,*,#851,.F.);
#1647 = B_SPLINE_SURFACE_WITH_KNOTS('',14,1,(
    (#1648,#1649)
    ,(#1650,#1651)
    ,(#1652,#1653)
    ,(#1654,#1655)
    ,(#1656,#1657)
    ,(#1658,#1659)
    ,(#1660,#1661)
    ,(#1662,#1663)
    ,(#1664,#1665)
    ,(#1666,#1667)
    ,(#1668,#1669)
    ,(#1670,#1671)
    ,(#1672,#1673)
    ,(#1674,#1675)
    ,(#1676,#1677
    )),.UNSPECIFIED.,.T.,.F.,.F.,(15,15),(2,2),(0.,6.28318530718),(0.,1.
    ),.PIECEWISE_BEZIER_KNOTS.);
#1648 = CARTESIAN_POINT('',(2.346553201184E-14,48.,3.));
#1649 = CARTESIAN_POINT('',(2.346553201184E-14,48.,13.));
#1650 = CARTESIAN_POINT('',(-14.36156641642,48.000000000009,3.));
#1651 = CARTESIAN_POINT('',(-14.36156641642,48.000000000009,13.));
#1652 = CARTESIAN_POINT('',(-28.72313813399,38.672682468388,
    2.999999999999));
#1653 = CARTESIAN_POINT('',(-28.72313813399,38.672682468388,13.));
#1654 = CARTESIAN_POINT('',(-39.45021909035,20.018035481254,
    3.000000000002));
#1655 = CARTESIAN_POINT('',(-39.45021909035,20.018035481254,
    12.999999999996));
#1656 = CARTESIAN_POINT('',(-42.9087230664,-5.174256433837,
    2.999999999998));
#1657 = CARTESIAN_POINT('',(-42.9087230664,-5.174256433837,
    13.000000000017));
#1658 = CARTESIAN_POINT('',(-36.76725955238,-31.32535339723,
    2.999999999999));
#1659 = CARTESIAN_POINT('',(-36.76725955238,-31.32535339723,
    12.999999999957));
#1660 = CARTESIAN_POINT('',(-21.30832784837,-51.28879317144,
    3.000000000004));
#1661 = CARTESIAN_POINT('',(-21.30832784837,-51.28879317144,
    13.000000000076));
#1662 = CARTESIAN_POINT('',(-5.181632900531E-10,-58.80462988795,
    2.999999999992));
#1663 = CARTESIAN_POINT('',(-5.181632900531E-10,-58.80462988795,
    12.9999999999));
#1664 = CARTESIAN_POINT('',(21.308327849328,-51.28879317145,
    3.000000000009));
#1665 = CARTESIAN_POINT('',(21.308327849328,-51.28879317145,
    13.000000000102));
#1666 = CARTESIAN_POINT('',(36.767259551658,-31.32535339722,
    2.999999999992));
#1667 = CARTESIAN_POINT('',(36.767259551658,-31.32535339722,
    12.999999999918));
#1668 = CARTESIAN_POINT('',(42.908723066852,-5.174256433843,
    3.000000000005));
#1669 = CARTESIAN_POINT('',(42.908723066852,-5.174256433843,
    13.000000000052));
#1670 = CARTESIAN_POINT('',(39.450219090133,20.018035481258,
    2.999999999997));
#1671 = CARTESIAN_POINT('',(39.450219090133,20.018035481258,
    12.999999999974));
#1672 = CARTESIAN_POINT('',(28.723138134078,38.672682468387,
    3.000000000001));
#1673 = CARTESIAN_POINT('',(28.723138134078,38.672682468387,
    13.000000000009));
#1674 = CARTESIAN_POINT('',(14.361566416403,48.000000000009,3.));
#1675 = CARTESIAN_POINT('',(14.361566416403,48.000000000009,
    12.999999999998));
#1676 = CARTESIAN_POINT('',(-2.944024789679E-15,48.,3.));
#1677 = CARTESIAN_POINT('',(-2.944024789679E-15,48.,13.));
#1678 = ADVANCED_FACE('',(#1679),#1714,.F.);
#1679 = FACE_BOUND('',#1680,.F.);
#1680 = EDGE_LOOP('',(#1681,#1692,#1698,#1699,#1707));
#1681 = ORIENTED_EDGE('',*,*,#1682,.F.);
#1682 = EDGE_CURVE('',#1683,#1685,#1687,.T.);
#1683 = VERTEX_POINT('',#1684);
#1684 = CARTESIAN_POINT('',(26.590366769398,-11.5,3.));
#1685 = VERTEX_POINT('',#1686);
#1686 = CARTESIAN_POINT('',(25.997600325199,-11.00507213095,3.));
#1687 = CIRCLE('',#1688,3.6);
#1688 = AXIS2_PLACEMENT_3D('',#1689,#1690,#1691);
#1689 = CARTESIAN_POINT('',(24.,-14.,3.));
#1690 = DIRECTION('',(0.,0.,1.));
#1691 = DIRECTION('',(1.,0.,-0.));
#1692 = ORIENTED_EDGE('',*,*,#1693,.T.);
#1693 = EDGE_CURVE('',#1683,#833,#1694,.T.);
#1694 = LINE('',#1695,#1696);
#1695 = CARTESIAN_POINT('',(24.,-11.5,3.));
#1696 = VECTOR('',#1697,1.);
#1697 = DIRECTION('',(1.,0.,-0.));
#1698 = ORIENTED_EDGE('',*,*,#842,.T.);
#1699 = ORIENTED_EDGE('',*,*,#1700,.F.);
#1700 = EDGE_CURVE('',#1701,#843,#1703,.T.);
#1701 = VERTEX_POINT('',#1702);
#1702 = CARTESIAN_POINT('',(27.213717462157,21.5,3.));
#1703 = LINE('',#1704,#1705);
#1704 = CARTESIAN_POINT('',(24.,21.5,3.));
#1705 = VECTOR('',#1706,1.);
#1706 = DIRECTION('',(1.,0.,-0.));
#1707 = ORIENTED_EDGE('',*,*,#1708,.F.);
#1708 = EDGE_CURVE('',#1685,#1701,#1709,.T.);
#1709 = ELLIPSE('',#1710,38.45,29.4);
#1710 = AXIS2_PLACEMENT_3D('',#1711,#1712,#1713);
#1711 = CARTESIAN_POINT('',(0.,6.95,3.));
#1712 = DIRECTION('',(0.,-0.,1.));
#1713 = DIRECTION('',(0.,1.,0.));
#1714 = PLANE('',#1715);
#1715 = AXIS2_PLACEMENT_3D('',#1716,#1717,#1718);
#1716 = CARTESIAN_POINT('',(0.,5.,3.));
#1717 = DIRECTION('',(0.,-0.,1.));
#1718 = DIRECTION('',(0.,1.,0.));
#1719 = ADVANCED_FACE('',(#1720),#1732,.T.);
#1720 = FACE_BOUND('',#1721,.T.);
#1721 = EDGE_LOOP('',(#1722,#1729,#1730,#1731));
#1722 = ORIENTED_EDGE('',*,*,#1723,.T.);
#1723 = EDGE_CURVE('',#804,#833,#1724,.T.);
#1724 = ELLIPSE('',#1725,43.,32.);
#1725 = AXIS2_PLACEMENT_3D('',#1726,#1727,#1728);
#1726 = CARTESIAN_POINT('',(0.,5.,3.));
#1727 = DIRECTION('',(0.,-0.,1.));
#1728 = DIRECTION('',(0.,1.,0.));
#1729 = ORIENTED_EDGE('',*,*,#832,.T.);
#1730 = ORIENTED_EDGE('',*,*,#822,.T.);
#1731 = ORIENTED_EDGE('',*,*,#812,.F.);
#1732 = B_SPLINE_SURFACE_WITH_KNOTS('',14,1,(
    (#1733,#1734)
    ,(#1735,#1736)
    ,(#1737,#1738)
    ,(#1739,#1740)
    ,(#1741,#1742)
    ,(#1743,#1744)
    ,(#1745,#1746)
    ,(#1747,#1748)
    ,(#1749,#1750)
    ,(#1751,#1752)
    ,(#1753,#1754)
    ,(#1755,#1756)
    ,(#1757,#1758)
    ,(#1759,#1760)
    ,(#1761,#1762
    )),.UNSPECIFIED.,.T.,.F.,.F.,(15,15),(2,2),(0.,6.28318530718),(0.,1.
    ),.PIECEWISE_BEZIER_KNOTS.);
#1733 = CARTESIAN_POINT('',(2.346553201184E-14,48.,3.));
#1734 = CARTESIAN_POINT('',(2.346553201184E-14,48.,13.));
#1735 = CARTESIAN_POINT('',(-14.36156641642,48.000000000009,3.));
#1736 = CARTESIAN_POINT('',(-14.36156641642,48.000000000009,13.));
#1737 = CARTESIAN_POINT('',(-28.72313813399,38.672682468388,
    2.999999999999));
#1738 = CARTESIAN_POINT('',(-28.72313813399,38.672682468388,13.));
#1739 = CARTESIAN_POINT('',(-39.45021909035,20.018035481254,
    3.000000000002));
#1740 = CARTESIAN_POINT('',(-39.45021909035,20.018035481254,
    12.999999999996));
#1741 = CARTESIAN_POINT('',(-42.9087230664,-5.174256433837,
    2.999999999998));
#1742 = CARTESIAN_POINT('',(-42.9087230664,-5.174256433837,
    13.000000000017));
#1743 = CARTESIAN_POINT('',(-36.76725955238,-31.32535339723,
    2.999999999999));
#1744 = CARTESIAN_POINT('',(-36.76725955238,-31.32535339723,
    12.999999999957));
#1745 = CARTESIAN_POINT('',(-21.30832784837,-51.28879317144,
    3.000000000004));
#1746 = CARTESIAN_POINT('',(-21.30832784837,-51.28879317144,
    13.000000000076));
#1747 = CARTESIAN_POINT('',(-5.181632900531E-10,-58.80462988795,
    2.999999999992));
#1748 = CARTESIAN_POINT('',(-5.181632900531E-10,-58.80462988795,
    12.9999999999));
#1749 = CARTESIAN_POINT('',(21.308327849328,-51.28879317145,
    3.000000000009));
#1750 = CARTESIAN_POINT('',(21.308327849328,-51.28879317145,
    13.000000000102));
#1751 = CARTESIAN_POINT('',(36.767259551658,-31.32535339722,
    2.999999999992));
#1752 = CARTESIAN_POINT('',(36.767259551658,-31.32535339722,
    12.999999999918));
#1753 = CARTESIAN_POINT('',(42.908723066852,-5.174256433843,
    3.000000000005));
#1754 = CARTESIAN_POINT('',(42.908723066852,-5.174256433843,
    13.000000000052));
#1755 = CARTESIAN_POINT('',(39.450219090133,20.018035481258,
    2.999999999997));
#1756 = CARTESIAN_POINT('',(39.450219090133,20.018035481258,
    12.999999999974));
#1757 = CARTESIAN_POINT('',(28.723138134078,38.672682468387,
    3.000000000001));
#1758 = CARTESIAN_POINT('',(28.723138134078,38.672682468387,
    13.000000000009));
#1759 = CARTESIAN_POINT('',(14.361566416403,48.000000000009,3.));
#1760 = CARTESIAN_POINT('',(14.361566416403,48.000000000009,
    12.999999999998));
#1761 = CARTESIAN_POINT('',(-2.944024789679E-15,48.,3.));
#1762 = CARTESIAN_POINT('',(-2.944024789679E-15,48.,13.));
#1763 = ADVANCED_FACE('',(#1764),#1808,.F.);
#1764 = FACE_BOUND('',#1765,.F.);
#1765 = EDGE_LOOP('',(#1766,#1774,#1775,#1783,#1792,#1801));
#1766 = ORIENTED_EDGE('',*,*,#1767,.F.);
#1767 = EDGE_CURVE('',#794,#1768,#1770,.T.);
#1768 = VERTEX_POINT('',#1769);
#1769 = CARTESIAN_POINT('',(-26.59036676939,-16.5,3.));
#1770 = LINE('',#1771,#1772);
#1771 = CARTESIAN_POINT('',(-32.,-16.5,3.));
#1772 = VECTOR('',#1773,1.);
#1773 = DIRECTION('',(1.,0.,-0.));
#1774 = ORIENTED_EDGE('',*,*,#803,.T.);
#1775 = ORIENTED_EDGE('',*,*,#1776,.F.);
#1776 = EDGE_CURVE('',#1777,#804,#1779,.T.);
#1777 = VERTEX_POINT('',#1778);
#1778 = CARTESIAN_POINT('',(26.590366769398,-16.5,3.));
#1779 = LINE('',#1780,#1781);
#1780 = CARTESIAN_POINT('',(24.,-16.5,3.));
#1781 = VECTOR('',#1782,1.);
#1782 = DIRECTION('',(1.,0.,-0.));
#1783 = ORIENTED_EDGE('',*,*,#1784,.F.);
#1784 = EDGE_CURVE('',#1785,#1777,#1787,.T.);
#1785 = VERTEX_POINT('',#1786);
#1786 = CARTESIAN_POINT('',(22.764703155291,-17.38142598698,3.));
#1787 = CIRCLE('',#1788,3.6);
#1788 = AXIS2_PLACEMENT_3D('',#1789,#1790,#1791);
#1789 = CARTESIAN_POINT('',(24.,-14.,3.));
#1790 = DIRECTION('',(0.,0.,1.));
#1791 = DIRECTION('',(1.,0.,-0.));
#1792 = ORIENTED_EDGE('',*,*,#1793,.F.);
#1793 = EDGE_CURVE('',#1794,#1785,#1796,.T.);
#1794 = VERTEX_POINT('',#1795);
#1795 = CARTESIAN_POINT('',(-22.76470315529,-17.38142598698,3.));
#1796 = ELLIPSE('',#1797,38.45,29.4);
#1797 = AXIS2_PLACEMENT_3D('',#1798,#1799,#1800);
#1798 = CARTESIAN_POINT('',(0.,6.95,3.));
#1799 = DIRECTION('',(0.,-0.,1.));
#1800 = DIRECTION('',(0.,1.,0.));
#1801 = ORIENTED_EDGE('',*,*,#1802,.F.);
#1802 = EDGE_CURVE('',#1768,#1794,#1803,.T.);
#1803 = CIRCLE('',#1804,3.6);
#1804 = AXIS2_PLACEMENT_3D('',#1805,#1806,#1807);
#1805 = CARTESIAN_POINT('',(-24.,-14.,3.));
#1806 = DIRECTION('',(0.,0.,1.));
#1807 = DIRECTION('',(1.,0.,-0.));
#1808 = PLANE('',#1809);
#1809 = AXIS2_PLACEMENT_3D('',#1810,#1811,#1812);
#1810 = CARTESIAN_POINT('',(0.,5.,3.));
#1811 = DIRECTION('',(0.,-0.,1.));
#1812 = DIRECTION('',(0.,1.,0.));
#1813 = ADVANCED_FACE('',(#1814),#1826,.T.);
#1814 = FACE_BOUND('',#1815,.T.);
#1815 = EDGE_LOOP('',(#1816,#1817,#1824,#1825));
#1816 = ORIENTED_EDGE('',*,*,#773,.F.);
#1817 = ORIENTED_EDGE('',*,*,#1818,.T.);
#1818 = EDGE_CURVE('',#765,#794,#1819,.T.);
#1819 = ELLIPSE('',#1820,43.,32.);
#1820 = AXIS2_PLACEMENT_3D('',#1821,#1822,#1823);
#1821 = CARTESIAN_POINT('',(0.,5.,3.));
#1822 = DIRECTION('',(0.,-0.,1.));
#1823 = DIRECTION('',(0.,1.,0.));
#1824 = ORIENTED_EDGE('',*,*,#793,.T.);
#1825 = ORIENTED_EDGE('',*,*,#783,.T.);
#1826 = B_SPLINE_SURFACE_WITH_KNOTS('',14,1,(
    (#1827,#1828)
    ,(#1829,#1830)
    ,(#1831,#1832)
    ,(#1833,#1834)
    ,(#1835,#1836)
    ,(#1837,#1838)
    ,(#1839,#1840)
    ,(#1841,#1842)
    ,(#1843,#1844)
    ,(#1845,#1846)
    ,(#1847,#1848)
    ,(#1849,#1850)
    ,(#1851,#1852)
    ,(#1853,#1854)
    ,(#1855,#1856
    )),.UNSPECIFIED.,.T.,.F.,.F.,(15,15),(2,2),(0.,6.28318530718),(0.,1.
    ),.PIECEWISE_BEZIER_KNOTS.);
#1827 = CARTESIAN_POINT('',(2.346553201184E-14,48.,3.));
#1828 = CARTESIAN_POINT('',(2.346553201184E-14,48.,13.));
#1829 = CARTESIAN_POINT('',(-14.36156641642,48.000000000009,3.));
#1830 = CARTESIAN_POINT('',(-14.36156641642,48.000000000009,13.));
#1831 = CARTESIAN_POINT('',(-28.72313813399,38.672682468388,
    2.999999999999));
#1832 = CARTESIAN_POINT('',(-28.72313813399,38.672682468388,13.));
#1833 = CARTESIAN_POINT('',(-39.45021909035,20.018035481254,
    3.000000000002));
#1834 = CARTESIAN_POINT('',(-39.45021909035,20.018035481254,
    12.999999999996));
#1835 = CARTESIAN_POINT('',(-42.9087230664,-5.174256433837,
    2.999999999998));
#1836 = CARTESIAN_POINT('',(-42.9087230664,-5.174256433837,
    13.000000000017));
#1837 = CARTESIAN_POINT('',(-36.76725955238,-31.32535339723,
    2.999999999999));
#1838 = CARTESIAN_POINT('',(-36.76725955238,-31.32535339723,
    12.999999999957));
#1839 = CARTESIAN_POINT('',(-21.30832784837,-51.28879317144,
    3.000000000004));
#1840 = CARTESIAN_POINT('',(-21.30832784837,-51.28879317144,
    13.000000000076));
#1841 = CARTESIAN_POINT('',(-5.181632900531E-10,-58.80462988795,
    2.999999999992));
#1842 = CARTESIAN_POINT('',(-5.181632900531E-10,-58.80462988795,
    12.9999999999));
#1843 = CARTESIAN_POINT('',(21.308327849328,-51.28879317145,
    3.000000000009));
#1844 = CARTESIAN_POINT('',(21.308327849328,-51.28879317145,
    13.000000000102));
#1845 = CARTESIAN_POINT('',(36.767259551658,-31.32535339722,
    2.999999999992));
#1846 = CARTESIAN_POINT('',(36.767259551658,-31.32535339722,
    12.999999999918));
#1847 = CARTESIAN_POINT('',(42.908723066852,-5.174256433843,
    3.000000000005));
#1848 = CARTESIAN_POINT('',(42.908723066852,-5.174256433843,
    13.000000000052));
#1849 = CARTESIAN_POINT('',(39.450219090133,20.018035481258,
    2.999999999997));
#1850 = CARTESIAN_POINT('',(39.450219090133,20.018035481258,
    12.999999999974));
#1851 = CARTESIAN_POINT('',(28.723138134078,38.672682468387,
    3.000000000001));
#1852 = CARTESIAN_POINT('',(28.723138134078,38.672682468387,
    13.000000000009));
#1853 = CARTESIAN_POINT('',(14.361566416403,48.000000000009,3.));
#1854 = CARTESIAN_POINT('',(14.361566416403,48.000000000009,
    12.999999999998));
#1855 = CARTESIAN_POINT('',(-2.944024789679E-15,48.,3.));
#1856 = CARTESIAN_POINT('',(-2.944024789679E-15,48.,13.));
#1857 = ADVANCED_FACE('',(#1858),#1893,.F.);
#1858 = FACE_BOUND('',#1859,.F.);
#1859 = EDGE_LOOP('',(#1860,#1868,#1869,#1877,#1886));
#1860 = ORIENTED_EDGE('',*,*,#1861,.F.);
#1861 = EDGE_CURVE('',#755,#1862,#1864,.T.);
#1862 = VERTEX_POINT('',#1863);
#1863 = CARTESIAN_POINT('',(-27.21371746215,21.5,3.));
#1864 = LINE('',#1865,#1866);
#1865 = CARTESIAN_POINT('',(-32.,21.5,3.));
#1866 = VECTOR('',#1867,1.);
#1867 = DIRECTION('',(1.,0.,-0.));
#1868 = ORIENTED_EDGE('',*,*,#764,.T.);
#1869 = ORIENTED_EDGE('',*,*,#1870,.T.);
#1870 = EDGE_CURVE('',#765,#1871,#1873,.T.);
#1871 = VERTEX_POINT('',#1872);
#1872 = CARTESIAN_POINT('',(-26.59036676939,-11.5,3.));
#1873 = LINE('',#1874,#1875);
#1874 = CARTESIAN_POINT('',(-32.,-11.5,3.));
#1875 = VECTOR('',#1876,1.);
#1876 = DIRECTION('',(1.,0.,-0.));
#1877 = ORIENTED_EDGE('',*,*,#1878,.F.);
#1878 = EDGE_CURVE('',#1879,#1871,#1881,.T.);
#1879 = VERTEX_POINT('',#1880);
#1880 = CARTESIAN_POINT('',(-25.99760032519,-11.00507213095,3.));
#1881 = CIRCLE('',#1882,3.6);
#1882 = AXIS2_PLACEMENT_3D('',#1883,#1884,#1885);
#1883 = CARTESIAN_POINT('',(-24.,-14.,3.));
#1884 = DIRECTION('',(0.,0.,1.));
#1885 = DIRECTION('',(1.,0.,-0.));
#1886 = ORIENTED_EDGE('',*,*,#1887,.F.);
#1887 = EDGE_CURVE('',#1862,#1879,#1888,.T.);
#1888 = ELLIPSE('',#1889,38.45,29.4);
#1889 = AXIS2_PLACEMENT_3D('',#1890,#1891,#1892);
#1890 = CARTESIAN_POINT('',(0.,6.95,3.));
#1891 = DIRECTION('',(0.,-0.,1.));
#1892 = DIRECTION('',(0.,1.,0.));
#1893 = PLANE('',#1894);
#1894 = AXIS2_PLACEMENT_3D('',#1895,#1896,#1897);
#1895 = CARTESIAN_POINT('',(0.,5.,3.));
#1896 = DIRECTION('',(0.,-0.,1.));
#1897 = DIRECTION('',(0.,1.,0.));
#1898 = ADVANCED_FACE('',(#1899),#1911,.T.);
#1899 = FACE_BOUND('',#1900,.T.);
#1900 = EDGE_LOOP('',(#1901,#1902,#1909,#1910));
#1901 = ORIENTED_EDGE('',*,*,#734,.F.);
#1902 = ORIENTED_EDGE('',*,*,#1903,.T.);
#1903 = EDGE_CURVE('',#726,#755,#1904,.T.);
#1904 = ELLIPSE('',#1905,43.,32.);
#1905 = AXIS2_PLACEMENT_3D('',#1906,#1907,#1908);
#1906 = CARTESIAN_POINT('',(0.,5.,3.));
#1907 = DIRECTION('',(0.,-0.,1.));
#1908 = DIRECTION('',(0.,1.,0.));
#1909 = ORIENTED_EDGE('',*,*,#754,.T.);
#1910 = ORIENTED_EDGE('',*,*,#744,.T.);
#1911 = B_SPLINE_SURFACE_WITH_KNOTS('',14,1,(
    (#1912,#1913)
    ,(#1914,#1915)
    ,(#1916,#1917)
    ,(#1918,#1919)
    ,(#1920,#1921)
    ,(#1922,#1923)
    ,(#1924,#1925)
    ,(#1926,#1927)
    ,(#1928,#1929)
    ,(#1930,#1931)
    ,(#1932,#1933)
    ,(#1934,#1935)
    ,(#1936,#1937)
    ,(#1938,#1939)
    ,(#1940,#1941
    )),.UNSPECIFIED.,.T.,.F.,.F.,(15,15),(2,2),(0.,6.28318530718),(0.,1.
    ),.PIECEWISE_BEZIER_KNOTS.);
#1912 = CARTESIAN_POINT('',(2.346553201184E-14,48.,3.));
#1913 = CARTESIAN_POINT('',(2.346553201184E-14,48.,13.));
#1914 = CARTESIAN_POINT('',(-14.36156641642,48.000000000009,3.));
#1915 = CARTESIAN_POINT('',(-14.36156641642,48.000000000009,13.));
#1916 = CARTESIAN_POINT('',(-28.72313813399,38.672682468388,
    2.999999999999));
#1917 = CARTESIAN_POINT('',(-28.72313813399,38.672682468388,13.));
#1918 = CARTESIAN_POINT('',(-39.45021909035,20.018035481254,
    3.000000000002));
#1919 = CARTESIAN_POINT('',(-39.45021909035,20.018035481254,
    12.999999999996));
#1920 = CARTESIAN_POINT('',(-42.9087230664,-5.174256433837,
    2.999999999998));
#1921 = CARTESIAN_POINT('',(-42.9087230664,-5.174256433837,
    13.000000000017));
#1922 = CARTESIAN_POINT('',(-36.76725955238,-31.32535339723,
    2.999999999999));
#1923 = CARTESIAN_POINT('',(-36.76725955238,-31.32535339723,
    12.999999999957));
#1924 = CARTESIAN_POINT('',(-21.30832784837,-51.28879317144,
    3.000000000004));
#1925 = CARTESIAN_POINT('',(-21.30832784837,-51.28879317144,
    13.000000000076));
#1926 = CARTESIAN_POINT('',(-5.181632900531E-10,-58.80462988795,
    2.999999999992));
#1927 = CARTESIAN_POINT('',(-5.181632900531E-10,-58.80462988795,
    12.9999999999));
#1928 = CARTESIAN_POINT('',(21.308327849328,-51.28879317145,
    3.000000000009));
#1929 = CARTESIAN_POINT('',(21.308327849328,-51.28879317145,
    13.000000000102));
#1930 = CARTESIAN_POINT('',(36.767259551658,-31.32535339722,
    2.999999999992));
#1931 = CARTESIAN_POINT('',(36.767259551658,-31.32535339722,
    12.999999999918));
#1932 = CARTESIAN_POINT('',(42.908723066852,-5.174256433843,
    3.000000000005));
#1933 = CARTESIAN_POINT('',(42.908723066852,-5.174256433843,
    13.000000000052));
#1934 = CARTESIAN_POINT('',(39.450219090133,20.018035481258,
    2.999999999997));
#1935 = CARTESIAN_POINT('',(39.450219090133,20.018035481258,
    12.999999999974));
#1936 = CARTESIAN_POINT('',(28.723138134078,38.672682468387,
    3.000000000001));
#1937 = CARTESIAN_POINT('',(28.723138134078,38.672682468387,
    13.000000000009));
#1938 = CARTESIAN_POINT('',(14.361566416403,48.000000000009,3.));
#1939 = CARTESIAN_POINT('',(14.361566416403,48.000000000009,
    12.999999999998));
#1940 = CARTESIAN_POINT('',(-2.944024789679E-15,48.,3.));
#1941 = CARTESIAN_POINT('',(-2.944024789679E-15,48.,13.));
#1942 = ADVANCED_FACE('',(#1943),#2024,.F.);
#1943 = FACE_BOUND('',#1944,.F.);
#1944 = EDGE_LOOP('',(#1945,#1946,#1954,#2015));
#1945 = ORIENTED_EDGE('',*,*,#665,.F.);
#1946 = ORIENTED_EDGE('',*,*,#1947,.T.);
#1947 = EDGE_CURVE('',#24,#1948,#1950,.T.);
#1948 = VERTEX_POINT('',#1949);
#1949 = CARTESIAN_POINT('',(2.368676856461E-14,47.671553770494,
    13.642902379326));
#1950 = ( BOUNDED_CURVE() B_SPLINE_CURVE(2,(#1951,#1952,#1953),
.UNSPECIFIED.,.F.,.F.) B_SPLINE_CURVE_WITH_KNOTS((3,3),(0.,
236.91267259926),.PIECEWISE_BEZIER_KNOTS.) CURVE() 
GEOMETRIC_REPRESENTATION_ITEM() RATIONAL_B_SPLINE_CURVE((1.,
0.972244291189,1.)) REPRESENTATION_ITEM('') );
#1951 = CARTESIAN_POINT('',(2.346553201184E-14,48.,12.278057900508));
#1952 = CARTESIAN_POINT('',(-9.14546216535E-15,48.,13.));
#1953 = CARTESIAN_POINT('',(2.368676856461E-14,47.671553770494,
    13.642902379326));
#1954 = ORIENTED_EDGE('',*,*,#1955,.T.);
#1955 = EDGE_CURVE('',#1948,#1956,#1958,.T.);
#1956 = VERTEX_POINT('',#1957);
#1957 = CARTESIAN_POINT('',(-31.8012434574,9.488147272486,
    13.188195896325));
#1958 = ( BOUNDED_CURVE() B_SPLINE_CURVE(10,(#1959,#1960,#1961,#1962,
    #1963,#1964,#1965,#1966,#1967,#1968,#1969,#1970,#1971,#1972,#1973,
    #1974,#1975,#1976,#1977,#1978,#1979,#1980,#1981,#1982,#1983,#1984,
    #1985,#1986,#1987,#1988,#1989,#1990,#1991,#1992,#1993,#1994,#1995,
    #1996,#1997,#1998,#1999,#2000,#2001,#2002,#2003,#2004,#2005,#2006,
    #2007,#2008,#2009,#2010,#2011,#2012,#2013,#2014),.UNSPECIFIED.,.T.,
.F.) B_SPLINE_CURVE_WITH_KNOTS((11,9,9,9,9,9,11),(0.,59.228168149817,
    88.842252224725,118.45633629963,148.07042037454,177.68450444945,
236.91267259926),.UNSPECIFIED.) CURVE() GEOMETRIC_REPRESENTATION_ITEM() 
RATIONAL_B_SPLINE_CURVE((1.,1.,1.,1.,1.,1.,1.,1.,1.,1.,1.,1.,1.,1.,1.,1.
    ,1.,1.,1.,1.,1.,1.,1.,1.,1.,1.,1.,1.,1.,1.,1.,1.,1.,1.,1.,1.,1.,1.,
    1.,1.,1.,1.,1.,1.,1.,1.,1.,1.,1.,1.,1.,1.,1.,1.,1.,1.)) 
REPRESENTATION_ITEM('') );
#1959 = CARTESIAN_POINT('',(2.368676856461E-14,47.671553770494,
    13.642902379326));
#1960 = CARTESIAN_POINT('',(-4.885511516962,47.671553770497,
    13.642902379326));
#1961 = CARTESIAN_POINT('',(-9.808457275648,46.56995534246,
    13.621468319107));
#1962 = CARTESIAN_POINT('',(-14.61846480859,44.337642175454,
    13.578074321609));
#1963 = CARTESIAN_POINT('',(-19.17652890755,40.98414454522,
    13.513983783626));
#1964 = CARTESIAN_POINT('',(-23.25772666938,36.516433576062,
    13.429002482133));
#1965 = CARTESIAN_POINT('',(-26.66392710855,31.163539520103,
    13.347838544175));
#1966 = CARTESIAN_POINT('',(-29.30367772727,25.096335438794,
    13.272442623944));
#1967 = CARTESIAN_POINT('',(-31.081973187,18.563318046331,13.21374591436
    ));
#1968 = CARTESIAN_POINT('',(-31.9746141109,11.795484232186,
    13.179723830304));
#1969 = CARTESIAN_POINT('',(-31.97845460478,1.648632502738,
    13.186020611899));
#1970 = CARTESIAN_POINT('',(-31.75733352035,-1.732930417224,
    13.19767518843));
#1971 = CARTESIAN_POINT('',(-31.31302020041,-5.083679060049,
    13.220479255914));
#1972 = CARTESIAN_POINT('',(-30.64858547388,-8.37539477125,
    13.256362377102));
#1973 = CARTESIAN_POINT('',(-29.76385348831,-11.57585714686,
    13.307633934164));
#1974 = CARTESIAN_POINT('',(-28.66571013675,-14.65723767768,
    13.375387851071));
#1975 = CARTESIAN_POINT('',(-27.35698017395,-17.58906030336,
    13.462535577856));
#1976 = CARTESIAN_POINT('',(-25.83538983068,-20.33169765675,
    13.567329694547));
#1977 = CARTESIAN_POINT('',(-24.12285289216,-22.84968602896,
    13.668416545164));
#1978 = CARTESIAN_POINT('',(-20.3819380601,-27.40051134447,
    13.838010849746));
#1979 = CARTESIAN_POINT('',(-18.35379335833,-29.43335766359,
    13.906290111766));
#1980 = CARTESIAN_POINT('',(-16.1987630002,-31.20426395341,
    13.946053083069));
#1981 = CARTESIAN_POINT('',(-13.96722219522,-32.71030379107,
    13.943467739374));
#1982 = CARTESIAN_POINT('',(-11.69110150973,-33.96592186303,
    13.924286219703));
#1983 = CARTESIAN_POINT('',(-9.381890712424,-34.97064060148,
    13.903467333771));
#1984 = CARTESIAN_POINT('',(-7.048478366354,-35.72000455699,
    13.882243448348));
#1985 = CARTESIAN_POINT('',(-4.703959045668,-36.22097534894,
    13.867671052132));
#1986 = CARTESIAN_POINT('',(-2.351903922194,-36.47097361231,
    13.860223533408));
#1987 = CARTESIAN_POINT('',(2.351903922194,-36.47097361231,
    13.860223533408));
#1988 = CARTESIAN_POINT('',(4.703959045667,-36.22097534894,
    13.867671052132));
#1989 = CARTESIAN_POINT('',(7.048478366355,-35.72000455699,
    13.882243448348));
#1990 = CARTESIAN_POINT('',(9.381890712426,-34.97064060148,
    13.903467333771));
#1991 = CARTESIAN_POINT('',(11.691101509732,-33.96592186303,
    13.924286219702));
#1992 = CARTESIAN_POINT('',(13.967222195228,-32.71030379107,
    13.943467739374));
#1993 = CARTESIAN_POINT('',(16.198763000198,-31.20426395341,
    13.946053083069));
#1994 = CARTESIAN_POINT('',(18.353793358337,-29.43335766359,
    13.906290111766));
#1995 = CARTESIAN_POINT('',(20.381938060109,-27.40051134447,
    13.838010849746));
#1996 = CARTESIAN_POINT('',(24.122852892166,-22.84968602896,
    13.668416545164));
#1997 = CARTESIAN_POINT('',(25.83538983068,-20.33169765675,
    13.567329694547));
#1998 = CARTESIAN_POINT('',(27.356980173952,-17.58906030335,
    13.462535577856));
#1999 = CARTESIAN_POINT('',(28.665710136755,-14.65723767769,
    13.375387851071));
#2000 = CARTESIAN_POINT('',(29.763853488313,-11.57585714686,
    13.307633934164));
#2001 = CARTESIAN_POINT('',(30.648585473883,-8.375394771256,
    13.256362377102));
#2002 = CARTESIAN_POINT('',(31.313020200414,-5.083679060045,
    13.220479255915));
#2003 = CARTESIAN_POINT('',(31.75733352035,-1.732930417226,
    13.19767518843));
#2004 = CARTESIAN_POINT('',(31.978454604789,1.648632502739,13.1860206119
    ));
#2005 = CARTESIAN_POINT('',(31.974614110909,11.795484232186,
    13.179723830304));
#2006 = CARTESIAN_POINT('',(31.081973187008,18.563318046334,
    13.213745914358));
#2007 = CARTESIAN_POINT('',(29.303677727276,25.096335438785,
    13.272442623952));
#2008 = CARTESIAN_POINT('',(26.663927108556,31.16353952012,
    13.347838544152));
#2009 = CARTESIAN_POINT('',(23.257726669381,36.516433576041,
    13.429002482169));
#2010 = CARTESIAN_POINT('',(19.176528907566,40.984144545238,
    13.513983783588));
#2011 = CARTESIAN_POINT('',(14.618464808588,44.337642175447,
    13.578074321634));
#2012 = CARTESIAN_POINT('',(9.80845727565,46.569955342461,
    13.621468319098));
#2013 = CARTESIAN_POINT('',(4.885511516961,47.671553770498,
    13.642902379325));
#2014 = CARTESIAN_POINT('',(2.30926389122E-13,47.671553770495,
    13.642902379325));
#2015 = ORIENTED_EDGE('',*,*,#2016,.T.);
#2016 = EDGE_CURVE('',#1956,#624,#2017,.T.);
#2017 = B_SPLINE_CURVE_WITH_KNOTS('',5,(#2018,#2019,#2020,#2021,#2022,
    #2023),.UNSPECIFIED.,.F.,.F.,(6,6),(0.,1.),
  .PIECEWISE_BEZIER_KNOTS.);
#2018 = CARTESIAN_POINT('',(-31.8012434574,9.488147272486,
    13.188195896325));
#2019 = CARTESIAN_POINT('',(-31.81006309131,9.497644597963,
    13.113096389475));
#2020 = CARTESIAN_POINT('',(-31.81689400494,9.502380705314,
    13.037588707838));
#2021 = CARTESIAN_POINT('',(-31.82170071992,9.502381119776,
    12.961842463345));
#2022 = CARTESIAN_POINT('',(-31.82447344969,9.497609736248,
    12.886033475343));
#2023 = CARTESIAN_POINT('',(-31.82522918444,9.48796080713,
    12.810335463394));
#2024 = ( BOUNDED_SURFACE() B_SPLINE_SURFACE(2,10,(
    (#2025,#2026,#2027,#2028,#2029,#2030,#2031,#2032,#2033,#2034,#2035
      ,#2036,#2037,#2038,#2039,#2040,#2041,#2042,#2043,#2044,#2045,#2046
      ,#2047,#2048,#2049,#2050,#2051,#2052,#2053,#2054,#2055,#2056,#2057
      ,#2058,#2059,#2060,#2061,#2062,#2063,#2064,#2065,#2066,#2067,#2068
      ,#2069,#2070,#2071,#2072,#2073,#2074,#2075,#2076,#2077,#2078,#2079
      ,#2080)
    ,(#2081,#2082,#2083,#2084,#2085,#2086,#2087,#2088,#2089,#2090,#2091
      ,#2092,#2093,#2094,#2095,#2096,#2097,#2098,#2099,#2100,#2101,#2102
      ,#2103,#2104,#2105,#2106,#2107,#2108,#2109,#2110,#2111,#2112,#2113
      ,#2114,#2115,#2116,#2117,#2118,#2119,#2120,#2121,#2122,#2123,#2124
      ,#2125,#2126,#2127,#2128,#2129,#2130,#2131,#2132,#2133,#2134,#2135
      ,#2136)
    ,(#2137,#2138,#2139,#2140,#2141,#2142,#2143,#2144,#2145,#2146,#2147
      ,#2148,#2149,#2150,#2151,#2152,#2153,#2154,#2155,#2156,#2157,#2158
      ,#2159,#2160,#2161,#2162,#2163,#2164,#2165,#2166,#2167,#2168,#2169
      ,#2170,#2171,#2172,#2173,#2174,#2175,#2176,#2177,#2178,#2179,#2180
      ,#2181,#2182,#2183,#2184,#2185,#2186,#2187,#2188,#2189,#2190,#2191
,#2192
    )),.UNSPECIFIED.,.F.,.F.,.F.) B_SPLINE_SURFACE_WITH_KNOTS((3,3),(11,
    9,9,9,9,9,11),(0.,236.91267259926),(0.,59.228168149817,
    88.842252224725,118.45633629963,148.07042037454,177.68450444945,
236.91267259926),.UNSPECIFIED.) GEOMETRIC_REPRESENTATION_ITEM() 
RATIONAL_B_SPLINE_SURFACE((
    (1.,1.,1.,1.,1.,1.,1.,1.,1.,1.,1.,1.,1.,1.,1.,1.,1.,1.,1.,1.,1.,1.
      ,1.,1.,1.,1.,1.,1.,1.,1.,1.,1.,1.,1.,1.,1.,1.,1.,1.,1.,1.,1.,1.,1.
      ,1.,1.,1.,1.,1.,1.,1.,1.,1.,1.,1.,1.)
    ,(0.972244291189,0.972244291189,0.974611990663,0.979349325646
      ,0.985707197034,0.99059179737,0.994081440311,0.996317418332
      ,0.997472488603,0.998185300072,0.998052478464,0.997814894813
      ,0.997293598821,0.996538685408,0.995071864445,0.992800496576
      ,0.98910975246,0.982468251841,0.972521102145,0.947841360921
      ,0.933120747481,0.916745570998,0.901053633189,0.888229392203
      ,0.878253441833,0.870598109756,0.865720264315,0.863227820259
      ,0.863227820259,0.865720264315,0.870598109756,0.878253441832
      ,0.888229392203,0.901053633189,0.916745570998,0.933120747481
      ,0.947841360921,0.972521102145,0.982468251841,0.98910975246
      ,0.992800496576,0.995071864445,0.996538685408,0.997293598821
      ,0.997814894813,0.998052478464,0.998185300072,0.997472488603
      ,0.996317418332,0.994081440311,0.99059179737,0.985707197034
      ,0.979349325645,0.974611990663,0.972244291189,0.972244291189)
    ,(1.,1.,1.,1.,1.,1.,1.,1.,1.,1.,1.,1.,1.,1.,1.,1.,1.,1.,1.,1.,1.,1.
      ,1.,1.,1.,1.,1.,1.,1.,1.,1.,1.,1.,1.,1.,1.,1.,1.,1.,1.,1.,1.,1.,1.
,1.,1.,1.,1.,1.,1.,1.,1.,1.,1.,1.,1.
  ))) REPRESENTATION_ITEM('') SURFACE() );
#2025 = CARTESIAN_POINT('',(2.346553201184E-14,48.,12.278057900508));
#2026 = CARTESIAN_POINT('',(-4.95383568894,48.000000000003,
    12.278057900508));
#2027 = CARTESIAN_POINT('',(-9.945261465839,46.854990372668,
    12.310596679273));
#2028 = CARTESIAN_POINT('',(-14.79777496702,44.535647839392,
    12.376182951866));
#2029 = CARTESIAN_POINT('',(-19.32686745731,41.07516324628,
    12.467524212197));
#2030 = CARTESIAN_POINT('',(-23.35621706072,36.572400130998,
    12.559623670624));
#2031 = CARTESIAN_POINT('',(-26.7345658104,31.184327958794,
    12.647953394333));
#2032 = CARTESIAN_POINT('',(-29.34571575825,25.108528342852,
    12.724692058894));
#2033 = CARTESIAN_POINT('',(-31.11211393482,18.568289227755,
    12.784516918711));
#2034 = CARTESIAN_POINT('',(-31.99636936474,11.79816819408,
    12.818973230933));
#2035 = CARTESIAN_POINT('',(-32.0018028298,1.647308841901,
    12.812445280041));
#2036 = CARTESIAN_POINT('',(-31.78345584423,-1.735590623938,
    12.800575328796));
#2037 = CARTESIAN_POINT('',(-31.34514005151,-5.088674615735,
    12.777290370458));
#2038 = CARTESIAN_POINT('',(-30.68947776198,-8.382960793617,
    12.740799759965));
#2039 = CARTESIAN_POINT('',(-29.82148842381,-11.58998992691,
    12.688414698546));
#2040 = CARTESIAN_POINT('',(-28.74851550246,-14.68221765046,
    12.618118505444));
#2041 = CARTESIAN_POINT('',(-27.48012082364,-17.63338946178,
    12.527045030794));
#2042 = CARTESIAN_POINT('',(-26.02794445499,-20.41889740171,
    12.413190533481));
#2043 = CARTESIAN_POINT('',(-24.40552735656,-23.01611184774,
    12.28254091055));
#2044 = CARTESIAN_POINT('',(-20.85067065293,-27.79323846579,
    12.004845664499));
#2045 = CARTESIAN_POINT('',(-18.91823104902,-29.97315064081,
    11.857854675514));
#2046 = CARTESIAN_POINT('',(-16.84600965944,-31.92405405001,
    11.711015715458));
#2047 = CARTESIAN_POINT('',(-14.65092450935,-33.62786313899,
    11.577070105538));
#2048 = CARTESIAN_POINT('',(-12.35136964232,-35.06905825433,
    11.465468648479));
#2049 = CARTESIAN_POINT('',(-9.966967949396,-36.23494223445,
    11.377279362147));
#2050 = CARTESIAN_POINT('',(-7.518290223805,-37.11584792055,
    11.310989635312));
#2051 = CARTESIAN_POINT('',(-5.026548245745,-37.7052826389,
    11.267490888861));
#2052 = CARTESIAN_POINT('',(-2.513274122271,-37.9999999943,
    11.245603749365));
#2053 = CARTESIAN_POINT('',(2.513274122271,-37.9999999943,
    11.245603749365));
#2054 = CARTESIAN_POINT('',(5.026548245744,-37.7052826389,
    11.267490888861));
#2055 = CARTESIAN_POINT('',(7.518290223806,-37.11584792055,
    11.310989635311));
#2056 = CARTESIAN_POINT('',(9.966967949396,-36.23494223446,
    11.377279362147));
#2057 = CARTESIAN_POINT('',(12.351369642325,-35.06905825432,
    11.465468648478));
#2058 = CARTESIAN_POINT('',(14.650924509361,-33.627863139,
    11.577070105538));
#2059 = CARTESIAN_POINT('',(16.846009659438,-31.92405405001,
    11.711015715458));
#2060 = CARTESIAN_POINT('',(18.918231049022,-29.97315064081,
    11.857854675514));
#2061 = CARTESIAN_POINT('',(20.85067065293,-27.79323846579,
    12.004845664499));
#2062 = CARTESIAN_POINT('',(24.405527356566,-23.01611184774,
    12.28254091055));
#2063 = CARTESIAN_POINT('',(26.027944454995,-20.4188974017,
    12.413190533482));
#2064 = CARTESIAN_POINT('',(27.48012082364,-17.63338946178,
    12.527045030794));
#2065 = CARTESIAN_POINT('',(28.748515502467,-14.68221765046,
    12.618118505444));
#2066 = CARTESIAN_POINT('',(29.821488423816,-11.58998992691,
    12.688414698546));
#2067 = CARTESIAN_POINT('',(30.689477761982,-8.38296079362,
    12.740799759965));
#2068 = CARTESIAN_POINT('',(31.345140051517,-5.088674615732,
    12.777290370458));
#2069 = CARTESIAN_POINT('',(31.783455844237,-1.73559062394,
    12.800575328796));
#2070 = CARTESIAN_POINT('',(32.0018028298,1.647308841901,12.812445280041
    ));
#2071 = CARTESIAN_POINT('',(31.996369364741,11.798168194079,
    12.818973230933));
#2072 = CARTESIAN_POINT('',(31.112113934821,18.568289227759,
    12.78451691871));
#2073 = CARTESIAN_POINT('',(29.345715758253,25.108528342845,
    12.724692058901));
#2074 = CARTESIAN_POINT('',(26.734565810409,31.184327958804,
    12.647953394314));
#2075 = CARTESIAN_POINT('',(23.356217060708,36.572400130991,
    12.559623670655));
#2076 = CARTESIAN_POINT('',(19.326867457334,41.075163246282,
    12.467524212165));
#2077 = CARTESIAN_POINT('',(14.797774967018,44.535647839396,
    12.376182951886));
#2078 = CARTESIAN_POINT('',(9.945261465842,46.854990372665,
    12.310596679265));
#2079 = CARTESIAN_POINT('',(4.953835688939,48.000000000004,
    12.278057900507));
#2080 = CARTESIAN_POINT('',(3.250733016102E-13,48.,12.278057900509));
#2081 = CARTESIAN_POINT('',(-9.14546216535E-15,48.,13.));
#2082 = CARTESIAN_POINT('',(-4.95383568894,48.000000000003,13.));
#2083 = CARTESIAN_POINT('',(-9.92132785024,46.857983314519,
    13.000463283109));
#2084 = CARTESIAN_POINT('',(-14.7340396816,44.559349849922,
    13.001445266765));
#2085 = CARTESIAN_POINT('',(-19.24603678574,41.148484094697,
    13.002139276408));
#2086 = CARTESIAN_POINT('',(-23.32507558002,36.636397142203,
    13.000917082936));
#2087 = CARTESIAN_POINT('',(-26.71472759028,31.228828336044,
    13.000944677216));
#2088 = CARTESIAN_POINT('',(-29.34199158685,25.128572446212,
    13.00028073797));
#2089 = CARTESIAN_POINT('',(-31.11134984467,18.577973981492,
    13.000177393411));
#2090 = CARTESIAN_POINT('',(-31.99636968607,11.797567880932,
    13.000004202876));
#2091 = CARTESIAN_POINT('',(-32.00180291014,1.647158743641,
    12.999962430797));
#2092 = CARTESIAN_POINT('',(-31.78331475241,-1.73744419946,
    12.999969863754));
#2093 = CARTESIAN_POINT('',(-31.34495238522,-5.092158567846,
    13.000106421404));
#2094 = CARTESIAN_POINT('',(-30.68753162097,-8.39286502451,
    13.000109951159));
#2095 = CARTESIAN_POINT('',(-29.81769093898,-11.60470237748,
    13.000654171417));
#2096 = CARTESIAN_POINT('',(-28.74069654166,-14.70663790185,
    13.001331920768));
#2097 = CARTESIAN_POINT('',(-27.46320231805,-17.67311303916,
    13.002641259776));
#2098 = CARTESIAN_POINT('',(-26.00032319153,-20.46550866866,
    13.006539180835));
#2099 = CARTESIAN_POINT('',(-24.38297439001,-23.04641922319,
    13.011768543911));
#2100 = CARTESIAN_POINT('',(-20.82753045586,-27.82433497983,
    13.021525632732));
#2101 = CARTESIAN_POINT('',(-18.86310445253,-30.03532446306,
    13.026031922684));
#2102 = CARTESIAN_POINT('',(-16.75558791164,-32.00657183713,
    13.028704154569));
#2103 = CARTESIAN_POINT('',(-14.55134085894,-33.69541490723,
    13.025160206782));
#2104 = CARTESIAN_POINT('',(-12.26590494085,-35.11112146198,
    13.018516686464));
#2105 = CARTESIAN_POINT('',(-9.905191028317,-36.25701322377,
    13.011984551279));
#2106 = CARTESIAN_POINT('',(-7.479870889568,-37.123609724,
    13.006264660891));
#2107 = CARTESIAN_POINT('',(-5.012491911018,-37.70603629548,
    13.002071159878));
#2108 = CARTESIAN_POINT('',(-2.513274122271,-37.9999999943,13.));
#2109 = CARTESIAN_POINT('',(2.513274122271,-37.9999999943,13.));
#2110 = CARTESIAN_POINT('',(5.012491911018,-37.70603629548,
    13.002071159878));
#2111 = CARTESIAN_POINT('',(7.479870889567,-37.12360972399,
    13.006264660891));
#2112 = CARTESIAN_POINT('',(9.90519102832,-36.25701322378,
    13.011984551279));
#2113 = CARTESIAN_POINT('',(12.265904940845,-35.11112146198,
    13.018516686464));
#2114 = CARTESIAN_POINT('',(14.551340858945,-33.69541490724,
    13.025160206782));
#2115 = CARTESIAN_POINT('',(16.755587911646,-32.00657183713,
    13.028704154569));
#2116 = CARTESIAN_POINT('',(18.863104452536,-30.03532446306,
    13.026031922684));
#2117 = CARTESIAN_POINT('',(20.82753045586,-27.82433497983,
    13.021525632732));
#2118 = CARTESIAN_POINT('',(24.382974390019,-23.04641922319,
    13.011768543911));
#2119 = CARTESIAN_POINT('',(26.000323191537,-20.46550866866,
    13.006539180835));
#2120 = CARTESIAN_POINT('',(27.463202318046,-17.67311303915,
    13.002641259776));
#2121 = CARTESIAN_POINT('',(28.740696541675,-14.70663790186,
    13.001331920768));
#2122 = CARTESIAN_POINT('',(29.817690938977,-11.60470237748,
    13.000654171418));
#2123 = CARTESIAN_POINT('',(30.687531620982,-8.392865024518,
    13.000109951159));
#2124 = CARTESIAN_POINT('',(31.344952385221,-5.09215856784,
    13.000106421404));
#2125 = CARTESIAN_POINT('',(31.783314752419,-1.737444199463,
    12.999969863754));
#2126 = CARTESIAN_POINT('',(32.001802910143,1.647158743642,
    12.999962430798));
#2127 = CARTESIAN_POINT('',(31.996369686072,11.797567880931,
    13.000004202876));
#2128 = CARTESIAN_POINT('',(31.111349844675,18.577973981496,
    13.000177393409));
#2129 = CARTESIAN_POINT('',(29.341991586857,25.128572446202,
    13.000280737978));
#2130 = CARTESIAN_POINT('',(26.714727590283,31.228828336059,
    13.000944677196));
#2131 = CARTESIAN_POINT('',(23.325075580025,36.636397142187,
    13.000917082969));
#2132 = CARTESIAN_POINT('',(19.246036785755,41.148484094708,
    13.002139276373));
#2133 = CARTESIAN_POINT('',(14.734039681596,44.559349849921,
    13.001445266787));
#2134 = CARTESIAN_POINT('',(9.921327850241,46.857983314517,13.0004632831
    ));
#2135 = CARTESIAN_POINT('',(4.95383568894,48.000000000004,
    12.999999999999));
#2136 = CARTESIAN_POINT('',(-2.721989300625E-13,48.000000000001,13.));
#2137 = CARTESIAN_POINT('',(2.368676856461E-14,47.671553770494,
    13.642902379326));
#2138 = CARTESIAN_POINT('',(-4.885511516962,47.671553770497,
    13.642902379326));
#2139 = CARTESIAN_POINT('',(-9.808457275648,46.56995534246,
    13.621468319107));
#2140 = CARTESIAN_POINT('',(-14.61846480859,44.337642175454,
    13.578074321609));
#2141 = CARTESIAN_POINT('',(-19.17652890755,40.98414454522,
    13.513983783626));
#2142 = CARTESIAN_POINT('',(-23.25772666938,36.516433576062,
    13.429002482133));
#2143 = CARTESIAN_POINT('',(-26.66392710855,31.163539520103,
    13.347838544175));
#2144 = CARTESIAN_POINT('',(-29.30367772727,25.096335438794,
    13.272442623944));
#2145 = CARTESIAN_POINT('',(-31.081973187,18.563318046331,13.21374591436
    ));
#2146 = CARTESIAN_POINT('',(-31.9746141109,11.795484232186,
    13.179723830304));
#2147 = CARTESIAN_POINT('',(-31.97845460478,1.648632502738,
    13.186020611899));
#2148 = CARTESIAN_POINT('',(-31.75733352035,-1.732930417224,
    13.19767518843));
#2149 = CARTESIAN_POINT('',(-31.31302020041,-5.083679060049,
    13.220479255914));
#2150 = CARTESIAN_POINT('',(-30.64858547388,-8.37539477125,
    13.256362377102));
#2151 = CARTESIAN_POINT('',(-29.76385348831,-11.57585714686,
    13.307633934164));
#2152 = CARTESIAN_POINT('',(-28.66571013675,-14.65723767768,
    13.375387851071));
#2153 = CARTESIAN_POINT('',(-27.35698017395,-17.58906030336,
    13.462535577856));
#2154 = CARTESIAN_POINT('',(-25.83538983068,-20.33169765675,
    13.567329694547));
#2155 = CARTESIAN_POINT('',(-24.12285289216,-22.84968602896,
    13.668416545164));
#2156 = CARTESIAN_POINT('',(-20.3819380601,-27.40051134447,
    13.838010849746));
#2157 = CARTESIAN_POINT('',(-18.35379335833,-29.43335766359,
    13.906290111766));
#2158 = CARTESIAN_POINT('',(-16.1987630002,-31.20426395341,
    13.946053083069));
#2159 = CARTESIAN_POINT('',(-13.96722219522,-32.71030379107,
    13.943467739374));
#2160 = CARTESIAN_POINT('',(-11.69110150973,-33.96592186303,
    13.924286219703));
#2161 = CARTESIAN_POINT('',(-9.381890712424,-34.97064060148,
    13.903467333771));
#2162 = CARTESIAN_POINT('',(-7.048478366354,-35.72000455699,
    13.882243448348));
#2163 = CARTESIAN_POINT('',(-4.703959045668,-36.22097534894,
    13.867671052132));
#2164 = CARTESIAN_POINT('',(-2.351903922194,-36.47097361231,
    13.860223533408));
#2165 = CARTESIAN_POINT('',(2.351903922194,-36.47097361231,
    13.860223533408));
#2166 = CARTESIAN_POINT('',(4.703959045667,-36.22097534894,
    13.867671052132));
#2167 = CARTESIAN_POINT('',(7.048478366355,-35.72000455699,
    13.882243448348));
#2168 = CARTESIAN_POINT('',(9.381890712426,-34.97064060148,
    13.903467333771));
#2169 = CARTESIAN_POINT('',(11.691101509732,-33.96592186303,
    13.924286219702));
#2170 = CARTESIAN_POINT('',(13.967222195228,-32.71030379107,
    13.943467739374));
#2171 = CARTESIAN_POINT('',(16.198763000198,-31.20426395341,
    13.946053083069));
#2172 = CARTESIAN_POINT('',(18.353793358337,-29.43335766359,
    13.906290111766));
#2173 = CARTESIAN_POINT('',(20.381938060109,-27.40051134447,
    13.838010849746));
#2174 = CARTESIAN_POINT('',(24.122852892166,-22.84968602896,
    13.668416545164));
#2175 = CARTESIAN_POINT('',(25.83538983068,-20.33169765675,
    13.567329694547));
#2176 = CARTESIAN_POINT('',(27.356980173952,-17.58906030335,
    13.462535577856));
#2177 = CARTESIAN_POINT('',(28.665710136755,-14.65723767769,
    13.375387851071));
#2178 = CARTESIAN_POINT('',(29.763853488313,-11.57585714686,
    13.307633934164));
#2179 = CARTESIAN_POINT('',(30.648585473883,-8.375394771256,
    13.256362377102));
#2180 = CARTESIAN_POINT('',(31.313020200414,-5.083679060045,
    13.220479255915));
#2181 = CARTESIAN_POINT('',(31.75733352035,-1.732930417226,
    13.19767518843));
#2182 = CARTESIAN_POINT('',(31.978454604789,1.648632502739,13.1860206119
    ));
#2183 = CARTESIAN_POINT('',(31.974614110909,11.795484232186,
    13.179723830304));
#2184 = CARTESIAN_POINT('',(31.081973187008,18.563318046334,
    13.213745914358));
#2185 = CARTESIAN_POINT('',(29.303677727276,25.096335438785,
    13.272442623952));
#2186 = CARTESIAN_POINT('',(26.663927108556,31.16353952012,
    13.347838544152));
#2187 = CARTESIAN_POINT('',(23.257726669381,36.516433576041,
    13.429002482169));
#2188 = CARTESIAN_POINT('',(19.176528907566,40.984144545238,
    13.513983783588));
#2189 = CARTESIAN_POINT('',(14.618464808588,44.337642175447,
    13.578074321634));
#2190 = CARTESIAN_POINT('',(9.80845727565,46.569955342461,
    13.621468319098));
#2191 = CARTESIAN_POINT('',(4.885511516961,47.671553770498,
    13.642902379325));
#2192 = CARTESIAN_POINT('',(2.30926389122E-13,47.671553770495,
    13.642902379325));
#2193 = ADVANCED_FACE('',(#2194),#2363,.F.);
#2194 = FACE_BOUND('',#2195,.F.);
#2195 = EDGE_LOOP('',(#2196,#2219,#2227,#2248,#2257,#2258,#2259,#2276,
    #2277,#2298,#2313,#2350));
#2196 = ORIENTED_EDGE('',*,*,#2197,.F.);
#2197 = EDGE_CURVE('',#2198,#2200,#2202,.T.);
#2198 = VERTEX_POINT('',#2199);
#2199 = CARTESIAN_POINT('',(-29.1232694083,8.,14.5));
#2200 = VERTEX_POINT('',#2201);
#2201 = CARTESIAN_POINT('',(-29.35090443817,6.523258431327,
    13.263124189979));
#2202 = B_SPLINE_CURVE_WITH_KNOTS('',8,(#2203,#2204,#2205,#2206,#2207,
    #2208,#2209,#2210,#2211,#2212,#2213,#2214,#2215,#2216,#2217,#2218),
  .UNSPECIFIED.,.F.,.F.,(9,7,9),(0.,0.658359867464,1.),.UNSPECIFIED.);
#2203 = CARTESIAN_POINT('',(-29.1232694083,8.,14.5));
#2204 = CARTESIAN_POINT('',(-29.12667532184,7.822729548637,14.5));
#2205 = CARTESIAN_POINT('',(-29.13356941427,7.645337242945,
    14.476057134681));
#2206 = CARTESIAN_POINT('',(-29.14389745613,7.47206038484,
    14.428115087858));
#2207 = CARTESIAN_POINT('',(-29.15753389971,7.306737231658,
    14.357175258168));
#2208 = CARTESIAN_POINT('',(-29.17434305773,7.152836655577,
    14.264840592085));
#2209 = CARTESIAN_POINT('',(-29.19413653804,7.013431212986,
    14.153296657043));
#2210 = CARTESIAN_POINT('',(-29.21663640615,6.89118274576,
    14.025232058522));
#2211 = CARTESIAN_POINT('',(-29.25427656563,6.73466207304,
    13.810650168959));
#2212 = CARTESIAN_POINT('',(-29.26775788619,6.686326917926,
    13.733739783628));
#2213 = CARTESIAN_POINT('',(-29.28180780138,6.643406676933,
    13.653656813565));
#2214 = CARTESIAN_POINT('',(-29.29636743466,6.606128188096,
    13.570845491855));
#2215 = CARTESIAN_POINT('',(-29.3113718983,6.574673698743,
    13.485761976838));
#2216 = CARTESIAN_POINT('',(-29.32675004601,6.549183730065,
    13.398871322027));
#2217 = CARTESIAN_POINT('',(-29.34242444947,6.529757909151,
    13.310645708363));
#2218 = CARTESIAN_POINT('',(-29.35831159893,6.516453768491,
    13.221563938797));
#2219 = ORIENTED_EDGE('',*,*,#2220,.F.);
#2220 = EDGE_CURVE('',#2221,#2198,#2223,.T.);
#2221 = VERTEX_POINT('',#2222);
#2222 = CARTESIAN_POINT('',(-31.73432830551,8.,14.5));
#2223 = LINE('',#2224,#2225);
#2224 = CARTESIAN_POINT('',(-33.,8.,14.5));
#2225 = VECTOR('',#2226,1.);
#2226 = DIRECTION('',(1.,0.,0.));
#2227 = ORIENTED_EDGE('',*,*,#2228,.T.);
#2228 = EDGE_CURVE('',#2221,#2229,#2231,.T.);
#2229 = VERTEX_POINT('',#2230);
#2230 = CARTESIAN_POINT('',(-31.95743184881,6.511304642243,
    13.183810042691));
#2231 = B_SPLINE_CURVE_WITH_KNOTS('',8,(#2232,#2233,#2234,#2235,#2236,
    #2237,#2238,#2239,#2240,#2241,#2242,#2243,#2244,#2245,#2246,#2247),
  .UNSPECIFIED.,.F.,.F.,(9,7,9),(0.,0.676648751818,1.),.UNSPECIFIED.);
#2232 = CARTESIAN_POINT('',(-31.73432830551,8.,14.5));
#2233 = CARTESIAN_POINT('',(-31.74435220176,7.813766896745,14.5));
#2234 = CARTESIAN_POINT('',(-31.75695848832,7.627591275152,
    14.473574761193));
#2235 = CARTESIAN_POINT('',(-31.77186595683,7.446192749161,
    14.420755002678));
#2236 = CARTESIAN_POINT('',(-31.78878334626,7.273858000086,
    14.34270346771));
#2237 = CARTESIAN_POINT('',(-31.80745920163,7.114503736745,
    14.241235449243));
#2238 = CARTESIAN_POINT('',(-31.82764434038,6.971628922214,
    14.118837392206));
#2239 = CARTESIAN_POINT('',(-31.8490496004,6.848294231521,
    13.978599083603));
#2240 = CARTESIAN_POINT('',(-31.88192409792,6.698350107116,
    13.750660139318));
#2241 = CARTESIAN_POINT('',(-31.892751257,6.654835844033,13.673721433372
    ));
#2242 = CARTESIAN_POINT('',(-31.90373739089,6.616541835681,
    13.593940961587));
#2243 = CARTESIAN_POINT('',(-31.91484241163,6.583676860439,
    13.511728290317));
#2244 = CARTESIAN_POINT('',(-31.92602351661,6.556411420348,
    13.427507165715));
#2245 = CARTESIAN_POINT('',(-31.93723463265,6.534878643348,
    13.341713529207));
#2246 = CARTESIAN_POINT('',(-31.94842610549,6.519173244454,
    13.254794337018));
#2247 = CARTESIAN_POINT('',(-31.95954463449,6.509348545871,
    13.167207183767));
#2248 = ORIENTED_EDGE('',*,*,#2249,.T.);
#2249 = EDGE_CURVE('',#2229,#563,#2250,.T.);
#2250 = B_SPLINE_CURVE_WITH_KNOTS('',5,(#2251,#2252,#2253,#2254,#2255,
    #2256),.UNSPECIFIED.,.F.,.F.,(6,6),(0.,1.),
  .PIECEWISE_BEZIER_KNOTS.);
#2251 = CARTESIAN_POINT('',(-31.95743184881,6.511304642243,
    13.183810042691));
#2252 = CARTESIAN_POINT('',(-31.96677080677,6.502242597282,13.1104156619
    ));
#2253 = CARTESIAN_POINT('',(-31.97373392935,6.497729801701,
    13.036677583712));
#2254 = CARTESIAN_POINT('',(-31.97830150226,6.49773095852,
    12.962729627775));
#2255 = CARTESIAN_POINT('',(-31.98046450824,6.502278833801,
    12.888709892773));
#2256 = CARTESIAN_POINT('',(-31.9802246217,6.511482640108,
    12.814754030276));
#2257 = ORIENTED_EDGE('',*,*,#623,.T.);
#2258 = ORIENTED_EDGE('',*,*,#2016,.F.);
#2259 = ORIENTED_EDGE('',*,*,#2260,.T.);
#2260 = EDGE_CURVE('',#1956,#2221,#2261,.T.);
#2261 = B_SPLINE_CURVE_WITH_KNOTS('',7,(#2262,#2263,#2264,#2265,#2266,
    #2267,#2268,#2269,#2270,#2271,#2272,#2273,#2274,#2275),
  .UNSPECIFIED.,.F.,.F.,(8,6,8),(0.,0.349102857691,1.),.UNSPECIFIED.);
#2262 = CARTESIAN_POINT('',(-31.80289009847,9.48984209975,
    13.174271391262));
#2263 = CARTESIAN_POINT('',(-31.79021250765,9.477293960454,
    13.281545144349));
#2264 = CARTESIAN_POINT('',(-31.77835915035,9.455717205295,
    13.387911804578));
#2265 = CARTESIAN_POINT('',(-31.76744236925,9.425175327056,
    13.492443390372));
#2266 = CARTESIAN_POINT('',(-31.7575533223,9.385852628354,
    13.594231269388));
#2267 = CARTESIAN_POINT('',(-31.74876187065,9.338044707064,
    13.692388355936));
#2268 = CARTESIAN_POINT('',(-31.74111667283,9.282163240084,
    13.786058736918));
#2269 = CARTESIAN_POINT('',(-31.7225800505,9.1005314566,14.039210458268)
  );
#2270 = CARTESIAN_POINT('',(-31.71457941822,8.955980064641,
    14.185806546554));
#2271 = CARTESIAN_POINT('',(-31.71086324778,8.788728377288,
    14.308618767556));
#2272 = CARTESIAN_POINT('',(-31.71129804215,8.60370452642,
    14.403613959407));
#2273 = CARTESIAN_POINT('',(-31.71558849575,8.406400528815,
    14.46796419061));
#2274 = CARTESIAN_POINT('',(-31.723404874,8.202945491305,14.5));
#2275 = CARTESIAN_POINT('',(-31.73432830551,8.,14.5));
#2276 = ORIENTED_EDGE('',*,*,#2220,.T.);
#2277 = ORIENTED_EDGE('',*,*,#2278,.F.);
#2278 = EDGE_CURVE('',#2279,#2198,#2281,.T.);
#2279 = VERTEX_POINT('',#2280);
#2280 = CARTESIAN_POINT('',(-29.29086943178,9.477614376741,
    13.258177755916));
#2281 = B_SPLINE_CURVE_WITH_KNOTS('',8,(#2282,#2283,#2284,#2285,#2286,
    #2287,#2288,#2289,#2290,#2291,#2292,#2293,#2294,#2295,#2296,#2297),
  .UNSPECIFIED.,.F.,.F.,(9,7,9),(0.,0.341438957727,1.),.UNSPECIFIED.);
#2282 = CARTESIAN_POINT('',(-29.29538267963,9.482057829087,
    13.231310594748));
#2283 = CARTESIAN_POINT('',(-29.28048051751,9.468253993488,13.3197548039
    ));
#2284 = CARTESIAN_POINT('',(-29.26602697528,9.448401084917,
    13.407366643381));
#2285 = CARTESIAN_POINT('',(-29.25209705474,9.422547202086,
    13.49366681782));
#2286 = CARTESIAN_POINT('',(-29.23875843104,9.390784691252,
    13.578181394301));
#2287 = CARTESIAN_POINT('',(-29.22607153367,9.35324902395,13.66044256257
    ));
#2288 = CARTESIAN_POINT('',(-29.21408971267,9.310119897319,
    13.739990794341));
#2289 = CARTESIAN_POINT('',(-29.20285948967,9.261624557026,
    13.816378401707));
#2290 = CARTESIAN_POINT('',(-29.1722871275,9.10469690417,14.029582230062
    ));
#2291 = CARTESIAN_POINT('',(-29.15507307566,8.9823002767,14.156805238011
    ));
#2292 = CARTESIAN_POINT('',(-29.14110911114,8.842938764615,
    14.267482198271));
#2293 = CARTESIAN_POINT('',(-29.13055824028,8.689332695294,
    14.358953137743));
#2294 = CARTESIAN_POINT('',(-29.12349392116,8.524590434099,
    14.429101489065));
#2295 = CARTESIAN_POINT('',(-29.11993643227,8.35218922471,
    14.476415468188));
#2296 = CARTESIAN_POINT('',(-29.11988907649,8.17593897799,14.5));
#2297 = CARTESIAN_POINT('',(-29.1232694083,8.,14.5));
#2298 = ORIENTED_EDGE('',*,*,#2299,.T.);
#2299 = EDGE_CURVE('',#2279,#2300,#2302,.T.);
#2300 = VERTEX_POINT('',#2301);
#2301 = CARTESIAN_POINT('',(-29.33644180699,9.476902269192,
    12.737779315737));
#2302 = B_SPLINE_CURVE_WITH_KNOTS('',5,(#2303,#2304,#2305,#2306,#2307,
    #2308,#2309,#2310,#2311,#2312),.UNSPECIFIED.,.F.,.F.,(6,4,6),(0.,
    0.499876981046,1.),.UNSPECIFIED.);
#2303 = CARTESIAN_POINT('',(-29.29086943178,9.477614376741,
    13.258177755916));
#2304 = CARTESIAN_POINT('',(-29.29949116253,9.486601751674,
    13.206740813318));
#2305 = CARTESIAN_POINT('',(-29.30711144966,9.493325110479,
    13.155060758853));
#2306 = CARTESIAN_POINT('',(-29.3137189653,9.497802570366,
    13.103184389856));
#2307 = CARTESIAN_POINT('',(-29.3193062814,9.500033188052,
    13.051159946719));
#2308 = CARTESIAN_POINT('',(-29.32843608333,9.499966175949,
    12.946886427543));
#2309 = CARTESIAN_POINT('',(-29.33197756122,9.497666323537,
    12.894637253514));
#2310 = CARTESIAN_POINT('',(-29.33449114504,9.493082325078,
    12.842337146875));
#2311 = CARTESIAN_POINT('',(-29.33597758134,9.486180167557,
    12.790035106265));
#2312 = CARTESIAN_POINT('',(-29.33644180699,9.476902269192,
    12.737779315737));
#2313 = ORIENTED_EDGE('',*,*,#2314,.F.);
#2314 = EDGE_CURVE('',#2315,#2300,#2317,.T.);
#2315 = VERTEX_POINT('',#2316);
#2316 = CARTESIAN_POINT('',(-29.39819567807,6.524026280317,
    12.732602208675));
#2317 = B_SPLINE_CURVE_WITH_KNOTS('',7,(#2318,#2319,#2320,#2321,#2322,
    #2323,#2324,#2325,#2326,#2327,#2328,#2329,#2330,#2331,#2332,#2333,
    #2334,#2335,#2336,#2337,#2338,#2339,#2340,#2341,#2342,#2343,#2344,
    #2345,#2346,#2347,#2348,#2349),.UNSPECIFIED.,.F.,.F.,(8,6,6,6,6,8),(
    0.,0.24110640012,0.331842957338,0.586344032071,0.755066833626,1.),
  .UNSPECIFIED.);
#2318 = CARTESIAN_POINT('',(-29.39818019944,6.522203072728,
    12.742869212764));
#2319 = CARTESIAN_POINT('',(-29.39839064429,6.54693848561,12.60070841769
    ));
#2320 = CARTESIAN_POINT('',(-29.39872269364,6.587638685305,
    12.461267308812));
#2321 = CARTESIAN_POINT('',(-29.39914041329,6.643941238432,
    12.326756849038));
#2322 = CARTESIAN_POINT('',(-29.39957344079,6.715103061793,
    12.199234388814));
#2323 = CARTESIAN_POINT('',(-29.39992535973,6.800078747667,
    12.080616049953));
#2324 = CARTESIAN_POINT('',(-29.40008905392,6.897529082689,
    11.972648612995));
#2325 = CARTESIAN_POINT('',(-29.39992387662,7.046490653666,
    11.840785202816));
#2326 = CARTESIAN_POINT('',(-29.39983858921,7.088752832679,
    11.806447620315));
#2327 = CARTESIAN_POINT('',(-29.39970790743,7.132458828166,
    11.773907109475));
#2328 = CARTESIAN_POINT('',(-29.39952696676,7.177516743221,
    11.74323653143));
#2329 = CARTESIAN_POINT('',(-29.39929130988,7.223830253207,
    11.714502659545));
#2330 = CARTESIAN_POINT('',(-29.39899688672,7.271298605755,
    11.687766179418));
#2331 = CARTESIAN_POINT('',(-29.39763919861,7.45590164915,
    11.593845764963));
#2332 = CARTESIAN_POINT('',(-29.39614772713,7.600267304738,
    11.540740984483));
#2333 = CARTESIAN_POINT('',(-29.39408874668,7.750559032365,
    11.504995802688));
#2334 = CARTESIAN_POINT('',(-29.39142249984,7.9042710595,11.487346401746
    ));
#2335 = CARTESIAN_POINT('',(-29.38816386162,8.058817809494,
    11.488109252891));
#2336 = CARTESIAN_POINT('',(-29.38439026651,8.21153501253,
    11.507163832552));
#2337 = CARTESIAN_POINT('',(-29.37747599448,8.458002170816,
    11.568051114825));
#2338 = CARTESIAN_POINT('',(-29.3745490305,8.554336753639,11.6000564037)
  );
#2339 = CARTESIAN_POINT('',(-29.37148818105,8.648003383149,
    11.639605805887));
#2340 = CARTESIAN_POINT('',(-29.36833871038,8.738297600649,
    11.686422768508));
#2341 = CARTESIAN_POINT('',(-29.36515254838,8.824555084767,
    11.740154522295));
#2342 = CARTESIAN_POINT('',(-29.36198559525,8.906155077822,
    11.80037544825));
#2343 = CARTESIAN_POINT('',(-29.35440670047,9.09339868598,
    11.962691591257));
#2344 = CARTESIAN_POINT('',(-29.35007677614,9.19329857102,
    12.071453285665));
#2345 = CARTESIAN_POINT('',(-29.34607860768,9.280440055185,
    12.191312581002));
#2346 = CARTESIAN_POINT('',(-29.34258439423,9.353405065102,
    12.320459267853));
#2347 = CARTESIAN_POINT('',(-29.3397429727,9.411080872011,12.45689811069
    ));
#2348 = CARTESIAN_POINT('',(-29.33766242131,9.452673191082,
    12.598476623517));
#2349 = CARTESIAN_POINT('',(-29.33639674809,9.477796927272,
    12.742869212764));
#2350 = ORIENTED_EDGE('',*,*,#2351,.F.);
#2351 = EDGE_CURVE('',#2200,#2315,#2352,.T.);
#2352 = B_SPLINE_CURVE_WITH_KNOTS('',5,(#2353,#2354,#2355,#2356,#2357,
    #2358,#2359,#2360,#2361,#2362),.UNSPECIFIED.,.F.,.F.,(6,4,6),(0.,
    0.500602935116,1.),.UNSPECIFIED.);
#2353 = CARTESIAN_POINT('',(-29.35090443817,6.523258431327,
    13.263124189979));
#2354 = CARTESIAN_POINT('',(-29.36024599803,6.513911325281,
    13.210665082949));
#2355 = CARTESIAN_POINT('',(-29.36845596606,6.506917338498,
    13.157924166112));
#2356 = CARTESIAN_POINT('',(-29.37551876325,6.502262496384,
    13.104958628363));
#2357 = CARTESIAN_POINT('',(-29.38142348985,6.499950677436,
    13.051827778864));
#2358 = CARTESIAN_POINT('',(-29.39089375669,6.500050524477,
    12.94548374185));
#2359 = CARTESIAN_POINT('',(-29.39446489762,6.502450819471,
    12.892271060024));
#2360 = CARTESIAN_POINT('',(-29.39687195699,6.507220707923,
    12.839013185601));
#2361 = CARTESIAN_POINT('',(-29.39811417975,6.514393957621,
    12.785770393379));
#2362 = CARTESIAN_POINT('',(-29.39819567807,6.524026280317,
    12.732602208675));
#2363 = CYLINDRICAL_SURFACE('',#2364,1.5);
#2364 = AXIS2_PLACEMENT_3D('',#2365,#2366,#2367);
#2365 = CARTESIAN_POINT('',(-33.,8.,13.));
#2366 = DIRECTION('',(1.,0.,0.));
#2367 = DIRECTION('',(-0.,0.,1.));
#2368 = ADVANCED_FACE('',(#2369),#2443,.F.);
#2369 = FACE_BOUND('',#2370,.F.);
#2370 = EDGE_LOOP('',(#2371,#2372,#2373,#2434));
#2371 = ORIENTED_EDGE('',*,*,#562,.F.);
#2372 = ORIENTED_EDGE('',*,*,#2249,.F.);
#2373 = ORIENTED_EDGE('',*,*,#2374,.T.);
#2374 = EDGE_CURVE('',#2229,#2375,#2377,.T.);
#2375 = VERTEX_POINT('',#2376);
#2376 = CARTESIAN_POINT('',(-31.97480641732,4.488626166202,
    13.184369567168));
#2377 = ( BOUNDED_CURVE() B_SPLINE_CURVE(10,(#2378,#2379,#2380,#2381,
    #2382,#2383,#2384,#2385,#2386,#2387,#2388,#2389,#2390,#2391,#2392,
    #2393,#2394,#2395,#2396,#2397,#2398,#2399,#2400,#2401,#2402,#2403,
    #2404,#2405,#2406,#2407,#2408,#2409,#2410,#2411,#2412,#2413,#2414,
    #2415,#2416,#2417,#2418,#2419,#2420,#2421,#2422,#2423,#2424,#2425,
    #2426,#2427,#2428,#2429,#2430,#2431,#2432,#2433),.UNSPECIFIED.,.T.,
.F.) B_SPLINE_CURVE_WITH_KNOTS((11,9,9,9,9,9,11),(0.,59.228168149817,
    88.842252224725,118.45633629963,148.07042037454,177.68450444945,
236.91267259926),.UNSPECIFIED.) CURVE() GEOMETRIC_REPRESENTATION_ITEM() 
RATIONAL_B_SPLINE_CURVE((1.,1.,1.,1.,1.,1.,1.,1.,1.,1.,1.,1.,1.,1.,1.,1.
    ,1.,1.,1.,1.,1.,1.,1.,1.,1.,1.,1.,1.,1.,1.,1.,1.,1.,1.,1.,1.,1.,1.,
    1.,1.,1.,1.,1.,1.,1.,1.,1.,1.,1.,1.,1.,1.,1.,1.,1.,1.)) 
REPRESENTATION_ITEM('') );
#2378 = CARTESIAN_POINT('',(2.368676856461E-14,47.671553770494,
    13.642902379326));
#2379 = CARTESIAN_POINT('',(-4.885511516962,47.671553770497,
    13.642902379326));
#2380 = CARTESIAN_POINT('',(-9.808457275648,46.56995534246,
    13.621468319107));
#2381 = CARTESIAN_POINT('',(-14.61846480859,44.337642175454,
    13.578074321609));
#2382 = CARTESIAN_POINT('',(-19.17652890755,40.98414454522,
    13.513983783626));
#2383 = CARTESIAN_POINT('',(-23.25772666938,36.516433576062,
    13.429002482133));
#2384 = CARTESIAN_POINT('',(-26.66392710855,31.163539520103,
    13.347838544175));
#2385 = CARTESIAN_POINT('',(-29.30367772727,25.096335438794,
    13.272442623944));
#2386 = CARTESIAN_POINT('',(-31.081973187,18.563318046331,13.21374591436
    ));
#2387 = CARTESIAN_POINT('',(-31.9746141109,11.795484232186,
    13.179723830304));
#2388 = CARTESIAN_POINT('',(-31.97845460478,1.648632502738,
    13.186020611899));
#2389 = CARTESIAN_POINT('',(-31.75733352035,-1.732930417224,
    13.19767518843));
#2390 = CARTESIAN_POINT('',(-31.31302020041,-5.083679060049,
    13.220479255914));
#2391 = CARTESIAN_POINT('',(-30.64858547388,-8.37539477125,
    13.256362377102));
#2392 = CARTESIAN_POINT('',(-29.76385348831,-11.57585714686,
    13.307633934164));
#2393 = CARTESIAN_POINT('',(-28.66571013675,-14.65723767768,
    13.375387851071));
#2394 = CARTESIAN_POINT('',(-27.35698017395,-17.58906030336,
    13.462535577856));
#2395 = CARTESIAN_POINT('',(-25.83538983068,-20.33169765675,
    13.567329694547));
#2396 = CARTESIAN_POINT('',(-24.12285289216,-22.84968602896,
    13.668416545164));
#2397 = CARTESIAN_POINT('',(-20.3819380601,-27.40051134447,
    13.838010849746));
#2398 = CARTESIAN_POINT('',(-18.35379335833,-29.43335766359,
    13.906290111766));
#2399 = CARTESIAN_POINT('',(-16.1987630002,-31.20426395341,
    13.946053083069));
#2400 = CARTESIAN_POINT('',(-13.96722219522,-32.71030379107,
    13.943467739374));
#2401 = CARTESIAN_POINT('',(-11.69110150973,-33.96592186303,
    13.924286219703));
#2402 = CARTESIAN_POINT('',(-9.381890712424,-34.97064060148,
    13.903467333771));
#2403 = CARTESIAN_POINT('',(-7.048478366354,-35.72000455699,
    13.882243448348));
#2404 = CARTESIAN_POINT('',(-4.703959045668,-36.22097534894,
    13.867671052132));
#2405 = CARTESIAN_POINT('',(-2.351903922194,-36.47097361231,
    13.860223533408));
#2406 = CARTESIAN_POINT('',(2.351903922194,-36.47097361231,
    13.860223533408));
#2407 = CARTESIAN_POINT('',(4.703959045667,-36.22097534894,
    13.867671052132));
#2408 = CARTESIAN_POINT('',(7.048478366355,-35.72000455699,
    13.882243448348));
#2409 = CARTESIAN_POINT('',(9.381890712426,-34.97064060148,
    13.903467333771));
#2410 = CARTESIAN_POINT('',(11.691101509732,-33.96592186303,
    13.924286219702));
#2411 = CARTESIAN_POINT('',(13.967222195228,-32.71030379107,
    13.943467739374));
#2412 = CARTESIAN_POINT('',(16.198763000198,-31.20426395341,
    13.946053083069));
#2413 = CARTESIAN_POINT('',(18.353793358337,-29.43335766359,
    13.906290111766));
#2414 = CARTESIAN_POINT('',(20.381938060109,-27.40051134447,
    13.838010849746));
#2415 = CARTESIAN_POINT('',(24.122852892166,-22.84968602896,
    13.668416545164));
#2416 = CARTESIAN_POINT('',(25.83538983068,-20.33169765675,
    13.567329694547));
#2417 = CARTESIAN_POINT('',(27.356980173952,-17.58906030335,
    13.462535577856));
#2418 = CARTESIAN_POINT('',(28.665710136755,-14.65723767769,
    13.375387851071));
#2419 = CARTESIAN_POINT('',(29.763853488313,-11.57585714686,
    13.307633934164));
#2420 = CARTESIAN_POINT('',(30.648585473883,-8.375394771256,
    13.256362377102));
#2421 = CARTESIAN_POINT('',(31.313020200414,-5.083679060045,
    13.220479255915));
#2422 = CARTESIAN_POINT('',(31.75733352035,-1.732930417226,
    13.19767518843));
#2423 = CARTESIAN_POINT('',(31.978454604789,1.648632502739,13.1860206119
    ));
#2424 = CARTESIAN_POINT('',(31.974614110909,11.795484232186,
    13.179723830304));
#2425 = CARTESIAN_POINT('',(31.081973187008,18.563318046334,
    13.213745914358));
#2426 = CARTESIAN_POINT('',(29.303677727276,25.096335438785,
    13.272442623952));
#2427 = CARTESIAN_POINT('',(26.663927108556,31.16353952012,
    13.347838544152));
#2428 = CARTESIAN_POINT('',(23.257726669381,36.516433576041,
    13.429002482169));
#2429 = CARTESIAN_POINT('',(19.176528907566,40.984144545238,
    13.513983783588));
#2430 = CARTESIAN_POINT('',(14.618464808588,44.337642175447,
    13.578074321634));
#2431 = CARTESIAN_POINT('',(9.80845727565,46.569955342461,
    13.621468319098));
#2432 = CARTESIAN_POINT('',(4.885511516961,47.671553770498,
    13.642902379325));
#2433 = CARTESIAN_POINT('',(2.30926389122E-13,47.671553770495,
    13.642902379325));
#2434 = ORIENTED_EDGE('',*,*,#2435,.T.);
#2435 = EDGE_CURVE('',#2375,#520,#2436,.T.);
#2436 = B_SPLINE_CURVE_WITH_KNOTS('',5,(#2437,#2438,#2439,#2440,#2441,
    #2442),.UNSPECIFIED.,.F.,.F.,(6,6),(0.,1.),
  .PIECEWISE_BEZIER_KNOTS.);
#2437 = CARTESIAN_POINT('',(-31.97480641732,4.488626166202,
    13.184369567168));
#2438 = CARTESIAN_POINT('',(-31.98404396496,4.497744965746,
    13.110743079817));
#2439 = CARTESIAN_POINT('',(-31.9909689418,4.50228434725,13.036777573303
    ));
#2440 = CARTESIAN_POINT('',(-31.99556264165,4.502282641648,
    12.962602907558));
#2441 = CARTESIAN_POINT('',(-31.99781713559,4.49770674007,12.88835307307
    ));
#2442 = CARTESIAN_POINT('',(-31.99773538082,4.488443235936,
    12.81415938712));
#2443 = ( BOUNDED_SURFACE() B_SPLINE_SURFACE(2,10,(
    (#2444,#2445,#2446,#2447,#2448,#2449,#2450,#2451,#2452,#2453,#2454
      ,#2455,#2456,#2457,#2458,#2459,#2460,#2461,#2462,#2463,#2464,#2465
      ,#2466,#2467,#2468,#2469,#2470,#2471,#2472,#2473,#2474,#2475,#2476
      ,#2477,#2478,#2479,#2480,#2481,#2482,#2483,#2484,#2485,#2486,#2487
      ,#2488,#2489,#2490,#2491,#2492,#2493,#2494,#2495,#2496,#2497,#2498
      ,#2499)
    ,(#2500,#2501,#2502,#2503,#2504,#2505,#2506,#2507,#2508,#2509,#2510
      ,#2511,#2512,#2513,#2514,#2515,#2516,#2517,#2518,#2519,#2520,#2521
      ,#2522,#2523,#2524,#2525,#2526,#2527,#2528,#2529,#2530,#2531,#2532
      ,#2533,#2534,#2535,#2536,#2537,#2538,#2539,#2540,#2541,#2542,#2543
      ,#2544,#2545,#2546,#2547,#2548,#2549,#2550,#2551,#2552,#2553,#2554
      ,#2555)
    ,(#2556,#2557,#2558,#2559,#2560,#2561,#2562,#2563,#2564,#2565,#2566
      ,#2567,#2568,#2569,#2570,#2571,#2572,#2573,#2574,#2575,#2576,#2577
      ,#2578,#2579,#2580,#2581,#2582,#2583,#2584,#2585,#2586,#2587,#2588
      ,#2589,#2590,#2591,#2592,#2593,#2594,#2595,#2596,#2597,#2598,#2599
      ,#2600,#2601,#2602,#2603,#2604,#2605,#2606,#2607,#2608,#2609,#2610
,#2611
    )),.UNSPECIFIED.,.F.,.F.,.F.) B_SPLINE_SURFACE_WITH_KNOTS((3,3),(11,
    9,9,9,9,9,11),(0.,236.91267259926),(0.,59.228168149817,
    88.842252224725,118.45633629963,148.07042037454,177.68450444945,
236.91267259926),.UNSPECIFIED.) GEOMETRIC_REPRESENTATION_ITEM() 
RATIONAL_B_SPLINE_SURFACE((
    (1.,1.,1.,1.,1.,1.,1.,1.,1.,1.,1.,1.,1.,1.,1.,1.,1.,1.,1.,1.,1.,1.
      ,1.,1.,1.,1.,1.,1.,1.,1.,1.,1.,1.,1.,1.,1.,1.,1.,1.,1.,1.,1.,1.,1.
      ,1.,1.,1.,1.,1.,1.,1.,1.,1.,1.,1.,1.)
    ,(0.972244291189,0.972244291189,0.974611990663,0.979349325646
      ,0.985707197034,0.99059179737,0.994081440311,0.996317418332
      ,0.997472488603,0.998185300072,0.998052478464,0.997814894813
      ,0.997293598821,0.996538685408,0.995071864445,0.992800496576
      ,0.98910975246,0.982468251841,0.972521102145,0.947841360921
      ,0.933120747481,0.916745570998,0.901053633189,0.888229392203
      ,0.878253441833,0.870598109756,0.865720264315,0.863227820259
      ,0.863227820259,0.865720264315,0.870598109756,0.878253441832
      ,0.888229392203,0.901053633189,0.916745570998,0.933120747481
      ,0.947841360921,0.972521102145,0.982468251841,0.98910975246
      ,0.992800496576,0.995071864445,0.996538685408,0.997293598821
      ,0.997814894813,0.998052478464,0.998185300072,0.997472488603
      ,0.996317418332,0.994081440311,0.99059179737,0.985707197034
      ,0.979349325645,0.974611990663,0.972244291189,0.972244291189)
    ,(1.,1.,1.,1.,1.,1.,1.,1.,1.,1.,1.,1.,1.,1.,1.,1.,1.,1.,1.,1.,1.,1.
      ,1.,1.,1.,1.,1.,1.,1.,1.,1.,1.,1.,1.,1.,1.,1.,1.,1.,1.,1.,1.,1.,1.
,1.,1.,1.,1.,1.,1.,1.,1.,1.,1.,1.,1.
  ))) REPRESENTATION_ITEM('') SURFACE() );
#2444 = CARTESIAN_POINT('',(2.346553201184E-14,48.,12.278057900508));
#2445 = CARTESIAN_POINT('',(-4.95383568894,48.000000000003,
    12.278057900508));
#2446 = CARTESIAN_POINT('',(-9.945261465839,46.854990372668,
    12.310596679273));
#2447 = CARTESIAN_POINT('',(-14.79777496702,44.535647839392,
    12.376182951866));
#2448 = CARTESIAN_POINT('',(-19.32686745731,41.07516324628,
    12.467524212197));
#2449 = CARTESIAN_POINT('',(-23.35621706072,36.572400130998,
    12.559623670624));
#2450 = CARTESIAN_POINT('',(-26.7345658104,31.184327958794,
    12.647953394333));
#2451 = CARTESIAN_POINT('',(-29.34571575825,25.108528342852,
    12.724692058894));
#2452 = CARTESIAN_POINT('',(-31.11211393482,18.568289227755,
    12.784516918711));
#2453 = CARTESIAN_POINT('',(-31.99636936474,11.79816819408,
    12.818973230933));
#2454 = CARTESIAN_POINT('',(-32.0018028298,1.647308841901,
    12.812445280041));
#2455 = CARTESIAN_POINT('',(-31.78345584423,-1.735590623938,
    12.800575328796));
#2456 = CARTESIAN_POINT('',(-31.34514005151,-5.088674615735,
    12.777290370458));
#2457 = CARTESIAN_POINT('',(-30.68947776198,-8.382960793617,
    12.740799759965));
#2458 = CARTESIAN_POINT('',(-29.82148842381,-11.58998992691,
    12.688414698546));
#2459 = CARTESIAN_POINT('',(-28.74851550246,-14.68221765046,
    12.618118505444));
#2460 = CARTESIAN_POINT('',(-27.48012082364,-17.63338946178,
    12.527045030794));
#2461 = CARTESIAN_POINT('',(-26.02794445499,-20.41889740171,
    12.413190533481));
#2462 = CARTESIAN_POINT('',(-24.40552735656,-23.01611184774,
    12.28254091055));
#2463 = CARTESIAN_POINT('',(-20.85067065293,-27.79323846579,
    12.004845664499));
#2464 = CARTESIAN_POINT('',(-18.91823104902,-29.97315064081,
    11.857854675514));
#2465 = CARTESIAN_POINT('',(-16.84600965944,-31.92405405001,
    11.711015715458));
#2466 = CARTESIAN_POINT('',(-14.65092450935,-33.62786313899,
    11.577070105538));
#2467 = CARTESIAN_POINT('',(-12.35136964232,-35.06905825433,
    11.465468648479));
#2468 = CARTESIAN_POINT('',(-9.966967949396,-36.23494223445,
    11.377279362147));
#2469 = CARTESIAN_POINT('',(-7.518290223805,-37.11584792055,
    11.310989635312));
#2470 = CARTESIAN_POINT('',(-5.026548245745,-37.7052826389,
    11.267490888861));
#2471 = CARTESIAN_POINT('',(-2.513274122271,-37.9999999943,
    11.245603749365));
#2472 = CARTESIAN_POINT('',(2.513274122271,-37.9999999943,
    11.245603749365));
#2473 = CARTESIAN_POINT('',(5.026548245744,-37.7052826389,
    11.267490888861));
#2474 = CARTESIAN_POINT('',(7.518290223806,-37.11584792055,
    11.310989635311));
#2475 = CARTESIAN_POINT('',(9.966967949396,-36.23494223446,
    11.377279362147));
#2476 = CARTESIAN_POINT('',(12.351369642325,-35.06905825432,
    11.465468648478));
#2477 = CARTESIAN_POINT('',(14.650924509361,-33.627863139,
    11.577070105538));
#2478 = CARTESIAN_POINT('',(16.846009659438,-31.92405405001,
    11.711015715458));
#2479 = CARTESIAN_POINT('',(18.918231049022,-29.97315064081,
    11.857854675514));
#2480 = CARTESIAN_POINT('',(20.85067065293,-27.79323846579,
    12.004845664499));
#2481 = CARTESIAN_POINT('',(24.405527356566,-23.01611184774,
    12.28254091055));
#2482 = CARTESIAN_POINT('',(26.027944454995,-20.4188974017,
    12.413190533482));
#2483 = CARTESIAN_POINT('',(27.48012082364,-17.63338946178,
    12.527045030794));
#2484 = CARTESIAN_POINT('',(28.748515502467,-14.68221765046,
    12.618118505444));
#2485 = CARTESIAN_POINT('',(29.821488423816,-11.58998992691,
    12.688414698546));
#2486 = CARTESIAN_POINT('',(30.689477761982,-8.38296079362,
    12.740799759965));
#2487 = CARTESIAN_POINT('',(31.345140051517,-5.088674615732,
    12.777290370458));
#2488 = CARTESIAN_POINT('',(31.783455844237,-1.73559062394,
    12.800575328796));
#2489 = CARTESIAN_POINT('',(32.0018028298,1.647308841901,12.812445280041
    ));
#2490 = CARTESIAN_POINT('',(31.996369364741,11.798168194079,
    12.818973230933));
#2491 = CARTESIAN_POINT('',(31.112113934821,18.568289227759,
    12.78451691871));
#2492 = CARTESIAN_POINT('',(29.345715758253,25.108528342845,
    12.724692058901));
#2493 = CARTESIAN_POINT('',(26.734565810409,31.184327958804,
    12.647953394314));
#2494 = CARTESIAN_POINT('',(23.356217060708,36.572400130991,
    12.559623670655));
#2495 = CARTESIAN_POINT('',(19.326867457334,41.075163246282,
    12.467524212165));
#2496 = CARTESIAN_POINT('',(14.797774967018,44.535647839396,
    12.376182951886));
#2497 = CARTESIAN_POINT('',(9.945261465842,46.854990372665,
    12.310596679265));
#2498 = CARTESIAN_POINT('',(4.953835688939,48.000000000004,
    12.278057900507));
#2499 = CARTESIAN_POINT('',(3.250733016102E-13,48.,12.278057900509));
#2500 = CARTESIAN_POINT('',(-9.14546216535E-15,48.,13.));
#2501 = CARTESIAN_POINT('',(-4.95383568894,48.000000000003,13.));
#2502 = CARTESIAN_POINT('',(-9.92132785024,46.857983314519,
    13.000463283109));
#2503 = CARTESIAN_POINT('',(-14.7340396816,44.559349849922,
    13.001445266765));
#2504 = CARTESIAN_POINT('',(-19.24603678574,41.148484094697,
    13.002139276408));
#2505 = CARTESIAN_POINT('',(-23.32507558002,36.636397142203,
    13.000917082936));
#2506 = CARTESIAN_POINT('',(-26.71472759028,31.228828336044,
    13.000944677216));
#2507 = CARTESIAN_POINT('',(-29.34199158685,25.128572446212,
    13.00028073797));
#2508 = CARTESIAN_POINT('',(-31.11134984467,18.577973981492,
    13.000177393411));
#2509 = CARTESIAN_POINT('',(-31.99636968607,11.797567880932,
    13.000004202876));
#2510 = CARTESIAN_POINT('',(-32.00180291014,1.647158743641,
    12.999962430797));
#2511 = CARTESIAN_POINT('',(-31.78331475241,-1.73744419946,
    12.999969863754));
#2512 = CARTESIAN_POINT('',(-31.34495238522,-5.092158567846,
    13.000106421404));
#2513 = CARTESIAN_POINT('',(-30.68753162097,-8.39286502451,
    13.000109951159));
#2514 = CARTESIAN_POINT('',(-29.81769093898,-11.60470237748,
    13.000654171417));
#2515 = CARTESIAN_POINT('',(-28.74069654166,-14.70663790185,
    13.001331920768));
#2516 = CARTESIAN_POINT('',(-27.46320231805,-17.67311303916,
    13.002641259776));
#2517 = CARTESIAN_POINT('',(-26.00032319153,-20.46550866866,
    13.006539180835));
#2518 = CARTESIAN_POINT('',(-24.38297439001,-23.04641922319,
    13.011768543911));
#2519 = CARTESIAN_POINT('',(-20.82753045586,-27.82433497983,
    13.021525632732));
#2520 = CARTESIAN_POINT('',(-18.86310445253,-30.03532446306,
    13.026031922684));
#2521 = CARTESIAN_POINT('',(-16.75558791164,-32.00657183713,
    13.028704154569));
#2522 = CARTESIAN_POINT('',(-14.55134085894,-33.69541490723,
    13.025160206782));
#2523 = CARTESIAN_POINT('',(-12.26590494085,-35.11112146198,
    13.018516686464));
#2524 = CARTESIAN_POINT('',(-9.905191028317,-36.25701322377,
    13.011984551279));
#2525 = CARTESIAN_POINT('',(-7.479870889568,-37.123609724,
    13.006264660891));
#2526 = CARTESIAN_POINT('',(-5.012491911018,-37.70603629548,
    13.002071159878));
#2527 = CARTESIAN_POINT('',(-2.513274122271,-37.9999999943,13.));
#2528 = CARTESIAN_POINT('',(2.513274122271,-37.9999999943,13.));
#2529 = CARTESIAN_POINT('',(5.012491911018,-37.70603629548,
    13.002071159878));
#2530 = CARTESIAN_POINT('',(7.479870889567,-37.12360972399,
    13.006264660891));
#2531 = CARTESIAN_POINT('',(9.90519102832,-36.25701322378,
    13.011984551279));
#2532 = CARTESIAN_POINT('',(12.265904940845,-35.11112146198,
    13.018516686464));
#2533 = CARTESIAN_POINT('',(14.551340858945,-33.69541490724,
    13.025160206782));
#2534 = CARTESIAN_POINT('',(16.755587911646,-32.00657183713,
    13.028704154569));
#2535 = CARTESIAN_POINT('',(18.863104452536,-30.03532446306,
    13.026031922684));
#2536 = CARTESIAN_POINT('',(20.82753045586,-27.82433497983,
    13.021525632732));
#2537 = CARTESIAN_POINT('',(24.382974390019,-23.04641922319,
    13.011768543911));
#2538 = CARTESIAN_POINT('',(26.000323191537,-20.46550866866,
    13.006539180835));
#2539 = CARTESIAN_POINT('',(27.463202318046,-17.67311303915,
    13.002641259776));
#2540 = CARTESIAN_POINT('',(28.740696541675,-14.70663790186,
    13.001331920768));
#2541 = CARTESIAN_POINT('',(29.817690938977,-11.60470237748,
    13.000654171418));
#2542 = CARTESIAN_POINT('',(30.687531620982,-8.392865024518,
    13.000109951159));
#2543 = CARTESIAN_POINT('',(31.344952385221,-5.09215856784,
    13.000106421404));
#2544 = CARTESIAN_POINT('',(31.783314752419,-1.737444199463,
    12.999969863754));
#2545 = CARTESIAN_POINT('',(32.001802910143,1.647158743642,
    12.999962430798));
#2546 = CARTESIAN_POINT('',(31.996369686072,11.797567880931,
    13.000004202876));
#2547 = CARTESIAN_POINT('',(31.111349844675,18.577973981496,
    13.000177393409));
#2548 = CARTESIAN_POINT('',(29.341991586857,25.128572446202,
    13.000280737978));
#2549 = CARTESIAN_POINT('',(26.714727590283,31.228828336059,
    13.000944677196));
#2550 = CARTESIAN_POINT('',(23.325075580025,36.636397142187,
    13.000917082969));
#2551 = CARTESIAN_POINT('',(19.246036785755,41.148484094708,
    13.002139276373));
#2552 = CARTESIAN_POINT('',(14.734039681596,44.559349849921,
    13.001445266787));
#2553 = CARTESIAN_POINT('',(9.921327850241,46.857983314517,13.0004632831
    ));
#2554 = CARTESIAN_POINT('',(4.95383568894,48.000000000004,
    12.999999999999));
#2555 = CARTESIAN_POINT('',(-2.721989300625E-13,48.000000000001,13.));
#2556 = CARTESIAN_POINT('',(2.368676856461E-14,47.671553770494,
    13.642902379326));
#2557 = CARTESIAN_POINT('',(-4.885511516962,47.671553770497,
    13.642902379326));
#2558 = CARTESIAN_POINT('',(-9.808457275648,46.56995534246,
    13.621468319107));
#2559 = CARTESIAN_POINT('',(-14.61846480859,44.337642175454,
    13.578074321609));
#2560 = CARTESIAN_POINT('',(-19.17652890755,40.98414454522,
    13.513983783626));
#2561 = CARTESIAN_POINT('',(-23.25772666938,36.516433576062,
    13.429002482133));
#2562 = CARTESIAN_POINT('',(-26.66392710855,31.163539520103,
    13.347838544175));
#2563 = CARTESIAN_POINT('',(-29.30367772727,25.096335438794,
    13.272442623944));
#2564 = CARTESIAN_POINT('',(-31.081973187,18.563318046331,13.21374591436
    ));
#2565 = CARTESIAN_POINT('',(-31.9746141109,11.795484232186,
    13.179723830304));
#2566 = CARTESIAN_POINT('',(-31.97845460478,1.648632502738,
    13.186020611899));
#2567 = CARTESIAN_POINT('',(-31.75733352035,-1.732930417224,
    13.19767518843));
#2568 = CARTESIAN_POINT('',(-31.31302020041,-5.083679060049,
    13.220479255914));
#2569 = CARTESIAN_POINT('',(-30.64858547388,-8.37539477125,
    13.256362377102));
#2570 = CARTESIAN_POINT('',(-29.76385348831,-11.57585714686,
    13.307633934164));
#2571 = CARTESIAN_POINT('',(-28.66571013675,-14.65723767768,
    13.375387851071));
#2572 = CARTESIAN_POINT('',(-27.35698017395,-17.58906030336,
    13.462535577856));
#2573 = CARTESIAN_POINT('',(-25.83538983068,-20.33169765675,
    13.567329694547));
#2574 = CARTESIAN_POINT('',(-24.12285289216,-22.84968602896,
    13.668416545164));
#2575 = CARTESIAN_POINT('',(-20.3819380601,-27.40051134447,
    13.838010849746));
#2576 = CARTESIAN_POINT('',(-18.35379335833,-29.43335766359,
    13.906290111766));
#2577 = CARTESIAN_POINT('',(-16.1987630002,-31.20426395341,
    13.946053083069));
#2578 = CARTESIAN_POINT('',(-13.96722219522,-32.71030379107,
    13.943467739374));
#2579 = CARTESIAN_POINT('',(-11.69110150973,-33.96592186303,
    13.924286219703));
#2580 = CARTESIAN_POINT('',(-9.381890712424,-34.97064060148,
    13.903467333771));
#2581 = CARTESIAN_POINT('',(-7.048478366354,-35.72000455699,
    13.882243448348));
#2582 = CARTESIAN_POINT('',(-4.703959045668,-36.22097534894,
    13.867671052132));
#2583 = CARTESIAN_POINT('',(-2.351903922194,-36.47097361231,
    13.860223533408));
#2584 = CARTESIAN_POINT('',(2.351903922194,-36.47097361231,
    13.860223533408));
#2585 = CARTESIAN_POINT('',(4.703959045667,-36.22097534894,
    13.867671052132));
#2586 = CARTESIAN_POINT('',(7.048478366355,-35.72000455699,
    13.882243448348));
#2587 = CARTESIAN_POINT('',(9.381890712426,-34.97064060148,
    13.903467333771));
#2588 = CARTESIAN_POINT('',(11.691101509732,-33.96592186303,
    13.924286219702));
#2589 = CARTESIAN_POINT('',(13.967222195228,-32.71030379107,
    13.943467739374));
#2590 = CARTESIAN_POINT('',(16.198763000198,-31.20426395341,
    13.946053083069));
#2591 = CARTESIAN_POINT('',(18.353793358337,-29.43335766359,
    13.906290111766));
#2592 = CARTESIAN_POINT('',(20.381938060109,-27.40051134447,
    13.838010849746));
#2593 = CARTESIAN_POINT('',(24.122852892166,-22.84968602896,
    13.668416545164));
#2594 = CARTESIAN_POINT('',(25.83538983068,-20.33169765675,
    13.567329694547));
#2595 = CARTESIAN_POINT('',(27.356980173952,-17.58906030335,
    13.462535577856));
#2596 = CARTESIAN_POINT('',(28.665710136755,-14.65723767769,
    13.375387851071));
#2597 = CARTESIAN_POINT('',(29.763853488313,-11.57585714686,
    13.307633934164));
#2598 = CARTESIAN_POINT('',(30.648585473883,-8.375394771256,
    13.256362377102));
#2599 = CARTESIAN_POINT('',(31.313020200414,-5.083679060045,
    13.220479255915));
#2600 = CARTESIAN_POINT('',(31.75733352035,-1.732930417226,
    13.19767518843));
#2601 = CARTESIAN_POINT('',(31.978454604789,1.648632502739,13.1860206119
    ));
#2602 = CARTESIAN_POINT('',(31.974614110909,11.795484232186,
    13.179723830304));
#2603 = CARTESIAN_POINT('',(31.081973187008,18.563318046334,
    13.213745914358));
#2604 = CARTESIAN_POINT('',(29.303677727276,25.096335438785,
    13.272442623952));
#2605 = CARTESIAN_POINT('',(26.663927108556,31.16353952012,
    13.347838544152));
#2606 = CARTESIAN_POINT('',(23.257726669381,36.516433576041,
    13.429002482169));
#2607 = CARTESIAN_POINT('',(19.176528907566,40.984144545238,
    13.513983783588));
#2608 = CARTESIAN_POINT('',(14.618464808588,44.337642175447,
    13.578074321634));
#2609 = CARTESIAN_POINT('',(9.80845727565,46.569955342461,
    13.621468319098));
#2610 = CARTESIAN_POINT('',(4.885511516961,47.671553770498,
    13.642902379325));
#2611 = CARTESIAN_POINT('',(2.30926389122E-13,47.671553770495,
    13.642902379325));
#2612 = ADVANCED_FACE('',(#2613),#2792,.F.);
#2613 = FACE_BOUND('',#2614,.F.);
#2614 = EDGE_LOOP('',(#2615,#2638,#2646,#2665,#2674,#2675,#2676,#2695,
    #2696,#2717,#2732,#2779));
#2615 = ORIENTED_EDGE('',*,*,#2616,.F.);
#2616 = EDGE_CURVE('',#2617,#2619,#2621,.T.);
#2617 = VERTEX_POINT('',#2618);
#2618 = CARTESIAN_POINT('',(-28.95618662728,3.,14.5));
#2619 = VERTEX_POINT('',#2620);
#2620 = CARTESIAN_POINT('',(-29.04820505106,1.528314210034,
    13.290070570057));
#2621 = B_SPLINE_CURVE_WITH_KNOTS('',8,(#2622,#2623,#2624,#2625,#2626,
    #2627,#2628,#2629,#2630,#2631,#2632,#2633,#2634,#2635,#2636,#2637),
  .UNSPECIFIED.,.F.,.F.,(9,7,9),(0.,0.67050636074,1.),.UNSPECIFIED.);
#2622 = CARTESIAN_POINT('',(-28.95618662728,3.,14.5));
#2623 = CARTESIAN_POINT('',(-28.94057280652,2.819593229865,14.5));
#2624 = CARTESIAN_POINT('',(-28.928858497,2.638366832174,14.475202371308
    ));
#2625 = CARTESIAN_POINT('',(-28.92159699883,2.460928860447,
    14.42521453889));
#2626 = CARTESIAN_POINT('',(-28.91919903221,2.291538263994,
    14.350883695602));
#2627 = CARTESIAN_POINT('',(-28.92199150269,2.134129665014,
    14.253804683983));
#2628 = CARTESIAN_POINT('',(-28.93013858986,1.992242364419,
    14.136340464967));
#2629 = CARTESIAN_POINT('',(-28.94357091754,1.868968632335,
    14.001582285497));
#2630 = CARTESIAN_POINT('',(-28.97085312645,1.716208249782,
    13.780834545562));
#2631 = CARTESIAN_POINT('',(-28.98102335406,1.670868790831,
    13.704840812932));
#2632 = CARTESIAN_POINT('',(-28.99233219146,1.630775163042,
    13.626019695717));
#2633 = CARTESIAN_POINT('',(-29.00472442156,1.596120734225,
    13.544814024477));
#2634 = CARTESIAN_POINT('',(-29.01813320807,1.567048340549,
    13.461672258559));
#2635 = CARTESIAN_POINT('',(-29.03248131626,1.543655727281,
    13.377044311564));
#2636 = CARTESIAN_POINT('',(-29.04768226027,1.525998613951,
    13.291379032197));
#2637 = CARTESIAN_POINT('',(-29.06364137679,1.514091383972,
    13.205123340489));
#2638 = ORIENTED_EDGE('',*,*,#2639,.F.);
#2639 = EDGE_CURVE('',#2640,#2617,#2642,.T.);
#2640 = VERTEX_POINT('',#2641);
#2641 = CARTESIAN_POINT('',(-31.77637909661,3.,14.5));
#2642 = LINE('',#2643,#2644);
#2643 = CARTESIAN_POINT('',(-33.,3.,14.5));
#2644 = VECTOR('',#2645,1.);
#2645 = DIRECTION('',(1.,0.,0.));
#2646 = ORIENTED_EDGE('',*,*,#2647,.T.);
#2647 = EDGE_CURVE('',#2640,#2648,#2650,.T.);
#2648 = VERTEX_POINT('',#2649);
#2649 = CARTESIAN_POINT('',(-31.86989028028,1.512209747785,
    13.190997815211));
#2650 = B_SPLINE_CURVE_WITH_KNOTS('',7,(#2651,#2652,#2653,#2654,#2655,
    #2656,#2657,#2658,#2659,#2660,#2661,#2662,#2663,#2664),
  .UNSPECIFIED.,.F.,.F.,(8,6,8),(0.,0.646368335572,1.),.UNSPECIFIED.);
#2651 = CARTESIAN_POINT('',(-31.77637909661,3.,14.5));
#2652 = CARTESIAN_POINT('',(-31.76882976323,2.796428231363,14.5));
#2653 = CARTESIAN_POINT('',(-31.76443581515,2.592407384229,
    14.467766564736));
#2654 = CARTESIAN_POINT('',(-31.76351488526,2.394669696751,
    14.403052747977));
#2655 = CARTESIAN_POINT('',(-31.76630333393,2.20937735013,
    14.307599685614));
#2656 = CARTESIAN_POINT('',(-31.77301867704,2.042031215071,
    14.184286734567));
#2657 = CARTESIAN_POINT('',(-31.78371039594,1.897547726103,
    14.037216550031));
#2658 = CARTESIAN_POINT('',(-31.80594802098,1.714945100437,
    13.781646860457));
#2659 = CARTESIAN_POINT('',(-31.81492047063,1.658236530248,
    13.68577105585));
#2660 = CARTESIAN_POINT('',(-31.82496074942,1.609967515278,
    13.585253982896));
#2661 = CARTESIAN_POINT('',(-31.83600712726,1.570568444659,
    13.481002996082));
#2662 = CARTESIAN_POINT('',(-31.84797609861,1.540346808476,
    13.373957814895));
#2663 = CARTESIAN_POINT('',(-31.86076243791,1.519492347238,
    13.265080502486));
#2664 = CARTESIAN_POINT('',(-31.87424004828,1.508066584022,
    13.155353410934));
#2665 = ORIENTED_EDGE('',*,*,#2666,.T.);
#2666 = EDGE_CURVE('',#2648,#459,#2667,.T.);
#2667 = B_SPLINE_CURVE_WITH_KNOTS('',5,(#2668,#2669,#2670,#2671,#2672,
    #2673),.UNSPECIFIED.,.F.,.F.,(6,6),(0.,1.),
  .PIECEWISE_BEZIER_KNOTS.);
#2668 = CARTESIAN_POINT('',(-31.86989028028,1.512209747785,
    13.190997815211));
#2669 = CARTESIAN_POINT('',(-31.87913640777,1.502425141601,
    13.114779971114));
#2670 = CARTESIAN_POINT('',(-31.88625415338,1.497544700179,
    13.038120939947));
#2671 = CARTESIAN_POINT('',(-31.8912029707,1.497546206923,
    12.961207263593));
#2672 = CARTESIAN_POINT('',(-31.89397052137,1.502468084287,
    12.884233178524));
#2673 = CARTESIAN_POINT('',(-31.89457388342,1.512417543765,12.8073904574
    ));
#2674 = ORIENTED_EDGE('',*,*,#519,.T.);
#2675 = ORIENTED_EDGE('',*,*,#2435,.F.);
#2676 = ORIENTED_EDGE('',*,*,#2677,.T.);
#2677 = EDGE_CURVE('',#2375,#2640,#2678,.T.);
#2678 = B_SPLINE_CURVE_WITH_KNOTS('',8,(#2679,#2680,#2681,#2682,#2683,
    #2684,#2685,#2686,#2687,#2688,#2689,#2690,#2691,#2692,#2693,#2694),
  .UNSPECIFIED.,.F.,.F.,(9,7,9),(0.,0.352452344433,1.),.UNSPECIFIED.);
#2679 = CARTESIAN_POINT('',(-31.97755791024,4.491180237246,
    13.162423828449));
#2680 = CARTESIAN_POINT('',(-31.96557388686,4.480765321635,
    13.258041057023));
#2681 = CARTESIAN_POINT('',(-31.95361879052,4.463342015723,
    13.35290744645));
#2682 = CARTESIAN_POINT('',(-31.94176043829,4.438972289281,
    13.446425109929));
#2683 = CARTESIAN_POINT('',(-31.93006060211,4.407777830578,
    13.538010692389));
#2684 = CARTESIAN_POINT('',(-31.9185752128,4.369935379096,
    13.627095851741));
#2685 = CARTESIAN_POINT('',(-31.90735489832,4.325675362448,
    13.713129251073));
#2686 = CARTESIAN_POINT('',(-31.89644585635,4.275283837528,
    13.795580061798));
#2687 = CARTESIAN_POINT('',(-31.86649912635,4.115897462203,
    14.01791626462));
#2688 = CARTESIAN_POINT('',(-31.84828309884,3.993055464168,
    14.148238222751));
#2689 = CARTESIAN_POINT('',(-31.83153456983,3.852775253643,
    14.261571481497));
#2690 = CARTESIAN_POINT('',(-31.81645911311,3.697846414413,
    14.355255952515));
#2691 = CARTESIAN_POINT('',(-31.80322742733,3.531427184559,
    14.427157086706));
#2692 = CARTESIAN_POINT('',(-31.79200821123,3.357031449013,
    14.475725193529));
#2693 = CARTESIAN_POINT('',(-31.7829984783,3.178495129151,14.5));
#2694 = CARTESIAN_POINT('',(-31.77637909661,3.,14.5));
#2695 = ORIENTED_EDGE('',*,*,#2639,.T.);
#2696 = ORIENTED_EDGE('',*,*,#2697,.F.);
#2697 = EDGE_CURVE('',#2698,#2617,#2700,.T.);
#2698 = VERTEX_POINT('',#2699);
#2699 = CARTESIAN_POINT('',(-29.28870103995,4.475290177346,
    13.271143675247));
#2700 = B_SPLINE_CURVE_WITH_KNOTS('',8,(#2701,#2702,#2703,#2704,#2705,
    #2706,#2707,#2708,#2709,#2710,#2711,#2712,#2713,#2714,#2715,#2716),
  .UNSPECIFIED.,.F.,.F.,(9,7,9),(0.,0.346371964723,1.),.UNSPECIFIED.);
#2701 = CARTESIAN_POINT('',(-29.29961442284,4.484528227655,
    13.214885879704));
#2702 = CARTESIAN_POINT('',(-29.2820463171,4.471340770908,
    13.305990757412));
#2703 = CARTESIAN_POINT('',(-29.26432334306,4.451768851076,
    13.396133855836));
#2704 = CARTESIAN_POINT('',(-29.2465280912,4.425894877498,
    13.484809915158));
#2705 = CARTESIAN_POINT('',(-29.22873886592,4.393845164845,
    13.571526329795));
#2706 = CARTESIAN_POINT('',(-29.21103024032,4.355787221417,
    13.655803499641));
#2707 = CARTESIAN_POINT('',(-29.19347387115,4.311928928697,
    13.737176146903));
#2708 = CARTESIAN_POINT('',(-29.17613957398,4.262519612177,
    13.815195598502));
#2709 = CARTESIAN_POINT('',(-29.1269354889,4.104693303174,
    14.029524248385));
#2710 = CARTESIAN_POINT('',(-29.09578303499,3.982719566391,
    14.156273490339));
#2711 = CARTESIAN_POINT('',(-29.06613958292,3.843947582823,
    14.266620566578));
#2712 = CARTESIAN_POINT('',(-29.03844840433,3.690920576587,
    14.358020086665));
#2713 = CARTESIAN_POINT('',(-29.01314179961,3.526557033237,
    14.428365204843));
#2714 = CARTESIAN_POINT('',(-28.99067024449,3.354135914751,
    14.476055153296));
#2715 = CARTESIAN_POINT('',(-28.97152963104,3.177277669201,14.5));
#2716 = CARTESIAN_POINT('',(-28.95618662728,3.,14.5));
#2717 = ORIENTED_EDGE('',*,*,#2718,.T.);
#2718 = EDGE_CURVE('',#2698,#2719,#2721,.T.);
#2719 = VERTEX_POINT('',#2720);
#2720 = CARTESIAN_POINT('',(-29.33900072582,4.474434141056,
    12.724239299958));
#2721 = B_SPLINE_CURVE_WITH_KNOTS('',5,(#2722,#2723,#2724,#2725,#2726,
    #2727,#2728,#2729,#2730,#2731),.UNSPECIFIED.,.F.,.F.,(6,4,6),(0.,
    0.500000010279,1.),.UNSPECIFIED.);
#2722 = CARTESIAN_POINT('',(-29.28870103995,4.475290177346,
    13.271143675247));
#2723 = CARTESIAN_POINT('',(-29.29923774317,4.485224426592,
    13.217091518882));
#2724 = CARTESIAN_POINT('',(-29.30840606759,4.492645232674,
    13.162791298543));
#2725 = CARTESIAN_POINT('',(-29.31620174684,4.497583408408,
    13.108286478229));
#2726 = CARTESIAN_POINT('',(-29.32262037598,4.500041836096,
    13.053621857244));
#2727 = CARTESIAN_POINT('',(-29.33269587277,4.499957270225,
    12.944062527177));
#2728 = CARTESIAN_POINT('',(-29.33635274135,4.497414288905,
    12.889167819646));
#2729 = CARTESIAN_POINT('',(-29.33862480842,4.492348849696,
    12.834202814885));
#2730 = CARTESIAN_POINT('',(-29.33950874599,4.484715630775,
    12.779212250996));
#2731 = CARTESIAN_POINT('',(-29.33900072582,4.474434141056,
    12.724239299958));
#2732 = ORIENTED_EDGE('',*,*,#2733,.F.);
#2733 = EDGE_CURVE('',#2734,#2719,#2736,.T.);
#2734 = VERTEX_POINT('',#2735);
#2735 = CARTESIAN_POINT('',(-29.10637363045,1.529390662465,
    12.704520429888));
#2736 = B_SPLINE_CURVE_WITH_KNOTS('',6,(#2737,#2738,#2739,#2740,#2741,
    #2742,#2743,#2744,#2745,#2746,#2747,#2748,#2749,#2750,#2751,#2752,
    #2753,#2754,#2755,#2756,#2757,#2758,#2759,#2760,#2761,#2762,#2763,
    #2764,#2765,#2766,#2767,#2768,#2769,#2770,#2771,#2772,#2773,#2774,
    #2775,#2776,#2777,#2778),.UNSPECIFIED.,.F.,.F.,(7,5,5,5,5,5,5,5,7),(
    0.,0.134675770005,0.195233706283,0.32698323087,0.546163693293,
    0.692127525627,0.80494824426,0.862695546921,1.),.UNSPECIFIED.);
#2737 = CARTESIAN_POINT('',(-29.10559049164,1.522203072728,
    12.742869212764));
#2738 = CARTESIAN_POINT('',(-29.1073512029,1.538351826363,12.65005816218
    ));
#2739 = CARTESIAN_POINT('',(-29.10986797161,1.561494049843,
    12.558472545041));
#2740 = CARTESIAN_POINT('',(-29.11311738917,1.591509128127,
    12.468783758524));
#2741 = CARTESIAN_POINT('',(-29.11705933926,1.628193525747,
    12.381634217141));
#2742 = CARTESIAN_POINT('',(-29.12163991108,1.671265004657,
    12.297632967678));
#2743 = CARTESIAN_POINT('',(-29.12911202642,1.742445839229,
    12.181252072129));
#2744 = CARTESIAN_POINT('',(-29.13154582255,1.765744506389,
    12.145904203127));
#2745 = CARTESIAN_POINT('',(-29.13408980795,1.790230628053,
    12.11135916433));
#2746 = CARTESIAN_POINT('',(-29.13673776574,1.815869362972,
    12.077666306314));
#2747 = CARTESIAN_POINT('',(-29.13948315504,1.842623244156,
    12.044872863024));
#2748 = CARTESIAN_POINT('',(-29.14848900169,1.930996661466,
    11.943733629558));
#2749 = CARTESIAN_POINT('',(-29.15508781528,1.996631435433,
    11.878912252989));
#2750 = CARTESIAN_POINT('',(-29.16204500579,2.066941453457,
    11.819026514463));
#2751 = CARTESIAN_POINT('',(-29.16928532998,2.141463124443,
    11.764486386002));
#2752 = CARTESIAN_POINT('',(-29.17673225157,2.219688075693,
    11.715643191642));
#2753 = CARTESIAN_POINT('',(-29.19692003862,2.436449958787,
    11.601492615021));
#2754 = CARTESIAN_POINT('',(-29.20989732904,2.580592015508,
    11.546752531735));
#2755 = CARTESIAN_POINT('',(-29.22289666183,2.730927141836,
    11.509936822105));
#2756 = CARTESIAN_POINT('',(-29.23559953179,2.884706194165,
    11.49181603231));
#2757 = CARTESIAN_POINT('',(-29.24775462583,3.039084917054,
    11.492692645373));
#2758 = CARTESIAN_POINT('',(-29.26678143516,3.292405345767,
    11.525238130342));
#2759 = CARTESIAN_POINT('',(-29.27406120391,3.39263177881,
    11.546522541113));
#2760 = CARTESIAN_POINT('',(-29.28096038417,3.490967942262,
    11.575977874273));
#2761 = CARTESIAN_POINT('',(-29.28744070693,3.586584729681,
    11.613388039277));
#2762 = CARTESIAN_POINT('',(-29.29347758794,3.678687385323,
    11.658424118953));
#2763 = CARTESIAN_POINT('',(-29.3033705147,3.834418391223,
    11.751006580897));
#2764 = CARTESIAN_POINT('',(-29.30741074319,3.899767761981,
    11.795663314003));
#2765 = CARTESIAN_POINT('',(-29.31117205157,3.96222909508,
    11.844411099644));
#2766 = CARTESIAN_POINT('',(-29.31465265026,4.021483702413,
    11.897012687978));
#2767 = CARTESIAN_POINT('',(-29.31785378463,4.077240230965,
    11.953198358154));
#2768 = CARTESIAN_POINT('',(-29.32227531911,4.155850605281,
    12.043106980916));
#2769 = CARTESIAN_POINT('',(-29.32369982165,4.181479948356,
    12.074406918727));
#2770 = CARTESIAN_POINT('',(-29.32505230884,4.206089418594,
    12.106527317788));
#2771 = CARTESIAN_POINT('',(-29.32633329465,4.229646377239,
    12.139426378719));
#2772 = CARTESIAN_POINT('',(-29.32754337549,4.252120529597,
    12.173060624918));
#2773 = CARTESIAN_POINT('',(-29.33139343713,4.324279186291,
    12.288996959777));
#2774 = CARTESIAN_POINT('',(-29.33370662923,4.368796603097,
    12.374513230299));
#2775 = CARTESIAN_POINT('',(-29.33563157352,4.406658149217,
    12.463322196618));
#2776 = CARTESIAN_POINT('',(-29.33717817236,4.437569963028,
    12.554775172473));
#2777 = CARTESIAN_POINT('',(-29.33835494441,4.46132354035,
    12.648192410982));
#2778 = CARTESIAN_POINT('',(-29.33916650551,4.477796927272,
    12.742869212764));
#2779 = ORIENTED_EDGE('',*,*,#2780,.F.);
#2780 = EDGE_CURVE('',#2619,#2734,#2781,.T.);
#2781 = B_SPLINE_CURVE_WITH_KNOTS('',5,(#2782,#2783,#2784,#2785,#2786,
    #2787,#2788,#2789,#2790,#2791),.UNSPECIFIED.,.F.,.F.,(6,4,6),(0.,
    0.499878086862,1.),.UNSPECIFIED.);
#2782 = CARTESIAN_POINT('',(-29.04820505106,1.528314210034,
    13.290070570057));
#2783 = CARTESIAN_POINT('',(-29.05848517845,1.516957696743,
    13.232452800591));
#2784 = CARTESIAN_POINT('',(-29.06768966211,1.508449154987,
    13.174422857608));
#2785 = CARTESIAN_POINT('',(-29.07578671697,1.502777014784,
    13.116068109794));
#2786 = CARTESIAN_POINT('',(-29.08275605313,1.499951702432,
    13.057480358457));
#2787 = CARTESIAN_POINT('',(-29.09442531119,1.500049357792,
    12.939997308871));
#2788 = CARTESIAN_POINT('',(-29.09912412402,1.502975117444,
    12.881101870667));
#2789 = CARTESIAN_POINT('',(-29.10267730664,1.508805990875,
    12.822160528585));
#2790 = CARTESIAN_POINT('',(-29.1050883593,1.517586784335,
    12.763268631635));
#2791 = CARTESIAN_POINT('',(-29.10637363045,1.529390662465,
    12.704520429888));
#2792 = CYLINDRICAL_SURFACE('',#2793,1.5);
#2793 = AXIS2_PLACEMENT_3D('',#2794,#2795,#2796);
#2794 = CARTESIAN_POINT('',(-33.,3.,13.));
#2795 = DIRECTION('',(1.,0.,0.));
#2796 = DIRECTION('',(-0.,0.,1.));
#2797 = ADVANCED_FACE('',(#2798),#2872,.F.);
#2798 = FACE_BOUND('',#2799,.F.);
#2799 = EDGE_LOOP('',(#2800,#2801,#2802,#2863));
#2800 = ORIENTED_EDGE('',*,*,#458,.F.);
#2801 = ORIENTED_EDGE('',*,*,#2666,.F.);
#2802 = ORIENTED_EDGE('',*,*,#2803,.T.);
#2803 = EDGE_CURVE('',#2648,#2804,#2806,.T.);
#2804 = VERTEX_POINT('',#2805);
#2805 = CARTESIAN_POINT('',(-31.70874477443,-0.513379026085,
    13.19989517232));
#2806 = ( BOUNDED_CURVE() B_SPLINE_CURVE(10,(#2807,#2808,#2809,#2810,
    #2811,#2812,#2813,#2814,#2815,#2816,#2817,#2818,#2819,#2820,#2821,
    #2822,#2823,#2824,#2825,#2826,#2827,#2828,#2829,#2830,#2831,#2832,
    #2833,#2834,#2835,#2836,#2837,#2838,#2839,#2840,#2841,#2842,#2843,
    #2844,#2845,#2846,#2847,#2848,#2849,#2850,#2851,#2852,#2853,#2854,
    #2855,#2856,#2857,#2858,#2859,#2860,#2861,#2862),.UNSPECIFIED.,.T.,
.F.) B_SPLINE_CURVE_WITH_KNOTS((11,9,9,9,9,9,11),(0.,59.228168149817,
    88.842252224725,118.45633629963,148.07042037454,177.68450444945,
236.91267259926),.UNSPECIFIED.) CURVE() GEOMETRIC_REPRESENTATION_ITEM() 
RATIONAL_B_SPLINE_CURVE((1.,1.,1.,1.,1.,1.,1.,1.,1.,1.,1.,1.,1.,1.,1.,1.
    ,1.,1.,1.,1.,1.,1.,1.,1.,1.,1.,1.,1.,1.,1.,1.,1.,1.,1.,1.,1.,1.,1.,
    1.,1.,1.,1.,1.,1.,1.,1.,1.,1.,1.,1.,1.,1.,1.,1.,1.,1.)) 
REPRESENTATION_ITEM('') );
#2807 = CARTESIAN_POINT('',(2.368676856461E-14,47.671553770494,
    13.642902379326));
#2808 = CARTESIAN_POINT('',(-4.885511516962,47.671553770497,
    13.642902379326));
#2809 = CARTESIAN_POINT('',(-9.808457275648,46.56995534246,
    13.621468319107));
#2810 = CARTESIAN_POINT('',(-14.61846480859,44.337642175454,
    13.578074321609));
#2811 = CARTESIAN_POINT('',(-19.17652890755,40.98414454522,
    13.513983783626));
#2812 = CARTESIAN_POINT('',(-23.25772666938,36.516433576062,
    13.429002482133));
#2813 = CARTESIAN_POINT('',(-26.66392710855,31.163539520103,
    13.347838544175));
#2814 = CARTESIAN_POINT('',(-29.30367772727,25.096335438794,
    13.272442623944));
#2815 = CARTESIAN_POINT('',(-31.081973187,18.563318046331,13.21374591436
    ));
#2816 = CARTESIAN_POINT('',(-31.9746141109,11.795484232186,
    13.179723830304));
#2817 = CARTESIAN_POINT('',(-31.97845460478,1.648632502738,
    13.186020611899));
#2818 = CARTESIAN_POINT('',(-31.75733352035,-1.732930417224,
    13.19767518843));
#2819 = CARTESIAN_POINT('',(-31.31302020041,-5.083679060049,
    13.220479255914));
#2820 = CARTESIAN_POINT('',(-30.64858547388,-8.37539477125,
    13.256362377102));
#2821 = CARTESIAN_POINT('',(-29.76385348831,-11.57585714686,
    13.307633934164));
#2822 = CARTESIAN_POINT('',(-28.66571013675,-14.65723767768,
    13.375387851071));
#2823 = CARTESIAN_POINT('',(-27.35698017395,-17.58906030336,
    13.462535577856));
#2824 = CARTESIAN_POINT('',(-25.83538983068,-20.33169765675,
    13.567329694547));
#2825 = CARTESIAN_POINT('',(-24.12285289216,-22.84968602896,
    13.668416545164));
#2826 = CARTESIAN_POINT('',(-20.3819380601,-27.40051134447,
    13.838010849746));
#2827 = CARTESIAN_POINT('',(-18.35379335833,-29.43335766359,
    13.906290111766));
#2828 = CARTESIAN_POINT('',(-16.1987630002,-31.20426395341,
    13.946053083069));
#2829 = CARTESIAN_POINT('',(-13.96722219522,-32.71030379107,
    13.943467739374));
#2830 = CARTESIAN_POINT('',(-11.69110150973,-33.96592186303,
    13.924286219703));
#2831 = CARTESIAN_POINT('',(-9.381890712424,-34.97064060148,
    13.903467333771));
#2832 = CARTESIAN_POINT('',(-7.048478366354,-35.72000455699,
    13.882243448348));
#2833 = CARTESIAN_POINT('',(-4.703959045668,-36.22097534894,
    13.867671052132));
#2834 = CARTESIAN_POINT('',(-2.351903922194,-36.47097361231,
    13.860223533408));
#2835 = CARTESIAN_POINT('',(2.351903922194,-36.47097361231,
    13.860223533408));
#2836 = CARTESIAN_POINT('',(4.703959045667,-36.22097534894,
    13.867671052132));
#2837 = CARTESIAN_POINT('',(7.048478366355,-35.72000455699,
    13.882243448348));
#2838 = CARTESIAN_POINT('',(9.381890712426,-34.97064060148,
    13.903467333771));
#2839 = CARTESIAN_POINT('',(11.691101509732,-33.96592186303,
    13.924286219702));
#2840 = CARTESIAN_POINT('',(13.967222195228,-32.71030379107,
    13.943467739374));
#2841 = CARTESIAN_POINT('',(16.198763000198,-31.20426395341,
    13.946053083069));
#2842 = CARTESIAN_POINT('',(18.353793358337,-29.43335766359,
    13.906290111766));
#2843 = CARTESIAN_POINT('',(20.381938060109,-27.40051134447,
    13.838010849746));
#2844 = CARTESIAN_POINT('',(24.122852892166,-22.84968602896,
    13.668416545164));
#2845 = CARTESIAN_POINT('',(25.83538983068,-20.33169765675,
    13.567329694547));
#2846 = CARTESIAN_POINT('',(27.356980173952,-17.58906030335,
    13.462535577856));
#2847 = CARTESIAN_POINT('',(28.665710136755,-14.65723767769,
    13.375387851071));
#2848 = CARTESIAN_POINT('',(29.763853488313,-11.57585714686,
    13.307633934164));
#2849 = CARTESIAN_POINT('',(30.648585473883,-8.375394771256,
    13.256362377102));
#2850 = CARTESIAN_POINT('',(31.313020200414,-5.083679060045,
    13.220479255915));
#2851 = CARTESIAN_POINT('',(31.75733352035,-1.732930417226,
    13.19767518843));
#2852 = CARTESIAN_POINT('',(31.978454604789,1.648632502739,13.1860206119
    ));
#2853 = CARTESIAN_POINT('',(31.974614110909,11.795484232186,
    13.179723830304));
#2854 = CARTESIAN_POINT('',(31.081973187008,18.563318046334,
    13.213745914358));
#2855 = CARTESIAN_POINT('',(29.303677727276,25.096335438785,
    13.272442623952));
#2856 = CARTESIAN_POINT('',(26.663927108556,31.16353952012,
    13.347838544152));
#2857 = CARTESIAN_POINT('',(23.257726669381,36.516433576041,
    13.429002482169));
#2858 = CARTESIAN_POINT('',(19.176528907566,40.984144545238,
    13.513983783588));
#2859 = CARTESIAN_POINT('',(14.618464808588,44.337642175447,
    13.578074321634));
#2860 = CARTESIAN_POINT('',(9.80845727565,46.569955342461,
    13.621468319098));
#2861 = CARTESIAN_POINT('',(4.885511516961,47.671553770498,
    13.642902379325));
#2862 = CARTESIAN_POINT('',(2.30926389122E-13,47.671553770495,
    13.642902379325));
#2863 = ORIENTED_EDGE('',*,*,#2864,.T.);
#2864 = EDGE_CURVE('',#2804,#417,#2865,.T.);
#2865 = B_SPLINE_CURVE_WITH_KNOTS('',5,(#2866,#2867,#2868,#2869,#2870,
    #2871),.UNSPECIFIED.,.F.,.F.,(6,6),(0.,1.),
  .PIECEWISE_BEZIER_KNOTS.);
#2866 = CARTESIAN_POINT('',(-31.70874477443,-0.513379026085,
    13.19989517232));
#2867 = CARTESIAN_POINT('',(-31.7206222233,-0.502643865212,
    13.120057749895));
#2868 = CARTESIAN_POINT('',(-31.72927424878,-0.497316231036,
    13.039861552703));
#2869 = CARTESIAN_POINT('',(-31.73470293947,-0.497317092216,
    12.959425332505));
#2870 = CARTESIAN_POINT('',(-31.73690066682,-0.502690280473,
    12.878871981437));
#2871 = CARTESIAN_POINT('',(-31.73584851805,-0.513620366453,
    12.798318109451));
#2872 = ( BOUNDED_SURFACE() B_SPLINE_SURFACE(2,10,(
    (#2873,#2874,#2875,#2876,#2877,#2878,#2879,#2880,#2881,#2882,#2883
      ,#2884,#2885,#2886,#2887,#2888,#2889,#2890,#2891,#2892,#2893,#2894
      ,#2895,#2896,#2897,#2898,#2899,#2900,#2901,#2902,#2903,#2904,#2905
      ,#2906,#2907,#2908,#2909,#2910,#2911,#2912,#2913,#2914,#2915,#2916
      ,#2917,#2918,#2919,#2920,#2921,#2922,#2923,#2924,#2925,#2926,#2927
      ,#2928)
    ,(#2929,#2930,#2931,#2932,#2933,#2934,#2935,#2936,#2937,#2938,#2939
      ,#2940,#2941,#2942,#2943,#2944,#2945,#2946,#2947,#2948,#2949,#2950
      ,#2951,#2952,#2953,#2954,#2955,#2956,#2957,#2958,#2959,#2960,#2961
      ,#2962,#2963,#2964,#2965,#2966,#2967,#2968,#2969,#2970,#2971,#2972
      ,#2973,#2974,#2975,#2976,#2977,#2978,#2979,#2980,#2981,#2982,#2983
      ,#2984)
    ,(#2985,#2986,#2987,#2988,#2989,#2990,#2991,#2992,#2993,#2994,#2995
      ,#2996,#2997,#2998,#2999,#3000,#3001,#3002,#3003,#3004,#3005,#3006
      ,#3007,#3008,#3009,#3010,#3011,#3012,#3013,#3014,#3015,#3016,#3017
      ,#3018,#3019,#3020,#3021,#3022,#3023,#3024,#3025,#3026,#3027,#3028
      ,#3029,#3030,#3031,#3032,#3033,#3034,#3035,#3036,#3037,#3038,#3039
,#3040
    )),.UNSPECIFIED.,.F.,.F.,.F.) B_SPLINE_SURFACE_WITH_KNOTS((3,3),(11,
    9,9,9,9,9,11),(0.,236.91267259926),(0.,59.228168149817,
    88.842252224725,118.45633629963,148.07042037454,177.68450444945,
236.91267259926),.UNSPECIFIED.) GEOMETRIC_REPRESENTATION_ITEM() 
RATIONAL_B_SPLINE_SURFACE((
    (1.,1.,1.,1.,1.,1.,1.,1.,1.,1.,1.,1.,1.,1.,1.,1.,1.,1.,1.,1.,1.,1.
      ,1.,1.,1.,1.,1.,1.,1.,1.,1.,1.,1.,1.,1.,1.,1.,1.,1.,1.,1.,1.,1.,1.
      ,1.,1.,1.,1.,1.,1.,1.,1.,1.,1.,1.,1.)
    ,(0.972244291189,0.972244291189,0.974611990663,0.979349325646
      ,0.985707197034,0.99059179737,0.994081440311,0.996317418332
      ,0.997472488603,0.998185300072,0.998052478464,0.997814894813
      ,0.997293598821,0.996538685408,0.995071864445,0.992800496576
      ,0.98910975246,0.982468251841,0.972521102145,0.947841360921
      ,0.933120747481,0.916745570998,0.901053633189,0.888229392203
      ,0.878253441833,0.870598109756,0.865720264315,0.863227820259
      ,0.863227820259,0.865720264315,0.870598109756,0.878253441832
      ,0.888229392203,0.901053633189,0.916745570998,0.933120747481
      ,0.947841360921,0.972521102145,0.982468251841,0.98910975246
      ,0.992800496576,0.995071864445,0.996538685408,0.997293598821
      ,0.997814894813,0.998052478464,0.998185300072,0.997472488603
      ,0.996317418332,0.994081440311,0.99059179737,0.985707197034
      ,0.979349325645,0.974611990663,0.972244291189,0.972244291189)
    ,(1.,1.,1.,1.,1.,1.,1.,1.,1.,1.,1.,1.,1.,1.,1.,1.,1.,1.,1.,1.,1.,1.
      ,1.,1.,1.,1.,1.,1.,1.,1.,1.,1.,1.,1.,1.,1.,1.,1.,1.,1.,1.,1.,1.,1.
,1.,1.,1.,1.,1.,1.,1.,1.,1.,1.,1.,1.
  ))) REPRESENTATION_ITEM('') SURFACE() );
#2873 = CARTESIAN_POINT('',(2.346553201184E-14,48.,12.278057900508));
#2874 = CARTESIAN_POINT('',(-4.95383568894,48.000000000003,
    12.278057900508));
#2875 = CARTESIAN_POINT('',(-9.945261465839,46.854990372668,
    12.310596679273));
#2876 = CARTESIAN_POINT('',(-14.79777496702,44.535647839392,
    12.376182951866));
#2877 = CARTESIAN_POINT('',(-19.32686745731,41.07516324628,
    12.467524212197));
#2878 = CARTESIAN_POINT('',(-23.35621706072,36.572400130998,
    12.559623670624));
#2879 = CARTESIAN_POINT('',(-26.7345658104,31.184327958794,
    12.647953394333));
#2880 = CARTESIAN_POINT('',(-29.34571575825,25.108528342852,
    12.724692058894));
#2881 = CARTESIAN_POINT('',(-31.11211393482,18.568289227755,
    12.784516918711));
#2882 = CARTESIAN_POINT('',(-31.99636936474,11.79816819408,
    12.818973230933));
#2883 = CARTESIAN_POINT('',(-32.0018028298,1.647308841901,
    12.812445280041));
#2884 = CARTESIAN_POINT('',(-31.78345584423,-1.735590623938,
    12.800575328796));
#2885 = CARTESIAN_POINT('',(-31.34514005151,-5.088674615735,
    12.777290370458));
#2886 = CARTESIAN_POINT('',(-30.68947776198,-8.382960793617,
    12.740799759965));
#2887 = CARTESIAN_POINT('',(-29.82148842381,-11.58998992691,
    12.688414698546));
#2888 = CARTESIAN_POINT('',(-28.74851550246,-14.68221765046,
    12.618118505444));
#2889 = CARTESIAN_POINT('',(-27.48012082364,-17.63338946178,
    12.527045030794));
#2890 = CARTESIAN_POINT('',(-26.02794445499,-20.41889740171,
    12.413190533481));
#2891 = CARTESIAN_POINT('',(-24.40552735656,-23.01611184774,
    12.28254091055));
#2892 = CARTESIAN_POINT('',(-20.85067065293,-27.79323846579,
    12.004845664499));
#2893 = CARTESIAN_POINT('',(-18.91823104902,-29.97315064081,
    11.857854675514));
#2894 = CARTESIAN_POINT('',(-16.84600965944,-31.92405405001,
    11.711015715458));
#2895 = CARTESIAN_POINT('',(-14.65092450935,-33.62786313899,
    11.577070105538));
#2896 = CARTESIAN_POINT('',(-12.35136964232,-35.06905825433,
    11.465468648479));
#2897 = CARTESIAN_POINT('',(-9.966967949396,-36.23494223445,
    11.377279362147));
#2898 = CARTESIAN_POINT('',(-7.518290223805,-37.11584792055,
    11.310989635312));
#2899 = CARTESIAN_POINT('',(-5.026548245745,-37.7052826389,
    11.267490888861));
#2900 = CARTESIAN_POINT('',(-2.513274122271,-37.9999999943,
    11.245603749365));
#2901 = CARTESIAN_POINT('',(2.513274122271,-37.9999999943,
    11.245603749365));
#2902 = CARTESIAN_POINT('',(5.026548245744,-37.7052826389,
    11.267490888861));
#2903 = CARTESIAN_POINT('',(7.518290223806,-37.11584792055,
    11.310989635311));
#2904 = CARTESIAN_POINT('',(9.966967949396,-36.23494223446,
    11.377279362147));
#2905 = CARTESIAN_POINT('',(12.351369642325,-35.06905825432,
    11.465468648478));
#2906 = CARTESIAN_POINT('',(14.650924509361,-33.627863139,
    11.577070105538));
#2907 = CARTESIAN_POINT('',(16.846009659438,-31.92405405001,
    11.711015715458));
#2908 = CARTESIAN_POINT('',(18.918231049022,-29.97315064081,
    11.857854675514));
#2909 = CARTESIAN_POINT('',(20.85067065293,-27.79323846579,
    12.004845664499));
#2910 = CARTESIAN_POINT('',(24.405527356566,-23.01611184774,
    12.28254091055));
#2911 = CARTESIAN_POINT('',(26.027944454995,-20.4188974017,
    12.413190533482));
#2912 = CARTESIAN_POINT('',(27.48012082364,-17.63338946178,
    12.527045030794));
#2913 = CARTESIAN_POINT('',(28.748515502467,-14.68221765046,
    12.618118505444));
#2914 = CARTESIAN_POINT('',(29.821488423816,-11.58998992691,
    12.688414698546));
#2915 = CARTESIAN_POINT('',(30.689477761982,-8.38296079362,
    12.740799759965));
#2916 = CARTESIAN_POINT('',(31.345140051517,-5.088674615732,
    12.777290370458));
#2917 = CARTESIAN_POINT('',(31.783455844237,-1.73559062394,
    12.800575328796));
#2918 = CARTESIAN_POINT('',(32.0018028298,1.647308841901,12.812445280041
    ));
#2919 = CARTESIAN_POINT('',(31.996369364741,11.798168194079,
    12.818973230933));
#2920 = CARTESIAN_POINT('',(31.112113934821,18.568289227759,
    12.78451691871));
#2921 = CARTESIAN_POINT('',(29.345715758253,25.108528342845,
    12.724692058901));
#2922 = CARTESIAN_POINT('',(26.734565810409,31.184327958804,
    12.647953394314));
#2923 = CARTESIAN_POINT('',(23.356217060708,36.572400130991,
    12.559623670655));
#2924 = CARTESIAN_POINT('',(19.326867457334,41.075163246282,
    12.467524212165));
#2925 = CARTESIAN_POINT('',(14.797774967018,44.535647839396,
    12.376182951886));
#2926 = CARTESIAN_POINT('',(9.945261465842,46.854990372665,
    12.310596679265));
#2927 = CARTESIAN_POINT('',(4.953835688939,48.000000000004,
    12.278057900507));
#2928 = CARTESIAN_POINT('',(3.250733016102E-13,48.,12.278057900509));
#2929 = CARTESIAN_POINT('',(-9.14546216535E-15,48.,13.));
#2930 = CARTESIAN_POINT('',(-4.95383568894,48.000000000003,13.));
#2931 = CARTESIAN_POINT('',(-9.92132785024,46.857983314519,
    13.000463283109));
#2932 = CARTESIAN_POINT('',(-14.7340396816,44.559349849922,
    13.001445266765));
#2933 = CARTESIAN_POINT('',(-19.24603678574,41.148484094697,
    13.002139276408));
#2934 = CARTESIAN_POINT('',(-23.32507558002,36.636397142203,
    13.000917082936));
#2935 = CARTESIAN_POINT('',(-26.71472759028,31.228828336044,
    13.000944677216));
#2936 = CARTESIAN_POINT('',(-29.34199158685,25.128572446212,
    13.00028073797));
#2937 = CARTESIAN_POINT('',(-31.11134984467,18.577973981492,
    13.000177393411));
#2938 = CARTESIAN_POINT('',(-31.99636968607,11.797567880932,
    13.000004202876));
#2939 = CARTESIAN_POINT('',(-32.00180291014,1.647158743641,
    12.999962430797));
#2940 = CARTESIAN_POINT('',(-31.78331475241,-1.73744419946,
    12.999969863754));
#2941 = CARTESIAN_POINT('',(-31.34495238522,-5.092158567846,
    13.000106421404));
#2942 = CARTESIAN_POINT('',(-30.68753162097,-8.39286502451,
    13.000109951159));
#2943 = CARTESIAN_POINT('',(-29.81769093898,-11.60470237748,
    13.000654171417));
#2944 = CARTESIAN_POINT('',(-28.74069654166,-14.70663790185,
    13.001331920768));
#2945 = CARTESIAN_POINT('',(-27.46320231805,-17.67311303916,
    13.002641259776));
#2946 = CARTESIAN_POINT('',(-26.00032319153,-20.46550866866,
    13.006539180835));
#2947 = CARTESIAN_POINT('',(-24.38297439001,-23.04641922319,
    13.011768543911));
#2948 = CARTESIAN_POINT('',(-20.82753045586,-27.82433497983,
    13.021525632732));
#2949 = CARTESIAN_POINT('',(-18.86310445253,-30.03532446306,
    13.026031922684));
#2950 = CARTESIAN_POINT('',(-16.75558791164,-32.00657183713,
    13.028704154569));
#2951 = CARTESIAN_POINT('',(-14.55134085894,-33.69541490723,
    13.025160206782));
#2952 = CARTESIAN_POINT('',(-12.26590494085,-35.11112146198,
    13.018516686464));
#2953 = CARTESIAN_POINT('',(-9.905191028317,-36.25701322377,
    13.011984551279));
#2954 = CARTESIAN_POINT('',(-7.479870889568,-37.123609724,
    13.006264660891));
#2955 = CARTESIAN_POINT('',(-5.012491911018,-37.70603629548,
    13.002071159878));
#2956 = CARTESIAN_POINT('',(-2.513274122271,-37.9999999943,13.));
#2957 = CARTESIAN_POINT('',(2.513274122271,-37.9999999943,13.));
#2958 = CARTESIAN_POINT('',(5.012491911018,-37.70603629548,
    13.002071159878));
#2959 = CARTESIAN_POINT('',(7.479870889567,-37.12360972399,
    13.006264660891));
#2960 = CARTESIAN_POINT('',(9.90519102832,-36.25701322378,
    13.011984551279));
#2961 = CARTESIAN_POINT('',(12.265904940845,-35.11112146198,
    13.018516686464));
#2962 = CARTESIAN_POINT('',(14.551340858945,-33.69541490724,
    13.025160206782));
#2963 = CARTESIAN_POINT('',(16.755587911646,-32.00657183713,
    13.028704154569));
#2964 = CARTESIAN_POINT('',(18.863104452536,-30.03532446306,
    13.026031922684));
#2965 = CARTESIAN_POINT('',(20.82753045586,-27.82433497983,
    13.021525632732));
#2966 = CARTESIAN_POINT('',(24.382974390019,-23.04641922319,
    13.011768543911));
#2967 = CARTESIAN_POINT('',(26.000323191537,-20.46550866866,
    13.006539180835));
#2968 = CARTESIAN_POINT('',(27.463202318046,-17.67311303915,
    13.002641259776));
#2969 = CARTESIAN_POINT('',(28.740696541675,-14.70663790186,
    13.001331920768));
#2970 = CARTESIAN_POINT('',(29.817690938977,-11.60470237748,
    13.000654171418));
#2971 = CARTESIAN_POINT('',(30.687531620982,-8.392865024518,
    13.000109951159));
#2972 = CARTESIAN_POINT('',(31.344952385221,-5.09215856784,
    13.000106421404));
#2973 = CARTESIAN_POINT('',(31.783314752419,-1.737444199463,
    12.999969863754));
#2974 = CARTESIAN_POINT('',(32.001802910143,1.647158743642,
    12.999962430798));
#2975 = CARTESIAN_POINT('',(31.996369686072,11.797567880931,
    13.000004202876));
#2976 = CARTESIAN_POINT('',(31.111349844675,18.577973981496,
    13.000177393409));
#2977 = CARTESIAN_POINT('',(29.341991586857,25.128572446202,
    13.000280737978));
#2978 = CARTESIAN_POINT('',(26.714727590283,31.228828336059,
    13.000944677196));
#2979 = CARTESIAN_POINT('',(23.325075580025,36.636397142187,
    13.000917082969));
#2980 = CARTESIAN_POINT('',(19.246036785755,41.148484094708,
    13.002139276373));
#2981 = CARTESIAN_POINT('',(14.734039681596,44.559349849921,
    13.001445266787));
#2982 = CARTESIAN_POINT('',(9.921327850241,46.857983314517,13.0004632831
    ));
#2983 = CARTESIAN_POINT('',(4.95383568894,48.000000000004,
    12.999999999999));
#2984 = CARTESIAN_POINT('',(-2.721989300625E-13,48.000000000001,13.));
#2985 = CARTESIAN_POINT('',(2.368676856461E-14,47.671553770494,
    13.642902379326));
#2986 = CARTESIAN_POINT('',(-4.885511516962,47.671553770497,
    13.642902379326));
#2987 = CARTESIAN_POINT('',(-9.808457275648,46.56995534246,
    13.621468319107));
#2988 = CARTESIAN_POINT('',(-14.61846480859,44.337642175454,
    13.578074321609));
#2989 = CARTESIAN_POINT('',(-19.17652890755,40.98414454522,
    13.513983783626));
#2990 = CARTESIAN_POINT('',(-23.25772666938,36.516433576062,
    13.429002482133));
#2991 = CARTESIAN_POINT('',(-26.66392710855,31.163539520103,
    13.347838544175));
#2992 = CARTESIAN_POINT('',(-29.30367772727,25.096335438794,
    13.272442623944));
#2993 = CARTESIAN_POINT('',(-31.081973187,18.563318046331,13.21374591436
    ));
#2994 = CARTESIAN_POINT('',(-31.9746141109,11.795484232186,
    13.179723830304));
#2995 = CARTESIAN_POINT('',(-31.97845460478,1.648632502738,
    13.186020611899));
#2996 = CARTESIAN_POINT('',(-31.75733352035,-1.732930417224,
    13.19767518843));
#2997 = CARTESIAN_POINT('',(-31.31302020041,-5.083679060049,
    13.220479255914));
#2998 = CARTESIAN_POINT('',(-30.64858547388,-8.37539477125,
    13.256362377102));
#2999 = CARTESIAN_POINT('',(-29.76385348831,-11.57585714686,
    13.307633934164));
#3000 = CARTESIAN_POINT('',(-28.66571013675,-14.65723767768,
    13.375387851071));
#3001 = CARTESIAN_POINT('',(-27.35698017395,-17.58906030336,
    13.462535577856));
#3002 = CARTESIAN_POINT('',(-25.83538983068,-20.33169765675,
    13.567329694547));
#3003 = CARTESIAN_POINT('',(-24.12285289216,-22.84968602896,
    13.668416545164));
#3004 = CARTESIAN_POINT('',(-20.3819380601,-27.40051134447,
    13.838010849746));
#3005 = CARTESIAN_POINT('',(-18.35379335833,-29.43335766359,
    13.906290111766));
#3006 = CARTESIAN_POINT('',(-16.1987630002,-31.20426395341,
    13.946053083069));
#3007 = CARTESIAN_POINT('',(-13.96722219522,-32.71030379107,
    13.943467739374));
#3008 = CARTESIAN_POINT('',(-11.69110150973,-33.96592186303,
    13.924286219703));
#3009 = CARTESIAN_POINT('',(-9.381890712424,-34.97064060148,
    13.903467333771));
#3010 = CARTESIAN_POINT('',(-7.048478366354,-35.72000455699,
    13.882243448348));
#3011 = CARTESIAN_POINT('',(-4.703959045668,-36.22097534894,
    13.867671052132));
#3012 = CARTESIAN_POINT('',(-2.351903922194,-36.47097361231,
    13.860223533408));
#3013 = CARTESIAN_POINT('',(2.351903922194,-36.47097361231,
    13.860223533408));
#3014 = CARTESIAN_POINT('',(4.703959045667,-36.22097534894,
    13.867671052132));
#3015 = CARTESIAN_POINT('',(7.048478366355,-35.72000455699,
    13.882243448348));
#3016 = CARTESIAN_POINT('',(9.381890712426,-34.97064060148,
    13.903467333771));
#3017 = CARTESIAN_POINT('',(11.691101509732,-33.96592186303,
    13.924286219702));
#3018 = CARTESIAN_POINT('',(13.967222195228,-32.71030379107,
    13.943467739374));
#3019 = CARTESIAN_POINT('',(16.198763000198,-31.20426395341,
    13.946053083069));
#3020 = CARTESIAN_POINT('',(18.353793358337,-29.43335766359,
    13.906290111766));
#3021 = CARTESIAN_POINT('',(20.381938060109,-27.40051134447,
    13.838010849746));
#3022 = CARTESIAN_POINT('',(24.122852892166,-22.84968602896,
    13.668416545164));
#3023 = CARTESIAN_POINT('',(25.83538983068,-20.33169765675,
    13.567329694547));
#3024 = CARTESIAN_POINT('',(27.356980173952,-17.58906030335,
    13.462535577856));
#3025 = CARTESIAN_POINT('',(28.665710136755,-14.65723767769,
    13.375387851071));
#3026 = CARTESIAN_POINT('',(29.763853488313,-11.57585714686,
    13.307633934164));
#3027 = CARTESIAN_POINT('',(30.648585473883,-8.375394771256,
    13.256362377102));
#3028 = CARTESIAN_POINT('',(31.313020200414,-5.083679060045,
    13.220479255915));
#3029 = CARTESIAN_POINT('',(31.75733352035,-1.732930417226,
    13.19767518843));
#3030 = CARTESIAN_POINT('',(31.978454604789,1.648632502739,13.1860206119
    ));
#3031 = CARTESIAN_POINT('',(31.974614110909,11.795484232186,
    13.179723830304));
#3032 = CARTESIAN_POINT('',(31.081973187008,18.563318046334,
    13.213745914358));
#3033 = CARTESIAN_POINT('',(29.303677727276,25.096335438785,
    13.272442623952));
#3034 = CARTESIAN_POINT('',(26.663927108556,31.16353952012,
    13.347838544152));
#3035 = CARTESIAN_POINT('',(23.257726669381,36.516433576041,
    13.429002482169));
#3036 = CARTESIAN_POINT('',(19.176528907566,40.984144545238,
    13.513983783588));
#3037 = CARTESIAN_POINT('',(14.618464808588,44.337642175447,
    13.578074321634));
#3038 = CARTESIAN_POINT('',(9.80845727565,46.569955342461,
    13.621468319098));
#3039 = CARTESIAN_POINT('',(4.885511516961,47.671553770498,
    13.642902379325));
#3040 = CARTESIAN_POINT('',(2.30926389122E-13,47.671553770495,
    13.642902379325));
#3041 = ADVANCED_FACE('',(#3042),#3215,.F.);
#3042 = FACE_BOUND('',#3043,.F.);
#3043 = EDGE_LOOP('',(#3044,#3067,#3075,#3096,#3105,#3106,#3107,#3124,
    #3125,#3144,#3159,#3202));
#3044 = ORIENTED_EDGE('',*,*,#3045,.F.);
#3045 = EDGE_CURVE('',#3046,#3048,#3050,.T.);
#3046 = VERTEX_POINT('',#3047);
#3047 = CARTESIAN_POINT('',(-28.24723803911,-2.,14.5));
#3048 = VERTEX_POINT('',#3049);
#3049 = CARTESIAN_POINT('',(-28.21758442684,-3.459733190855,
    13.34522313294));
#3050 = B_SPLINE_CURVE_WITH_KNOTS('',8,(#3051,#3052,#3053,#3054,#3055,
    #3056,#3057,#3058,#3059,#3060,#3061,#3062,#3063,#3064,#3065,#3066),
  .UNSPECIFIED.,.F.,.F.,(9,7,9),(0.,0.740045839064,1.),.UNSPECIFIED.);
#3051 = CARTESIAN_POINT('',(-28.24723803911,-2.,14.5));
#3052 = CARTESIAN_POINT('',(-28.20812830289,-2.196822424676,14.5));
#3053 = CARTESIAN_POINT('',(-28.17429064399,-2.396351627767,
    14.4704841235));
#3054 = CARTESIAN_POINT('',(-28.1475386109,-2.592122520598,
    14.410035074407));
#3055 = CARTESIAN_POINT('',(-28.12934521339,-2.778025406007,
    14.319366431547));
#3056 = CARTESIAN_POINT('',(-28.12093908517,-2.94827263616,
    14.200486440407));
#3057 = CARTESIAN_POINT('',(-28.12304239558,-3.097659835706,
    14.056833657883));
#3058 = CARTESIAN_POINT('',(-28.13568185203,-3.22162205509,
    13.893290510545));
#3059 = CARTESIAN_POINT('',(-28.16547882691,-3.351312695508,
    13.654927534956));
#3060 = CARTESIAN_POINT('',(-28.17439483515,-3.381611405332,
    13.591307098319));
#3061 = CARTESIAN_POINT('',(-28.18444255512,-3.408396962849,
    13.526281675813));
#3062 = CARTESIAN_POINT('',(-28.19557452984,-3.431600841027,
    13.460101416475));
#3063 = CARTESIAN_POINT('',(-28.20773577253,-3.451180950507,
    13.393013066079));
#3064 = CARTESIAN_POINT('',(-28.22086524492,-3.467118363792,
    13.325258418297));
#3065 = CARTESIAN_POINT('',(-28.23489733547,-3.479414039428,
    13.257072765855));
#3066 = CARTESIAN_POINT('',(-28.24976333768,-3.488085546195,
    13.188683351689));
#3067 = ORIENTED_EDGE('',*,*,#3068,.F.);
#3068 = EDGE_CURVE('',#3069,#3046,#3071,.T.);
#3069 = VERTEX_POINT('',#3070);
#3070 = CARTESIAN_POINT('',(-31.35912153746,-2.,14.5));
#3071 = LINE('',#3072,#3073);
#3072 = CARTESIAN_POINT('',(-33.,-2.,14.5));
#3073 = VECTOR('',#3074,1.);
#3074 = DIRECTION('',(1.,0.,0.));
#3075 = ORIENTED_EDGE('',*,*,#3076,.T.);
#3076 = EDGE_CURVE('',#3069,#3077,#3079,.T.);
#3077 = VERTEX_POINT('',#3078);
#3078 = CARTESIAN_POINT('',(-31.33778975666,-3.483742458878,
    13.22024603452));
#3079 = B_SPLINE_CURVE_WITH_KNOTS('',8,(#3080,#3081,#3082,#3083,#3084,
    #3085,#3086,#3087,#3088,#3089,#3090,#3091,#3092,#3093,#3094,#3095),
  .UNSPECIFIED.,.F.,.F.,(9,7,9),(0.,0.766210233853,1.),.UNSPECIFIED.);
#3080 = CARTESIAN_POINT('',(-31.35912153746,-2.,14.5));
#3081 = CARTESIAN_POINT('',(-31.33166785352,-2.210159526182,14.5));
#3082 = CARTESIAN_POINT('',(-31.30786000768,-2.421809388844,
    14.466348295633));
#3083 = CARTESIAN_POINT('',(-31.28890204057,-2.627602007491,
    14.398214999503));
#3084 = CARTESIAN_POINT('',(-31.27579165993,-2.820846070788,
    14.297093527523));
#3085 = CARTESIAN_POINT('',(-31.26941533914,-2.995383188929,
    14.165696353541));
#3086 = CARTESIAN_POINT('',(-31.27034821912,-3.145799009894,
    14.008131022974));
#3087 = CARTESIAN_POINT('',(-31.2787225281,-3.267427409358,
    13.829794101009));
#3088 = CARTESIAN_POINT('',(-31.29857818262,-3.385084833486,
    13.579416158427));
#3089 = CARTESIAN_POINT('',(-31.30386026002,-3.409680662786,
    13.519581584023));
#3090 = CARTESIAN_POINT('',(-31.30976859801,-3.431292622981,
    13.458629024684));
#3091 = CARTESIAN_POINT('',(-31.31628537271,-3.44986399444,
    13.396740877158));
#3092 = CARTESIAN_POINT('',(-31.32338900691,-3.465353135586,
    13.334100489798));
#3093 = CARTESIAN_POINT('',(-31.33105447259,-3.477732683851,
    13.270891506253));
#3094 = CARTESIAN_POINT('',(-31.33925359342,-3.486988756637,
    13.207297209153));
#3095 = CARTESIAN_POINT('',(-31.34795534736,-3.493120152262,
    13.143499863799));
#3096 = ORIENTED_EDGE('',*,*,#3097,.T.);
#3097 = EDGE_CURVE('',#3077,#356,#3098,.T.);
#3098 = B_SPLINE_CURVE_WITH_KNOTS('',5,(#3099,#3100,#3101,#3102,#3103,
    #3104),.UNSPECIFIED.,.F.,.F.,(6,6),(0.,1.),
  .PIECEWISE_BEZIER_KNOTS.);
#3099 = CARTESIAN_POINT('',(-31.33778975666,-3.483742458878,
    13.22024603452));
#3100 = CARTESIAN_POINT('',(-31.34905983866,-3.496763996872,
    13.132523189279));
#3101 = CARTESIAN_POINT('',(-31.35808004387,-3.503271434127,
    13.044052060655));
#3102 = CARTESIAN_POINT('',(-31.36475574776,-3.50327550652,
    12.955166381413));
#3103 = CARTESIAN_POINT('',(-31.36906302697,-3.496709649017,
    12.866220657747));
#3104 = CARTESIAN_POINT('',(-31.37105359813,-3.483415766832,
    12.77756425037));
#3105 = ORIENTED_EDGE('',*,*,#416,.T.);
#3106 = ORIENTED_EDGE('',*,*,#2864,.F.);
#3107 = ORIENTED_EDGE('',*,*,#3108,.T.);
#3108 = EDGE_CURVE('',#2804,#3069,#3109,.T.);
#3109 = B_SPLINE_CURVE_WITH_KNOTS('',7,(#3110,#3111,#3112,#3113,#3114,
    #3115,#3116,#3117,#3118,#3119,#3120,#3121,#3122,#3123),
  .UNSPECIFIED.,.F.,.F.,(8,6,8),(0.,0.471312865615,1.),.UNSPECIFIED.);
#3110 = CARTESIAN_POINT('',(-31.71600087298,-0.507576850824,
    13.150576039937));
#3111 = CARTESIAN_POINT('',(-31.69444036899,-0.522533771868,
    13.298820443341));
#3112 = CARTESIAN_POINT('',(-31.67146197247,-0.554644758132,
    13.445075905986));
#3113 = CARTESIAN_POINT('',(-31.64736391542,-0.603558283533,
    13.586946659209));
#3114 = CARTESIAN_POINT('',(-31.62242967206,-0.668517480243,
    13.722211205497));
#3115 = CARTESIAN_POINT('',(-31.59693287812,-0.748454046943,
    13.848813178039));
#3116 = CARTESIAN_POINT('',(-31.57115140568,-0.842014633007,
    13.964881156568));
#3117 = CARTESIAN_POINT('',(-31.5164938442,-1.065868198837,
    14.185321315324));
#3118 = CARTESIAN_POINT('',(-31.4876062567,-1.199315073637,
    14.286617441731));
#3119 = CARTESIAN_POINT('',(-31.45915955476,-1.345515592821,
    14.370319674055));
#3120 = CARTESIAN_POINT('',(-31.431589964,-1.501757104412,
    14.434606639035));
#3121 = CARTESIAN_POINT('',(-31.40536824747,-1.665086255785,
    14.478128983699));
#3122 = CARTESIAN_POINT('',(-31.38102716453,-1.832311167667,14.5));
#3123 = CARTESIAN_POINT('',(-31.35912153746,-2.,14.5));
#3124 = ORIENTED_EDGE('',*,*,#3068,.T.);
#3125 = ORIENTED_EDGE('',*,*,#3126,.F.);
#3126 = EDGE_CURVE('',#3127,#3046,#3129,.T.);
#3127 = VERTEX_POINT('',#3128);
#3128 = CARTESIAN_POINT('',(-28.77150786869,-0.532184503901,
    13.30905932992));
#3129 = B_SPLINE_CURVE_WITH_KNOTS('',7,(#3130,#3131,#3132,#3133,#3134,
    #3135,#3136,#3137,#3138,#3139,#3140,#3141,#3142,#3143),
  .UNSPECIFIED.,.F.,.F.,(8,6,8),(0.,0.450251758029,1.),.UNSPECIFIED.);
#3130 = CARTESIAN_POINT('',(-28.79821861505,-0.513186828129,
    13.198460555152));
#3131 = CARTESIAN_POINT('',(-28.76561183834,-0.53167423118,
    13.336963213018));
#3132 = CARTESIAN_POINT('',(-28.73117800091,-0.565135790167,
    13.472868597386));
#3133 = CARTESIAN_POINT('',(-28.69529540954,-0.613088223584,
    13.604320350922));
#3134 = CARTESIAN_POINT('',(-28.65832765486,-0.674799811198,
    13.729615338836));
#3135 = CARTESIAN_POINT('',(-28.62063284607,-0.749347933674,
    13.847197516751));
#3136 = CARTESIAN_POINT('',(-28.58257645284,-0.83564975279,
    13.955658029004));
#3137 = CARTESIAN_POINT('',(-28.49811548688,-1.050676740902,
    14.173499506878));
#3138 = CARTESIAN_POINT('',(-28.45171626583,-1.184583393586,
    14.27780849608));
#3139 = CARTESIAN_POINT('',(-28.40605462241,-1.331949918064,
    14.364383125783));
#3140 = CARTESIAN_POINT('',(-28.36188557667,-1.490207353858,
    14.431270452774));
#3141 = CARTESIAN_POINT('',(-28.32004776376,-1.656482243303,
    14.476880983538));
#3142 = CARTESIAN_POINT('',(-28.28149625234,-1.82759319691,14.5));
#3143 = CARTESIAN_POINT('',(-28.24723803911,-2.,14.5));
#3144 = ORIENTED_EDGE('',*,*,#3145,.T.);
#3145 = EDGE_CURVE('',#3127,#3146,#3148,.T.);
#3146 = VERTEX_POINT('',#3147);
#3147 = CARTESIAN_POINT('',(-28.83777538477,-0.533526863457,
    12.684632690663));
#3148 = B_SPLINE_CURVE_WITH_KNOTS('',5,(#3149,#3150,#3151,#3152,#3153,
    #3154,#3155,#3156,#3157,#3158),.UNSPECIFIED.,.F.,.F.,(6,4,6),(0.,
    0.500000032766,1.),.UNSPECIFIED.);
#3149 = CARTESIAN_POINT('',(-28.77150786869,-0.532184503901,
    13.30905932992));
#3150 = CARTESIAN_POINT('',(-28.78676735386,-0.519218903081,
    13.247481801089));
#3151 = CARTESIAN_POINT('',(-28.79986084454,-0.509559583743,
    13.185591593751));
#3152 = CARTESIAN_POINT('',(-28.81080249241,-0.503137114329,
    13.123436264149));
#3153 = CARTESIAN_POINT('',(-28.81959509011,-0.499939291671,
    13.061065157703));
#3154 = CARTESIAN_POINT('',(-28.83287145567,-0.500062155706,
    12.935987935597));
#3155 = CARTESIAN_POINT('',(-28.83735523097,-0.50338279899,
    12.87328182883));
#3156 = CARTESIAN_POINT('',(-28.83967874813,-0.509999377861,
    12.810456446829));
#3157 = CARTESIAN_POINT('',(-28.83982815997,-0.519994433112,
    12.747559141776));
#3158 = CARTESIAN_POINT('',(-28.83777538477,-0.533526863457,
    12.684632690663));
#3159 = ORIENTED_EDGE('',*,*,#3160,.F.);
#3160 = EDGE_CURVE('',#3161,#3146,#3163,.T.);
#3161 = VERTEX_POINT('',#3162);
#3162 = CARTESIAN_POINT('',(-28.3024528091,-3.457771561785,
    12.646585125311));
#3163 = B_SPLINE_CURVE_WITH_KNOTS('',7,(#3164,#3165,#3166,#3167,#3168,
    #3169,#3170,#3171,#3172,#3173,#3174,#3175,#3176,#3177,#3178,#3179,
    #3180,#3181,#3182,#3183,#3184,#3185,#3186,#3187,#3188,#3189,#3190,
    #3191,#3192,#3193,#3194,#3195,#3196,#3197,#3198,#3199,#3200,#3201),
  .UNSPECIFIED.,.F.,.F.,(8,6,6,6,6,6,8),(0.,0.176006551378,
    0.254324399496,0.430291397473,0.702587744596,0.809434373781,1.),
  .UNSPECIFIED.);
#3164 = CARTESIAN_POINT('',(-28.29814291303,-3.477796927272,
    12.742869212764));
#3165 = CARTESIAN_POINT('',(-28.30207847458,-3.459529805736,
    12.637883355698));
#3166 = CARTESIAN_POINT('',(-28.30787731653,-3.432573833661,
    12.534484585827));
#3167 = CARTESIAN_POINT('',(-28.31548481967,-3.397113760276,
    12.433603101401));
#3168 = CARTESIAN_POINT('',(-28.32480772498,-3.353466252008,
    12.336097976716));
#3169 = CARTESIAN_POINT('',(-28.33572318886,-3.302048924517,
    12.242760513555));
#3170 = CARTESIAN_POINT('',(-28.34808551511,-3.243365995913,
    12.154313115358));
#3171 = CARTESIAN_POINT('',(-28.36780221752,-3.148929274226,
    12.034511374171));
#3172 = CARTESIAN_POINT('',(-28.37412833377,-3.118524671359,
    11.998713032662));
#3173 = CARTESIAN_POINT('',(-28.3806946468,-3.086847635253,
    11.964064242967));
#3174 = CARTESIAN_POINT('',(-28.38748655973,-3.053951091738,
    11.930617234619));
#3175 = CARTESIAN_POINT('',(-28.39448914452,-3.019890009737,
    11.898420883309));
#3176 = CARTESIAN_POINT('',(-28.4016871419,-2.984721401263,
    11.867520710875));
#3177 = CARTESIAN_POINT('',(-28.4256416778,-2.867130650323,
    11.771538448271));
#3178 = CARTESIAN_POINT('',(-28.44312682996,-2.780461697172,
    11.711873095479));
#3179 = CARTESIAN_POINT('',(-28.46134480173,-2.689165809612,
    11.659443864895));
#3180 = CARTESIAN_POINT('',(-28.48011722732,-2.593947978001,
    11.614641964234));
#3181 = CARTESIAN_POINT('',(-28.49926829167,-2.495541193625,
    11.57777988721));
#3182 = CARTESIAN_POINT('',(-28.51862806948,-2.394702414938,
    11.549093933661));
#3183 = CARTESIAN_POINT('',(-28.56806304294,-2.133618320079,
    11.497238988335));
#3184 = CARTESIAN_POINT('',(-28.59822693076,-1.970942134653,
    11.485661259443));
#3185 = CARTESIAN_POINT('',(-28.62789697178,-1.807206970502,
    11.494660144659));
#3186 = CARTESIAN_POINT('',(-28.65651389414,-1.645445949981,
    11.524291782268));
#3187 = CARTESIAN_POINT('',(-28.68360538919,-1.488651874969,
    11.57413129798));
#3188 = CARTESIAN_POINT('',(-28.70877514527,-1.339774420886,
    11.64326178438));
#3189 = CARTESIAN_POINT('',(-28.74068690694,-1.147391365724,
    11.764216952103));
#3190 = CARTESIAN_POINT('',(-28.74933356099,-1.094823730994,
    11.801035275277));
#3191 = CARTESIAN_POINT('',(-28.75761398272,-1.044072231939,
    11.84049198524));
#3192 = CARTESIAN_POINT('',(-28.76551048912,-0.995298143679,
    11.882481099929));
#3193 = CARTESIAN_POINT('',(-28.773007319,-0.948655088882,
    11.926884019257));
#3194 = CARTESIAN_POINT('',(-28.78009043424,-0.904288235733,
    11.973569439299));
#3195 = CARTESIAN_POINT('',(-28.79862016904,-0.787505386383,
    12.109472693034));
#3196 = CARTESIAN_POINT('',(-28.80913938483,-0.720336342261,
    12.203370450066));
#3197 = CARTESIAN_POINT('',(-28.818230623,-0.661617632195,12.30325408991
    ));
#3198 = CARTESIAN_POINT('',(-28.82584296133,-0.611998030881,
    12.408192892055));
#3199 = CARTESIAN_POINT('',(-28.83193955828,-0.571996886695,
    12.517175877745));
#3200 = CARTESIAN_POINT('',(-28.83649396542,-0.541994965806,
    12.62912010053));
#3201 = CARTESIAN_POINT('',(-28.83949209467,-0.522203072728,
    12.742869212764));
#3202 = ORIENTED_EDGE('',*,*,#3203,.F.);
#3203 = EDGE_CURVE('',#3048,#3161,#3204,.T.);
#3204 = B_SPLINE_CURVE_WITH_KNOTS('',5,(#3205,#3206,#3207,#3208,#3209,
    #3210,#3211,#3212,#3213,#3214),.UNSPECIFIED.,.F.,.F.,(6,4,6),(0.,
    0.499821344456,1.),.UNSPECIFIED.);
#3205 = CARTESIAN_POINT('',(-28.21758442684,-3.459733190855,
    13.34522313294));
#3206 = CARTESIAN_POINT('',(-28.23078318668,-3.475870818746,
    13.276987175361));
#3207 = CARTESIAN_POINT('',(-28.24289561606,-3.487973067771,
    13.208012906647));
#3208 = CARTESIAN_POINT('',(-28.25384500318,-3.496051642706,
    13.138459630248));
#3209 = CARTESIAN_POINT('',(-28.26358526272,-3.500078218539,
    13.068499030734));
#3210 = CARTESIAN_POINT('',(-28.2806226586,-3.499919816416,
    12.928066906959));
#3211 = CARTESIAN_POINT('',(-28.28791803834,-3.495729011612,
    12.85759503432));
#3212 = CARTESIAN_POINT('',(-28.29397186183,-3.487370416334,
    12.787069763479));
#3213 = CARTESIAN_POINT('',(-28.29879951303,-3.474763377292,
    12.71667324894));
#3214 = CARTESIAN_POINT('',(-28.3024528091,-3.457771561785,
    12.646585125311));
#3215 = CYLINDRICAL_SURFACE('',#3216,1.5);
#3216 = AXIS2_PLACEMENT_3D('',#3217,#3218,#3219);
#3217 = CARTESIAN_POINT('',(-33.,-2.,13.));
#3218 = DIRECTION('',(1.,0.,0.));
#3219 = DIRECTION('',(-0.,0.,1.));
#3220 = ADVANCED_FACE('',(#3221),#3295,.F.);
#3221 = FACE_BOUND('',#3222,.F.);
#3222 = EDGE_LOOP('',(#3223,#3234,#3235,#3236));
#3223 = ORIENTED_EDGE('',*,*,#3224,.T.);
#3224 = EDGE_CURVE('',#3225,#331,#3227,.T.);
#3225 = VERTEX_POINT('',#3226);
#3226 = CARTESIAN_POINT('',(31.337789756668,-3.483742458878,
    13.220246034521));
#3227 = B_SPLINE_CURVE_WITH_KNOTS('',5,(#3228,#3229,#3230,#3231,#3232,
    #3233),.UNSPECIFIED.,.F.,.F.,(6,6),(0.,1.),
  .PIECEWISE_BEZIER_KNOTS.);
#3228 = CARTESIAN_POINT('',(31.337789756668,-3.483742458878,
    13.220246034521));
#3229 = CARTESIAN_POINT('',(31.349059838663,-3.496763996872,
    13.132523189279));
#3230 = CARTESIAN_POINT('',(31.358080043871,-3.503271434127,
    13.044052060655));
#3231 = CARTESIAN_POINT('',(31.36475574776,-3.50327550652,
    12.955166381413));
#3232 = CARTESIAN_POINT('',(31.369063026976,-3.496709649017,
    12.866220657748));
#3233 = CARTESIAN_POINT('',(31.371053598139,-3.483415766832,
    12.77756425037));
#3234 = ORIENTED_EDGE('',*,*,#355,.F.);
#3235 = ORIENTED_EDGE('',*,*,#3097,.F.);
#3236 = ORIENTED_EDGE('',*,*,#3237,.T.);
#3237 = EDGE_CURVE('',#3077,#3225,#3238,.T.);
#3238 = ( BOUNDED_CURVE() B_SPLINE_CURVE(10,(#3239,#3240,#3241,#3242,
    #3243,#3244,#3245,#3246,#3247,#3248,#3249,#3250,#3251,#3252,#3253,
    #3254,#3255,#3256,#3257,#3258,#3259,#3260,#3261,#3262,#3263,#3264,
    #3265,#3266,#3267,#3268,#3269,#3270,#3271,#3272,#3273,#3274,#3275,
    #3276,#3277,#3278,#3279,#3280,#3281,#3282,#3283,#3284,#3285,#3286,
    #3287,#3288,#3289,#3290,#3291,#3292,#3293,#3294),.UNSPECIFIED.,.T.,
.F.) B_SPLINE_CURVE_WITH_KNOTS((11,9,9,9,9,9,11),(0.,59.228168149817,
    88.842252224725,118.45633629963,148.07042037454,177.68450444945,
236.91267259926),.UNSPECIFIED.) CURVE() GEOMETRIC_REPRESENTATION_ITEM() 
RATIONAL_B_SPLINE_CURVE((1.,1.,1.,1.,1.,1.,1.,1.,1.,1.,1.,1.,1.,1.,1.,1.
    ,1.,1.,1.,1.,1.,1.,1.,1.,1.,1.,1.,1.,1.,1.,1.,1.,1.,1.,1.,1.,1.,1.,
    1.,1.,1.,1.,1.,1.,1.,1.,1.,1.,1.,1.,1.,1.,1.,1.,1.,1.)) 
REPRESENTATION_ITEM('') );
#3239 = CARTESIAN_POINT('',(2.368676856461E-14,47.671553770494,
    13.642902379326));
#3240 = CARTESIAN_POINT('',(-4.885511516962,47.671553770497,
    13.642902379326));
#3241 = CARTESIAN_POINT('',(-9.808457275648,46.56995534246,
    13.621468319107));
#3242 = CARTESIAN_POINT('',(-14.61846480859,44.337642175454,
    13.578074321609));
#3243 = CARTESIAN_POINT('',(-19.17652890755,40.98414454522,
    13.513983783626));
#3244 = CARTESIAN_POINT('',(-23.25772666938,36.516433576062,
    13.429002482133));
#3245 = CARTESIAN_POINT('',(-26.66392710855,31.163539520103,
    13.347838544175));
#3246 = CARTESIAN_POINT('',(-29.30367772727,25.096335438794,
    13.272442623944));
#3247 = CARTESIAN_POINT('',(-31.081973187,18.563318046331,13.21374591436
    ));
#3248 = CARTESIAN_POINT('',(-31.9746141109,11.795484232186,
    13.179723830304));
#3249 = CARTESIAN_POINT('',(-31.97845460478,1.648632502738,
    13.186020611899));
#3250 = CARTESIAN_POINT('',(-31.75733352035,-1.732930417224,
    13.19767518843));
#3251 = CARTESIAN_POINT('',(-31.31302020041,-5.083679060049,
    13.220479255914));
#3252 = CARTESIAN_POINT('',(-30.64858547388,-8.37539477125,
    13.256362377102));
#3253 = CARTESIAN_POINT('',(-29.76385348831,-11.57585714686,
    13.307633934164));
#3254 = CARTESIAN_POINT('',(-28.66571013675,-14.65723767768,
    13.375387851071));
#3255 = CARTESIAN_POINT('',(-27.35698017395,-17.58906030336,
    13.462535577856));
#3256 = CARTESIAN_POINT('',(-25.83538983068,-20.33169765675,
    13.567329694547));
#3257 = CARTESIAN_POINT('',(-24.12285289216,-22.84968602896,
    13.668416545164));
#3258 = CARTESIAN_POINT('',(-20.3819380601,-27.40051134447,
    13.838010849746));
#3259 = CARTESIAN_POINT('',(-18.35379335833,-29.43335766359,
    13.906290111766));
#3260 = CARTESIAN_POINT('',(-16.1987630002,-31.20426395341,
    13.946053083069));
#3261 = CARTESIAN_POINT('',(-13.96722219522,-32.71030379107,
    13.943467739374));
#3262 = CARTESIAN_POINT('',(-11.69110150973,-33.96592186303,
    13.924286219703));
#3263 = CARTESIAN_POINT('',(-9.381890712424,-34.97064060148,
    13.903467333771));
#3264 = CARTESIAN_POINT('',(-7.048478366354,-35.72000455699,
    13.882243448348));
#3265 = CARTESIAN_POINT('',(-4.703959045668,-36.22097534894,
    13.867671052132));
#3266 = CARTESIAN_POINT('',(-2.351903922194,-36.47097361231,
    13.860223533408));
#3267 = CARTESIAN_POINT('',(2.351903922194,-36.47097361231,
    13.860223533408));
#3268 = CARTESIAN_POINT('',(4.703959045667,-36.22097534894,
    13.867671052132));
#3269 = CARTESIAN_POINT('',(7.048478366355,-35.72000455699,
    13.882243448348));
#3270 = CARTESIAN_POINT('',(9.381890712426,-34.97064060148,
    13.903467333771));
#3271 = CARTESIAN_POINT('',(11.691101509732,-33.96592186303,
    13.924286219702));
#3272 = CARTESIAN_POINT('',(13.967222195228,-32.71030379107,
    13.943467739374));
#3273 = CARTESIAN_POINT('',(16.198763000198,-31.20426395341,
    13.946053083069));
#3274 = CARTESIAN_POINT('',(18.353793358337,-29.43335766359,
    13.906290111766));
#3275 = CARTESIAN_POINT('',(20.381938060109,-27.40051134447,
    13.838010849746));
#3276 = CARTESIAN_POINT('',(24.122852892166,-22.84968602896,
    13.668416545164));
#3277 = CARTESIAN_POINT('',(25.83538983068,-20.33169765675,
    13.567329694547));
#3278 = CARTESIAN_POINT('',(27.356980173952,-17.58906030335,
    13.462535577856));
#3279 = CARTESIAN_POINT('',(28.665710136755,-14.65723767769,
    13.375387851071));
#3280 = CARTESIAN_POINT('',(29.763853488313,-11.57585714686,
    13.307633934164));
#3281 = CARTESIAN_POINT('',(30.648585473883,-8.375394771256,
    13.256362377102));
#3282 = CARTESIAN_POINT('',(31.313020200414,-5.083679060045,
    13.220479255915));
#3283 = CARTESIAN_POINT('',(31.75733352035,-1.732930417226,
    13.19767518843));
#3284 = CARTESIAN_POINT('',(31.978454604789,1.648632502739,13.1860206119
    ));
#3285 = CARTESIAN_POINT('',(31.974614110909,11.795484232186,
    13.179723830304));
#3286 = CARTESIAN_POINT('',(31.081973187008,18.563318046334,
    13.213745914358));
#3287 = CARTESIAN_POINT('',(29.303677727276,25.096335438785,
    13.272442623952));
#3288 = CARTESIAN_POINT('',(26.663927108556,31.16353952012,
    13.347838544152));
#3289 = CARTESIAN_POINT('',(23.257726669381,36.516433576041,
    13.429002482169));
#3290 = CARTESIAN_POINT('',(19.176528907566,40.984144545238,
    13.513983783588));
#3291 = CARTESIAN_POINT('',(14.618464808588,44.337642175447,
    13.578074321634));
#3292 = CARTESIAN_POINT('',(9.80845727565,46.569955342461,
    13.621468319098));
#3293 = CARTESIAN_POINT('',(4.885511516961,47.671553770498,
    13.642902379325));
#3294 = CARTESIAN_POINT('',(2.30926389122E-13,47.671553770495,
    13.642902379325));
#3295 = ( BOUNDED_SURFACE() B_SPLINE_SURFACE(2,10,(
    (#3296,#3297,#3298,#3299,#3300,#3301,#3302,#3303,#3304,#3305,#3306
      ,#3307,#3308,#3309,#3310,#3311,#3312,#3313,#3314,#3315,#3316,#3317
      ,#3318,#3319,#3320,#3321,#3322,#3323,#3324,#3325,#3326,#3327,#3328
      ,#3329,#3330,#3331,#3332,#3333,#3334,#3335,#3336,#3337,#3338,#3339
      ,#3340,#3341,#3342,#3343,#3344,#3345,#3346,#3347,#3348,#3349,#3350
      ,#3351)
    ,(#3352,#3353,#3354,#3355,#3356,#3357,#3358,#3359,#3360,#3361,#3362
      ,#3363,#3364,#3365,#3366,#3367,#3368,#3369,#3370,#3371,#3372,#3373
      ,#3374,#3375,#3376,#3377,#3378,#3379,#3380,#3381,#3382,#3383,#3384
      ,#3385,#3386,#3387,#3388,#3389,#3390,#3391,#3392,#3393,#3394,#3395
      ,#3396,#3397,#3398,#3399,#3400,#3401,#3402,#3403,#3404,#3405,#3406
      ,#3407)
    ,(#3408,#3409,#3410,#3411,#3412,#3413,#3414,#3415,#3416,#3417,#3418
      ,#3419,#3420,#3421,#3422,#3423,#3424,#3425,#3426,#3427,#3428,#3429
      ,#3430,#3431,#3432,#3433,#3434,#3435,#3436,#3437,#3438,#3439,#3440
      ,#3441,#3442,#3443,#3444,#3445,#3446,#3447,#3448,#3449,#3450,#3451
      ,#3452,#3453,#3454,#3455,#3456,#3457,#3458,#3459,#3460,#3461,#3462
,#3463
    )),.UNSPECIFIED.,.F.,.F.,.F.) B_SPLINE_SURFACE_WITH_KNOTS((3,3),(11,
    9,9,9,9,9,11),(0.,236.91267259926),(0.,59.228168149817,
    88.842252224725,118.45633629963,148.07042037454,177.68450444945,
236.91267259926),.UNSPECIFIED.) GEOMETRIC_REPRESENTATION_ITEM() 
RATIONAL_B_SPLINE_SURFACE((
    (1.,1.,1.,1.,1.,1.,1.,1.,1.,1.,1.,1.,1.,1.,1.,1.,1.,1.,1.,1.,1.,1.
      ,1.,1.,1.,1.,1.,1.,1.,1.,1.,1.,1.,1.,1.,1.,1.,1.,1.,1.,1.,1.,1.,1.
      ,1.,1.,1.,1.,1.,1.,1.,1.,1.,1.,1.,1.)
    ,(0.972244291189,0.972244291189,0.974611990663,0.979349325646
      ,0.985707197034,0.99059179737,0.994081440311,0.996317418332
      ,0.997472488603,0.998185300072,0.998052478464,0.997814894813
      ,0.997293598821,0.996538685408,0.995071864445,0.992800496576
      ,0.98910975246,0.982468251841,0.972521102145,0.947841360921
      ,0.933120747481,0.916745570998,0.901053633189,0.888229392203
      ,0.878253441833,0.870598109756,0.865720264315,0.863227820259
      ,0.863227820259,0.865720264315,0.870598109756,0.878253441832
      ,0.888229392203,0.901053633189,0.916745570998,0.933120747481
      ,0.947841360921,0.972521102145,0.982468251841,0.98910975246
      ,0.992800496576,0.995071864445,0.996538685408,0.997293598821
      ,0.997814894813,0.998052478464,0.998185300072,0.997472488603
      ,0.996317418332,0.994081440311,0.99059179737,0.985707197034
      ,0.979349325645,0.974611990663,0.972244291189,0.972244291189)
    ,(1.,1.,1.,1.,1.,1.,1.,1.,1.,1.,1.,1.,1.,1.,1.,1.,1.,1.,1.,1.,1.,1.
      ,1.,1.,1.,1.,1.,1.,1.,1.,1.,1.,1.,1.,1.,1.,1.,1.,1.,1.,1.,1.,1.,1.
,1.,1.,1.,1.,1.,1.,1.,1.,1.,1.,1.,1.
  ))) REPRESENTATION_ITEM('') SURFACE() );
#3296 = CARTESIAN_POINT('',(2.346553201184E-14,48.,12.278057900508));
#3297 = CARTESIAN_POINT('',(-4.95383568894,48.000000000003,
    12.278057900508));
#3298 = CARTESIAN_POINT('',(-9.945261465839,46.854990372668,
    12.310596679273));
#3299 = CARTESIAN_POINT('',(-14.79777496702,44.535647839392,
    12.376182951866));
#3300 = CARTESIAN_POINT('',(-19.32686745731,41.07516324628,
    12.467524212197));
#3301 = CARTESIAN_POINT('',(-23.35621706072,36.572400130998,
    12.559623670624));
#3302 = CARTESIAN_POINT('',(-26.7345658104,31.184327958794,
    12.647953394333));
#3303 = CARTESIAN_POINT('',(-29.34571575825,25.108528342852,
    12.724692058894));
#3304 = CARTESIAN_POINT('',(-31.11211393482,18.568289227755,
    12.784516918711));
#3305 = CARTESIAN_POINT('',(-31.99636936474,11.79816819408,
    12.818973230933));
#3306 = CARTESIAN_POINT('',(-32.0018028298,1.647308841901,
    12.812445280041));
#3307 = CARTESIAN_POINT('',(-31.78345584423,-1.735590623938,
    12.800575328796));
#3308 = CARTESIAN_POINT('',(-31.34514005151,-5.088674615735,
    12.777290370458));
#3309 = CARTESIAN_POINT('',(-30.68947776198,-8.382960793617,
    12.740799759965));
#3310 = CARTESIAN_POINT('',(-29.82148842381,-11.58998992691,
    12.688414698546));
#3311 = CARTESIAN_POINT('',(-28.74851550246,-14.68221765046,
    12.618118505444));
#3312 = CARTESIAN_POINT('',(-27.48012082364,-17.63338946178,
    12.527045030794));
#3313 = CARTESIAN_POINT('',(-26.02794445499,-20.41889740171,
    12.413190533481));
#3314 = CARTESIAN_POINT('',(-24.40552735656,-23.01611184774,
    12.28254091055));
#3315 = CARTESIAN_POINT('',(-20.85067065293,-27.79323846579,
    12.004845664499));
#3316 = CARTESIAN_POINT('',(-18.91823104902,-29.97315064081,
    11.857854675514));
#3317 = CARTESIAN_POINT('',(-16.84600965944,-31.92405405001,
    11.711015715458));
#3318 = CARTESIAN_POINT('',(-14.65092450935,-33.62786313899,
    11.577070105538));
#3319 = CARTESIAN_POINT('',(-12.35136964232,-35.06905825433,
    11.465468648479));
#3320 = CARTESIAN_POINT('',(-9.966967949396,-36.23494223445,
    11.377279362147));
#3321 = CARTESIAN_POINT('',(-7.518290223805,-37.11584792055,
    11.310989635312));
#3322 = CARTESIAN_POINT('',(-5.026548245745,-37.7052826389,
    11.267490888861));
#3323 = CARTESIAN_POINT('',(-2.513274122271,-37.9999999943,
    11.245603749365));
#3324 = CARTESIAN_POINT('',(2.513274122271,-37.9999999943,
    11.245603749365));
#3325 = CARTESIAN_POINT('',(5.026548245744,-37.7052826389,
    11.267490888861));
#3326 = CARTESIAN_POINT('',(7.518290223806,-37.11584792055,
    11.310989635311));
#3327 = CARTESIAN_POINT('',(9.966967949396,-36.23494223446,
    11.377279362147));
#3328 = CARTESIAN_POINT('',(12.351369642325,-35.06905825432,
    11.465468648478));
#3329 = CARTESIAN_POINT('',(14.650924509361,-33.627863139,
    11.577070105538));
#3330 = CARTESIAN_POINT('',(16.846009659438,-31.92405405001,
    11.711015715458));
#3331 = CARTESIAN_POINT('',(18.918231049022,-29.97315064081,
    11.857854675514));
#3332 = CARTESIAN_POINT('',(20.85067065293,-27.79323846579,
    12.004845664499));
#3333 = CARTESIAN_POINT('',(24.405527356566,-23.01611184774,
    12.28254091055));
#3334 = CARTESIAN_POINT('',(26.027944454995,-20.4188974017,
    12.413190533482));
#3335 = CARTESIAN_POINT('',(27.48012082364,-17.63338946178,
    12.527045030794));
#3336 = CARTESIAN_POINT('',(28.748515502467,-14.68221765046,
    12.618118505444));
#3337 = CARTESIAN_POINT('',(29.821488423816,-11.58998992691,
    12.688414698546));
#3338 = CARTESIAN_POINT('',(30.689477761982,-8.38296079362,
    12.740799759965));
#3339 = CARTESIAN_POINT('',(31.345140051517,-5.088674615732,
    12.777290370458));
#3340 = CARTESIAN_POINT('',(31.783455844237,-1.73559062394,
    12.800575328796));
#3341 = CARTESIAN_POINT('',(32.0018028298,1.647308841901,12.812445280041
    ));
#3342 = CARTESIAN_POINT('',(31.996369364741,11.798168194079,
    12.818973230933));
#3343 = CARTESIAN_POINT('',(31.112113934821,18.568289227759,
    12.78451691871));
#3344 = CARTESIAN_POINT('',(29.345715758253,25.108528342845,
    12.724692058901));
#3345 = CARTESIAN_POINT('',(26.734565810409,31.184327958804,
    12.647953394314));
#3346 = CARTESIAN_POINT('',(23.356217060708,36.572400130991,
    12.559623670655));
#3347 = CARTESIAN_POINT('',(19.326867457334,41.075163246282,
    12.467524212165));
#3348 = CARTESIAN_POINT('',(14.797774967018,44.535647839396,
    12.376182951886));
#3349 = CARTESIAN_POINT('',(9.945261465842,46.854990372665,
    12.310596679265));
#3350 = CARTESIAN_POINT('',(4.953835688939,48.000000000004,
    12.278057900507));
#3351 = CARTESIAN_POINT('',(3.250733016102E-13,48.,12.278057900509));
#3352 = CARTESIAN_POINT('',(-9.14546216535E-15,48.,13.));
#3353 = CARTESIAN_POINT('',(-4.95383568894,48.000000000003,13.));
#3354 = CARTESIAN_POINT('',(-9.92132785024,46.857983314519,
    13.000463283109));
#3355 = CARTESIAN_POINT('',(-14.7340396816,44.559349849922,
    13.001445266765));
#3356 = CARTESIAN_POINT('',(-19.24603678574,41.148484094697,
    13.002139276408));
#3357 = CARTESIAN_POINT('',(-23.32507558002,36.636397142203,
    13.000917082936));
#3358 = CARTESIAN_POINT('',(-26.71472759028,31.228828336044,
    13.000944677216));
#3359 = CARTESIAN_POINT('',(-29.34199158685,25.128572446212,
    13.00028073797));
#3360 = CARTESIAN_POINT('',(-31.11134984467,18.577973981492,
    13.000177393411));
#3361 = CARTESIAN_POINT('',(-31.99636968607,11.797567880932,
    13.000004202876));
#3362 = CARTESIAN_POINT('',(-32.00180291014,1.647158743641,
    12.999962430797));
#3363 = CARTESIAN_POINT('',(-31.78331475241,-1.73744419946,
    12.999969863754));
#3364 = CARTESIAN_POINT('',(-31.34495238522,-5.092158567846,
    13.000106421404));
#3365 = CARTESIAN_POINT('',(-30.68753162097,-8.39286502451,
    13.000109951159));
#3366 = CARTESIAN_POINT('',(-29.81769093898,-11.60470237748,
    13.000654171417));
#3367 = CARTESIAN_POINT('',(-28.74069654166,-14.70663790185,
    13.001331920768));
#3368 = CARTESIAN_POINT('',(-27.46320231805,-17.67311303916,
    13.002641259776));
#3369 = CARTESIAN_POINT('',(-26.00032319153,-20.46550866866,
    13.006539180835));
#3370 = CARTESIAN_POINT('',(-24.38297439001,-23.04641922319,
    13.011768543911));
#3371 = CARTESIAN_POINT('',(-20.82753045586,-27.82433497983,
    13.021525632732));
#3372 = CARTESIAN_POINT('',(-18.86310445253,-30.03532446306,
    13.026031922684));
#3373 = CARTESIAN_POINT('',(-16.75558791164,-32.00657183713,
    13.028704154569));
#3374 = CARTESIAN_POINT('',(-14.55134085894,-33.69541490723,
    13.025160206782));
#3375 = CARTESIAN_POINT('',(-12.26590494085,-35.11112146198,
    13.018516686464));
#3376 = CARTESIAN_POINT('',(-9.905191028317,-36.25701322377,
    13.011984551279));
#3377 = CARTESIAN_POINT('',(-7.479870889568,-37.123609724,
    13.006264660891));
#3378 = CARTESIAN_POINT('',(-5.012491911018,-37.70603629548,
    13.002071159878));
#3379 = CARTESIAN_POINT('',(-2.513274122271,-37.9999999943,13.));
#3380 = CARTESIAN_POINT('',(2.513274122271,-37.9999999943,13.));
#3381 = CARTESIAN_POINT('',(5.012491911018,-37.70603629548,
    13.002071159878));
#3382 = CARTESIAN_POINT('',(7.479870889567,-37.12360972399,
    13.006264660891));
#3383 = CARTESIAN_POINT('',(9.90519102832,-36.25701322378,
    13.011984551279));
#3384 = CARTESIAN_POINT('',(12.265904940845,-35.11112146198,
    13.018516686464));
#3385 = CARTESIAN_POINT('',(14.551340858945,-33.69541490724,
    13.025160206782));
#3386 = CARTESIAN_POINT('',(16.755587911646,-32.00657183713,
    13.028704154569));
#3387 = CARTESIAN_POINT('',(18.863104452536,-30.03532446306,
    13.026031922684));
#3388 = CARTESIAN_POINT('',(20.82753045586,-27.82433497983,
    13.021525632732));
#3389 = CARTESIAN_POINT('',(24.382974390019,-23.04641922319,
    13.011768543911));
#3390 = CARTESIAN_POINT('',(26.000323191537,-20.46550866866,
    13.006539180835));
#3391 = CARTESIAN_POINT('',(27.463202318046,-17.67311303915,
    13.002641259776));
#3392 = CARTESIAN_POINT('',(28.740696541675,-14.70663790186,
    13.001331920768));
#3393 = CARTESIAN_POINT('',(29.817690938977,-11.60470237748,
    13.000654171418));
#3394 = CARTESIAN_POINT('',(30.687531620982,-8.392865024518,
    13.000109951159));
#3395 = CARTESIAN_POINT('',(31.344952385221,-5.09215856784,
    13.000106421404));
#3396 = CARTESIAN_POINT('',(31.783314752419,-1.737444199463,
    12.999969863754));
#3397 = CARTESIAN_POINT('',(32.001802910143,1.647158743642,
    12.999962430798));
#3398 = CARTESIAN_POINT('',(31.996369686072,11.797567880931,
    13.000004202876));
#3399 = CARTESIAN_POINT('',(31.111349844675,18.577973981496,
    13.000177393409));
#3400 = CARTESIAN_POINT('',(29.341991586857,25.128572446202,
    13.000280737978));
#3401 = CARTESIAN_POINT('',(26.714727590283,31.228828336059,
    13.000944677196));
#3402 = CARTESIAN_POINT('',(23.325075580025,36.636397142187,
    13.000917082969));
#3403 = CARTESIAN_POINT('',(19.246036785755,41.148484094708,
    13.002139276373));
#3404 = CARTESIAN_POINT('',(14.734039681596,44.559349849921,
    13.001445266787));
#3405 = CARTESIAN_POINT('',(9.921327850241,46.857983314517,13.0004632831
    ));
#3406 = CARTESIAN_POINT('',(4.95383568894,48.000000000004,
    12.999999999999));
#3407 = CARTESIAN_POINT('',(-2.721989300625E-13,48.000000000001,13.));
#3408 = CARTESIAN_POINT('',(2.368676856461E-14,47.671553770494,
    13.642902379326));
#3409 = CARTESIAN_POINT('',(-4.885511516962,47.671553770497,
    13.642902379326));
#3410 = CARTESIAN_POINT('',(-9.808457275648,46.56995534246,
    13.621468319107));
#3411 = CARTESIAN_POINT('',(-14.61846480859,44.337642175454,
    13.578074321609));
#3412 = CARTESIAN_POINT('',(-19.17652890755,40.98414454522,
    13.513983783626));
#3413 = CARTESIAN_POINT('',(-23.25772666938,36.516433576062,
    13.429002482133));
#3414 = CARTESIAN_POINT('',(-26.66392710855,31.163539520103,
    13.347838544175));
#3415 = CARTESIAN_POINT('',(-29.30367772727,25.096335438794,
    13.272442623944));
#3416 = CARTESIAN_POINT('',(-31.081973187,18.563318046331,13.21374591436
    ));
#3417 = CARTESIAN_POINT('',(-31.9746141109,11.795484232186,
    13.179723830304));
#3418 = CARTESIAN_POINT('',(-31.97845460478,1.648632502738,
    13.186020611899));
#3419 = CARTESIAN_POINT('',(-31.75733352035,-1.732930417224,
    13.19767518843));
#3420 = CARTESIAN_POINT('',(-31.31302020041,-5.083679060049,
    13.220479255914));
#3421 = CARTESIAN_POINT('',(-30.64858547388,-8.37539477125,
    13.256362377102));
#3422 = CARTESIAN_POINT('',(-29.76385348831,-11.57585714686,
    13.307633934164));
#3423 = CARTESIAN_POINT('',(-28.66571013675,-14.65723767768,
    13.375387851071));
#3424 = CARTESIAN_POINT('',(-27.35698017395,-17.58906030336,
    13.462535577856));
#3425 = CARTESIAN_POINT('',(-25.83538983068,-20.33169765675,
    13.567329694547));
#3426 = CARTESIAN_POINT('',(-24.12285289216,-22.84968602896,
    13.668416545164));
#3427 = CARTESIAN_POINT('',(-20.3819380601,-27.40051134447,
    13.838010849746));
#3428 = CARTESIAN_POINT('',(-18.35379335833,-29.43335766359,
    13.906290111766));
#3429 = CARTESIAN_POINT('',(-16.1987630002,-31.20426395341,
    13.946053083069));
#3430 = CARTESIAN_POINT('',(-13.96722219522,-32.71030379107,
    13.943467739374));
#3431 = CARTESIAN_POINT('',(-11.69110150973,-33.96592186303,
    13.924286219703));
#3432 = CARTESIAN_POINT('',(-9.381890712424,-34.97064060148,
    13.903467333771));
#3433 = CARTESIAN_POINT('',(-7.048478366354,-35.72000455699,
    13.882243448348));
#3434 = CARTESIAN_POINT('',(-4.703959045668,-36.22097534894,
    13.867671052132));
#3435 = CARTESIAN_POINT('',(-2.351903922194,-36.47097361231,
    13.860223533408));
#3436 = CARTESIAN_POINT('',(2.351903922194,-36.47097361231,
    13.860223533408));
#3437 = CARTESIAN_POINT('',(4.703959045667,-36.22097534894,
    13.867671052132));
#3438 = CARTESIAN_POINT('',(7.048478366355,-35.72000455699,
    13.882243448348));
#3439 = CARTESIAN_POINT('',(9.381890712426,-34.97064060148,
    13.903467333771));
#3440 = CARTESIAN_POINT('',(11.691101509732,-33.96592186303,
    13.924286219702));
#3441 = CARTESIAN_POINT('',(13.967222195228,-32.71030379107,
    13.943467739374));
#3442 = CARTESIAN_POINT('',(16.198763000198,-31.20426395341,
    13.946053083069));
#3443 = CARTESIAN_POINT('',(18.353793358337,-29.43335766359,
    13.906290111766));
#3444 = CARTESIAN_POINT('',(20.381938060109,-27.40051134447,
    13.838010849746));
#3445 = CARTESIAN_POINT('',(24.122852892166,-22.84968602896,
    13.668416545164));
#3446 = CARTESIAN_POINT('',(25.83538983068,-20.33169765675,
    13.567329694547));
#3447 = CARTESIAN_POINT('',(27.356980173952,-17.58906030335,
    13.462535577856));
#3448 = CARTESIAN_POINT('',(28.665710136755,-14.65723767769,
    13.375387851071));
#3449 = CARTESIAN_POINT('',(29.763853488313,-11.57585714686,
    13.307633934164));
#3450 = CARTESIAN_POINT('',(30.648585473883,-8.375394771256,
    13.256362377102));
#3451 = CARTESIAN_POINT('',(31.313020200414,-5.083679060045,
    13.220479255915));
#3452 = CARTESIAN_POINT('',(31.75733352035,-1.732930417226,
    13.19767518843));
#3453 = CARTESIAN_POINT('',(31.978454604789,1.648632502739,13.1860206119
    ));
#3454 = CARTESIAN_POINT('',(31.974614110909,11.795484232186,
    13.179723830304));
#3455 = CARTESIAN_POINT('',(31.081973187008,18.563318046334,
    13.213745914358));
#3456 = CARTESIAN_POINT('',(29.303677727276,25.096335438785,
    13.272442623952));
#3457 = CARTESIAN_POINT('',(26.663927108556,31.16353952012,
    13.347838544152));
#3458 = CARTESIAN_POINT('',(23.257726669381,36.516433576041,
    13.429002482169));
#3459 = CARTESIAN_POINT('',(19.176528907566,40.984144545238,
    13.513983783588));
#3460 = CARTESIAN_POINT('',(14.618464808588,44.337642175447,
    13.578074321634));
#3461 = CARTESIAN_POINT('',(9.80845727565,46.569955342461,
    13.621468319098));
#3462 = CARTESIAN_POINT('',(4.885511516961,47.671553770498,
    13.642902379325));
#3463 = CARTESIAN_POINT('',(2.30926389122E-13,47.671553770495,
    13.642902379325));
#3464 = ADVANCED_FACE('',(#3465),#3627,.F.);
#3465 = FACE_BOUND('',#3466,.F.);
#3466 = EDGE_LOOP('',(#3467,#3491,#3497,#3498,#3499,#3534,#3543,#3544,
    #3545,#3564,#3579,#3614));
#3467 = ORIENTED_EDGE('',*,*,#3468,.F.);
#3468 = EDGE_CURVE('',#3469,#3471,#3473,.T.);
#3469 = VERTEX_POINT('',#3470);
#3470 = CARTESIAN_POINT('',(28.592436475872,-2.,11.5));
#3471 = VERTEX_POINT('',#3472);
#3472 = CARTESIAN_POINT('',(28.3024528091,-3.457771561785,
    12.646585125311));
#3473 = B_SPLINE_CURVE_WITH_KNOTS('',6,(#3474,#3475,#3476,#3477,#3478,
    #3479,#3480,#3481,#3482,#3483,#3484,#3485,#3486,#3487,#3488,#3489,
    #3490),.UNSPECIFIED.,.F.,.F.,(7,5,5,7),(0.,0.491877483609,
    0.648471262148,1.),.UNSPECIFIED.);
#3474 = CARTESIAN_POINT('',(28.592436475872,-2.,11.5));
#3475 = CARTESIAN_POINT('',(28.561156619188,-2.170919228984,11.5));
#3476 = CARTESIAN_POINT('',(28.529159487842,-2.341616541237,
    11.523370750128));
#3477 = CARTESIAN_POINT('',(28.497149639336,-2.50824181794,
    11.569997630811));
#3478 = CARTESIAN_POINT('',(28.465915426182,-2.667108216234,
    11.638994706042));
#3479 = CARTESIAN_POINT('',(28.436325763107,-2.814671768609,
    11.728873394444));
#3480 = CARTESIAN_POINT('',(28.400602546197,-2.990049243768,
    11.871821100926));
#3481 = CARTESIAN_POINT('',(28.392228338534,-3.030927968591,
    11.90822149665));
#3482 = CARTESIAN_POINT('',(28.384133847815,-3.070231085055,
    11.946428962267));
#3483 = CARTESIAN_POINT('',(28.376345728403,-3.107859462396,
    11.986361510927));
#3484 = CARTESIAN_POINT('',(28.368889858513,-3.143718765844,
    12.027929275798));
#3485 = CARTESIAN_POINT('',(28.345856267953,-3.254045732327,
    12.167799073357));
#3486 = CARTESIAN_POINT('',(28.331718571136,-3.321021203406,
    12.272329498358));
#3487 = CARTESIAN_POINT('',(28.319666113617,-3.377605636346,
    12.383490159056));
#3488 = CARTESIAN_POINT('',(28.309943644424,-3.422966655523,
    12.499971117081));
#3489 = CARTESIAN_POINT('',(28.302737322177,-3.456471729046,
    12.62030780053));
#3490 = CARTESIAN_POINT('',(28.298142913039,-3.477796927272,
    12.742869212764));
#3491 = ORIENTED_EDGE('',*,*,#3492,.F.);
#3492 = EDGE_CURVE('',#312,#3469,#3493,.T.);
#3493 = LINE('',#3494,#3495);
#3494 = CARTESIAN_POINT('',(33.,-2.,11.5));
#3495 = VECTOR('',#3496,1.);
#3496 = DIRECTION('',(-1.,0.,0.));
#3497 = ORIENTED_EDGE('',*,*,#330,.T.);
#3498 = ORIENTED_EDGE('',*,*,#3224,.F.);
#3499 = ORIENTED_EDGE('',*,*,#3500,.T.);
#3500 = EDGE_CURVE('',#3225,#3501,#3503,.T.);
#3501 = VERTEX_POINT('',#3502);
#3502 = CARTESIAN_POINT('',(31.70874477443,-0.513379026085,
    13.199895172321));
#3503 = B_SPLINE_CURVE_WITH_KNOTS('',8,(#3504,#3505,#3506,#3507,#3508,
    #3509,#3510,#3511,#3512,#3513,#3514,#3515,#3516,#3517,#3518,#3519,
    #3520,#3521,#3522,#3523,#3524,#3525,#3526,#3527,#3528,#3529,#3530,
    #3531,#3532,#3533),.UNSPECIFIED.,.F.,.F.,(9,7,7,7,9),(0.,
    0.214130780471,0.330790319587,0.64659655291,1.),.UNSPECIFIED.);
#3504 = CARTESIAN_POINT('',(31.347955347369,-3.493120152262,
    13.143499863799));
#3505 = CARTESIAN_POINT('',(31.331927888848,-3.481826947497,
    13.261005979635));
#3506 = CARTESIAN_POINT('',(31.31759989723,-3.459929701388,
    13.377865238389));
#3507 = CARTESIAN_POINT('',(31.305174054921,-3.427425640973,
    13.492887630495));
#3508 = CARTESIAN_POINT('',(31.294812236681,-3.384484808015,
    13.604906862647));
#3509 = CARTESIAN_POINT('',(31.286633371815,-3.331433496791,
    13.712781003824));
#3510 = CARTESIAN_POINT('',(31.280710590058,-3.268754235171,
    13.815403277599));
#3511 = CARTESIAN_POINT('',(31.277067651146,-3.197102308996,
    13.911723000751));
#3512 = CARTESIAN_POINT('',(31.274915748381,-3.073883280261,
    14.049293559447));
#3513 = CARTESIAN_POINT('',(31.274824501643,-3.028011121393,
    14.095663801604));
#3514 = CARTESIAN_POINT('',(31.275396394866,-2.979855197371,
    14.13973618768));
#3515 = CARTESIAN_POINT('',(31.276622540348,-2.929558454742,
    14.181372559065));
#3516 = CARTESIAN_POINT('',(31.278490113772,-2.877273220831,
    14.220447821711));
#3517 = CARTESIAN_POINT('',(31.280982782279,-2.823160482193,
    14.256849962348));
#3518 = CARTESIAN_POINT('',(31.284081132548,-2.767389163074,
    14.2904800647));
#3519 = CARTESIAN_POINT('',(31.297730461366,-2.555145128934,
    14.404555173571));
#3520 = CARTESIAN_POINT('',(31.311982270706,-2.389173879622,
    14.466978080823));
#3521 = CARTESIAN_POINT('',(31.330083161112,-2.215802115298,
    14.506716150599));
#3522 = CARTESIAN_POINT('',(31.351457429924,-2.038709526146,
    14.522943819339));
#3523 = CARTESIAN_POINT('',(31.375506130235,-1.861521284977,
    14.515507677521));
#3524 = CARTESIAN_POINT('',(31.401653991891,-1.687784008803,
    14.484826351639));
#3525 = CARTESIAN_POINT('',(31.429349734747,-1.520952004279,
    14.431935630781));
#3526 = CARTESIAN_POINT('',(31.490152958627,-1.188922836237,
    14.27656971922));
#3527 = CARTESIAN_POINT('',(31.523601310632,-1.025797661318,
    14.168713813931));
#3528 = CARTESIAN_POINT('',(31.557652637023,-0.879421702278,
    14.037243849906));
#3529 = CARTESIAN_POINT('',(31.591668520456,-0.753546666904,
    13.885212544441));
#3530 = CARTESIAN_POINT('',(31.625084221648,-0.651330281325,
    13.716193213153));
#3531 = CARTESIAN_POINT('',(31.657346855186,-0.575244692858,
    13.534282688242));
#3532 = CARTESIAN_POINT('',(31.687863296946,-0.527096408596,
    13.34404267575));
#3533 = CARTESIAN_POINT('',(31.716000872982,-0.507576850824,
    13.150576039937));
#3534 = ORIENTED_EDGE('',*,*,#3535,.T.);
#3535 = EDGE_CURVE('',#3501,#251,#3536,.T.);
#3536 = B_SPLINE_CURVE_WITH_KNOTS('',5,(#3537,#3538,#3539,#3540,#3541,
    #3542),.UNSPECIFIED.,.F.,.F.,(6,6),(0.,1.),
  .PIECEWISE_BEZIER_KNOTS.);
#3537 = CARTESIAN_POINT('',(31.70874477443,-0.513379026085,
    13.199895172321));
#3538 = CARTESIAN_POINT('',(31.720622223301,-0.502643865212,
    13.120057749895));
#3539 = CARTESIAN_POINT('',(31.729274248786,-0.497316231036,
    13.039861552703));
#3540 = CARTESIAN_POINT('',(31.734702939473,-0.497317092216,
    12.959425332505));
#3541 = CARTESIAN_POINT('',(31.736900666826,-0.502690280473,
    12.878871981437));
#3542 = CARTESIAN_POINT('',(31.735848518052,-0.513620366453,
    12.798318109451));
#3543 = ORIENTED_EDGE('',*,*,#311,.T.);
#3544 = ORIENTED_EDGE('',*,*,#3492,.T.);
#3545 = ORIENTED_EDGE('',*,*,#3546,.F.);
#3546 = EDGE_CURVE('',#3547,#3469,#3549,.T.);
#3547 = VERTEX_POINT('',#3548);
#3548 = CARTESIAN_POINT('',(28.837775384775,-0.533526863457,
    12.684632690663));
#3549 = B_SPLINE_CURVE_WITH_KNOTS('',7,(#3550,#3551,#3552,#3553,#3554,
    #3555,#3556,#3557,#3558,#3559,#3560,#3561,#3562,#3563),
  .UNSPECIFIED.,.F.,.F.,(8,6,8),(0.,0.381685844785,1.),.UNSPECIFIED.);
#3550 = CARTESIAN_POINT('',(28.839492094676,-0.522203072728,
    12.742869212764));
#3551 = CARTESIAN_POINT('',(28.836495746483,-0.541983208273,
    12.629187674107));
#3552 = CARTESIAN_POINT('',(28.831944969653,-0.571961239724,
    12.517308907551));
#3553 = CARTESIAN_POINT('',(28.825853827286,-0.611926736521,
    12.408387165683));
#3554 = CARTESIAN_POINT('',(28.81824871222,-0.661499720561,
    12.303503500793));
#3555 = CARTESIAN_POINT('',(28.809166386817,-0.720161940115,
    12.203667185521));
#3556 = CARTESIAN_POINT('',(28.798657658897,-0.787265995907,
    12.109807445982));
#3557 = CARTESIAN_POINT('',(28.767582455985,-0.983124250753,
    11.881735224277));
#3558 = CARTESIAN_POINT('',(28.744805976434,-1.124393447739,
    11.758481114697));
#3559 = CARTESIAN_POINT('',(28.718780676464,-1.282478773957,
    11.65661887434));
#3560 = CARTESIAN_POINT('',(28.689924977546,-1.453393047183,
    11.578629944188));
#3561 = CARTESIAN_POINT('',(28.658766587485,-1.632926206973,
    11.526147313939));
#3562 = CARTESIAN_POINT('',(28.625991286157,-1.816649981467,11.5));
#3563 = CARTESIAN_POINT('',(28.592436475872,-2.,11.5));
#3564 = ORIENTED_EDGE('',*,*,#3565,.F.);
#3565 = EDGE_CURVE('',#3566,#3547,#3568,.T.);
#3566 = VERTEX_POINT('',#3567);
#3567 = CARTESIAN_POINT('',(28.771507868694,-0.532184503901,
    13.30905932992));
#3568 = B_SPLINE_CURVE_WITH_KNOTS('',5,(#3569,#3570,#3571,#3572,#3573,
    #3574,#3575,#3576,#3577,#3578),.UNSPECIFIED.,.F.,.F.,(6,4,6),(0.,
    0.500000032766,1.),.UNSPECIFIED.);
#3569 = CARTESIAN_POINT('',(28.771507868694,-0.532184503901,
    13.30905932992));
#3570 = CARTESIAN_POINT('',(28.78676735386,-0.519218903081,
    13.247481801089));
#3571 = CARTESIAN_POINT('',(28.799860844549,-0.509559583743,
    13.185591593751));
#3572 = CARTESIAN_POINT('',(28.810802492412,-0.503137114329,
    13.123436264149));
#3573 = CARTESIAN_POINT('',(28.819595090116,-0.499939291671,
    13.061065157703));
#3574 = CARTESIAN_POINT('',(28.832871455676,-0.500062155706,
    12.935987935597));
#3575 = CARTESIAN_POINT('',(28.837355230979,-0.50338279899,
    12.87328182883));
#3576 = CARTESIAN_POINT('',(28.839678748136,-0.509999377861,
    12.810456446829));
#3577 = CARTESIAN_POINT('',(28.839828159973,-0.519994433112,
    12.747559141776));
#3578 = CARTESIAN_POINT('',(28.837775384775,-0.533526863457,
    12.684632690663));
#3579 = ORIENTED_EDGE('',*,*,#3580,.F.);
#3580 = EDGE_CURVE('',#3581,#3566,#3583,.T.);
#3581 = VERTEX_POINT('',#3582);
#3582 = CARTESIAN_POINT('',(28.217584426847,-3.459733190855,
    13.34522313294));
#3583 = B_SPLINE_CURVE_WITH_KNOTS('',8,(#3584,#3585,#3586,#3587,#3588,
    #3589,#3590,#3591,#3592,#3593,#3594,#3595,#3596,#3597,#3598,#3599,
    #3600,#3601,#3602,#3603,#3604,#3605,#3606,#3607,#3608,#3609,#3610,
    #3611,#3612,#3613),.UNSPECIFIED.,.F.,.F.,(9,7,7,7,9),(0.,
    0.12206242389,0.455987325447,0.778877019594,1.),.UNSPECIFIED.);
#3584 = CARTESIAN_POINT('',(28.249763337681,-3.488085546195,
    13.188683351689));
#3585 = CARTESIAN_POINT('',(28.235579664223,-3.479812049485,
    13.253933787201));
#3586 = CARTESIAN_POINT('',(28.222155310327,-3.468239599542,
    13.318997789332));
#3587 = CARTESIAN_POINT('',(28.209549769604,-3.453352925331,
    13.383678687906));
#3588 = CARTESIAN_POINT('',(28.197820057986,-3.435150458251,
    13.447772896514));
#3589 = CARTESIAN_POINT('',(28.187019527244,-3.413646979468,
    13.511071127731));
#3590 = CARTESIAN_POINT('',(28.177196678522,-3.388876267249,
    13.573359608344));
#3591 = CARTESIAN_POINT('',(28.168393975853,-3.360893744298,
    13.634421294564));
#3592 = CARTESIAN_POINT('',(28.139452407567,-3.244659185419,
    13.85712739032));
#3593 = CARTESIAN_POINT('',(28.126097690678,-3.13586422745,
    14.009848940536));
#3594 = CARTESIAN_POINT('',(28.121478852566,-3.00522017612,
    14.146837057657));
#3595 = CARTESIAN_POINT('',(28.125713638305,-2.855970439051,
    14.264109618932));
#3596 = CARTESIAN_POINT('',(28.138398103146,-2.691959122505,
    14.35868381161));
#3597 = CARTESIAN_POINT('',(28.158716593111,-2.517553658611,
    14.428577672167));
#3598 = CARTESIAN_POINT('',(28.185602107446,-2.337493557718,
    14.472773289711));
#3599 = CARTESIAN_POINT('',(28.248716967642,-1.98233863059,
    14.510135252361));
#3600 = CARTESIAN_POINT('',(28.284710043727,-1.80670369987,
    14.504999501327));
#3601 = CARTESIAN_POINT('',(28.324683143726,-1.633593788999,
    14.476659619205));
#3602 = CARTESIAN_POINT('',(28.367667564244,-1.466265239012,
    14.426002238901));
#3603 = CARTESIAN_POINT('',(28.412781595242,-1.307702286278,
    14.354310046099));
#3604 = CARTESIAN_POINT('',(28.459234551508,-1.160629450177,
    14.263207562365));
#3605 = CARTESIAN_POINT('',(28.506299802074,-1.027497949384,
    14.1546619408));
#3606 = CARTESIAN_POINT('',(28.585472830692,-0.830284746102,
    13.946239337567));
#3607 = CARTESIAN_POINT('',(28.61762897834,-0.757641448034,
    13.854388068974));
#3608 = CARTESIAN_POINT('',(28.649541578886,-0.693204895176,
    13.756123542281));
#3609 = CARTESIAN_POINT('',(28.681001914561,-0.63759566944,
    13.652233900999));
#3610 = CARTESIAN_POINT('',(28.711805835775,-0.591363882669,
    13.543572374273));
#3611 = CARTESIAN_POINT('',(28.741749330918,-0.554981979735,
    13.431056647691));
#3612 = CARTESIAN_POINT('',(28.770624883279,-0.528831932997,
    13.315669478485));
#3613 = CARTESIAN_POINT('',(28.798218615058,-0.513186828129,
    13.198460555152));
#3614 = ORIENTED_EDGE('',*,*,#3615,.T.);
#3615 = EDGE_CURVE('',#3581,#3471,#3616,.T.);
#3616 = B_SPLINE_CURVE_WITH_KNOTS('',5,(#3617,#3618,#3619,#3620,#3621,
    #3622,#3623,#3624,#3625,#3626),.UNSPECIFIED.,.F.,.F.,(6,4,6),(0.,
    0.499821343982,1.),.UNSPECIFIED.);
#3617 = CARTESIAN_POINT('',(28.217584426847,-3.459733190855,
    13.34522313294));
#3618 = CARTESIAN_POINT('',(28.230783186672,-3.475870818731,
    13.276987175426));
#3619 = CARTESIAN_POINT('',(28.242895616043,-3.487973067748,
    13.208012906778));
#3620 = CARTESIAN_POINT('',(28.25384500315,-3.496051642683,
    13.138459630446));
#3621 = CARTESIAN_POINT('',(28.263585262683,-3.500078218524,
    13.068499030999));
#3622 = CARTESIAN_POINT('',(28.280622658577,-3.499919816432,
    12.928066907226));
#3623 = CARTESIAN_POINT('',(28.287918038331,-3.495729011636,
    12.857595034521));
#3624 = CARTESIAN_POINT('',(28.29397186183,-3.487370416358,
    12.787069763612));
#3625 = CARTESIAN_POINT('',(28.298799513028,-3.474763377308,
    12.716673249007));
#3626 = CARTESIAN_POINT('',(28.3024528091,-3.457771561785,
    12.646585125311));
#3627 = CYLINDRICAL_SURFACE('',#3628,1.5);
#3628 = AXIS2_PLACEMENT_3D('',#3629,#3630,#3631);
#3629 = CARTESIAN_POINT('',(33.,-2.,13.));
#3630 = DIRECTION('',(-1.,0.,0.));
#3631 = DIRECTION('',(0.,0.,-1.));
#3632 = ADVANCED_FACE('',(#3633),#3707,.F.);
#3633 = FACE_BOUND('',#3634,.F.);
#3634 = EDGE_LOOP('',(#3635,#3646,#3647,#3648));
#3635 = ORIENTED_EDGE('',*,*,#3636,.T.);
#3636 = EDGE_CURVE('',#3637,#224,#3639,.T.);
#3637 = VERTEX_POINT('',#3638);
#3638 = CARTESIAN_POINT('',(31.869890280283,1.512209747786,
    13.190997815212));
#3639 = B_SPLINE_CURVE_WITH_KNOTS('',5,(#3640,#3641,#3642,#3643,#3644,
    #3645),.UNSPECIFIED.,.F.,.F.,(6,6),(0.,1.),
  .PIECEWISE_BEZIER_KNOTS.);
#3640 = CARTESIAN_POINT('',(31.869890280283,1.512209747786,
    13.190997815212));
#3641 = CARTESIAN_POINT('',(31.87913640777,1.502425141601,
    13.114779971115));
#3642 = CARTESIAN_POINT('',(31.886254153385,1.497544700179,
    13.038120939948));
#3643 = CARTESIAN_POINT('',(31.8912029707,1.497546206923,12.961207263593
    ));
#3644 = CARTESIAN_POINT('',(31.893970521373,1.502468084287,
    12.884233178524));
#3645 = CARTESIAN_POINT('',(31.894573883423,1.512417543765,12.8073904574
    ));
#3646 = ORIENTED_EDGE('',*,*,#250,.F.);
#3647 = ORIENTED_EDGE('',*,*,#3535,.F.);
#3648 = ORIENTED_EDGE('',*,*,#3649,.T.);
#3649 = EDGE_CURVE('',#3501,#3637,#3650,.T.);
#3650 = ( BOUNDED_CURVE() B_SPLINE_CURVE(10,(#3651,#3652,#3653,#3654,
    #3655,#3656,#3657,#3658,#3659,#3660,#3661,#3662,#3663,#3664,#3665,
    #3666,#3667,#3668,#3669,#3670,#3671,#3672,#3673,#3674,#3675,#3676,
    #3677,#3678,#3679,#3680,#3681,#3682,#3683,#3684,#3685,#3686,#3687,
    #3688,#3689,#3690,#3691,#3692,#3693,#3694,#3695,#3696,#3697,#3698,
    #3699,#3700,#3701,#3702,#3703,#3704,#3705,#3706),.UNSPECIFIED.,.T.,
.F.) B_SPLINE_CURVE_WITH_KNOTS((11,9,9,9,9,9,11),(0.,59.228168149817,
    88.842252224725,118.45633629963,148.07042037454,177.68450444945,
236.91267259926),.UNSPECIFIED.) CURVE() GEOMETRIC_REPRESENTATION_ITEM() 
RATIONAL_B_SPLINE_CURVE((1.,1.,1.,1.,1.,1.,1.,1.,1.,1.,1.,1.,1.,1.,1.,1.
    ,1.,1.,1.,1.,1.,1.,1.,1.,1.,1.,1.,1.,1.,1.,1.,1.,1.,1.,1.,1.,1.,1.,
    1.,1.,1.,1.,1.,1.,1.,1.,1.,1.,1.,1.,1.,1.,1.,1.,1.,1.)) 
REPRESENTATION_ITEM('') );
#3651 = CARTESIAN_POINT('',(2.368676856461E-14,47.671553770494,
    13.642902379326));
#3652 = CARTESIAN_POINT('',(-4.885511516962,47.671553770497,
    13.642902379326));
#3653 = CARTESIAN_POINT('',(-9.808457275648,46.56995534246,
    13.621468319107));
#3654 = CARTESIAN_POINT('',(-14.61846480859,44.337642175454,
    13.578074321609));
#3655 = CARTESIAN_POINT('',(-19.17652890755,40.98414454522,
    13.513983783626));
#3656 = CARTESIAN_POINT('',(-23.25772666938,36.516433576062,
    13.429002482133));
#3657 = CARTESIAN_POINT('',(-26.66392710855,31.163539520103,
    13.347838544175));
#3658 = CARTESIAN_POINT('',(-29.30367772727,25.096335438794,
    13.272442623944));
#3659 = CARTESIAN_POINT('',(-31.081973187,18.563318046331,13.21374591436
    ));
#3660 = CARTESIAN_POINT('',(-31.9746141109,11.795484232186,
    13.179723830304));
#3661 = CARTESIAN_POINT('',(-31.97845460478,1.648632502738,
    13.186020611899));
#3662 = CARTESIAN_POINT('',(-31.75733352035,-1.732930417224,
    13.19767518843));
#3663 = CARTESIAN_POINT('',(-31.31302020041,-5.083679060049,
    13.220479255914));
#3664 = CARTESIAN_POINT('',(-30.64858547388,-8.37539477125,
    13.256362377102));
#3665 = CARTESIAN_POINT('',(-29.76385348831,-11.57585714686,
    13.307633934164));
#3666 = CARTESIAN_POINT('',(-28.66571013675,-14.65723767768,
    13.375387851071));
#3667 = CARTESIAN_POINT('',(-27.35698017395,-17.58906030336,
    13.462535577856));
#3668 = CARTESIAN_POINT('',(-25.83538983068,-20.33169765675,
    13.567329694547));
#3669 = CARTESIAN_POINT('',(-24.12285289216,-22.84968602896,
    13.668416545164));
#3670 = CARTESIAN_POINT('',(-20.3819380601,-27.40051134447,
    13.838010849746));
#3671 = CARTESIAN_POINT('',(-18.35379335833,-29.43335766359,
    13.906290111766));
#3672 = CARTESIAN_POINT('',(-16.1987630002,-31.20426395341,
    13.946053083069));
#3673 = CARTESIAN_POINT('',(-13.96722219522,-32.71030379107,
    13.943467739374));
#3674 = CARTESIAN_POINT('',(-11.69110150973,-33.96592186303,
    13.924286219703));
#3675 = CARTESIAN_POINT('',(-9.381890712424,-34.97064060148,
    13.903467333771));
#3676 = CARTESIAN_POINT('',(-7.048478366354,-35.72000455699,
    13.882243448348));
#3677 = CARTESIAN_POINT('',(-4.703959045668,-36.22097534894,
    13.867671052132));
#3678 = CARTESIAN_POINT('',(-2.351903922194,-36.47097361231,
    13.860223533408));
#3679 = CARTESIAN_POINT('',(2.351903922194,-36.47097361231,
    13.860223533408));
#3680 = CARTESIAN_POINT('',(4.703959045667,-36.22097534894,
    13.867671052132));
#3681 = CARTESIAN_POINT('',(7.048478366355,-35.72000455699,
    13.882243448348));
#3682 = CARTESIAN_POINT('',(9.381890712426,-34.97064060148,
    13.903467333771));
#3683 = CARTESIAN_POINT('',(11.691101509732,-33.96592186303,
    13.924286219702));
#3684 = CARTESIAN_POINT('',(13.967222195228,-32.71030379107,
    13.943467739374));
#3685 = CARTESIAN_POINT('',(16.198763000198,-31.20426395341,
    13.946053083069));
#3686 = CARTESIAN_POINT('',(18.353793358337,-29.43335766359,
    13.906290111766));
#3687 = CARTESIAN_POINT('',(20.381938060109,-27.40051134447,
    13.838010849746));
#3688 = CARTESIAN_POINT('',(24.122852892166,-22.84968602896,
    13.668416545164));
#3689 = CARTESIAN_POINT('',(25.83538983068,-20.33169765675,
    13.567329694547));
#3690 = CARTESIAN_POINT('',(27.356980173952,-17.58906030335,
    13.462535577856));
#3691 = CARTESIAN_POINT('',(28.665710136755,-14.65723767769,
    13.375387851071));
#3692 = CARTESIAN_POINT('',(29.763853488313,-11.57585714686,
    13.307633934164));
#3693 = CARTESIAN_POINT('',(30.648585473883,-8.375394771256,
    13.256362377102));
#3694 = CARTESIAN_POINT('',(31.313020200414,-5.083679060045,
    13.220479255915));
#3695 = CARTESIAN_POINT('',(31.75733352035,-1.732930417226,
    13.19767518843));
#3696 = CARTESIAN_POINT('',(31.978454604789,1.648632502739,13.1860206119
    ));
#3697 = CARTESIAN_POINT('',(31.974614110909,11.795484232186,
    13.179723830304));
#3698 = CARTESIAN_POINT('',(31.081973187008,18.563318046334,
    13.213745914358));
#3699 = CARTESIAN_POINT('',(29.303677727276,25.096335438785,
    13.272442623952));
#3700 = CARTESIAN_POINT('',(26.663927108556,31.16353952012,
    13.347838544152));
#3701 = CARTESIAN_POINT('',(23.257726669381,36.516433576041,
    13.429002482169));
#3702 = CARTESIAN_POINT('',(19.176528907566,40.984144545238,
    13.513983783588));
#3703 = CARTESIAN_POINT('',(14.618464808588,44.337642175447,
    13.578074321634));
#3704 = CARTESIAN_POINT('',(9.80845727565,46.569955342461,
    13.621468319098));
#3705 = CARTESIAN_POINT('',(4.885511516961,47.671553770498,
    13.642902379325));
#3706 = CARTESIAN_POINT('',(2.30926389122E-13,47.671553770495,
    13.642902379325));
#3707 = ( BOUNDED_SURFACE() B_SPLINE_SURFACE(2,10,(
    (#3708,#3709,#3710,#3711,#3712,#3713,#3714,#3715,#3716,#3717,#3718
      ,#3719,#3720,#3721,#3722,#3723,#3724,#3725,#3726,#3727,#3728,#3729
      ,#3730,#3731,#3732,#3733,#3734,#3735,#3736,#3737,#3738,#3739,#3740
      ,#3741,#3742,#3743,#3744,#3745,#3746,#3747,#3748,#3749,#3750,#3751
      ,#3752,#3753,#3754,#3755,#3756,#3757,#3758,#3759,#3760,#3761,#3762
      ,#3763)
    ,(#3764,#3765,#3766,#3767,#3768,#3769,#3770,#3771,#3772,#3773,#3774
      ,#3775,#3776,#3777,#3778,#3779,#3780,#3781,#3782,#3783,#3784,#3785
      ,#3786,#3787,#3788,#3789,#3790,#3791,#3792,#3793,#3794,#3795,#3796
      ,#3797,#3798,#3799,#3800,#3801,#3802,#3803,#3804,#3805,#3806,#3807
      ,#3808,#3809,#3810,#3811,#3812,#3813,#3814,#3815,#3816,#3817,#3818
      ,#3819)
    ,(#3820,#3821,#3822,#3823,#3824,#3825,#3826,#3827,#3828,#3829,#3830
      ,#3831,#3832,#3833,#3834,#3835,#3836,#3837,#3838,#3839,#3840,#3841
      ,#3842,#3843,#3844,#3845,#3846,#3847,#3848,#3849,#3850,#3851,#3852
      ,#3853,#3854,#3855,#3856,#3857,#3858,#3859,#3860,#3861,#3862,#3863
      ,#3864,#3865,#3866,#3867,#3868,#3869,#3870,#3871,#3872,#3873,#3874
,#3875
    )),.UNSPECIFIED.,.F.,.F.,.F.) B_SPLINE_SURFACE_WITH_KNOTS((3,3),(11,
    9,9,9,9,9,11),(0.,236.91267259926),(0.,59.228168149817,
    88.842252224725,118.45633629963,148.07042037454,177.68450444945,
236.91267259926),.UNSPECIFIED.) GEOMETRIC_REPRESENTATION_ITEM() 
RATIONAL_B_SPLINE_SURFACE((
    (1.,1.,1.,1.,1.,1.,1.,1.,1.,1.,1.,1.,1.,1.,1.,1.,1.,1.,1.,1.,1.,1.
      ,1.,1.,1.,1.,1.,1.,1.,1.,1.,1.,1.,1.,1.,1.,1.,1.,1.,1.,1.,1.,1.,1.
      ,1.,1.,1.,1.,1.,1.,1.,1.,1.,1.,1.,1.)
    ,(0.972244291189,0.972244291189,0.974611990663,0.979349325646
      ,0.985707197034,0.99059179737,0.994081440311,0.996317418332
      ,0.997472488603,0.998185300072,0.998052478464,0.997814894813
      ,0.997293598821,0.996538685408,0.995071864445,0.992800496576
      ,0.98910975246,0.982468251841,0.972521102145,0.947841360921
      ,0.933120747481,0.916745570998,0.901053633189,0.888229392203
      ,0.878253441833,0.870598109756,0.865720264315,0.863227820259
      ,0.863227820259,0.865720264315,0.870598109756,0.878253441832
      ,0.888229392203,0.901053633189,0.916745570998,0.933120747481
      ,0.947841360921,0.972521102145,0.982468251841,0.98910975246
      ,0.992800496576,0.995071864445,0.996538685408,0.997293598821
      ,0.997814894813,0.998052478464,0.998185300072,0.997472488603
      ,0.996317418332,0.994081440311,0.99059179737,0.985707197034
      ,0.979349325645,0.974611990663,0.972244291189,0.972244291189)
    ,(1.,1.,1.,1.,1.,1.,1.,1.,1.,1.,1.,1.,1.,1.,1.,1.,1.,1.,1.,1.,1.,1.
      ,1.,1.,1.,1.,1.,1.,1.,1.,1.,1.,1.,1.,1.,1.,1.,1.,1.,1.,1.,1.,1.,1.
,1.,1.,1.,1.,1.,1.,1.,1.,1.,1.,1.,1.
  ))) REPRESENTATION_ITEM('') SURFACE() );
#3708 = CARTESIAN_POINT('',(2.346553201184E-14,48.,12.278057900508));
#3709 = CARTESIAN_POINT('',(-4.95383568894,48.000000000003,
    12.278057900508));
#3710 = CARTESIAN_POINT('',(-9.945261465839,46.854990372668,
    12.310596679273));
#3711 = CARTESIAN_POINT('',(-14.79777496702,44.535647839392,
    12.376182951866));
#3712 = CARTESIAN_POINT('',(-19.32686745731,41.07516324628,
    12.467524212197));
#3713 = CARTESIAN_POINT('',(-23.35621706072,36.572400130998,
    12.559623670624));
#3714 = CARTESIAN_POINT('',(-26.7345658104,31.184327958794,
    12.647953394333));
#3715 = CARTESIAN_POINT('',(-29.34571575825,25.108528342852,
    12.724692058894));
#3716 = CARTESIAN_POINT('',(-31.11211393482,18.568289227755,
    12.784516918711));
#3717 = CARTESIAN_POINT('',(-31.99636936474,11.79816819408,
    12.818973230933));
#3718 = CARTESIAN_POINT('',(-32.0018028298,1.647308841901,
    12.812445280041));
#3719 = CARTESIAN_POINT('',(-31.78345584423,-1.735590623938,
    12.800575328796));
#3720 = CARTESIAN_POINT('',(-31.34514005151,-5.088674615735,
    12.777290370458));
#3721 = CARTESIAN_POINT('',(-30.68947776198,-8.382960793617,
    12.740799759965));
#3722 = CARTESIAN_POINT('',(-29.82148842381,-11.58998992691,
    12.688414698546));
#3723 = CARTESIAN_POINT('',(-28.74851550246,-14.68221765046,
    12.618118505444));
#3724 = CARTESIAN_POINT('',(-27.48012082364,-17.63338946178,
    12.527045030794));
#3725 = CARTESIAN_POINT('',(-26.02794445499,-20.41889740171,
    12.413190533481));
#3726 = CARTESIAN_POINT('',(-24.40552735656,-23.01611184774,
    12.28254091055));
#3727 = CARTESIAN_POINT('',(-20.85067065293,-27.79323846579,
    12.004845664499));
#3728 = CARTESIAN_POINT('',(-18.91823104902,-29.97315064081,
    11.857854675514));
#3729 = CARTESIAN_POINT('',(-16.84600965944,-31.92405405001,
    11.711015715458));
#3730 = CARTESIAN_POINT('',(-14.65092450935,-33.62786313899,
    11.577070105538));
#3731 = CARTESIAN_POINT('',(-12.35136964232,-35.06905825433,
    11.465468648479));
#3732 = CARTESIAN_POINT('',(-9.966967949396,-36.23494223445,
    11.377279362147));
#3733 = CARTESIAN_POINT('',(-7.518290223805,-37.11584792055,
    11.310989635312));
#3734 = CARTESIAN_POINT('',(-5.026548245745,-37.7052826389,
    11.267490888861));
#3735 = CARTESIAN_POINT('',(-2.513274122271,-37.9999999943,
    11.245603749365));
#3736 = CARTESIAN_POINT('',(2.513274122271,-37.9999999943,
    11.245603749365));
#3737 = CARTESIAN_POINT('',(5.026548245744,-37.7052826389,
    11.267490888861));
#3738 = CARTESIAN_POINT('',(7.518290223806,-37.11584792055,
    11.310989635311));
#3739 = CARTESIAN_POINT('',(9.966967949396,-36.23494223446,
    11.377279362147));
#3740 = CARTESIAN_POINT('',(12.351369642325,-35.06905825432,
    11.465468648478));
#3741 = CARTESIAN_POINT('',(14.650924509361,-33.627863139,
    11.577070105538));
#3742 = CARTESIAN_POINT('',(16.846009659438,-31.92405405001,
    11.711015715458));
#3743 = CARTESIAN_POINT('',(18.918231049022,-29.97315064081,
    11.857854675514));
#3744 = CARTESIAN_POINT('',(20.85067065293,-27.79323846579,
    12.004845664499));
#3745 = CARTESIAN_POINT('',(24.405527356566,-23.01611184774,
    12.28254091055));
#3746 = CARTESIAN_POINT('',(26.027944454995,-20.4188974017,
    12.413190533482));
#3747 = CARTESIAN_POINT('',(27.48012082364,-17.63338946178,
    12.527045030794));
#3748 = CARTESIAN_POINT('',(28.748515502467,-14.68221765046,
    12.618118505444));
#3749 = CARTESIAN_POINT('',(29.821488423816,-11.58998992691,
    12.688414698546));
#3750 = CARTESIAN_POINT('',(30.689477761982,-8.38296079362,
    12.740799759965));
#3751 = CARTESIAN_POINT('',(31.345140051517,-5.088674615732,
    12.777290370458));
#3752 = CARTESIAN_POINT('',(31.783455844237,-1.73559062394,
    12.800575328796));
#3753 = CARTESIAN_POINT('',(32.0018028298,1.647308841901,12.812445280041
    ));
#3754 = CARTESIAN_POINT('',(31.996369364741,11.798168194079,
    12.818973230933));
#3755 = CARTESIAN_POINT('',(31.112113934821,18.568289227759,
    12.78451691871));
#3756 = CARTESIAN_POINT('',(29.345715758253,25.108528342845,
    12.724692058901));
#3757 = CARTESIAN_POINT('',(26.734565810409,31.184327958804,
    12.647953394314));
#3758 = CARTESIAN_POINT('',(23.356217060708,36.572400130991,
    12.559623670655));
#3759 = CARTESIAN_POINT('',(19.326867457334,41.075163246282,
    12.467524212165));
#3760 = CARTESIAN_POINT('',(14.797774967018,44.535647839396,
    12.376182951886));
#3761 = CARTESIAN_POINT('',(9.945261465842,46.854990372665,
    12.310596679265));
#3762 = CARTESIAN_POINT('',(4.953835688939,48.000000000004,
    12.278057900507));
#3763 = CARTESIAN_POINT('',(3.250733016102E-13,48.,12.278057900509));
#3764 = CARTESIAN_POINT('',(-9.14546216535E-15,48.,13.));
#3765 = CARTESIAN_POINT('',(-4.95383568894,48.000000000003,13.));
#3766 = CARTESIAN_POINT('',(-9.92132785024,46.857983314519,
    13.000463283109));
#3767 = CARTESIAN_POINT('',(-14.7340396816,44.559349849922,
    13.001445266765));
#3768 = CARTESIAN_POINT('',(-19.24603678574,41.148484094697,
    13.002139276408));
#3769 = CARTESIAN_POINT('',(-23.32507558002,36.636397142203,
    13.000917082936));
#3770 = CARTESIAN_POINT('',(-26.71472759028,31.228828336044,
    13.000944677216));
#3771 = CARTESIAN_POINT('',(-29.34199158685,25.128572446212,
    13.00028073797));
#3772 = CARTESIAN_POINT('',(-31.11134984467,18.577973981492,
    13.000177393411));
#3773 = CARTESIAN_POINT('',(-31.99636968607,11.797567880932,
    13.000004202876));
#3774 = CARTESIAN_POINT('',(-32.00180291014,1.647158743641,
    12.999962430797));
#3775 = CARTESIAN_POINT('',(-31.78331475241,-1.73744419946,
    12.999969863754));
#3776 = CARTESIAN_POINT('',(-31.34495238522,-5.092158567846,
    13.000106421404));
#3777 = CARTESIAN_POINT('',(-30.68753162097,-8.39286502451,
    13.000109951159));
#3778 = CARTESIAN_POINT('',(-29.81769093898,-11.60470237748,
    13.000654171417));
#3779 = CARTESIAN_POINT('',(-28.74069654166,-14.70663790185,
    13.001331920768));
#3780 = CARTESIAN_POINT('',(-27.46320231805,-17.67311303916,
    13.002641259776));
#3781 = CARTESIAN_POINT('',(-26.00032319153,-20.46550866866,
    13.006539180835));
#3782 = CARTESIAN_POINT('',(-24.38297439001,-23.04641922319,
    13.011768543911));
#3783 = CARTESIAN_POINT('',(-20.82753045586,-27.82433497983,
    13.021525632732));
#3784 = CARTESIAN_POINT('',(-18.86310445253,-30.03532446306,
    13.026031922684));
#3785 = CARTESIAN_POINT('',(-16.75558791164,-32.00657183713,
    13.028704154569));
#3786 = CARTESIAN_POINT('',(-14.55134085894,-33.69541490723,
    13.025160206782));
#3787 = CARTESIAN_POINT('',(-12.26590494085,-35.11112146198,
    13.018516686464));
#3788 = CARTESIAN_POINT('',(-9.905191028317,-36.25701322377,
    13.011984551279));
#3789 = CARTESIAN_POINT('',(-7.479870889568,-37.123609724,
    13.006264660891));
#3790 = CARTESIAN_POINT('',(-5.012491911018,-37.70603629548,
    13.002071159878));
#3791 = CARTESIAN_POINT('',(-2.513274122271,-37.9999999943,13.));
#3792 = CARTESIAN_POINT('',(2.513274122271,-37.9999999943,13.));
#3793 = CARTESIAN_POINT('',(5.012491911018,-37.70603629548,
    13.002071159878));
#3794 = CARTESIAN_POINT('',(7.479870889567,-37.12360972399,
    13.006264660891));
#3795 = CARTESIAN_POINT('',(9.90519102832,-36.25701322378,
    13.011984551279));
#3796 = CARTESIAN_POINT('',(12.265904940845,-35.11112146198,
    13.018516686464));
#3797 = CARTESIAN_POINT('',(14.551340858945,-33.69541490724,
    13.025160206782));
#3798 = CARTESIAN_POINT('',(16.755587911646,-32.00657183713,
    13.028704154569));
#3799 = CARTESIAN_POINT('',(18.863104452536,-30.03532446306,
    13.026031922684));
#3800 = CARTESIAN_POINT('',(20.82753045586,-27.82433497983,
    13.021525632732));
#3801 = CARTESIAN_POINT('',(24.382974390019,-23.04641922319,
    13.011768543911));
#3802 = CARTESIAN_POINT('',(26.000323191537,-20.46550866866,
    13.006539180835));
#3803 = CARTESIAN_POINT('',(27.463202318046,-17.67311303915,
    13.002641259776));
#3804 = CARTESIAN_POINT('',(28.740696541675,-14.70663790186,
    13.001331920768));
#3805 = CARTESIAN_POINT('',(29.817690938977,-11.60470237748,
    13.000654171418));
#3806 = CARTESIAN_POINT('',(30.687531620982,-8.392865024518,
    13.000109951159));
#3807 = CARTESIAN_POINT('',(31.344952385221,-5.09215856784,
    13.000106421404));
#3808 = CARTESIAN_POINT('',(31.783314752419,-1.737444199463,
    12.999969863754));
#3809 = CARTESIAN_POINT('',(32.001802910143,1.647158743642,
    12.999962430798));
#3810 = CARTESIAN_POINT('',(31.996369686072,11.797567880931,
    13.000004202876));
#3811 = CARTESIAN_POINT('',(31.111349844675,18.577973981496,
    13.000177393409));
#3812 = CARTESIAN_POINT('',(29.341991586857,25.128572446202,
    13.000280737978));
#3813 = CARTESIAN_POINT('',(26.714727590283,31.228828336059,
    13.000944677196));
#3814 = CARTESIAN_POINT('',(23.325075580025,36.636397142187,
    13.000917082969));
#3815 = CARTESIAN_POINT('',(19.246036785755,41.148484094708,
    13.002139276373));
#3816 = CARTESIAN_POINT('',(14.734039681596,44.559349849921,
    13.001445266787));
#3817 = CARTESIAN_POINT('',(9.921327850241,46.857983314517,13.0004632831
    ));
#3818 = CARTESIAN_POINT('',(4.95383568894,48.000000000004,
    12.999999999999));
#3819 = CARTESIAN_POINT('',(-2.721989300625E-13,48.000000000001,13.));
#3820 = CARTESIAN_POINT('',(2.368676856461E-14,47.671553770494,
    13.642902379326));
#3821 = CARTESIAN_POINT('',(-4.885511516962,47.671553770497,
    13.642902379326));
#3822 = CARTESIAN_POINT('',(-9.808457275648,46.56995534246,
    13.621468319107));
#3823 = CARTESIAN_POINT('',(-14.61846480859,44.337642175454,
    13.578074321609));
#3824 = CARTESIAN_POINT('',(-19.17652890755,40.98414454522,
    13.513983783626));
#3825 = CARTESIAN_POINT('',(-23.25772666938,36.516433576062,
    13.429002482133));
#3826 = CARTESIAN_POINT('',(-26.66392710855,31.163539520103,
    13.347838544175));
#3827 = CARTESIAN_POINT('',(-29.30367772727,25.096335438794,
    13.272442623944));
#3828 = CARTESIAN_POINT('',(-31.081973187,18.563318046331,13.21374591436
    ));
#3829 = CARTESIAN_POINT('',(-31.9746141109,11.795484232186,
    13.179723830304));
#3830 = CARTESIAN_POINT('',(-31.97845460478,1.648632502738,
    13.186020611899));
#3831 = CARTESIAN_POINT('',(-31.75733352035,-1.732930417224,
    13.19767518843));
#3832 = CARTESIAN_POINT('',(-31.31302020041,-5.083679060049,
    13.220479255914));
#3833 = CARTESIAN_POINT('',(-30.64858547388,-8.37539477125,
    13.256362377102));
#3834 = CARTESIAN_POINT('',(-29.76385348831,-11.57585714686,
    13.307633934164));
#3835 = CARTESIAN_POINT('',(-28.66571013675,-14.65723767768,
    13.375387851071));
#3836 = CARTESIAN_POINT('',(-27.35698017395,-17.58906030336,
    13.462535577856));
#3837 = CARTESIAN_POINT('',(-25.83538983068,-20.33169765675,
    13.567329694547));
#3838 = CARTESIAN_POINT('',(-24.12285289216,-22.84968602896,
    13.668416545164));
#3839 = CARTESIAN_POINT('',(-20.3819380601,-27.40051134447,
    13.838010849746));
#3840 = CARTESIAN_POINT('',(-18.35379335833,-29.43335766359,
    13.906290111766));
#3841 = CARTESIAN_POINT('',(-16.1987630002,-31.20426395341,
    13.946053083069));
#3842 = CARTESIAN_POINT('',(-13.96722219522,-32.71030379107,
    13.943467739374));
#3843 = CARTESIAN_POINT('',(-11.69110150973,-33.96592186303,
    13.924286219703));
#3844 = CARTESIAN_POINT('',(-9.381890712424,-34.97064060148,
    13.903467333771));
#3845 = CARTESIAN_POINT('',(-7.048478366354,-35.72000455699,
    13.882243448348));
#3846 = CARTESIAN_POINT('',(-4.703959045668,-36.22097534894,
    13.867671052132));
#3847 = CARTESIAN_POINT('',(-2.351903922194,-36.47097361231,
    13.860223533408));
#3848 = CARTESIAN_POINT('',(2.351903922194,-36.47097361231,
    13.860223533408));
#3849 = CARTESIAN_POINT('',(4.703959045667,-36.22097534894,
    13.867671052132));
#3850 = CARTESIAN_POINT('',(7.048478366355,-35.72000455699,
    13.882243448348));
#3851 = CARTESIAN_POINT('',(9.381890712426,-34.97064060148,
    13.903467333771));
#3852 = CARTESIAN_POINT('',(11.691101509732,-33.96592186303,
    13.924286219702));
#3853 = CARTESIAN_POINT('',(13.967222195228,-32.71030379107,
    13.943467739374));
#3854 = CARTESIAN_POINT('',(16.198763000198,-31.20426395341,
    13.946053083069));
#3855 = CARTESIAN_POINT('',(18.353793358337,-29.43335766359,
    13.906290111766));
#3856 = CARTESIAN_POINT('',(20.381938060109,-27.40051134447,
    13.838010849746));
#3857 = CARTESIAN_POINT('',(24.122852892166,-22.84968602896,
    13.668416545164));
#3858 = CARTESIAN_POINT('',(25.83538983068,-20.33169765675,
    13.567329694547));
#3859 = CARTESIAN_POINT('',(27.356980173952,-17.58906030335,
    13.462535577856));
#3860 = CARTESIAN_POINT('',(28.665710136755,-14.65723767769,
    13.375387851071));
#3861 = CARTESIAN_POINT('',(29.763853488313,-11.57585714686,
    13.307633934164));
#3862 = CARTESIAN_POINT('',(30.648585473883,-8.375394771256,
    13.256362377102));
#3863 = CARTESIAN_POINT('',(31.313020200414,-5.083679060045,
    13.220479255915));
#3864 = CARTESIAN_POINT('',(31.75733352035,-1.732930417226,
    13.19767518843));
#3865 = CARTESIAN_POINT('',(31.978454604789,1.648632502739,13.1860206119
    ));
#3866 = CARTESIAN_POINT('',(31.974614110909,11.795484232186,
    13.179723830304));
#3867 = CARTESIAN_POINT('',(31.081973187008,18.563318046334,
    13.213745914358));
#3868 = CARTESIAN_POINT('',(29.303677727276,25.096335438785,
    13.272442623952));
#3869 = CARTESIAN_POINT('',(26.663927108556,31.16353952012,
    13.347838544152));
#3870 = CARTESIAN_POINT('',(23.257726669381,36.516433576041,
    13.429002482169));
#3871 = CARTESIAN_POINT('',(19.176528907566,40.984144545238,
    13.513983783588));
#3872 = CARTESIAN_POINT('',(14.618464808588,44.337642175447,
    13.578074321634));
#3873 = CARTESIAN_POINT('',(9.80845727565,46.569955342461,
    13.621468319098));
#3874 = CARTESIAN_POINT('',(4.885511516961,47.671553770498,
    13.642902379325));
#3875 = CARTESIAN_POINT('',(2.30926389122E-13,47.671553770495,
    13.642902379325));
#3876 = ADVANCED_FACE('',(#3877),#4042,.F.);
#3877 = FACE_BOUND('',#3878,.F.);
#3878 = EDGE_LOOP('',(#3879,#3908,#3914,#3915,#3916,#3947,#3956,#3957,
    #3958,#3979,#3994,#4029));
#3879 = ORIENTED_EDGE('',*,*,#3880,.F.);
#3880 = EDGE_CURVE('',#3881,#3883,#3885,.T.);
#3881 = VERTEX_POINT('',#3882);
#3882 = CARTESIAN_POINT('',(29.244450240085,3.,11.5));
#3883 = VERTEX_POINT('',#3884);
#3884 = CARTESIAN_POINT('',(29.106373630452,1.529390662465,
    12.704520429888));
#3885 = B_SPLINE_CURVE_WITH_KNOTS('',6,(#3886,#3887,#3888,#3889,#3890,
    #3891,#3892,#3893,#3894,#3895,#3896,#3897,#3898,#3899,#3900,#3901,
    #3902,#3903,#3904,#3905,#3906,#3907),.UNSPECIFIED.,.F.,.F.,(7,5,5,5,
    7),(0.,0.345423828236,0.609669258872,0.730767267853,1.),
  .UNSPECIFIED.);
#3886 = CARTESIAN_POINT('',(29.244450240085,3.,11.5));
#3887 = CARTESIAN_POINT('',(29.234905620536,2.879134310365,11.5));
#3888 = CARTESIAN_POINT('',(29.225011981373,2.758334251328,
    11.511686827053));
#3889 = CARTESIAN_POINT('',(29.214881084649,2.639012672324,
    11.535036539805));
#3890 = CARTESIAN_POINT('',(29.204648977391,2.522540309398,
    11.569798307343));
#3891 = CARTESIAN_POINT('',(29.194473930793,2.410239488688,
    11.615533565758));
#3892 = CARTESIAN_POINT('',(29.176913894002,2.221598070984,
    11.714459701765));
#3893 = CARTESIAN_POINT('',(29.169434722813,2.143003831821,
    11.763375331607));
#3894 = CARTESIAN_POINT('',(29.162162566762,2.068133309209,
    11.818036445363));
#3895 = CARTESIAN_POINT('',(29.15517484384,1.997501121705,
    11.878088333161));
#3896 = CARTESIAN_POINT('',(29.148547681629,1.931576477486,
    11.943116704646));
#3897 = CARTESIAN_POINT('',(29.139513307979,1.842917316065,
    12.044515116604));
#3898 = CARTESIAN_POINT('',(29.13676482616,1.816131775425,12.07732699285
    ));
#3899 = CARTESIAN_POINT('',(29.134113887365,1.790462922299,
    12.111040072061));
#3900 = CARTESIAN_POINT('',(29.131567049878,1.7659483278,12.145607016459
    ));
#3901 = CARTESIAN_POINT('',(29.129130547199,1.742622929388,
    12.180978364184));
#3902 = CARTESIAN_POINT('',(29.121651741572,1.67137624943,
    12.297416051787));
#3903 = CARTESIAN_POINT('',(29.117067484257,1.628269323925,
    12.381454175566));
#3904 = CARTESIAN_POINT('',(29.113122424705,1.591555641414,
    12.468644788726));
#3905 = CARTESIAN_POINT('',(29.109870571566,1.56151795749,
    12.558377938645));
#3906 = CARTESIAN_POINT('',(29.107352112253,1.538360166662,
    12.650010228331));
#3907 = CARTESIAN_POINT('',(29.105590491649,1.522203072728,
    12.742869212764));
#3908 = ORIENTED_EDGE('',*,*,#3909,.F.);
#3909 = EDGE_CURVE('',#202,#3881,#3910,.T.);
#3910 = LINE('',#3911,#3912);
#3911 = CARTESIAN_POINT('',(33.,3.,11.5));
#3912 = VECTOR('',#3913,1.);
#3913 = DIRECTION('',(-1.,0.,0.));
#3914 = ORIENTED_EDGE('',*,*,#223,.T.);
#3915 = ORIENTED_EDGE('',*,*,#3636,.F.);
#3916 = ORIENTED_EDGE('',*,*,#3917,.T.);
#3917 = EDGE_CURVE('',#3637,#3918,#3920,.T.);
#3918 = VERTEX_POINT('',#3919);
#3919 = CARTESIAN_POINT('',(31.974806417329,4.488626166202,
    13.184369567169));
#3920 = B_SPLINE_CURVE_WITH_KNOTS('',7,(#3921,#3922,#3923,#3924,#3925,
    #3926,#3927,#3928,#3929,#3930,#3931,#3932,#3933,#3934,#3935,#3936,
    #3937,#3938,#3939,#3940,#3941,#3942,#3943,#3944,#3945,#3946),
  .UNSPECIFIED.,.F.,.F.,(8,6,6,6,8),(0.,0.218550693219,0.394823518969,
    0.677410568248,1.),.UNSPECIFIED.);
#3921 = CARTESIAN_POINT('',(31.874240048289,1.508066584022,
    13.155353410934));
#3922 = CARTESIAN_POINT('',(31.857582817473,1.522187898547,
    13.290967176284));
#3923 = CARTESIAN_POINT('',(31.841979099693,1.550713576173,
    13.425302502187));
#3924 = CARTESIAN_POINT('',(31.82767056785,1.593531993189,
    13.556478871638));
#3925 = CARTESIAN_POINT('',(31.814846942855,1.650219983056,
    13.682682576306));
#3926 = CARTESIAN_POINT('',(31.803645197248,1.720086323422,
    13.802166030637));
#3927 = CARTESIAN_POINT('',(31.794151280864,1.802161314067,
    13.913278509301));
#3928 = CARTESIAN_POINT('',(31.780156069338,1.970118637174,
    14.096191687111));
#3929 = CARTESIAN_POINT('',(31.775042215671,2.052217066513,
    14.171465473554));
#3930 = CARTESIAN_POINT('',(31.771084098833,2.14075284239,
    14.239567190225));
#3931 = CARTESIAN_POINT('',(31.768279343657,2.234955668913,
    14.29983179823));
#3932 = CARTESIAN_POINT('',(31.766609711965,2.333978174781,
    14.351701243057));
#3933 = CARTESIAN_POINT('',(31.766046221735,2.436903380579,
    14.394729880696));
#3934 = CARTESIAN_POINT('',(31.7673617367,2.712412531008,14.482913028354
    ));
#3935 = CARTESIAN_POINT('',(31.770920312055,2.889869443725,
    14.513793179013));
#3936 = CARTESIAN_POINT('',(31.777088709459,3.070769995844,
    14.519718100051));
#3937 = CARTESIAN_POINT('',(31.785644759745,3.250804524758,
    14.500475647763));
#3938 = CARTESIAN_POINT('',(31.796396941911,3.425886457453,
    14.456644985266));
#3939 = CARTESIAN_POINT('',(31.809170964332,3.59213512148,
    14.389546528815));
#3940 = CARTESIAN_POINT('',(31.840412547559,3.92169091265,
    14.200619725268));
#3941 = CARTESIAN_POINT('',(31.859446586851,4.081422818415,
    14.072288734472));
#3942 = CARTESIAN_POINT('',(31.880537706373,4.219685201515,
    13.919572938594));
#3943 = CARTESIAN_POINT('',(31.903354955448,4.332326667516,
    13.746931757893));
#3944 = CARTESIAN_POINT('',(31.927515888386,4.416255462173,
    13.55937119048));
#3945 = CARTESIAN_POINT('',(31.952483024355,4.469388489,13.362489450773)
  );
#3946 = CARTESIAN_POINT('',(31.977557910247,4.491180237246,
    13.162423828449));
#3947 = ORIENTED_EDGE('',*,*,#3948,.T.);
#3948 = EDGE_CURVE('',#3918,#141,#3949,.T.);
#3949 = B_SPLINE_CURVE_WITH_KNOTS('',5,(#3950,#3951,#3952,#3953,#3954,
    #3955),.UNSPECIFIED.,.F.,.F.,(6,6),(0.,1.),
  .PIECEWISE_BEZIER_KNOTS.);
#3950 = CARTESIAN_POINT('',(31.974806417329,4.488626166202,
    13.184369567169));
#3951 = CARTESIAN_POINT('',(31.984043964964,4.497744965746,
    13.110743079817));
#3952 = CARTESIAN_POINT('',(31.990968941807,4.50228434725,
    13.036777573303));
#3953 = CARTESIAN_POINT('',(31.995562641657,4.502282641648,
    12.962602907558));
#3954 = CARTESIAN_POINT('',(31.997817135597,4.49770674007,12.88835307307
    ));
#3955 = CARTESIAN_POINT('',(31.997735380824,4.488443235936,
    12.81415938712));
#3956 = ORIENTED_EDGE('',*,*,#201,.T.);
#3957 = ORIENTED_EDGE('',*,*,#3909,.T.);
#3958 = ORIENTED_EDGE('',*,*,#3959,.F.);
#3959 = EDGE_CURVE('',#3960,#3881,#3962,.T.);
#3960 = VERTEX_POINT('',#3961);
#3961 = CARTESIAN_POINT('',(29.339000725827,4.474434141056,
    12.724239299957));
#3962 = B_SPLINE_CURVE_WITH_KNOTS('',8,(#3963,#3964,#3965,#3966,#3967,
    #3968,#3969,#3970,#3971,#3972,#3973,#3974,#3975,#3976,#3977,#3978),
  .UNSPECIFIED.,.F.,.F.,(9,7,9),(0.,0.27482389384,1.),.UNSPECIFIED.);
#3963 = CARTESIAN_POINT('',(29.339166505515,4.477796927272,
    12.742869212764));
#3964 = CARTESIAN_POINT('',(29.338558126602,4.465447812398,
    12.671895665753));
#3965 = CARTESIAN_POINT('',(29.337754286649,4.449202336232,
    12.601596240277));
#3966 = CARTESIAN_POINT('',(29.336753339406,4.429103990546,
    12.532222250417));
#3967 = CARTESIAN_POINT('',(29.335552804014,4.405214778236,
    12.464019674517));
#3968 = CARTESIAN_POINT('',(29.334149634208,4.377615085921,
    12.397228502368));
#3969 = CARTESIAN_POINT('',(29.332540487528,4.34640355655,
    12.332082082401));
#3970 = CARTESIAN_POINT('',(29.33072199453,4.311696961998,12.26880646888
    ));
#3971 = CARTESIAN_POINT('',(29.323331929178,4.173183218538,
    12.046166803375));
#3972 = CARTESIAN_POINT('',(29.316486891692,4.049214528949,
    11.899055288244));
#3973 = CARTESIAN_POINT('',(29.308102758077,3.904278617138,
    11.770628106327));
#3974 = CARTESIAN_POINT('',(29.298142724502,3.741793103536,
    11.66425373479));
#3975 = CARTESIAN_POINT('',(29.286616035764,3.565627797604,
    11.582579643018));
#3976 = CARTESIAN_POINT('',(29.273633115622,3.380089109832,
    11.527461930397));
#3977 = CARTESIAN_POINT('',(29.259442564901,3.18985122128,11.5));
#3978 = CARTESIAN_POINT('',(29.244450240085,3.,11.5));
#3979 = ORIENTED_EDGE('',*,*,#3980,.F.);
#3980 = EDGE_CURVE('',#3981,#3960,#3983,.T.);
#3981 = VERTEX_POINT('',#3982);
#3982 = CARTESIAN_POINT('',(29.288701039952,4.475290177346,
    13.271143675247));
#3983 = B_SPLINE_CURVE_WITH_KNOTS('',5,(#3984,#3985,#3986,#3987,#3988,
    #3989,#3990,#3991,#3992,#3993),.UNSPECIFIED.,.F.,.F.,(6,4,6),(0.,
    0.500000010279,1.),.UNSPECIFIED.);
#3984 = CARTESIAN_POINT('',(29.288701039952,4.475290177346,
    13.271143675247));
#3985 = CARTESIAN_POINT('',(29.299237743172,4.485224426592,
    13.217091518881));
#3986 = CARTESIAN_POINT('',(29.30840606759,4.492645232674,
    13.162791298542));
#3987 = CARTESIAN_POINT('',(29.316201746842,4.497583408408,
    13.108286478229));
#3988 = CARTESIAN_POINT('',(29.322620375983,4.500041836096,
    13.053621857244));
#3989 = CARTESIAN_POINT('',(29.332695872772,4.499957270225,
    12.944062527177));
#3990 = CARTESIAN_POINT('',(29.336352741356,4.497414288905,
    12.889167819646));
#3991 = CARTESIAN_POINT('',(29.338624808429,4.492348849696,
    12.834202814885));
#3992 = CARTESIAN_POINT('',(29.339508745994,4.484715630775,
    12.779212250996));
#3993 = CARTESIAN_POINT('',(29.339000725827,4.474434141056,
    12.724239299957));
#3994 = ORIENTED_EDGE('',*,*,#3995,.F.);
#3995 = EDGE_CURVE('',#3996,#3981,#3998,.T.);
#3996 = VERTEX_POINT('',#3997);
#3997 = CARTESIAN_POINT('',(29.048205051066,1.528314210034,
    13.290070570056));
#3998 = B_SPLINE_CURVE_WITH_KNOTS('',8,(#3999,#4000,#4001,#4002,#4003,
    #4004,#4005,#4006,#4007,#4008,#4009,#4010,#4011,#4012,#4013,#4014,
    #4015,#4016,#4017,#4018,#4019,#4020,#4021,#4022,#4023,#4024,#4025,
    #4026,#4027,#4028),.UNSPECIFIED.,.F.,.F.,(9,7,7,7,9),(0.,
    0.215015789377,0.352467349237,0.637159973027,1.),.UNSPECIFIED.);
#3999 = CARTESIAN_POINT('',(29.063641376796,1.514091383972,
    13.205123340489));
#4000 = CARTESIAN_POINT('',(29.047607940995,1.526054064183,
    13.291780712361));
#4001 = CARTESIAN_POINT('',(29.032339757465,1.543820303408,
    13.37784215039));
#4002 = CARTESIAN_POINT('',(29.017932821973,1.567375511696,
    13.462854437381));
#4003 = CARTESIAN_POINT('',(29.004474795764,1.596662980662,
    13.546362411342));
#4004 = CARTESIAN_POINT('',(28.992043907452,1.631583183401,
    13.627909841476));
#4005 = CARTESIAN_POINT('',(28.980707779325,1.671990637379,
    13.707042014594));
#4006 = CARTESIAN_POINT('',(28.970522178074,1.717688330294,
    13.783310031957));
#4007 = CARTESIAN_POINT('',(28.955781128281,1.80085038361,
    13.902921755469));
#4008 = CARTESIAN_POINT('',(28.950332707325,1.836394824735,
    13.949738283254));
#4009 = CARTESIAN_POINT('',(28.945242577207,1.875273067927,
    13.996529313571));
#4010 = CARTESIAN_POINT('',(28.940546841056,1.917858883824,
    14.043286232893));
#4011 = CARTESIAN_POINT('',(28.936285832811,1.964766917692,
    14.09009146456));
#4012 = CARTESIAN_POINT('',(28.932522926314,2.016920746458,
    14.137060862335));
#4013 = CARTESIAN_POINT('',(28.92937925548,2.075666243633,
    14.184203127199));
#4014 = CARTESIAN_POINT('',(28.922402883533,2.28244666894,
    14.328152242163));
#4015 = CARTESIAN_POINT('',(28.922250469448,2.434699858192,
    14.40733944407));
#4016 = CARTESIAN_POINT('',(28.926596801451,2.59675698522,
    14.466396730699));
#4017 = CARTESIAN_POINT('',(28.93518232029,2.765337581462,
    14.503969901691));
#4018 = CARTESIAN_POINT('',(28.947653332212,2.937070814487,
    14.519368446078));
#4019 = CARTESIAN_POINT('',(28.963621790274,3.108541168079,
    14.512487550134));
#4020 = CARTESIAN_POINT('',(28.982674625477,3.276307970972,
    14.483872615752));
#4021 = CARTESIAN_POINT('',(29.031939134728,3.641846669516,
    14.372544494006));
#4022 = CARTESIAN_POINT('',(29.063876226724,3.835941270672,
    14.276916631232));
#4023 = CARTESIAN_POINT('',(29.099265614423,4.012660807922,
    14.150417522263));
#4024 = CARTESIAN_POINT('',(29.137272015406,4.166709894124,
    13.996949880967));
#4025 = CARTESIAN_POINT('',(29.177156424713,4.293721432548,
    13.821088992308));
#4026 = CARTESIAN_POINT('',(29.218134820824,4.390370831165,
    13.628133544083));
#4027 = CARTESIAN_POINT('',(29.259307837479,4.45427218531,13.42390821742
    ));
#4028 = CARTESIAN_POINT('',(29.29961442284,4.484528227655,
    13.214885879704));
#4029 = ORIENTED_EDGE('',*,*,#4030,.T.);
#4030 = EDGE_CURVE('',#3996,#3883,#4031,.T.);
#4031 = B_SPLINE_CURVE_WITH_KNOTS('',5,(#4032,#4033,#4034,#4035,#4036,
    #4037,#4038,#4039,#4040,#4041),.UNSPECIFIED.,.F.,.F.,(6,4,6),(0.,
    0.499878084134,1.),.UNSPECIFIED.);
#4032 = CARTESIAN_POINT('',(29.048205051066,1.528314210034,
    13.290070570056));
#4033 = CARTESIAN_POINT('',(29.058485178401,1.516957696805,
    13.232452800905));
#4034 = CARTESIAN_POINT('',(29.067689662018,1.508449155079,
    13.174422858242));
#4035 = CARTESIAN_POINT('',(29.075786716839,1.502777014877,
    13.116068110749));
#4036 = CARTESIAN_POINT('',(29.082756052984,1.499951702494,
    13.057480359736));
#4037 = CARTESIAN_POINT('',(29.094425311094,1.500049357728,
    12.939997310156));
#4038 = CARTESIAN_POINT('',(29.099124123966,1.502975117348,
    12.881101871631));
#4039 = CARTESIAN_POINT('',(29.102677306618,1.50880599078,
    12.822160529227));
#4040 = CARTESIAN_POINT('',(29.105088359298,1.51758678427,
    12.763268631955));
#4041 = CARTESIAN_POINT('',(29.106373630452,1.529390662465,
    12.704520429888));
#4042 = CYLINDRICAL_SURFACE('',#4043,1.5);
#4043 = AXIS2_PLACEMENT_3D('',#4044,#4045,#4046);
#4044 = CARTESIAN_POINT('',(33.,3.,13.));
#4045 = DIRECTION('',(-1.,0.,0.));
#4046 = DIRECTION('',(0.,0.,-1.));
#4047 = ADVANCED_FACE('',(#4048),#4122,.F.);
#4048 = FACE_BOUND('',#4049,.F.);
#4049 = EDGE_LOOP('',(#4050,#4061,#4062,#4063));
#4050 = ORIENTED_EDGE('',*,*,#4051,.T.);
#4051 = EDGE_CURVE('',#4052,#119,#4054,.T.);
#4052 = VERTEX_POINT('',#4053);
#4053 = CARTESIAN_POINT('',(31.957431848819,6.511304642243,
    13.183810042691));
#4054 = B_SPLINE_CURVE_WITH_KNOTS('',5,(#4055,#4056,#4057,#4058,#4059,
    #4060),.UNSPECIFIED.,.F.,.F.,(6,6),(0.,1.),
  .PIECEWISE_BEZIER_KNOTS.);
#4055 = CARTESIAN_POINT('',(31.957431848819,6.511304642243,
    13.183810042691));
#4056 = CARTESIAN_POINT('',(31.966770806778,6.502242597282,13.1104156619
    ));
#4057 = CARTESIAN_POINT('',(31.973733929358,6.497729801701,
    13.036677583712));
#4058 = CARTESIAN_POINT('',(31.978301502263,6.49773095852,
    12.962729627775));
#4059 = CARTESIAN_POINT('',(31.980464508247,6.502278833801,
    12.888709892774));
#4060 = CARTESIAN_POINT('',(31.980224621707,6.511482640108,
    12.814754030277));
#4061 = ORIENTED_EDGE('',*,*,#140,.F.);
#4062 = ORIENTED_EDGE('',*,*,#3948,.F.);
#4063 = ORIENTED_EDGE('',*,*,#4064,.T.);
#4064 = EDGE_CURVE('',#3918,#4052,#4065,.T.);
#4065 = ( BOUNDED_CURVE() B_SPLINE_CURVE(10,(#4066,#4067,#4068,#4069,
    #4070,#4071,#4072,#4073,#4074,#4075,#4076,#4077,#4078,#4079,#4080,
    #4081,#4082,#4083,#4084,#4085,#4086,#4087,#4088,#4089,#4090,#4091,
    #4092,#4093,#4094,#4095,#4096,#4097,#4098,#4099,#4100,#4101,#4102,
    #4103,#4104,#4105,#4106,#4107,#4108,#4109,#4110,#4111,#4112,#4113,
    #4114,#4115,#4116,#4117,#4118,#4119,#4120,#4121),.UNSPECIFIED.,.T.,
.F.) B_SPLINE_CURVE_WITH_KNOTS((11,9,9,9,9,9,11),(0.,59.228168149817,
    88.842252224725,118.45633629963,148.07042037454,177.68450444945,
236.91267259926),.UNSPECIFIED.) CURVE() GEOMETRIC_REPRESENTATION_ITEM() 
RATIONAL_B_SPLINE_CURVE((1.,1.,1.,1.,1.,1.,1.,1.,1.,1.,1.,1.,1.,1.,1.,1.
    ,1.,1.,1.,1.,1.,1.,1.,1.,1.,1.,1.,1.,1.,1.,1.,1.,1.,1.,1.,1.,1.,1.,
    1.,1.,1.,1.,1.,1.,1.,1.,1.,1.,1.,1.,1.,1.,1.,1.,1.,1.)) 
REPRESENTATION_ITEM('') );
#4066 = CARTESIAN_POINT('',(2.368676856461E-14,47.671553770494,
    13.642902379326));
#4067 = CARTESIAN_POINT('',(-4.885511516962,47.671553770497,
    13.642902379326));
#4068 = CARTESIAN_POINT('',(-9.808457275648,46.56995534246,
    13.621468319107));
#4069 = CARTESIAN_POINT('',(-14.61846480859,44.337642175454,
    13.578074321609));
#4070 = CARTESIAN_POINT('',(-19.17652890755,40.98414454522,
    13.513983783626));
#4071 = CARTESIAN_POINT('',(-23.25772666938,36.516433576062,
    13.429002482133));
#4072 = CARTESIAN_POINT('',(-26.66392710855,31.163539520103,
    13.347838544175));
#4073 = CARTESIAN_POINT('',(-29.30367772727,25.096335438794,
    13.272442623944));
#4074 = CARTESIAN_POINT('',(-31.081973187,18.563318046331,13.21374591436
    ));
#4075 = CARTESIAN_POINT('',(-31.9746141109,11.795484232186,
    13.179723830304));
#4076 = CARTESIAN_POINT('',(-31.97845460478,1.648632502738,
    13.186020611899));
#4077 = CARTESIAN_POINT('',(-31.75733352035,-1.732930417224,
    13.19767518843));
#4078 = CARTESIAN_POINT('',(-31.31302020041,-5.083679060049,
    13.220479255914));
#4079 = CARTESIAN_POINT('',(-30.64858547388,-8.37539477125,
    13.256362377102));
#4080 = CARTESIAN_POINT('',(-29.76385348831,-11.57585714686,
    13.307633934164));
#4081 = CARTESIAN_POINT('',(-28.66571013675,-14.65723767768,
    13.375387851071));
#4082 = CARTESIAN_POINT('',(-27.35698017395,-17.58906030336,
    13.462535577856));
#4083 = CARTESIAN_POINT('',(-25.83538983068,-20.33169765675,
    13.567329694547));
#4084 = CARTESIAN_POINT('',(-24.12285289216,-22.84968602896,
    13.668416545164));
#4085 = CARTESIAN_POINT('',(-20.3819380601,-27.40051134447,
    13.838010849746));
#4086 = CARTESIAN_POINT('',(-18.35379335833,-29.43335766359,
    13.906290111766));
#4087 = CARTESIAN_POINT('',(-16.1987630002,-31.20426395341,
    13.946053083069));
#4088 = CARTESIAN_POINT('',(-13.96722219522,-32.71030379107,
    13.943467739374));
#4089 = CARTESIAN_POINT('',(-11.69110150973,-33.96592186303,
    13.924286219703));
#4090 = CARTESIAN_POINT('',(-9.381890712424,-34.97064060148,
    13.903467333771));
#4091 = CARTESIAN_POINT('',(-7.048478366354,-35.72000455699,
    13.882243448348));
#4092 = CARTESIAN_POINT('',(-4.703959045668,-36.22097534894,
    13.867671052132));
#4093 = CARTESIAN_POINT('',(-2.351903922194,-36.47097361231,
    13.860223533408));
#4094 = CARTESIAN_POINT('',(2.351903922194,-36.47097361231,
    13.860223533408));
#4095 = CARTESIAN_POINT('',(4.703959045667,-36.22097534894,
    13.867671052132));
#4096 = CARTESIAN_POINT('',(7.048478366355,-35.72000455699,
    13.882243448348));
#4097 = CARTESIAN_POINT('',(9.381890712426,-34.97064060148,
    13.903467333771));
#4098 = CARTESIAN_POINT('',(11.691101509732,-33.96592186303,
    13.924286219702));
#4099 = CARTESIAN_POINT('',(13.967222195228,-32.71030379107,
    13.943467739374));
#4100 = CARTESIAN_POINT('',(16.198763000198,-31.20426395341,
    13.946053083069));
#4101 = CARTESIAN_POINT('',(18.353793358337,-29.43335766359,
    13.906290111766));
#4102 = CARTESIAN_POINT('',(20.381938060109,-27.40051134447,
    13.838010849746));
#4103 = CARTESIAN_POINT('',(24.122852892166,-22.84968602896,
    13.668416545164));
#4104 = CARTESIAN_POINT('',(25.83538983068,-20.33169765675,
    13.567329694547));
#4105 = CARTESIAN_POINT('',(27.356980173952,-17.58906030335,
    13.462535577856));
#4106 = CARTESIAN_POINT('',(28.665710136755,-14.65723767769,
    13.375387851071));
#4107 = CARTESIAN_POINT('',(29.763853488313,-11.57585714686,
    13.307633934164));
#4108 = CARTESIAN_POINT('',(30.648585473883,-8.375394771256,
    13.256362377102));
#4109 = CARTESIAN_POINT('',(31.313020200414,-5.083679060045,
    13.220479255915));
#4110 = CARTESIAN_POINT('',(31.75733352035,-1.732930417226,
    13.19767518843));
#4111 = CARTESIAN_POINT('',(31.978454604789,1.648632502739,13.1860206119
    ));
#4112 = CARTESIAN_POINT('',(31.974614110909,11.795484232186,
    13.179723830304));
#4113 = CARTESIAN_POINT('',(31.081973187008,18.563318046334,
    13.213745914358));
#4114 = CARTESIAN_POINT('',(29.303677727276,25.096335438785,
    13.272442623952));
#4115 = CARTESIAN_POINT('',(26.663927108556,31.16353952012,
    13.347838544152));
#4116 = CARTESIAN_POINT('',(23.257726669381,36.516433576041,
    13.429002482169));
#4117 = CARTESIAN_POINT('',(19.176528907566,40.984144545238,
    13.513983783588));
#4118 = CARTESIAN_POINT('',(14.618464808588,44.337642175447,
    13.578074321634));
#4119 = CARTESIAN_POINT('',(9.80845727565,46.569955342461,
    13.621468319098));
#4120 = CARTESIAN_POINT('',(4.885511516961,47.671553770498,
    13.642902379325));
#4121 = CARTESIAN_POINT('',(2.30926389122E-13,47.671553770495,
    13.642902379325));
#4122 = ( BOUNDED_SURFACE() B_SPLINE_SURFACE(2,10,(
    (#4123,#4124,#4125,#4126,#4127,#4128,#4129,#4130,#4131,#4132,#4133
      ,#4134,#4135,#4136,#4137,#4138,#4139,#4140,#4141,#4142,#4143,#4144
      ,#4145,#4146,#4147,#4148,#4149,#4150,#4151,#4152,#4153,#4154,#4155
      ,#4156,#4157,#4158,#4159,#4160,#4161,#4162,#4163,#4164,#4165,#4166
      ,#4167,#4168,#4169,#4170,#4171,#4172,#4173,#4174,#4175,#4176,#4177
      ,#4178)
    ,(#4179,#4180,#4181,#4182,#4183,#4184,#4185,#4186,#4187,#4188,#4189
      ,#4190,#4191,#4192,#4193,#4194,#4195,#4196,#4197,#4198,#4199,#4200
      ,#4201,#4202,#4203,#4204,#4205,#4206,#4207,#4208,#4209,#4210,#4211
      ,#4212,#4213,#4214,#4215,#4216,#4217,#4218,#4219,#4220,#4221,#4222
      ,#4223,#4224,#4225,#4226,#4227,#4228,#4229,#4230,#4231,#4232,#4233
      ,#4234)
    ,(#4235,#4236,#4237,#4238,#4239,#4240,#4241,#4242,#4243,#4244,#4245
      ,#4246,#4247,#4248,#4249,#4250,#4251,#4252,#4253,#4254,#4255,#4256
      ,#4257,#4258,#4259,#4260,#4261,#4262,#4263,#4264,#4265,#4266,#4267
      ,#4268,#4269,#4270,#4271,#4272,#4273,#4274,#4275,#4276,#4277,#4278
      ,#4279,#4280,#4281,#4282,#4283,#4284,#4285,#4286,#4287,#4288,#4289
,#4290
    )),.UNSPECIFIED.,.F.,.F.,.F.) B_SPLINE_SURFACE_WITH_KNOTS((3,3),(11,
    9,9,9,9,9,11),(0.,236.91267259926),(0.,59.228168149817,
    88.842252224725,118.45633629963,148.07042037454,177.68450444945,
236.91267259926),.UNSPECIFIED.) GEOMETRIC_REPRESENTATION_ITEM() 
RATIONAL_B_SPLINE_SURFACE((
    (1.,1.,1.,1.,1.,1.,1.,1.,1.,1.,1.,1.,1.,1.,1.,1.,1.,1.,1.,1.,1.,1.
      ,1.,1.,1.,1.,1.,1.,1.,1.,1.,1.,1.,1.,1.,1.,1.,1.,1.,1.,1.,1.,1.,1.
      ,1.,1.,1.,1.,1.,1.,1.,1.,1.,1.,1.,1.)
    ,(0.972244291189,0.972244291189,0.974611990663,0.979349325646
      ,0.985707197034,0.99059179737,0.994081440311,0.996317418332
      ,0.997472488603,0.998185300072,0.998052478464,0.997814894813
      ,0.997293598821,0.996538685408,0.995071864445,0.992800496576
      ,0.98910975246,0.982468251841,0.972521102145,0.947841360921
      ,0.933120747481,0.916745570998,0.901053633189,0.888229392203
      ,0.878253441833,0.870598109756,0.865720264315,0.863227820259
      ,0.863227820259,0.865720264315,0.870598109756,0.878253441832
      ,0.888229392203,0.901053633189,0.916745570998,0.933120747481
      ,0.947841360921,0.972521102145,0.982468251841,0.98910975246
      ,0.992800496576,0.995071864445,0.996538685408,0.997293598821
      ,0.997814894813,0.998052478464,0.998185300072,0.997472488603
      ,0.996317418332,0.994081440311,0.99059179737,0.985707197034
      ,0.979349325645,0.974611990663,0.972244291189,0.972244291189)
    ,(1.,1.,1.,1.,1.,1.,1.,1.,1.,1.,1.,1.,1.,1.,1.,1.,1.,1.,1.,1.,1.,1.
      ,1.,1.,1.,1.,1.,1.,1.,1.,1.,1.,1.,1.,1.,1.,1.,1.,1.,1.,1.,1.,1.,1.
,1.,1.,1.,1.,1.,1.,1.,1.,1.,1.,1.,1.
  ))) REPRESENTATION_ITEM('') SURFACE() );
#4123 = CARTESIAN_POINT('',(2.346553201184E-14,48.,12.278057900508));
#4124 = CARTESIAN_POINT('',(-4.95383568894,48.000000000003,
    12.278057900508));
#4125 = CARTESIAN_POINT('',(-9.945261465839,46.854990372668,
    12.310596679273));
#4126 = CARTESIAN_POINT('',(-14.79777496702,44.535647839392,
    12.376182951866));
#4127 = CARTESIAN_POINT('',(-19.32686745731,41.07516324628,
    12.467524212197));
#4128 = CARTESIAN_POINT('',(-23.35621706072,36.572400130998,
    12.559623670624));
#4129 = CARTESIAN_POINT('',(-26.7345658104,31.184327958794,
    12.647953394333));
#4130 = CARTESIAN_POINT('',(-29.34571575825,25.108528342852,
    12.724692058894));
#4131 = CARTESIAN_POINT('',(-31.11211393482,18.568289227755,
    12.784516918711));
#4132 = CARTESIAN_POINT('',(-31.99636936474,11.79816819408,
    12.818973230933));
#4133 = CARTESIAN_POINT('',(-32.0018028298,1.647308841901,
    12.812445280041));
#4134 = CARTESIAN_POINT('',(-31.78345584423,-1.735590623938,
    12.800575328796));
#4135 = CARTESIAN_POINT('',(-31.34514005151,-5.088674615735,
    12.777290370458));
#4136 = CARTESIAN_POINT('',(-30.68947776198,-8.382960793617,
    12.740799759965));
#4137 = CARTESIAN_POINT('',(-29.82148842381,-11.58998992691,
    12.688414698546));
#4138 = CARTESIAN_POINT('',(-28.74851550246,-14.68221765046,
    12.618118505444));
#4139 = CARTESIAN_POINT('',(-27.48012082364,-17.63338946178,
    12.527045030794));
#4140 = CARTESIAN_POINT('',(-26.02794445499,-20.41889740171,
    12.413190533481));
#4141 = CARTESIAN_POINT('',(-24.40552735656,-23.01611184774,
    12.28254091055));
#4142 = CARTESIAN_POINT('',(-20.85067065293,-27.79323846579,
    12.004845664499));
#4143 = CARTESIAN_POINT('',(-18.91823104902,-29.97315064081,
    11.857854675514));
#4144 = CARTESIAN_POINT('',(-16.84600965944,-31.92405405001,
    11.711015715458));
#4145 = CARTESIAN_POINT('',(-14.65092450935,-33.62786313899,
    11.577070105538));
#4146 = CARTESIAN_POINT('',(-12.35136964232,-35.06905825433,
    11.465468648479));
#4147 = CARTESIAN_POINT('',(-9.966967949396,-36.23494223445,
    11.377279362147));
#4148 = CARTESIAN_POINT('',(-7.518290223805,-37.11584792055,
    11.310989635312));
#4149 = CARTESIAN_POINT('',(-5.026548245745,-37.7052826389,
    11.267490888861));
#4150 = CARTESIAN_POINT('',(-2.513274122271,-37.9999999943,
    11.245603749365));
#4151 = CARTESIAN_POINT('',(2.513274122271,-37.9999999943,
    11.245603749365));
#4152 = CARTESIAN_POINT('',(5.026548245744,-37.7052826389,
    11.267490888861));
#4153 = CARTESIAN_POINT('',(7.518290223806,-37.11584792055,
    11.310989635311));
#4154 = CARTESIAN_POINT('',(9.966967949396,-36.23494223446,
    11.377279362147));
#4155 = CARTESIAN_POINT('',(12.351369642325,-35.06905825432,
    11.465468648478));
#4156 = CARTESIAN_POINT('',(14.650924509361,-33.627863139,
    11.577070105538));
#4157 = CARTESIAN_POINT('',(16.846009659438,-31.92405405001,
    11.711015715458));
#4158 = CARTESIAN_POINT('',(18.918231049022,-29.97315064081,
    11.857854675514));
#4159 = CARTESIAN_POINT('',(20.85067065293,-27.79323846579,
    12.004845664499));
#4160 = CARTESIAN_POINT('',(24.405527356566,-23.01611184774,
    12.28254091055));
#4161 = CARTESIAN_POINT('',(26.027944454995,-20.4188974017,
    12.413190533482));
#4162 = CARTESIAN_POINT('',(27.48012082364,-17.63338946178,
    12.527045030794));
#4163 = CARTESIAN_POINT('',(28.748515502467,-14.68221765046,
    12.618118505444));
#4164 = CARTESIAN_POINT('',(29.821488423816,-11.58998992691,
    12.688414698546));
#4165 = CARTESIAN_POINT('',(30.689477761982,-8.38296079362,
    12.740799759965));
#4166 = CARTESIAN_POINT('',(31.345140051517,-5.088674615732,
    12.777290370458));
#4167 = CARTESIAN_POINT('',(31.783455844237,-1.73559062394,
    12.800575328796));
#4168 = CARTESIAN_POINT('',(32.0018028298,1.647308841901,12.812445280041
    ));
#4169 = CARTESIAN_POINT('',(31.996369364741,11.798168194079,
    12.818973230933));
#4170 = CARTESIAN_POINT('',(31.112113934821,18.568289227759,
    12.78451691871));
#4171 = CARTESIAN_POINT('',(29.345715758253,25.108528342845,
    12.724692058901));
#4172 = CARTESIAN_POINT('',(26.734565810409,31.184327958804,
    12.647953394314));
#4173 = CARTESIAN_POINT('',(23.356217060708,36.572400130991,
    12.559623670655));
#4174 = CARTESIAN_POINT('',(19.326867457334,41.075163246282,
    12.467524212165));
#4175 = CARTESIAN_POINT('',(14.797774967018,44.535647839396,
    12.376182951886));
#4176 = CARTESIAN_POINT('',(9.945261465842,46.854990372665,
    12.310596679265));
#4177 = CARTESIAN_POINT('',(4.953835688939,48.000000000004,
    12.278057900507));
#4178 = CARTESIAN_POINT('',(3.250733016102E-13,48.,12.278057900509));
#4179 = CARTESIAN_POINT('',(-9.14546216535E-15,48.,13.));
#4180 = CARTESIAN_POINT('',(-4.95383568894,48.000000000003,13.));
#4181 = CARTESIAN_POINT('',(-9.92132785024,46.857983314519,
    13.000463283109));
#4182 = CARTESIAN_POINT('',(-14.7340396816,44.559349849922,
    13.001445266765));
#4183 = CARTESIAN_POINT('',(-19.24603678574,41.148484094697,
    13.002139276408));
#4184 = CARTESIAN_POINT('',(-23.32507558002,36.636397142203,
    13.000917082936));
#4185 = CARTESIAN_POINT('',(-26.71472759028,31.228828336044,
    13.000944677216));
#4186 = CARTESIAN_POINT('',(-29.34199158685,25.128572446212,
    13.00028073797));
#4187 = CARTESIAN_POINT('',(-31.11134984467,18.577973981492,
    13.000177393411));
#4188 = CARTESIAN_POINT('',(-31.99636968607,11.797567880932,
    13.000004202876));
#4189 = CARTESIAN_POINT('',(-32.00180291014,1.647158743641,
    12.999962430797));
#4190 = CARTESIAN_POINT('',(-31.78331475241,-1.73744419946,
    12.999969863754));
#4191 = CARTESIAN_POINT('',(-31.34495238522,-5.092158567846,
    13.000106421404));
#4192 = CARTESIAN_POINT('',(-30.68753162097,-8.39286502451,
    13.000109951159));
#4193 = CARTESIAN_POINT('',(-29.81769093898,-11.60470237748,
    13.000654171417));
#4194 = CARTESIAN_POINT('',(-28.74069654166,-14.70663790185,
    13.001331920768));
#4195 = CARTESIAN_POINT('',(-27.46320231805,-17.67311303916,
    13.002641259776));
#4196 = CARTESIAN_POINT('',(-26.00032319153,-20.46550866866,
    13.006539180835));
#4197 = CARTESIAN_POINT('',(-24.38297439001,-23.04641922319,
    13.011768543911));
#4198 = CARTESIAN_POINT('',(-20.82753045586,-27.82433497983,
    13.021525632732));
#4199 = CARTESIAN_POINT('',(-18.86310445253,-30.03532446306,
    13.026031922684));
#4200 = CARTESIAN_POINT('',(-16.75558791164,-32.00657183713,
    13.028704154569));
#4201 = CARTESIAN_POINT('',(-14.55134085894,-33.69541490723,
    13.025160206782));
#4202 = CARTESIAN_POINT('',(-12.26590494085,-35.11112146198,
    13.018516686464));
#4203 = CARTESIAN_POINT('',(-9.905191028317,-36.25701322377,
    13.011984551279));
#4204 = CARTESIAN_POINT('',(-7.479870889568,-37.123609724,
    13.006264660891));
#4205 = CARTESIAN_POINT('',(-5.012491911018,-37.70603629548,
    13.002071159878));
#4206 = CARTESIAN_POINT('',(-2.513274122271,-37.9999999943,13.));
#4207 = CARTESIAN_POINT('',(2.513274122271,-37.9999999943,13.));
#4208 = CARTESIAN_POINT('',(5.012491911018,-37.70603629548,
    13.002071159878));
#4209 = CARTESIAN_POINT('',(7.479870889567,-37.12360972399,
    13.006264660891));
#4210 = CARTESIAN_POINT('',(9.90519102832,-36.25701322378,
    13.011984551279));
#4211 = CARTESIAN_POINT('',(12.265904940845,-35.11112146198,
    13.018516686464));
#4212 = CARTESIAN_POINT('',(14.551340858945,-33.69541490724,
    13.025160206782));
#4213 = CARTESIAN_POINT('',(16.755587911646,-32.00657183713,
    13.028704154569));
#4214 = CARTESIAN_POINT('',(18.863104452536,-30.03532446306,
    13.026031922684));
#4215 = CARTESIAN_POINT('',(20.82753045586,-27.82433497983,
    13.021525632732));
#4216 = CARTESIAN_POINT('',(24.382974390019,-23.04641922319,
    13.011768543911));
#4217 = CARTESIAN_POINT('',(26.000323191537,-20.46550866866,
    13.006539180835));
#4218 = CARTESIAN_POINT('',(27.463202318046,-17.67311303915,
    13.002641259776));
#4219 = CARTESIAN_POINT('',(28.740696541675,-14.70663790186,
    13.001331920768));
#4220 = CARTESIAN_POINT('',(29.817690938977,-11.60470237748,
    13.000654171418));
#4221 = CARTESIAN_POINT('',(30.687531620982,-8.392865024518,
    13.000109951159));
#4222 = CARTESIAN_POINT('',(31.344952385221,-5.09215856784,
    13.000106421404));
#4223 = CARTESIAN_POINT('',(31.783314752419,-1.737444199463,
    12.999969863754));
#4224 = CARTESIAN_POINT('',(32.001802910143,1.647158743642,
    12.999962430798));
#4225 = CARTESIAN_POINT('',(31.996369686072,11.797567880931,
    13.000004202876));
#4226 = CARTESIAN_POINT('',(31.111349844675,18.577973981496,
    13.000177393409));
#4227 = CARTESIAN_POINT('',(29.341991586857,25.128572446202,
    13.000280737978));
#4228 = CARTESIAN_POINT('',(26.714727590283,31.228828336059,
    13.000944677196));
#4229 = CARTESIAN_POINT('',(23.325075580025,36.636397142187,
    13.000917082969));
#4230 = CARTESIAN_POINT('',(19.246036785755,41.148484094708,
    13.002139276373));
#4231 = CARTESIAN_POINT('',(14.734039681596,44.559349849921,
    13.001445266787));
#4232 = CARTESIAN_POINT('',(9.921327850241,46.857983314517,13.0004632831
    ));
#4233 = CARTESIAN_POINT('',(4.95383568894,48.000000000004,
    12.999999999999));
#4234 = CARTESIAN_POINT('',(-2.721989300625E-13,48.000000000001,13.));
#4235 = CARTESIAN_POINT('',(2.368676856461E-14,47.671553770494,
    13.642902379326));
#4236 = CARTESIAN_POINT('',(-4.885511516962,47.671553770497,
    13.642902379326));
#4237 = CARTESIAN_POINT('',(-9.808457275648,46.56995534246,
    13.621468319107));
#4238 = CARTESIAN_POINT('',(-14.61846480859,44.337642175454,
    13.578074321609));
#4239 = CARTESIAN_POINT('',(-19.17652890755,40.98414454522,
    13.513983783626));
#4240 = CARTESIAN_POINT('',(-23.25772666938,36.516433576062,
    13.429002482133));
#4241 = CARTESIAN_POINT('',(-26.66392710855,31.163539520103,
    13.347838544175));
#4242 = CARTESIAN_POINT('',(-29.30367772727,25.096335438794,
    13.272442623944));
#4243 = CARTESIAN_POINT('',(-31.081973187,18.563318046331,13.21374591436
    ));
#4244 = CARTESIAN_POINT('',(-31.9746141109,11.795484232186,
    13.179723830304));
#4245 = CARTESIAN_POINT('',(-31.97845460478,1.648632502738,
    13.186020611899));
#4246 = CARTESIAN_POINT('',(-31.75733352035,-1.732930417224,
    13.19767518843));
#4247 = CARTESIAN_POINT('',(-31.31302020041,-5.083679060049,
    13.220479255914));
#4248 = CARTESIAN_POINT('',(-30.64858547388,-8.37539477125,
    13.256362377102));
#4249 = CARTESIAN_POINT('',(-29.76385348831,-11.57585714686,
    13.307633934164));
#4250 = CARTESIAN_POINT('',(-28.66571013675,-14.65723767768,
    13.375387851071));
#4251 = CARTESIAN_POINT('',(-27.35698017395,-17.58906030336,
    13.462535577856));
#4252 = CARTESIAN_POINT('',(-25.83538983068,-20.33169765675,
    13.567329694547));
#4253 = CARTESIAN_POINT('',(-24.12285289216,-22.84968602896,
    13.668416545164));
#4254 = CARTESIAN_POINT('',(-20.3819380601,-27.40051134447,
    13.838010849746));
#4255 = CARTESIAN_POINT('',(-18.35379335833,-29.43335766359,
    13.906290111766));
#4256 = CARTESIAN_POINT('',(-16.1987630002,-31.20426395341,
    13.946053083069));
#4257 = CARTESIAN_POINT('',(-13.96722219522,-32.71030379107,
    13.943467739374));
#4258 = CARTESIAN_POINT('',(-11.69110150973,-33.96592186303,
    13.924286219703));
#4259 = CARTESIAN_POINT('',(-9.381890712424,-34.97064060148,
    13.903467333771));
#4260 = CARTESIAN_POINT('',(-7.048478366354,-35.72000455699,
    13.882243448348));
#4261 = CARTESIAN_POINT('',(-4.703959045668,-36.22097534894,
    13.867671052132));
#4262 = CARTESIAN_POINT('',(-2.351903922194,-36.47097361231,
    13.860223533408));
#4263 = CARTESIAN_POINT('',(2.351903922194,-36.47097361231,
    13.860223533408));
#4264 = CARTESIAN_POINT('',(4.703959045667,-36.22097534894,
    13.867671052132));
#4265 = CARTESIAN_POINT('',(7.048478366355,-35.72000455699,
    13.882243448348));
#4266 = CARTESIAN_POINT('',(9.381890712426,-34.97064060148,
    13.903467333771));
#4267 = CARTESIAN_POINT('',(11.691101509732,-33.96592186303,
    13.924286219702));
#4268 = CARTESIAN_POINT('',(13.967222195228,-32.71030379107,
    13.943467739374));
#4269 = CARTESIAN_POINT('',(16.198763000198,-31.20426395341,
    13.946053083069));
#4270 = CARTESIAN_POINT('',(18.353793358337,-29.43335766359,
    13.906290111766));
#4271 = CARTESIAN_POINT('',(20.381938060109,-27.40051134447,
    13.838010849746));
#4272 = CARTESIAN_POINT('',(24.122852892166,-22.84968602896,
    13.668416545164));
#4273 = CARTESIAN_POINT('',(25.83538983068,-20.33169765675,
    13.567329694547));
#4274 = CARTESIAN_POINT('',(27.356980173952,-17.58906030335,
    13.462535577856));
#4275 = CARTESIAN_POINT('',(28.665710136755,-14.65723767769,
    13.375387851071));
#4276 = CARTESIAN_POINT('',(29.763853488313,-11.57585714686,
    13.307633934164));
#4277 = CARTESIAN_POINT('',(30.648585473883,-8.375394771256,
    13.256362377102));
#4278 = CARTESIAN_POINT('',(31.313020200414,-5.083679060045,
    13.220479255915));
#4279 = CARTESIAN_POINT('',(31.75733352035,-1.732930417226,
    13.19767518843));
#4280 = CARTESIAN_POINT('',(31.978454604789,1.648632502739,13.1860206119
    ));
#4281 = CARTESIAN_POINT('',(31.974614110909,11.795484232186,
    13.179723830304));
#4282 = CARTESIAN_POINT('',(31.081973187008,18.563318046334,
    13.213745914358));
#4283 = CARTESIAN_POINT('',(29.303677727276,25.096335438785,
    13.272442623952));
#4284 = CARTESIAN_POINT('',(26.663927108556,31.16353952012,
    13.347838544152));
#4285 = CARTESIAN_POINT('',(23.257726669381,36.516433576041,
    13.429002482169));
#4286 = CARTESIAN_POINT('',(19.176528907566,40.984144545238,
    13.513983783588));
#4287 = CARTESIAN_POINT('',(14.618464808588,44.337642175447,
    13.578074321634));
#4288 = CARTESIAN_POINT('',(9.80845727565,46.569955342461,
    13.621468319098));
#4289 = CARTESIAN_POINT('',(4.885511516961,47.671553770498,
    13.642902379325));
#4290 = CARTESIAN_POINT('',(2.30926389122E-13,47.671553770495,
    13.642902379325));
#4291 = ADVANCED_FACE('',(#4292),#4446,.F.);
#4292 = FACE_BOUND('',#4293,.F.);
#4293 = EDGE_LOOP('',(#4294,#4315,#4321,#4322,#4323,#4354,#4363,#4364,
    #4365,#4387,#4402,#4433));
#4294 = ORIENTED_EDGE('',*,*,#4295,.F.);
#4295 = EDGE_CURVE('',#4296,#4298,#4300,.T.);
#4296 = VERTEX_POINT('',#4297);
#4297 = CARTESIAN_POINT('',(29.389035572418,8.,11.5));
#4298 = VERTEX_POINT('',#4299);
#4299 = CARTESIAN_POINT('',(29.398195678074,6.524026280317,
    12.732602208675));
#4300 = B_SPLINE_CURVE_WITH_KNOTS('',7,(#4301,#4302,#4303,#4304,#4305,
    #4306,#4307,#4308,#4309,#4310,#4311,#4312,#4313,#4314),
  .UNSPECIFIED.,.F.,.F.,(8,6,8),(0.,0.531129412486,1.),.UNSPECIFIED.);
#4301 = CARTESIAN_POINT('',(29.389035572418,8.,11.5));
#4302 = CARTESIAN_POINT('',(29.392364927594,7.840612520444,11.5));
#4303 = CARTESIAN_POINT('',(29.395105362353,7.681170632694,
    11.51975922984));
#4304 = CARTESIAN_POINT('',(29.397192127895,7.524751909888,
    11.559300126092));
#4305 = CARTESIAN_POINT('',(29.398632171669,7.374274988254,
    11.618003789156));
#4306 = CARTESIAN_POINT('',(29.399498395319,7.232473577612,
    11.694784454355));
#4307 = CARTESIAN_POINT('',(29.399907028641,7.101890431815,
    11.788089469068));
#4308 = CARTESIAN_POINT('',(29.400059400762,6.881317009803,
    11.990898195583));
#4309 = CARTESIAN_POINT('',(29.399875522687,6.788298535882,
    12.097280213947));
#4310 = CARTESIAN_POINT('',(29.399525047545,6.707207140881,
    12.213540944434));
#4311 = CARTESIAN_POINT('',(29.399105538808,6.639251025196,
    12.338061355539));
#4312 = CARTESIAN_POINT('',(29.398704210815,6.585373641455,
    12.469073552048));
#4313 = CARTESIAN_POINT('',(29.398384757614,6.546246572514,
    12.604685020637));
#4314 = CARTESIAN_POINT('',(29.398180199443,6.522203072728,
    12.742869212764));
#4315 = ORIENTED_EDGE('',*,*,#4316,.F.);
#4316 = EDGE_CURVE('',#92,#4296,#4317,.T.);
#4317 = LINE('',#4318,#4319);
#4318 = CARTESIAN_POINT('',(33.,8.,11.5));
#4319 = VECTOR('',#4320,1.);
#4320 = DIRECTION('',(-1.,0.,0.));
#4321 = ORIENTED_EDGE('',*,*,#118,.T.);
#4322 = ORIENTED_EDGE('',*,*,#4051,.F.);
#4323 = ORIENTED_EDGE('',*,*,#4324,.T.);
#4324 = EDGE_CURVE('',#4052,#4325,#4327,.T.);
#4325 = VERTEX_POINT('',#4326);
#4326 = CARTESIAN_POINT('',(31.801243457408,9.488147272486,
    13.188195896325));
#4327 = B_SPLINE_CURVE_WITH_KNOTS('',7,(#4328,#4329,#4330,#4331,#4332,
    #4333,#4334,#4335,#4336,#4337,#4338,#4339,#4340,#4341,#4342,#4343,
    #4344,#4345,#4346,#4347,#4348,#4349,#4350,#4351,#4352,#4353),
  .UNSPECIFIED.,.F.,.F.,(8,6,6,6,8),(0.,0.23036568118,0.462925441994,
    0.712248852765,1.),.UNSPECIFIED.);
#4328 = CARTESIAN_POINT('',(31.959544634497,6.509348545871,
    13.167207183768));
#4329 = CARTESIAN_POINT('',(31.94150366333,6.525290142445,
    13.309326461055));
#4330 = CARTESIAN_POINT('',(31.923263958924,6.557039738838,
    13.44967148301));
#4331 = CARTESIAN_POINT('',(31.905073364491,6.60435743665,
    13.586116015588));
#4332 = CARTESIAN_POINT('',(31.887147002529,6.666653084257,
    13.716646250772));
#4333 = CARTESIAN_POINT('',(31.869669748211,6.74304814389,13.83935591008
    ));
#4334 = CARTESIAN_POINT('',(31.852805006125,6.832378434154,
    13.952473484619));
#4335 = CARTESIAN_POINT('',(31.820461278442,7.034856727108,
    14.157340726732));
#4336 = CARTESIAN_POINT('',(31.804988663639,7.148275261018,
    14.248929273208));
#4337 = CARTESIAN_POINT('',(31.790456687305,7.271852934723,
    14.327534078199));
#4338 = CARTESIAN_POINT('',(31.777001667587,7.403807375783,
    14.391837164571));
#4339 = CARTESIAN_POINT('',(31.764755870479,7.542176496382,
    14.440809094562));
#4340 = CARTESIAN_POINT('',(31.753858627626,7.684842721586,
    14.473730330193));
#4341 = CARTESIAN_POINT('',(31.734371873112,7.98462442858,
    14.508023887897));
#4342 = CARTESIAN_POINT('',(31.726013031898,8.141920731715,
    14.506937598191));
#4343 = CARTESIAN_POINT('',(31.719544451836,8.298663948358,
    14.486693393645));
#4344 = CARTESIAN_POINT('',(31.715129143346,8.452113217614,
    14.447462103707));
#4345 = CARTESIAN_POINT('',(31.712932465705,8.599534955495,
    14.389871579422));
#4346 = CARTESIAN_POINT('',(31.713095464767,8.738277840238,
    14.315059370871));
#4347 = CARTESIAN_POINT('',(31.718653051848,9.013232836097,
    14.120672720918));
#4348 = CARTESIAN_POINT('',(31.724854905525,9.145994590957,
    13.995809848445));
#4349 = CARTESIAN_POINT('',(31.734386258851,9.260379353629,
    13.852893823121));
#4350 = CARTESIAN_POINT('',(31.747216675026,9.353583071084,
    13.695348912435));
#4351 = CARTESIAN_POINT('',(31.763175054464,9.423576860244,
    13.526940721517));
#4352 = CARTESIAN_POINT('',(31.781912144643,9.469078352874,
    13.351780183842));
#4353 = CARTESIAN_POINT('',(31.802890098475,9.48984209975,
    13.174271391263));
#4354 = ORIENTED_EDGE('',*,*,#4355,.T.);
#4355 = EDGE_CURVE('',#4325,#31,#4356,.T.);
#4356 = B_SPLINE_CURVE_WITH_KNOTS('',5,(#4357,#4358,#4359,#4360,#4361,
    #4362),.UNSPECIFIED.,.F.,.F.,(6,6),(0.,1.),
  .PIECEWISE_BEZIER_KNOTS.);
#4357 = CARTESIAN_POINT('',(31.801243457408,9.488147272486,
    13.188195896325));
#4358 = CARTESIAN_POINT('',(31.810063091316,9.497644597963,
    13.113096389475));
#4359 = CARTESIAN_POINT('',(31.81689400495,9.502380705314,
    13.037588707838));
#4360 = CARTESIAN_POINT('',(31.82170071992,9.502381119776,
    12.961842463345));
#4361 = CARTESIAN_POINT('',(31.824473449692,9.497609736248,
    12.886033475343));
#4362 = CARTESIAN_POINT('',(31.82522918444,9.48796080713,12.810335463395
    ));
#4363 = ORIENTED_EDGE('',*,*,#91,.T.);
#4364 = ORIENTED_EDGE('',*,*,#4316,.T.);
#4365 = ORIENTED_EDGE('',*,*,#4366,.F.);
#4366 = EDGE_CURVE('',#4367,#4296,#4369,.T.);
#4367 = VERTEX_POINT('',#4368);
#4368 = CARTESIAN_POINT('',(29.336441806996,9.476902269192,
    12.737779315737));
#4369 = B_SPLINE_CURVE_WITH_KNOTS('',6,(#4370,#4371,#4372,#4373,#4374,
    #4375,#4376,#4377,#4378,#4379,#4380,#4381,#4382,#4383,#4384,#4385,
    #4386),.UNSPECIFIED.,.F.,.F.,(7,5,5,7),(0.,0.468461037869,
    0.634459490082,1.),.UNSPECIFIED.);
#4370 = CARTESIAN_POINT('',(29.336396748095,9.477796927272,
    12.742869212764));
#4371 = CARTESIAN_POINT('',(29.337809269732,9.449758235822,
    12.581723624109));
#4372 = CARTESIAN_POINT('',(29.340265676219,9.400622909429,
    12.424189629428));
#4373 = CARTESIAN_POINT('',(29.343683142003,9.33098181233,
    12.273818899589));
#4374 = CARTESIAN_POINT('',(29.34787364662,9.24222016676,12.133836153991
    ));
#4375 = CARTESIAN_POINT('',(29.352580314892,9.136270988399,
    12.007176239834));
#4376 = CARTESIAN_POINT('',(29.359293311141,8.973098165173,
    11.857001138101));
#4377 = CARTESIAN_POINT('',(29.361081323832,8.928576572387,
    11.819686107275));
#4378 = CARTESIAN_POINT('',(29.362889080414,8.882339983373,
    11.78445459188));
#4379 = CARTESIAN_POINT('',(29.364704967099,8.834510215228,
    11.751404141659));
#4380 = CARTESIAN_POINT('',(29.366517652951,8.785216449875,
    11.720622761598));
#4381 = CARTESIAN_POINT('',(29.372276377125,8.623123682437,
    11.629575533505));
#4382 = CARTESIAN_POINT('',(29.376168364174,8.505201044498,
    11.578337421431));
#4383 = CARTESIAN_POINT('',(29.379875174696,8.382305476443,
    11.539328277038));
#4384 = CARTESIAN_POINT('',(29.383296112309,8.256024368482,
    11.513110451623));
#4385 = CARTESIAN_POINT('',(29.38636152705,8.128015585244,11.5));
#4386 = CARTESIAN_POINT('',(29.389035572418,8.,11.5));
#4387 = ORIENTED_EDGE('',*,*,#4388,.F.);
#4388 = EDGE_CURVE('',#4389,#4367,#4391,.T.);
#4389 = VERTEX_POINT('',#4390);
#4390 = CARTESIAN_POINT('',(29.290869431788,9.477614376741,
    13.258177755916));
#4391 = B_SPLINE_CURVE_WITH_KNOTS('',5,(#4392,#4393,#4394,#4395,#4396,
    #4397,#4398,#4399,#4400,#4401),.UNSPECIFIED.,.F.,.F.,(6,4,6),(0.,
    0.499876980989,1.),.UNSPECIFIED.);
#4392 = CARTESIAN_POINT('',(29.290869431788,9.477614376741,
    13.258177755916));
#4393 = CARTESIAN_POINT('',(29.299491162529,9.486601751673,
    13.206740813323));
#4394 = CARTESIAN_POINT('',(29.307111449665,9.493325110478,
    13.155060758865));
#4395 = CARTESIAN_POINT('',(29.3137189653,9.497802570364,13.103184389874
    ));
#4396 = CARTESIAN_POINT('',(29.319306281401,9.500033188051,
    13.051159946743));
#4397 = CARTESIAN_POINT('',(29.328436083334,9.49996617595,
    12.946886427567));
#4398 = CARTESIAN_POINT('',(29.331977561228,9.497666323539,
    12.894637253532));
#4399 = CARTESIAN_POINT('',(29.334491145043,9.493082325079,
    12.842337146887));
#4400 = CARTESIAN_POINT('',(29.335977581342,9.486180167558,
    12.79003510627));
#4401 = CARTESIAN_POINT('',(29.336441806996,9.476902269192,
    12.737779315737));
#4402 = ORIENTED_EDGE('',*,*,#4403,.F.);
#4403 = EDGE_CURVE('',#4404,#4389,#4406,.T.);
#4404 = VERTEX_POINT('',#4405);
#4405 = CARTESIAN_POINT('',(29.350904438176,6.523258431327,
    13.263124189979));
#4406 = B_SPLINE_CURVE_WITH_KNOTS('',7,(#4407,#4408,#4409,#4410,#4411,
    #4412,#4413,#4414,#4415,#4416,#4417,#4418,#4419,#4420,#4421,#4422,
    #4423,#4424,#4425,#4426,#4427,#4428,#4429,#4430,#4431,#4432),
  .UNSPECIFIED.,.F.,.F.,(8,6,6,6,8),(0.,0.225962857542,0.460679523848,
    0.75402034643,1.),.UNSPECIFIED.);
#4407 = CARTESIAN_POINT('',(29.358311598935,6.516453768491,
    13.221563938797));
#4408 = CARTESIAN_POINT('',(29.334381388216,6.536493291012,
    13.355744429897));
#4409 = CARTESIAN_POINT('',(29.310940782048,6.570713813424,
    13.487959596718));
#4410 = CARTESIAN_POINT('',(29.288299836147,6.618907875308,
    13.616432476902));
#4411 = CARTESIAN_POINT('',(29.26672873255,6.680603368992,
    13.739443390586));
#4412 = CARTESIAN_POINT('',(29.246456884836,6.755088098185,
    13.855328813852));
#4413 = CARTESIAN_POINT('',(29.227676069371,6.841393248538,
    13.962510516371));
#4414 = CARTESIAN_POINT('',(29.192755537641,7.038829974273,
    14.160358915293));
#4415 = CARTESIAN_POINT('',(29.176737116563,7.150845185554,
    14.250276861473));
#4416 = CARTESIAN_POINT('',(29.162682004296,7.272831820939,
    14.327652341859));
#4417 = CARTESIAN_POINT('',(29.150715873215,7.403081861295,
    14.391152454358));
#4418 = CARTESIAN_POINT('',(29.140931428333,7.539688175161,
    14.439726420867));
#4419 = CARTESIAN_POINT('',(29.133402755016,7.680567077268,
    14.47263819345));
#4420 = CARTESIAN_POINT('',(29.121659460288,8.002006941516,
    14.510737765401));
#4421 = CARTESIAN_POINT('',(29.118738280186,8.18379500566,
    14.506960484012));
#4422 = CARTESIAN_POINT('',(29.119532603336,8.364255072649,
    14.477570372179));
#4423 = CARTESIAN_POINT('',(29.124061175428,8.539011617667,
    14.423110966416));
#4424 = CARTESIAN_POINT('',(29.132334945663,8.703960599079,
    14.344925774741));
#4425 = CARTESIAN_POINT('',(29.144299568512,8.85526769779,
    14.245202041779));
#4426 = CARTESIAN_POINT('',(29.172655638254,9.102448605871,
    14.028161396149));
#4427 = CARTESIAN_POINT('',(29.188034092813,9.203446124048,
    13.916180430114));
#4428 = CARTESIAN_POINT('',(29.205736368874,9.290823777068,
    13.793004810433));
#4429 = CARTESIAN_POINT('',(29.225589388319,9.363190697761,
    13.660688079017));
#4430 = CARTESIAN_POINT('',(29.24736042506,9.419543126991,
    13.521427212672));
#4431 = CARTESIAN_POINT('',(29.270749539574,9.459240212896,
    13.377508077632));
#4432 = CARTESIAN_POINT('',(29.295382679637,9.482057829087,
    13.231310594748));
#4433 = ORIENTED_EDGE('',*,*,#4434,.T.);
#4434 = EDGE_CURVE('',#4404,#4298,#4435,.T.);
#4435 = B_SPLINE_CURVE_WITH_KNOTS('',5,(#4436,#4437,#4438,#4439,#4440,
    #4441,#4442,#4443,#4444,#4445),.UNSPECIFIED.,.F.,.F.,(6,4,6),(0.,
    0.500602934362,1.),.UNSPECIFIED.);
#4436 = CARTESIAN_POINT('',(29.350904438176,6.523258431327,
    13.263124189979));
#4437 = CARTESIAN_POINT('',(29.360245998016,6.513911325295,
    13.210665083028));
#4438 = CARTESIAN_POINT('',(29.368455966036,6.506917338519,
    13.15792416627));
#4439 = CARTESIAN_POINT('',(29.375518763219,6.502262496405,
    13.104958628602));
#4440 = CARTESIAN_POINT('',(29.381423489814,6.49995067745,
    13.051827779184));
#4441 = CARTESIAN_POINT('',(29.390893756672,6.500050524463,
    12.945483742171));
#4442 = CARTESIAN_POINT('',(29.394464897614,6.50245081945,
    12.892271060265));
#4443 = CARTESIAN_POINT('',(29.39687195699,6.507220707901,
    12.839013185762));
#4444 = CARTESIAN_POINT('',(29.398114179754,6.514393957607,
    12.785770393459));
#4445 = CARTESIAN_POINT('',(29.398195678074,6.524026280317,
    12.732602208675));
#4446 = CYLINDRICAL_SURFACE('',#4447,1.5);
#4447 = AXIS2_PLACEMENT_3D('',#4448,#4449,#4450);
#4448 = CARTESIAN_POINT('',(33.,8.,13.));
#4449 = DIRECTION('',(-1.,0.,0.));
#4450 = DIRECTION('',(0.,0.,-1.));
#4451 = ADVANCED_FACE('',(#4452),#4516,.F.);
#4452 = FACE_BOUND('',#4453,.F.);
#4453 = EDGE_LOOP('',(#4454,#4455,#4456,#4457));
#4454 = ORIENTED_EDGE('',*,*,#1947,.F.);
#4455 = ORIENTED_EDGE('',*,*,#30,.F.);
#4456 = ORIENTED_EDGE('',*,*,#4355,.F.);
#4457 = ORIENTED_EDGE('',*,*,#4458,.T.);
#4458 = EDGE_CURVE('',#4325,#1948,#4459,.T.);
#4459 = ( BOUNDED_CURVE() B_SPLINE_CURVE(10,(#4460,#4461,#4462,#4463,
    #4464,#4465,#4466,#4467,#4468,#4469,#4470,#4471,#4472,#4473,#4474,
    #4475,#4476,#4477,#4478,#4479,#4480,#4481,#4482,#4483,#4484,#4485,
    #4486,#4487,#4488,#4489,#4490,#4491,#4492,#4493,#4494,#4495,#4496,
    #4497,#4498,#4499,#4500,#4501,#4502,#4503,#4504,#4505,#4506,#4507,
    #4508,#4509,#4510,#4511,#4512,#4513,#4514,#4515),.UNSPECIFIED.,.T.,
.F.) B_SPLINE_CURVE_WITH_KNOTS((11,9,9,9,9,9,11),(0.,59.228168149817,
    88.842252224725,118.45633629963,148.07042037454,177.68450444945,
236.91267259926),.UNSPECIFIED.) CURVE() GEOMETRIC_REPRESENTATION_ITEM() 
RATIONAL_B_SPLINE_CURVE((1.,1.,1.,1.,1.,1.,1.,1.,1.,1.,1.,1.,1.,1.,1.,1.
    ,1.,1.,1.,1.,1.,1.,1.,1.,1.,1.,1.,1.,1.,1.,1.,1.,1.,1.,1.,1.,1.,1.,
    1.,1.,1.,1.,1.,1.,1.,1.,1.,1.,1.,1.,1.,1.,1.,1.,1.,1.)) 
REPRESENTATION_ITEM('') );
#4460 = CARTESIAN_POINT('',(2.368676856461E-14,47.671553770494,
    13.642902379326));
#4461 = CARTESIAN_POINT('',(-4.885511516962,47.671553770497,
    13.642902379326));
#4462 = CARTESIAN_POINT('',(-9.808457275648,46.56995534246,
    13.621468319107));
#4463 = CARTESIAN_POINT('',(-14.61846480859,44.337642175454,
    13.578074321609));
#4464 = CARTESIAN_POINT('',(-19.17652890755,40.98414454522,
    13.513983783626));
#4465 = CARTESIAN_POINT('',(-23.25772666938,36.516433576062,
    13.429002482133));
#4466 = CARTESIAN_POINT('',(-26.66392710855,31.163539520103,
    13.347838544175));
#4467 = CARTESIAN_POINT('',(-29.30367772727,25.096335438794,
    13.272442623944));
#4468 = CARTESIAN_POINT('',(-31.081973187,18.563318046331,13.21374591436
    ));
#4469 = CARTESIAN_POINT('',(-31.9746141109,11.795484232186,
    13.179723830304));
#4470 = CARTESIAN_POINT('',(-31.97845460478,1.648632502738,
    13.186020611899));
#4471 = CARTESIAN_POINT('',(-31.75733352035,-1.732930417224,
    13.19767518843));
#4472 = CARTESIAN_POINT('',(-31.31302020041,-5.083679060049,
    13.220479255914));
#4473 = CARTESIAN_POINT('',(-30.64858547388,-8.37539477125,
    13.256362377102));
#4474 = CARTESIAN_POINT('',(-29.76385348831,-11.57585714686,
    13.307633934164));
#4475 = CARTESIAN_POINT('',(-28.66571013675,-14.65723767768,
    13.375387851071));
#4476 = CARTESIAN_POINT('',(-27.35698017395,-17.58906030336,
    13.462535577856));
#4477 = CARTESIAN_POINT('',(-25.83538983068,-20.33169765675,
    13.567329694547));
#4478 = CARTESIAN_POINT('',(-24.12285289216,-22.84968602896,
    13.668416545164));
#4479 = CARTESIAN_POINT('',(-20.3819380601,-27.40051134447,
    13.838010849746));
#4480 = CARTESIAN_POINT('',(-18.35379335833,-29.43335766359,
    13.906290111766));
#4481 = CARTESIAN_POINT('',(-16.1987630002,-31.20426395341,
    13.946053083069));
#4482 = CARTESIAN_POINT('',(-13.96722219522,-32.71030379107,
    13.943467739374));
#4483 = CARTESIAN_POINT('',(-11.69110150973,-33.96592186303,
    13.924286219703));
#4484 = CARTESIAN_POINT('',(-9.381890712424,-34.97064060148,
    13.903467333771));
#4485 = CARTESIAN_POINT('',(-7.048478366354,-35.72000455699,
    13.882243448348));
#4486 = CARTESIAN_POINT('',(-4.703959045668,-36.22097534894,
    13.867671052132));
#4487 = CARTESIAN_POINT('',(-2.351903922194,-36.47097361231,
    13.860223533408));
#4488 = CARTESIAN_POINT('',(2.351903922194,-36.47097361231,
    13.860223533408));
#4489 = CARTESIAN_POINT('',(4.703959045667,-36.22097534894,
    13.867671052132));
#4490 = CARTESIAN_POINT('',(7.048478366355,-35.72000455699,
    13.882243448348));
#4491 = CARTESIAN_POINT('',(9.381890712426,-34.97064060148,
    13.903467333771));
#4492 = CARTESIAN_POINT('',(11.691101509732,-33.96592186303,
    13.924286219702));
#4493 = CARTESIAN_POINT('',(13.967222195228,-32.71030379107,
    13.943467739374));
#4494 = CARTESIAN_POINT('',(16.198763000198,-31.20426395341,
    13.946053083069));
#4495 = CARTESIAN_POINT('',(18.353793358337,-29.43335766359,
    13.906290111766));
#4496 = CARTESIAN_POINT('',(20.381938060109,-27.40051134447,
    13.838010849746));
#4497 = CARTESIAN_POINT('',(24.122852892166,-22.84968602896,
    13.668416545164));
#4498 = CARTESIAN_POINT('',(25.83538983068,-20.33169765675,
    13.567329694547));
#4499 = CARTESIAN_POINT('',(27.356980173952,-17.58906030335,
    13.462535577856));
#4500 = CARTESIAN_POINT('',(28.665710136755,-14.65723767769,
    13.375387851071));
#4501 = CARTESIAN_POINT('',(29.763853488313,-11.57585714686,
    13.307633934164));
#4502 = CARTESIAN_POINT('',(30.648585473883,-8.375394771256,
    13.256362377102));
#4503 = CARTESIAN_POINT('',(31.313020200414,-5.083679060045,
    13.220479255915));
#4504 = CARTESIAN_POINT('',(31.75733352035,-1.732930417226,
    13.19767518843));
#4505 = CARTESIAN_POINT('',(31.978454604789,1.648632502739,13.1860206119
    ));
#4506 = CARTESIAN_POINT('',(31.974614110909,11.795484232186,
    13.179723830304));
#4507 = CARTESIAN_POINT('',(31.081973187008,18.563318046334,
    13.213745914358));
#4508 = CARTESIAN_POINT('',(29.303677727276,25.096335438785,
    13.272442623952));
#4509 = CARTESIAN_POINT('',(26.663927108556,31.16353952012,
    13.347838544152));
#4510 = CARTESIAN_POINT('',(23.257726669381,36.516433576041,
    13.429002482169));
#4511 = CARTESIAN_POINT('',(19.176528907566,40.984144545238,
    13.513983783588));
#4512 = CARTESIAN_POINT('',(14.618464808588,44.337642175447,
    13.578074321634));
#4513 = CARTESIAN_POINT('',(9.80845727565,46.569955342461,
    13.621468319098));
#4514 = CARTESIAN_POINT('',(4.885511516961,47.671553770498,
    13.642902379325));
#4515 = CARTESIAN_POINT('',(2.30926389122E-13,47.671553770495,
    13.642902379325));
#4516 = ( BOUNDED_SURFACE() B_SPLINE_SURFACE(2,10,(
    (#4517,#4518,#4519,#4520,#4521,#4522,#4523,#4524,#4525,#4526,#4527
      ,#4528,#4529,#4530,#4531,#4532,#4533,#4534,#4535,#4536,#4537,#4538
      ,#4539,#4540,#4541,#4542,#4543,#4544,#4545,#4546,#4547,#4548,#4549
      ,#4550,#4551,#4552,#4553,#4554,#4555,#4556,#4557,#4558,#4559,#4560
      ,#4561,#4562,#4563,#4564,#4565,#4566,#4567,#4568,#4569,#4570,#4571
      ,#4572)
    ,(#4573,#4574,#4575,#4576,#4577,#4578,#4579,#4580,#4581,#4582,#4583
      ,#4584,#4585,#4586,#4587,#4588,#4589,#4590,#4591,#4592,#4593,#4594
      ,#4595,#4596,#4597,#4598,#4599,#4600,#4601,#4602,#4603,#4604,#4605
      ,#4606,#4607,#4608,#4609,#4610,#4611,#4612,#4613,#4614,#4615,#4616
      ,#4617,#4618,#4619,#4620,#4621,#4622,#4623,#4624,#4625,#4626,#4627
      ,#4628)
    ,(#4629,#4630,#4631,#4632,#4633,#4634,#4635,#4636,#4637,#4638,#4639
      ,#4640,#4641,#4642,#4643,#4644,#4645,#4646,#4647,#4648,#4649,#4650
      ,#4651,#4652,#4653,#4654,#4655,#4656,#4657,#4658,#4659,#4660,#4661
      ,#4662,#4663,#4664,#4665,#4666,#4667,#4668,#4669,#4670,#4671,#4672
      ,#4673,#4674,#4675,#4676,#4677,#4678,#4679,#4680,#4681,#4682,#4683
,#4684
    )),.UNSPECIFIED.,.F.,.F.,.F.) B_SPLINE_SURFACE_WITH_KNOTS((3,3),(11,
    9,9,9,9,9,11),(0.,236.91267259926),(0.,59.228168149817,
    88.842252224725,118.45633629963,148.07042037454,177.68450444945,
236.91267259926),.UNSPECIFIED.) GEOMETRIC_REPRESENTATION_ITEM() 
RATIONAL_B_SPLINE_SURFACE((
    (1.,1.,1.,1.,1.,1.,1.,1.,1.,1.,1.,1.,1.,1.,1.,1.,1.,1.,1.,1.,1.,1.
      ,1.,1.,1.,1.,1.,1.,1.,1.,1.,1.,1.,1.,1.,1.,1.,1.,1.,1.,1.,1.,1.,1.
      ,1.,1.,1.,1.,1.,1.,1.,1.,1.,1.,1.,1.)
    ,(0.972244291189,0.972244291189,0.974611990663,0.979349325646
      ,0.985707197034,0.99059179737,0.994081440311,0.996317418332
      ,0.997472488603,0.998185300072,0.998052478464,0.997814894813
      ,0.997293598821,0.996538685408,0.995071864445,0.992800496576
      ,0.98910975246,0.982468251841,0.972521102145,0.947841360921
      ,0.933120747481,0.916745570998,0.901053633189,0.888229392203
      ,0.878253441833,0.870598109756,0.865720264315,0.863227820259
      ,0.863227820259,0.865720264315,0.870598109756,0.878253441832
      ,0.888229392203,0.901053633189,0.916745570998,0.933120747481
      ,0.947841360921,0.972521102145,0.982468251841,0.98910975246
      ,0.992800496576,0.995071864445,0.996538685408,0.997293598821
      ,0.997814894813,0.998052478464,0.998185300072,0.997472488603
      ,0.996317418332,0.994081440311,0.99059179737,0.985707197034
      ,0.979349325645,0.974611990663,0.972244291189,0.972244291189)
    ,(1.,1.,1.,1.,1.,1.,1.,1.,1.,1.,1.,1.,1.,1.,1.,1.,1.,1.,1.,1.,1.,1.
      ,1.,1.,1.,1.,1.,1.,1.,1.,1.,1.,1.,1.,1.,1.,1.,1.,1.,1.,1.,1.,1.,1.
,1.,1.,1.,1.,1.,1.,1.,1.,1.,1.,1.,1.
  ))) REPRESENTATION_ITEM('') SURFACE() );
#4517 = CARTESIAN_POINT('',(2.346553201184E-14,48.,12.278057900508));
#4518 = CARTESIAN_POINT('',(-4.95383568894,48.000000000003,
    12.278057900508));
#4519 = CARTESIAN_POINT('',(-9.945261465839,46.854990372668,
    12.310596679273));
#4520 = CARTESIAN_POINT('',(-14.79777496702,44.535647839392,
    12.376182951866));
#4521 = CARTESIAN_POINT('',(-19.32686745731,41.07516324628,
    12.467524212197));
#4522 = CARTESIAN_POINT('',(-23.35621706072,36.572400130998,
    12.559623670624));
#4523 = CARTESIAN_POINT('',(-26.7345658104,31.184327958794,
    12.647953394333));
#4524 = CARTESIAN_POINT('',(-29.34571575825,25.108528342852,
    12.724692058894));
#4525 = CARTESIAN_POINT('',(-31.11211393482,18.568289227755,
    12.784516918711));
#4526 = CARTESIAN_POINT('',(-31.99636936474,11.79816819408,
    12.818973230933));
#4527 = CARTESIAN_POINT('',(-32.0018028298,1.647308841901,
    12.812445280041));
#4528 = CARTESIAN_POINT('',(-31.78345584423,-1.735590623938,
    12.800575328796));
#4529 = CARTESIAN_POINT('',(-31.34514005151,-5.088674615735,
    12.777290370458));
#4530 = CARTESIAN_POINT('',(-30.68947776198,-8.382960793617,
    12.740799759965));
#4531 = CARTESIAN_POINT('',(-29.82148842381,-11.58998992691,
    12.688414698546));
#4532 = CARTESIAN_POINT('',(-28.74851550246,-14.68221765046,
    12.618118505444));
#4533 = CARTESIAN_POINT('',(-27.48012082364,-17.63338946178,
    12.527045030794));
#4534 = CARTESIAN_POINT('',(-26.02794445499,-20.41889740171,
    12.413190533481));
#4535 = CARTESIAN_POINT('',(-24.40552735656,-23.01611184774,
    12.28254091055));
#4536 = CARTESIAN_POINT('',(-20.85067065293,-27.79323846579,
    12.004845664499));
#4537 = CARTESIAN_POINT('',(-18.91823104902,-29.97315064081,
    11.857854675514));
#4538 = CARTESIAN_POINT('',(-16.84600965944,-31.92405405001,
    11.711015715458));
#4539 = CARTESIAN_POINT('',(-14.65092450935,-33.62786313899,
    11.577070105538));
#4540 = CARTESIAN_POINT('',(-12.35136964232,-35.06905825433,
    11.465468648479));
#4541 = CARTESIAN_POINT('',(-9.966967949396,-36.23494223445,
    11.377279362147));
#4542 = CARTESIAN_POINT('',(-7.518290223805,-37.11584792055,
    11.310989635312));
#4543 = CARTESIAN_POINT('',(-5.026548245745,-37.7052826389,
    11.267490888861));
#4544 = CARTESIAN_POINT('',(-2.513274122271,-37.9999999943,
    11.245603749365));
#4545 = CARTESIAN_POINT('',(2.513274122271,-37.9999999943,
    11.245603749365));
#4546 = CARTESIAN_POINT('',(5.026548245744,-37.7052826389,
    11.267490888861));
#4547 = CARTESIAN_POINT('',(7.518290223806,-37.11584792055,
    11.310989635311));
#4548 = CARTESIAN_POINT('',(9.966967949396,-36.23494223446,
    11.377279362147));
#4549 = CARTESIAN_POINT('',(12.351369642325,-35.06905825432,
    11.465468648478));
#4550 = CARTESIAN_POINT('',(14.650924509361,-33.627863139,
    11.577070105538));
#4551 = CARTESIAN_POINT('',(16.846009659438,-31.92405405001,
    11.711015715458));
#4552 = CARTESIAN_POINT('',(18.918231049022,-29.97315064081,
    11.857854675514));
#4553 = CARTESIAN_POINT('',(20.85067065293,-27.79323846579,
    12.004845664499));
#4554 = CARTESIAN_POINT('',(24.405527356566,-23.01611184774,
    12.28254091055));
#4555 = CARTESIAN_POINT('',(26.027944454995,-20.4188974017,
    12.413190533482));
#4556 = CARTESIAN_POINT('',(27.48012082364,-17.63338946178,
    12.527045030794));
#4557 = CARTESIAN_POINT('',(28.748515502467,-14.68221765046,
    12.618118505444));
#4558 = CARTESIAN_POINT('',(29.821488423816,-11.58998992691,
    12.688414698546));
#4559 = CARTESIAN_POINT('',(30.689477761982,-8.38296079362,
    12.740799759965));
#4560 = CARTESIAN_POINT('',(31.345140051517,-5.088674615732,
    12.777290370458));
#4561 = CARTESIAN_POINT('',(31.783455844237,-1.73559062394,
    12.800575328796));
#4562 = CARTESIAN_POINT('',(32.0018028298,1.647308841901,12.812445280041
    ));
#4563 = CARTESIAN_POINT('',(31.996369364741,11.798168194079,
    12.818973230933));
#4564 = CARTESIAN_POINT('',(31.112113934821,18.568289227759,
    12.78451691871));
#4565 = CARTESIAN_POINT('',(29.345715758253,25.108528342845,
    12.724692058901));
#4566 = CARTESIAN_POINT('',(26.734565810409,31.184327958804,
    12.647953394314));
#4567 = CARTESIAN_POINT('',(23.356217060708,36.572400130991,
    12.559623670655));
#4568 = CARTESIAN_POINT('',(19.326867457334,41.075163246282,
    12.467524212165));
#4569 = CARTESIAN_POINT('',(14.797774967018,44.535647839396,
    12.376182951886));
#4570 = CARTESIAN_POINT('',(9.945261465842,46.854990372665,
    12.310596679265));
#4571 = CARTESIAN_POINT('',(4.953835688939,48.000000000004,
    12.278057900507));
#4572 = CARTESIAN_POINT('',(3.250733016102E-13,48.,12.278057900509));
#4573 = CARTESIAN_POINT('',(-9.14546216535E-15,48.,13.));
#4574 = CARTESIAN_POINT('',(-4.95383568894,48.000000000003,13.));
#4575 = CARTESIAN_POINT('',(-9.92132785024,46.857983314519,
    13.000463283109));
#4576 = CARTESIAN_POINT('',(-14.7340396816,44.559349849922,
    13.001445266765));
#4577 = CARTESIAN_POINT('',(-19.24603678574,41.148484094697,
    13.002139276408));
#4578 = CARTESIAN_POINT('',(-23.32507558002,36.636397142203,
    13.000917082936));
#4579 = CARTESIAN_POINT('',(-26.71472759028,31.228828336044,
    13.000944677216));
#4580 = CARTESIAN_POINT('',(-29.34199158685,25.128572446212,
    13.00028073797));
#4581 = CARTESIAN_POINT('',(-31.11134984467,18.577973981492,
    13.000177393411));
#4582 = CARTESIAN_POINT('',(-31.99636968607,11.797567880932,
    13.000004202876));
#4583 = CARTESIAN_POINT('',(-32.00180291014,1.647158743641,
    12.999962430797));
#4584 = CARTESIAN_POINT('',(-31.78331475241,-1.73744419946,
    12.999969863754));
#4585 = CARTESIAN_POINT('',(-31.34495238522,-5.092158567846,
    13.000106421404));
#4586 = CARTESIAN_POINT('',(-30.68753162097,-8.39286502451,
    13.000109951159));
#4587 = CARTESIAN_POINT('',(-29.81769093898,-11.60470237748,
    13.000654171417));
#4588 = CARTESIAN_POINT('',(-28.74069654166,-14.70663790185,
    13.001331920768));
#4589 = CARTESIAN_POINT('',(-27.46320231805,-17.67311303916,
    13.002641259776));
#4590 = CARTESIAN_POINT('',(-26.00032319153,-20.46550866866,
    13.006539180835));
#4591 = CARTESIAN_POINT('',(-24.38297439001,-23.04641922319,
    13.011768543911));
#4592 = CARTESIAN_POINT('',(-20.82753045586,-27.82433497983,
    13.021525632732));
#4593 = CARTESIAN_POINT('',(-18.86310445253,-30.03532446306,
    13.026031922684));
#4594 = CARTESIAN_POINT('',(-16.75558791164,-32.00657183713,
    13.028704154569));
#4595 = CARTESIAN_POINT('',(-14.55134085894,-33.69541490723,
    13.025160206782));
#4596 = CARTESIAN_POINT('',(-12.26590494085,-35.11112146198,
    13.018516686464));
#4597 = CARTESIAN_POINT('',(-9.905191028317,-36.25701322377,
    13.011984551279));
#4598 = CARTESIAN_POINT('',(-7.479870889568,-37.123609724,
    13.006264660891));
#4599 = CARTESIAN_POINT('',(-5.012491911018,-37.70603629548,
    13.002071159878));
#4600 = CARTESIAN_POINT('',(-2.513274122271,-37.9999999943,13.));
#4601 = CARTESIAN_POINT('',(2.513274122271,-37.9999999943,13.));
#4602 = CARTESIAN_POINT('',(5.012491911018,-37.70603629548,
    13.002071159878));
#4603 = CARTESIAN_POINT('',(7.479870889567,-37.12360972399,
    13.006264660891));
#4604 = CARTESIAN_POINT('',(9.90519102832,-36.25701322378,
    13.011984551279));
#4605 = CARTESIAN_POINT('',(12.265904940845,-35.11112146198,
    13.018516686464));
#4606 = CARTESIAN_POINT('',(14.551340858945,-33.69541490724,
    13.025160206782));
#4607 = CARTESIAN_POINT('',(16.755587911646,-32.00657183713,
    13.028704154569));
#4608 = CARTESIAN_POINT('',(18.863104452536,-30.03532446306,
    13.026031922684));
#4609 = CARTESIAN_POINT('',(20.82753045586,-27.82433497983,
    13.021525632732));
#4610 = CARTESIAN_POINT('',(24.382974390019,-23.04641922319,
    13.011768543911));
#4611 = CARTESIAN_POINT('',(26.000323191537,-20.46550866866,
    13.006539180835));
#4612 = CARTESIAN_POINT('',(27.463202318046,-17.67311303915,
    13.002641259776));
#4613 = CARTESIAN_POINT('',(28.740696541675,-14.70663790186,
    13.001331920768));
#4614 = CARTESIAN_POINT('',(29.817690938977,-11.60470237748,
    13.000654171418));
#4615 = CARTESIAN_POINT('',(30.687531620982,-8.392865024518,
    13.000109951159));
#4616 = CARTESIAN_POINT('',(31.344952385221,-5.09215856784,
    13.000106421404));
#4617 = CARTESIAN_POINT('',(31.783314752419,-1.737444199463,
    12.999969863754));
#4618 = CARTESIAN_POINT('',(32.001802910143,1.647158743642,
    12.999962430798));
#4619 = CARTESIAN_POINT('',(31.996369686072,11.797567880931,
    13.000004202876));
#4620 = CARTESIAN_POINT('',(31.111349844675,18.577973981496,
    13.000177393409));
#4621 = CARTESIAN_POINT('',(29.341991586857,25.128572446202,
    13.000280737978));
#4622 = CARTESIAN_POINT('',(26.714727590283,31.228828336059,
    13.000944677196));
#4623 = CARTESIAN_POINT('',(23.325075580025,36.636397142187,
    13.000917082969));
#4624 = CARTESIAN_POINT('',(19.246036785755,41.148484094708,
    13.002139276373));
#4625 = CARTESIAN_POINT('',(14.734039681596,44.559349849921,
    13.001445266787));
#4626 = CARTESIAN_POINT('',(9.921327850241,46.857983314517,13.0004632831
    ));
#4627 = CARTESIAN_POINT('',(4.95383568894,48.000000000004,
    12.999999999999));
#4628 = CARTESIAN_POINT('',(-2.721989300625E-13,48.000000000001,13.));
#4629 = CARTESIAN_POINT('',(2.368676856461E-14,47.671553770494,
    13.642902379326));
#4630 = CARTESIAN_POINT('',(-4.885511516962,47.671553770497,
    13.642902379326));
#4631 = CARTESIAN_POINT('',(-9.808457275648,46.56995534246,
    13.621468319107));
#4632 = CARTESIAN_POINT('',(-14.61846480859,44.337642175454,
    13.578074321609));
#4633 = CARTESIAN_POINT('',(-19.17652890755,40.98414454522,
    13.513983783626));
#4634 = CARTESIAN_POINT('',(-23.25772666938,36.516433576062,
    13.429002482133));
#4635 = CARTESIAN_POINT('',(-26.66392710855,31.163539520103,
    13.347838544175));
#4636 = CARTESIAN_POINT('',(-29.30367772727,25.096335438794,
    13.272442623944));
#4637 = CARTESIAN_POINT('',(-31.081973187,18.563318046331,13.21374591436
    ));
#4638 = CARTESIAN_POINT('',(-31.9746141109,11.795484232186,
    13.179723830304));
#4639 = CARTESIAN_POINT('',(-31.97845460478,1.648632502738,
    13.186020611899));
#4640 = CARTESIAN_POINT('',(-31.75733352035,-1.732930417224,
    13.19767518843));
#4641 = CARTESIAN_POINT('',(-31.31302020041,-5.083679060049,
    13.220479255914));
#4642 = CARTESIAN_POINT('',(-30.64858547388,-8.37539477125,
    13.256362377102));
#4643 = CARTESIAN_POINT('',(-29.76385348831,-11.57585714686,
    13.307633934164));
#4644 = CARTESIAN_POINT('',(-28.66571013675,-14.65723767768,
    13.375387851071));
#4645 = CARTESIAN_POINT('',(-27.35698017395,-17.58906030336,
    13.462535577856));
#4646 = CARTESIAN_POINT('',(-25.83538983068,-20.33169765675,
    13.567329694547));
#4647 = CARTESIAN_POINT('',(-24.12285289216,-22.84968602896,
    13.668416545164));
#4648 = CARTESIAN_POINT('',(-20.3819380601,-27.40051134447,
    13.838010849746));
#4649 = CARTESIAN_POINT('',(-18.35379335833,-29.43335766359,
    13.906290111766));
#4650 = CARTESIAN_POINT('',(-16.1987630002,-31.20426395341,
    13.946053083069));
#4651 = CARTESIAN_POINT('',(-13.96722219522,-32.71030379107,
    13.943467739374));
#4652 = CARTESIAN_POINT('',(-11.69110150973,-33.96592186303,
    13.924286219703));
#4653 = CARTESIAN_POINT('',(-9.381890712424,-34.97064060148,
    13.903467333771));
#4654 = CARTESIAN_POINT('',(-7.048478366354,-35.72000455699,
    13.882243448348));
#4655 = CARTESIAN_POINT('',(-4.703959045668,-36.22097534894,
    13.867671052132));
#4656 = CARTESIAN_POINT('',(-2.351903922194,-36.47097361231,
    13.860223533408));
#4657 = CARTESIAN_POINT('',(2.351903922194,-36.47097361231,
    13.860223533408));
#4658 = CARTESIAN_POINT('',(4.703959045667,-36.22097534894,
    13.867671052132));
#4659 = CARTESIAN_POINT('',(7.048478366355,-35.72000455699,
    13.882243448348));
#4660 = CARTESIAN_POINT('',(9.381890712426,-34.97064060148,
    13.903467333771));
#4661 = CARTESIAN_POINT('',(11.691101509732,-33.96592186303,
    13.924286219702));
#4662 = CARTESIAN_POINT('',(13.967222195228,-32.71030379107,
    13.943467739374));
#4663 = CARTESIAN_POINT('',(16.198763000198,-31.20426395341,
    13.946053083069));
#4664 = CARTESIAN_POINT('',(18.353793358337,-29.43335766359,
    13.906290111766));
#4665 = CARTESIAN_POINT('',(20.381938060109,-27.40051134447,
    13.838010849746));
#4666 = CARTESIAN_POINT('',(24.122852892166,-22.84968602896,
    13.668416545164));
#4667 = CARTESIAN_POINT('',(25.83538983068,-20.33169765675,
    13.567329694547));
#4668 = CARTESIAN_POINT('',(27.356980173952,-17.58906030335,
    13.462535577856));
#4669 = CARTESIAN_POINT('',(28.665710136755,-14.65723767769,
    13.375387851071));
#4670 = CARTESIAN_POINT('',(29.763853488313,-11.57585714686,
    13.307633934164));
#4671 = CARTESIAN_POINT('',(30.648585473883,-8.375394771256,
    13.256362377102));
#4672 = CARTESIAN_POINT('',(31.313020200414,-5.083679060045,
    13.220479255915));
#4673 = CARTESIAN_POINT('',(31.75733352035,-1.732930417226,
    13.19767518843));
#4674 = CARTESIAN_POINT('',(31.978454604789,1.648632502739,13.1860206119
    ));
#4675 = CARTESIAN_POINT('',(31.974614110909,11.795484232186,
    13.179723830304));
#4676 = CARTESIAN_POINT('',(31.081973187008,18.563318046334,
    13.213745914358));
#4677 = CARTESIAN_POINT('',(29.303677727276,25.096335438785,
    13.272442623952));
#4678 = CARTESIAN_POINT('',(26.663927108556,31.16353952012,
    13.347838544152));
#4679 = CARTESIAN_POINT('',(23.257726669381,36.516433576041,
    13.429002482169));
#4680 = CARTESIAN_POINT('',(19.176528907566,40.984144545238,
    13.513983783588));
#4681 = CARTESIAN_POINT('',(14.618464808588,44.337642175447,
    13.578074321634));
#4682 = CARTESIAN_POINT('',(9.80845727565,46.569955342461,
    13.621468319098));
#4683 = CARTESIAN_POINT('',(4.885511516961,47.671553770498,
    13.642902379325));
#4684 = CARTESIAN_POINT('',(2.30926389122E-13,47.671553770495,
    13.642902379325));
#4685 = ADVANCED_FACE('',(#4686),#4831,.F.);
#4686 = FACE_BOUND('',#4687,.F.);
#4687 = EDGE_LOOP('',(#4688,#4767,#4773,#4774,#4775,#4776));
#4688 = ORIENTED_EDGE('',*,*,#4689,.F.);
#4689 = EDGE_CURVE('',#4690,#4692,#4694,.T.);
#4690 = VERTEX_POINT('',#4691);
#4691 = CARTESIAN_POINT('',(-29.38903557241,8.,9.5));
#4692 = VERTEX_POINT('',#4693);
#4693 = CARTESIAN_POINT('',(-29.36698265007,8.771740585774,
    6.713758783016));
#4694 = B_SPLINE_CURVE_WITH_KNOTS('',8,(#4695,#4696,#4697,#4698,#4699,
    #4700,#4701,#4702,#4703,#4704,#4705,#4706,#4707,#4708,#4709,#4710,
    #4711,#4712,#4713,#4714,#4715,#4716,#4717,#4718,#4719,#4720,#4721,
    #4722,#4723,#4724,#4725,#4726,#4727,#4728,#4729,#4730,#4731,#4732,
    #4733,#4734,#4735,#4736,#4737,#4738,#4739,#4740,#4741,#4742,#4743,
    #4744,#4745,#4746,#4747,#4748,#4749,#4750,#4751,#4752,#4753,#4754,
    #4755,#4756,#4757,#4758,#4759,#4760,#4761,#4762,#4763,#4764,#4765,
    #4766),.UNSPECIFIED.,.F.,.F.,(9,7,7,7,7,7,7,7,7,7,9),(0.,
    0.203780451185,0.274831882255,0.3205112274,0.428412974862,
    0.50415365863,0.53603123489,0.581979515364,0.653800747639,
    0.725214958816,1.),.UNSPECIFIED.);
#4695 = CARTESIAN_POINT('',(-29.38903557241,8.,9.5));
#4696 = CARTESIAN_POINT('',(-29.39197822327,7.859125362425,9.5));
#4697 = CARTESIAN_POINT('',(-29.39447024305,7.718207211641,
    9.484879290049));
#4698 = CARTESIAN_POINT('',(-29.39646985688,7.579230138782,
    9.454622677695));
#4699 = CARTESIAN_POINT('',(-29.39797268859,7.44409422427,9.409550209478
    ));
#4700 = CARTESIAN_POINT('',(-29.3990094189,7.314605806652,9.350246320605
    ));
#4701 = CARTESIAN_POINT('',(-29.39963902561,7.192473347401,
    9.277537822326));
#4702 = CARTESIAN_POINT('',(-29.39993888248,7.079287261322,
    9.192507095631));
#4703 = CARTESIAN_POINT('',(-29.40001186002,6.940611053965,
    9.063061760196));
#4704 = CARTESIAN_POINT('',(-29.40000085368,6.906014104708,
    9.028260835581));
#4705 = CARTESIAN_POINT('',(-29.39996352385,6.872729927041,
    8.992179481321));
#4706 = CARTESIAN_POINT('',(-29.39990350808,6.840813488877,
    8.954875799019));
#4707 = CARTESIAN_POINT('',(-29.39982447225,6.810316498794,
    8.916410511065));
#4708 = CARTESIAN_POINT('',(-29.39973005078,6.781287371406,
    8.876846875116));
#4709 = CARTESIAN_POINT('',(-29.39962378687,6.75377119273,8.836250598599
    ));
#4710 = CARTESIAN_POINT('',(-29.39943532244,6.711118893702,
    8.767970063339));
#4711 = CARTESIAN_POINT('',(-29.39935807391,6.69507060995,8.740851567235
    ));
#4712 = CARTESIAN_POINT('',(-29.39927824011,6.679675888714,
    8.713352323507));
#4713 = CARTESIAN_POINT('',(-29.39919669739,6.664945153335,
    8.685490694352));
#4714 = CARTESIAN_POINT('',(-29.39911428551,6.650888196081,
    8.657285345536));
#4715 = CARTESIAN_POINT('',(-29.39903180763,6.637514178147,
    8.628755246396));
#4716 = CARTESIAN_POINT('',(-29.39895003031,6.624831629655,
    8.599919669838));
#4717 = CARTESIAN_POINT('',(-29.39867989184,6.584542306954,8.50200871427
    ));
#4718 = CARTESIAN_POINT('',(-29.39849802206,6.560137845725,8.43162191852
    ));
#4719 = CARTESIAN_POINT('',(-29.39833364668,6.539739773274,
    8.359897762988));
#4720 = CARTESIAN_POINT('',(-29.39819473049,6.523431701582,
    8.287101547787));
#4721 = CARTESIAN_POINT('',(-29.3980874515,6.511276072756,8.213503189445
    ));
#4722 = CARTESIAN_POINT('',(-29.39801602196,6.503314084481,
    8.139376495115));
#4723 = CARTESIAN_POINT('',(-29.39798250939,6.499565615474,
    8.064998436776));
#4724 = CARTESIAN_POINT('',(-29.39798956925,6.500354525575,
    7.938459088115));
#4725 = CARTESIAN_POINT('',(-29.39801104674,6.502755186565,
    7.886282253367));
#4726 = CARTESIAN_POINT('',(-29.39805104148,6.507230522138,
    7.834214089327));
#4727 = CARTESIAN_POINT('',(-29.39810895963,6.5137747167,7.782350277852)
  );
#4728 = CARTESIAN_POINT('',(-29.39818368548,6.522376759823,
    7.730785899119));
#4729 = CARTESIAN_POINT('',(-29.3982736048,6.533020455239,7.679615316201
    ));
#4730 = CARTESIAN_POINT('',(-29.39837662822,6.545684429833,7.62893205966
    ));
#4731 = CARTESIAN_POINT('',(-29.3985380207,6.56651124931,7.557741322856)
  );
#4732 = CARTESIAN_POINT('',(-29.39858769921,6.573033537578,
    7.536756593448));
#4733 = CARTESIAN_POINT('',(-29.39863906025,6.579907034518,
    7.515881400167));
#4734 = CARTESIAN_POINT('',(-29.39869190161,6.587129610714,
    7.495122566812));
#4735 = CARTESIAN_POINT('',(-29.39874600881,6.594698980253,
    7.474486864714));
#4736 = CARTESIAN_POINT('',(-29.39880115507,6.602612700726,
    7.453981012735));
#4737 = CARTESIAN_POINT('',(-29.39885710137,6.61086817323,7.43361167727)
  );
#4738 = CARTESIAN_POINT('',(-29.39899502824,6.631850694553,
    7.384231457088));
#4739 = CARTESIAN_POINT('',(-29.3990776072,6.644943074981,7.355374765236
    ));
#4740 = CARTESIAN_POINT('',(-29.39916057402,6.658731518534,
    7.326835233424));
#4741 = CARTESIAN_POINT('',(-29.39924313359,6.673207117196,
    7.298632380051));
#4742 = CARTESIAN_POINT('',(-29.3993244549,6.688360320056,7.270785405177
    ));
#4743 = CARTESIAN_POINT('',(-29.39940367106,6.704180933308,
    7.243313190526));
#4744 = CARTESIAN_POINT('',(-29.39947987932,6.720658120247,
    7.216234299487));
#4745 = CARTESIAN_POINT('',(-29.39966509252,6.764544043138,
    7.147883590154));
#4746 = CARTESIAN_POINT('',(-29.39976841575,6.792884016651,
    7.107205454139));
#4747 = CARTESIAN_POINT('',(-29.39985857199,6.822756348345,
    7.067602367255));
#4748 = CARTESIAN_POINT('',(-29.39993187604,6.854113583032,
    7.029141611921));
#4749 = CARTESIAN_POINT('',(-29.39998455972,6.886904821582,
    6.991887864582));
#4750 = CARTESIAN_POINT('',(-29.40001283532,6.921075758719,
    6.955903105517));
#4751 = CARTESIAN_POINT('',(-29.40001295901,6.956568720797,
    6.921246528644));
#4752 = CARTESIAN_POINT('',(-29.39994980911,7.029868396366,
    6.854890931584));
#4753 = CARTESIAN_POINT('',(-29.39988689549,7.06766128074,6.823175879226
    ));
#4754 = CARTESIAN_POINT('',(-29.39978897827,7.106641348566,
    6.792884644629));
#4755 = CARTESIAN_POINT('',(-29.39965259206,7.146745895752,
    6.764069251255));
#4756 = CARTESIAN_POINT('',(-29.39947444079,7.187909584115,
    6.736778317838));
#4757 = CARTESIAN_POINT('',(-29.39925145715,7.230064503215,
    6.711056980582));
#4758 = CARTESIAN_POINT('',(-29.3989808621,7.273140232202,6.686946815354
    ));
#4759 = CARTESIAN_POINT('',(-29.39742648564,7.486071822082,
    6.578060915948));
#4760 = CARTESIAN_POINT('',(-29.39544989729,7.667899919938,
    6.515915358899));
#4761 = CARTESIAN_POINT('',(-29.39259057458,7.858084627272,
    6.480534939003));
#4762 = CARTESIAN_POINT('',(-29.3887876894,8.051945489517,6.473041609446
    ));
#4763 = CARTESIAN_POINT('',(-29.38409739939,8.244809485652,
    6.493708456312));
#4764 = CARTESIAN_POINT('',(-29.37869964334,8.432046319036,6.54190689226
    ));
#4765 = CARTESIAN_POINT('',(-29.37288129516,8.609102182723,
    6.616176265224));
#4766 = CARTESIAN_POINT('',(-29.36698265007,8.771740585774,
    6.713758783016));
#4767 = ORIENTED_EDGE('',*,*,#4768,.F.);
#4768 = EDGE_CURVE('',#891,#4690,#4769,.T.);
#4769 = LINE('',#4770,#4771);
#4770 = CARTESIAN_POINT('',(-33.,8.,9.5));
#4771 = VECTOR('',#4772,1.);
#4772 = DIRECTION('',(1.,0.,0.));
#4773 = ORIENTED_EDGE('',*,*,#890,.T.);
#4774 = ORIENTED_EDGE('',*,*,#947,.T.);
#4775 = ORIENTED_EDGE('',*,*,#4768,.T.);
#4776 = ORIENTED_EDGE('',*,*,#4777,.F.);
#4777 = EDGE_CURVE('',#4692,#4690,#4778,.T.);
#4778 = B_SPLINE_CURVE_WITH_KNOTS('',6,(#4779,#4780,#4781,#4782,#4783,
    #4784,#4785,#4786,#4787,#4788,#4789,#4790,#4791,#4792,#4793,#4794,
    #4795,#4796,#4797,#4798,#4799,#4800,#4801,#4802,#4803,#4804,#4805,
    #4806,#4807,#4808,#4809,#4810,#4811,#4812,#4813,#4814,#4815,#4816,
    #4817,#4818,#4819,#4820,#4821,#4822,#4823,#4824,#4825,#4826,#4827,
    #4828,#4829,#4830),.UNSPECIFIED.,.F.,.F.,(7,5,5,5,5,5,5,5,5,5,7),(0.
    ,9.006254487813E-02,0.149793570475,0.233928092062,0.400133217789,
    0.529463221888,0.601271104625,0.649520564811,0.713862331016,
    0.802889803213,1.),.UNSPECIFIED.);
#4779 = CARTESIAN_POINT('',(-29.36698265007,8.771740585774,
    6.713758783016));
#4780 = CARTESIAN_POINT('',(-29.36515987678,8.821998387751,
    6.743913302265));
#4781 = CARTESIAN_POINT('',(-29.36332808419,8.870835535088,
    6.776420312397));
#4782 = CARTESIAN_POINT('',(-29.36149886635,8.918113979895,
    6.811195140666));
#4783 = CARTESIAN_POINT('',(-29.35968402003,8.963703593083,6.84814344078
    ));
#4784 = CARTESIAN_POINT('',(-29.35789554465,9.007482164371,
    6.887161192903));
#4785 = CARTESIAN_POINT('',(-29.35498507702,9.077093188033,
    6.955309039247));
#4786 = CARTESIAN_POINT('',(-29.35384143567,9.104004254944,
    6.983343782596));
#4787 = CARTESIAN_POINT('',(-29.35271824238,9.130035374076,
    7.012205868172));
#4788 = CARTESIAN_POINT('',(-29.35161894286,9.155155152013,
    7.041860689713));
#4789 = CARTESIAN_POINT('',(-29.35054690442,9.179334030858,
    7.072272100227));
#4790 = CARTESIAN_POINT('',(-29.34803842066,9.235237246054,
    7.147251213517));
#4791 = CARTESIAN_POINT('',(-29.34663197043,9.266008626971,
    7.192526638407));
#4792 = CARTESIAN_POINT('',(-29.34529531978,9.294780811105,7.23912308763
    ));
#4793 = CARTESIAN_POINT('',(-29.34403699731,9.321484335446,
    7.286930288552));
#4794 = CARTESIAN_POINT('',(-29.34286480576,9.346057893862,
    7.335833294937));
#4795 = CARTESIAN_POINT('',(-29.33965432313,9.412679960005,
    7.484247276483));
#4796 = CARTESIAN_POINT('',(-29.33788626368,9.448395099364,
    7.586598349315));
#4797 = CARTESIAN_POINT('',(-29.33653554272,9.475178588471,
    7.691835803018));
#4798 = CARTESIAN_POINT('',(-29.33564107578,9.492762219735,
    7.798989189197));
#4799 = CARTESIAN_POINT('',(-29.33522210673,9.5010068825,7.907061321818)
  );
#4800 = CARTESIAN_POINT('',(-29.33531990272,9.499082541811,
    8.099051213577));
#4801 = CARTESIAN_POINT('',(-29.3356496749,9.492592869543,8.183013778433
    ));
#4802 = CARTESIAN_POINT('',(-29.33626583639,9.480460576972,
    8.266444710303));
#4803 = CARTESIAN_POINT('',(-29.33716007734,9.462742905332,
    8.348873441041));
#4804 = CARTESIAN_POINT('',(-29.33831708696,9.439548842055,8.42983864651
    ));
#4805 = CARTESIAN_POINT('',(-29.34049159274,9.395208801484,
    8.552783425464));
#4806 = CARTESIAN_POINT('',(-29.3413422911,9.377739966461,8.596086700816
    ));
#4807 = CARTESIAN_POINT('',(-29.3422636486,9.358659393569,8.638724420199
    ));
#4808 = CARTESIAN_POINT('',(-29.34325146233,9.337998947543,
    8.680622139859));
#4809 = CARTESIAN_POINT('',(-29.34430104918,9.315795020495,
    8.721707504605));
#4810 = CARTESIAN_POINT('',(-29.34615052629,9.276159566539,
    8.788923447244));
#4811 = CARTESIAN_POINT('',(-29.34691937679,9.259552187861,
    8.815538221572));
#4812 = CARTESIAN_POINT('',(-29.34771223939,9.24227878952,8.841733298482
    ));
#4813 = CARTESIAN_POINT('',(-29.34852749231,9.224352615122,8.86748796454
    ));
#4814 = CARTESIAN_POINT('',(-29.34936345,9.205787758229,8.892782065182)
  );
#4815 = CARTESIAN_POINT('',(-29.35135840941,9.161010727921,
    8.950685964484));
#4816 = CARTESIAN_POINT('',(-29.35253218335,9.134313049474,
    8.982922140173));
#4817 = CARTESIAN_POINT('',(-29.35373551767,9.106541611421,
    9.014258008854));
#4818 = CARTESIAN_POINT('',(-29.35496415862,9.077734324454,
    9.044649178707));
#4819 = CARTESIAN_POINT('',(-29.35621376593,9.04793152555,9.074053389023
    ));
#4820 = CARTESIAN_POINT('',(-29.35923183643,8.974620592611,
    9.141694949392));
#4821 = CARTESIAN_POINT('',(-29.3610155229,8.93024078419,9.178993341106)
  );
#4822 = CARTESIAN_POINT('',(-29.36281915025,8.884150166149,
    9.214219109828));
#4823 = CARTESIAN_POINT('',(-29.36463117267,8.836469669747,
    9.247275135447));
#4824 = CARTESIAN_POINT('',(-29.36644032055,8.787327544067,
    9.278073753258));
#4825 = CARTESIAN_POINT('',(-29.37221041839,8.625120875394,
    9.369554916003));
#4826 = CARTESIAN_POINT('',(-29.37611811157,8.506866293426,
    9.421133130711));
#4827 = CARTESIAN_POINT('',(-29.37984036316,8.38358968699,9.460404289435
    ));
#4828 = CARTESIAN_POINT('',(-29.38327523936,8.256894972049,
    9.486799572527));
#4829 = CARTESIAN_POINT('',(-29.38635236666,8.128454124035,9.5));
#4830 = CARTESIAN_POINT('',(-29.38903557241,8.,9.5));
#4831 = CYLINDRICAL_SURFACE('',#4832,1.5);
#4832 = AXIS2_PLACEMENT_3D('',#4833,#4834,#4835);
#4833 = CARTESIAN_POINT('',(-33.,8.,8.));
#4834 = DIRECTION('',(1.,0.,0.));
#4835 = DIRECTION('',(-0.,0.,1.));
#4836 = ADVANCED_FACE('',(#4837),#4957,.F.);
#4837 = FACE_BOUND('',#4838,.F.);
#4838 = EDGE_LOOP('',(#4839,#4903,#4909,#4910,#4911,#4912));
#4839 = ORIENTED_EDGE('',*,*,#4840,.F.);
#4840 = EDGE_CURVE('',#4841,#4843,#4845,.T.);
#4841 = VERTEX_POINT('',#4842);
#4842 = CARTESIAN_POINT('',(-29.24445024008,3.,9.5));
#4843 = VERTEX_POINT('',#4844);
#4844 = CARTESIAN_POINT('',(-29.3006743294,3.792079245443,6.726182717601
    ));
#4845 = B_SPLINE_CURVE_WITH_KNOTS('',6,(#4846,#4847,#4848,#4849,#4850,
    #4851,#4852,#4853,#4854,#4855,#4856,#4857,#4858,#4859,#4860,#4861,
    #4862,#4863,#4864,#4865,#4866,#4867,#4868,#4869,#4870,#4871,#4872,
    #4873,#4874,#4875,#4876,#4877,#4878,#4879,#4880,#4881,#4882,#4883,
    #4884,#4885,#4886,#4887,#4888,#4889,#4890,#4891,#4892,#4893,#4894,
    #4895,#4896,#4897,#4898,#4899,#4900,#4901,#4902),.UNSPECIFIED.,.F.,
  .F.,(7,5,5,5,5,5,5,5,5,5,5,7),(0.,0.131747038903,0.233622192383,
    0.28315998137,0.331581964726,0.424582016229,0.518036436362,
    0.566438256954,0.615933191352,0.717409388602,0.827011077473,1.),
  .UNSPECIFIED.);
#4846 = CARTESIAN_POINT('',(-29.24445024008,3.,9.5));
#4847 = CARTESIAN_POINT('',(-29.23482881577,2.878161714231,9.5));
#4848 = CARTESIAN_POINT('',(-29.22485175895,2.756377804627,9.48812431152
    ));
#4849 = CARTESIAN_POINT('',(-29.21463383488,2.636100765062,9.46439308001
    ));
#4850 = CARTESIAN_POINT('',(-29.20431490707,2.518738793538,
    9.429063626785));
#4851 = CARTESIAN_POINT('',(-29.19405799701,2.405651187097,
    9.382589577873));
#4852 = CARTESIAN_POINT('',(-29.17628772268,2.214969490345,
    9.281631466687));
#4853 = CARTESIAN_POINT('',(-29.16867884868,2.135133362935,
    9.231348176218));
#4854 = CARTESIAN_POINT('',(-29.16128988503,2.059198932187,
    9.175118843436));
#4855 = CARTESIAN_POINT('',(-29.15420282615,1.987708667102,
    9.113322261853));
#4856 = CARTESIAN_POINT('',(-29.14749809531,1.921155609551,
    9.046401193678));
#4857 = CARTESIAN_POINT('',(-29.13821286706,1.830231458796,
    8.940072685685));
#4858 = CARTESIAN_POINT('',(-29.1352830877,1.801754582642,8.904192326023
    ));
#4859 = CARTESIAN_POINT('',(-29.1324700311,1.774598753688,8.867276878378
    ));
#4860 = CARTESIAN_POINT('',(-29.129781882,1.748810572154,8.829386952788)
  );
#4861 = CARTESIAN_POINT('',(-29.12722635693,1.724432979492,
    8.790586007275));
#4862 = CARTESIAN_POINT('',(-29.12244946244,1.679093968905,
    8.712187680423));
#4863 = CARTESIAN_POINT('',(-29.12022181776,1.658067842758,
    8.672627754248));
#4864 = CARTESIAN_POINT('',(-29.11813453118,1.638463564066,
    8.632322535106));
#4865 = CARTESIAN_POINT('',(-29.11619372835,1.620313974917,
    8.591335995515));
#4866 = CARTESIAN_POINT('',(-29.1144048995,1.603648075366,8.549734114723
    ));
#4867 = CARTESIAN_POINT('',(-29.10963845362,1.559380142144,
    8.426632368123));
#4868 = CARTESIAN_POINT('',(-29.10708234583,1.535834174585,
    8.343658077996));
#4869 = CARTESIAN_POINT('',(-29.1051388745,1.518032057381,8.25914713375)
  );
#4870 = CARTESIAN_POINT('',(-29.10383189535,1.50609483643,8.173599956044
    ));
#4871 = CARTESIAN_POINT('',(-29.10317383393,1.500084148842,
    8.087528776917));
#4872 = CARTESIAN_POINT('',(-29.10315551741,1.49991685319,7.914959001747
    ));
#4873 = CARTESIAN_POINT('',(-29.10380161806,1.505818302524,7.828455552)
  );
#4874 = CARTESIAN_POINT('',(-29.105103202,1.517705387402,7.742472098726)
  );
#4875 = CARTESIAN_POINT('',(-29.10704780298,1.535516294271,
    7.657528532102));
#4876 = CARTESIAN_POINT('',(-29.10961129254,1.559128611361,
    7.574132768453));
#4877 = CARTESIAN_POINT('',(-29.11438908489,1.603500825437,
    7.450641571669));
#4878 = CARTESIAN_POINT('',(-29.11617600924,1.620148507091,
    7.409052477008));
#4879 = CARTESIAN_POINT('',(-29.11811481369,1.638278814476,
    7.368077802412));
#4880 = CARTESIAN_POINT('',(-29.12020001799,1.657862802135,
    7.327783453715));
#4881 = CARTESIAN_POINT('',(-29.12242550723,1.678867688221,
    7.288233334445));
#4882 = CARTESIAN_POINT('',(-29.12719683306,1.724151660999,
    7.209870357292));
#4883 = CARTESIAN_POINT('',(-29.12974881641,1.748494113829,
    7.171094145253));
#4884 = CARTESIAN_POINT('',(-29.13243325571,1.774245053752,
    7.133226857367));
#4885 = CARTESIAN_POINT('',(-29.13524245761,1.801361674113,
    7.096331804421));
#4886 = CARTESIAN_POINT('',(-29.13816826161,1.829797520845,
    7.060469460328));
#4887 = CARTESIAN_POINT('',(-29.14742199582,1.920404635196,6.95440672923
    ));
#4888 = CARTESIAN_POINT('',(-29.15409611066,1.986643546588,
    6.887697247846));
#4889 = CARTESIAN_POINT('',(-29.16115026612,2.057785265342,6.82606786319
    ));
#4890 = CARTESIAN_POINT('',(-29.16850501234,2.133342935664,
    6.769956623754));
#4891 = CARTESIAN_POINT('',(-29.17607932441,2.212780975296,
    6.719738653292));
#4892 = CARTESIAN_POINT('',(-29.19212715814,2.384882603427,
    6.628185013975));
#4893 = CARTESIAN_POINT('',(-29.20062475649,2.478102422456,
    6.587879123199));
#4894 = CARTESIAN_POINT('',(-29.20918731417,2.574445331048,
    6.555197135507));
#4895 = CARTESIAN_POINT('',(-29.21772036204,2.673138909973,
    6.530428947865));
#4896 = CARTESIAN_POINT('',(-29.22613813188,2.773378368309,
    6.513760935079));
#4897 = CARTESIAN_POINT('',(-29.24735467449,3.033674481933,6.49187695159
    ));
#4898 = CARTESIAN_POINT('',(-29.25987528977,3.19484447174,6.498854638824
    ));
#4899 = CARTESIAN_POINT('',(-29.27162760152,3.354460071411,
    6.526543641139));
#4900 = CARTESIAN_POINT('',(-29.28240680656,3.50925140885,6.574476586689
    ));
#4901 = CARTESIAN_POINT('',(-29.29210480077,3.656081606419,
    6.641617286759));
#4902 = CARTESIAN_POINT('',(-29.3006743294,3.792079245443,6.726182717601
    ));
#4903 = ORIENTED_EDGE('',*,*,#4904,.F.);
#4904 = EDGE_CURVE('',#1000,#4841,#4905,.T.);
#4905 = LINE('',#4906,#4907);
#4906 = CARTESIAN_POINT('',(-33.,3.,9.5));
#4907 = VECTOR('',#4908,1.);
#4908 = DIRECTION('',(1.,0.,0.));
#4909 = ORIENTED_EDGE('',*,*,#999,.T.);
#4910 = ORIENTED_EDGE('',*,*,#1053,.T.);
#4911 = ORIENTED_EDGE('',*,*,#4904,.T.);
#4912 = ORIENTED_EDGE('',*,*,#4913,.F.);
#4913 = EDGE_CURVE('',#4843,#4841,#4914,.T.);
#4914 = B_SPLINE_CURVE_WITH_KNOTS('',6,(#4915,#4916,#4917,#4918,#4919,
    #4920,#4921,#4922,#4923,#4924,#4925,#4926,#4927,#4928,#4929,#4930,
    #4931,#4932,#4933,#4934,#4935,#4936,#4937,#4938,#4939,#4940,#4941,
    #4942,#4943,#4944,#4945,#4946,#4947,#4948,#4949,#4950,#4951,#4952,
    #4953,#4954,#4955,#4956),.UNSPECIFIED.,.F.,.F.,(7,5,5,5,5,5,5,5,7),(
    0.,0.18463539942,0.251631552875,0.395285353254,0.530890019161,
    0.600589878366,0.665494376951,0.79000709798,1.),.UNSPECIFIED.);
#4915 = CARTESIAN_POINT('',(-29.3006743294,3.792079245443,6.726182717601
    ));
#4916 = CARTESIAN_POINT('',(-29.30706107879,3.893436376848,
    6.789208146187));
#4917 = CARTESIAN_POINT('',(-29.3128222983,3.988796677174,6.861924635185
    ));
#4918 = CARTESIAN_POINT('',(-29.31793826186,4.07697155364,6.943603310356
    ));
#4919 = CARTESIAN_POINT('',(-29.32241317843,4.15693208623,7.033335621878
    ));
#4920 = CARTESIAN_POINT('',(-29.3262618178,4.227793358584,7.130075507583
    ));
#4921 = CARTESIAN_POINT('',(-29.3306761476,4.311007760529,7.269839580874
    ));
#4922 = CARTESIAN_POINT('',(-29.33177121584,4.331873495213,
    7.307817975884));
#4923 = CARTESIAN_POINT('',(-29.33278690063,4.351416144502,
    7.346506819434));
#4924 = CARTESIAN_POINT('',(-29.3337240395,4.369605885041,7.385848359648
    ));
#4925 = CARTESIAN_POINT('',(-29.33458345699,4.386416302884,
    7.425783269911));
#4926 = CARTESIAN_POINT('',(-29.33704382527,4.434862570417,
    7.553021194338));
#4927 = CARTESIAN_POINT('',(-29.33836804119,4.461454221608,
    7.642242781511));
#4928 = CARTESIAN_POINT('',(-29.33934640039,4.481371556962,
    7.733311358626));
#4929 = CARTESIAN_POINT('',(-29.33998507478,4.494463799798,
    7.825604641907));
#4930 = CARTESIAN_POINT('',(-29.34028751142,4.500657579208,7.91848712287
    ));
#4931 = CARTESIAN_POINT('',(-29.34022105173,4.499296302041,
    8.098941741183));
#4932 = CARTESIAN_POINT('',(-29.33988882855,4.492492176018,
    8.186524243951));
#4933 = CARTESIAN_POINT('',(-29.33925661787,4.479549259956,
    8.273521611565));
#4934 = CARTESIAN_POINT('',(-29.33832138056,4.460533578405,
    8.359399937062));
#4935 = CARTESIAN_POINT('',(-29.33707792764,4.435572570162,
    8.443636088342));
#4936 = CARTESIAN_POINT('',(-29.33471889258,4.38906606914,8.567912708435
    ));
#4937 = CARTESIAN_POINT('',(-29.33383488202,4.371756290019,
    8.609536387419));
#4938 = CARTESIAN_POINT('',(-29.33286683205,4.352950972877,
    8.650523719475));
#4939 = CARTESIAN_POINT('',(-29.33181381656,4.332679631935,8.69080780543
    ));
#4940 = CARTESIAN_POINT('',(-29.33067489275,4.310975778977,
    8.730323582042));
#4941 = CARTESIAN_POINT('',(-29.3283076442,4.266367272406,8.805030580534
    ));
#4942 = CARTESIAN_POINT('',(-29.32709088117,4.243647891246,
    8.840332434742));
#4943 = CARTESIAN_POINT('',(-29.3257980377,4.219749076363,8.874862353292
    ));
#4944 = CARTESIAN_POINT('',(-29.3244284257,4.19470387095,8.908571205659)
  );
#4945 = CARTESIAN_POINT('',(-29.32298144336,4.168548064906,
    8.941411762132));
#4946 = CARTESIAN_POINT('',(-29.31853126958,4.089086277849,
    9.034587285577));
#4947 = CARTESIAN_POINT('',(-29.31531929956,4.032905661296,
    9.092474835017));
#4948 = CARTESIAN_POINT('',(-29.31181736325,3.973051957298,
    9.146679922577));
#4949 = CARTESIAN_POINT('',(-29.30802385154,3.909830446571,9.19691392927
    ));
#4950 = CARTESIAN_POINT('',(-29.30394035469,3.843576223468,
    9.242922946333));
#4951 = CARTESIAN_POINT('',(-29.29220783282,3.658410996595,
    9.354592723183));
#4952 = CARTESIAN_POINT('',(-29.28403435776,3.534556902256,9.41207236044
    ));
#4953 = CARTESIAN_POINT('',(-29.27508411901,3.404853320397,
    9.455865835609));
#4954 = CARTESIAN_POINT('',(-29.26542094371,3.271199872113,
    9.485296548193));
#4955 = CARTESIAN_POINT('',(-29.25515604762,3.135570077446,9.5));
#4956 = CARTESIAN_POINT('',(-29.24445024008,3.,9.5));
#4957 = CYLINDRICAL_SURFACE('',#4958,1.5);
#4958 = AXIS2_PLACEMENT_3D('',#4959,#4960,#4961);
#4959 = CARTESIAN_POINT('',(-33.,3.,8.));
#4960 = DIRECTION('',(1.,0.,0.));
#4961 = DIRECTION('',(-0.,0.,1.));
#4962 = ADVANCED_FACE('',(#4963),#5088,.F.);
#4963 = FACE_BOUND('',#4964,.F.);
#4964 = EDGE_LOOP('',(#4965,#5014,#5020,#5021,#5022,#5023));
#4965 = ORIENTED_EDGE('',*,*,#4966,.F.);
#4966 = EDGE_CURVE('',#4967,#4969,#4971,.T.);
#4967 = VERTEX_POINT('',#4968);
#4968 = CARTESIAN_POINT('',(-28.59243647587,-2.,9.5));
#4969 = VERTEX_POINT('',#4970);
#4970 = CARTESIAN_POINT('',(-28.46224805898,-2.683645231424,
    6.664848623732));
#4971 = B_SPLINE_CURVE_WITH_KNOTS('',6,(#4972,#4973,#4974,#4975,#4976,
    #4977,#4978,#4979,#4980,#4981,#4982,#4983,#4984,#4985,#4986,#4987,
    #4988,#4989,#4990,#4991,#4992,#4993,#4994,#4995,#4996,#4997,#4998,
    #4999,#5000,#5001,#5002,#5003,#5004,#5005,#5006,#5007,#5008,#5009,
    #5010,#5011,#5012,#5013),.UNSPECIFIED.,.F.,.F.,(7,5,5,5,5,5,5,5,7),(
    0.,0.261256356306,0.349146292979,0.431106256417,0.480196298255,
    0.59018397606,0.741200198228,0.819184965483,1.),.UNSPECIFIED.);
#4972 = CARTESIAN_POINT('',(-28.59243647587,-2.,9.5));
#4973 = CARTESIAN_POINT('',(-28.56082654162,-2.172722837095,9.5));
#4974 = CARTESIAN_POINT('',(-28.52848354249,-2.345222162435,
    9.476133331665));
#4975 = CARTESIAN_POINT('',(-28.4961351815,-2.513521185759,
    9.428517206433));
#4976 = CARTESIAN_POINT('',(-28.46459563157,-2.673818567252,
    9.358074052008));
#4977 = CARTESIAN_POINT('',(-28.4347639096,-2.822457280458,
    9.266353666859));
#4978 = CARTESIAN_POINT('',(-28.39834776205,-3.001073989765,
    9.118595540513));
#4979 = CARTESIAN_POINT('',(-28.38947268966,-3.044342818377,
    9.079266634432));
#4980 = CARTESIAN_POINT('',(-28.38092258934,-3.085792056319,
    9.037895184392));
#4981 = CARTESIAN_POINT('',(-28.37273000053,-3.125301510687,
    8.99458241364));
#4982 = CARTESIAN_POINT('',(-28.36492637915,-3.162757382969,
    8.949439832449));
#4983 = CARTESIAN_POINT('',(-28.35065498051,-3.230967754501,
    8.858900740932));
#4984 = CARTESIAN_POINT('',(-28.34413244534,-3.262004374483,
    8.813726506892));
#4985 = CARTESIAN_POINT('',(-28.33799842526,-3.291076173949,
    8.767166457521));
#4986 = CARTESIAN_POINT('',(-28.3322755216,-3.318103650227,
    8.719327268474));
#4987 = CARTESIAN_POINT('',(-28.32698445727,-3.343014767801,
    8.670322921483));
#4988 = CARTESIAN_POINT('',(-28.31924492365,-3.379359239669,
    8.590298250371));
#4989 = CARTESIAN_POINT('',(-28.31650740354,-3.392191251701,
    8.559947242327));
#4990 = CARTESIAN_POINT('',(-28.31393552272,-3.404227222882,
    8.529247734022));
#4991 = CARTESIAN_POINT('',(-28.31153293793,-3.415454627413,
    8.498226544401));
#4992 = CARTESIAN_POINT('',(-28.30930295638,-3.42586218521,
    8.466911257562));
#4993 = CARTESIAN_POINT('',(-28.30264554605,-3.456898927325,
    8.364571988458));
#4994 = CARTESIAN_POINT('',(-28.29892370605,-3.474192634754,
    8.292477591576));
#4995 = CARTESIAN_POINT('',(-28.29611636559,-3.487207512939,
    8.219369266401));
#4996 = CARTESIAN_POINT('',(-28.2942465174,-3.495866181332,
    8.145580212668));
#4997 = CARTESIAN_POINT('',(-28.29332594716,-3.500129318821,
    8.071452491294));
#4998 = CARTESIAN_POINT('',(-28.29339342754,-3.499816823298,
    7.895569378592));
#4999 = CARTESIAN_POINT('',(-28.29522158446,-3.491350432061,
    7.793811133242));
#5000 = CARTESIAN_POINT('',(-28.29883861557,-3.474600612949,
    7.692971503692));
#5001 = CARTESIAN_POINT('',(-28.30420080754,-3.449712363837,
    7.593928893099));
#5002 = CARTESIAN_POINT('',(-28.31122646622,-3.416961010439,
    7.497519365967));
#5003 = CARTESIAN_POINT('',(-28.32422951114,-3.355969403498,
    7.356506090932));
#5004 = CARTESIAN_POINT('',(-28.32907104981,-3.333206005065,
    7.309393736953));
#5005 = CARTESIAN_POINT('',(-28.3343103395,-3.308503155263,
    7.263296055336));
#5006 = CARTESIAN_POINT('',(-28.33993006001,-3.281920876015,
    7.218313046017));
#5007 = CARTESIAN_POINT('',(-28.34591125789,-3.253525551102,
    7.174538817551));
#5008 = CARTESIAN_POINT('',(-28.36689170493,-3.153517638849,
    7.033574124007));
#5009 = CARTESIAN_POINT('',(-28.38338359321,-3.074286191618,
    6.942055473345));
#5010 = CARTESIAN_POINT('',(-28.40145445183,-2.986599522113,
    6.858610928245));
#5011 = CARTESIAN_POINT('',(-28.42081747835,-2.891500552483,
    6.784137172936));
#5012 = CARTESIAN_POINT('',(-28.44117901422,-2.790113805165,
    6.719364339349));
#5013 = CARTESIAN_POINT('',(-28.46224805898,-2.683645231424,
    6.664848623732));
#5014 = ORIENTED_EDGE('',*,*,#5015,.F.);
#5015 = EDGE_CURVE('',#1106,#4967,#5016,.T.);
#5016 = LINE('',#5017,#5018);
#5017 = CARTESIAN_POINT('',(-33.,-2.,9.5));
#5018 = VECTOR('',#5019,1.);
#5019 = DIRECTION('',(1.,0.,0.));
#5020 = ORIENTED_EDGE('',*,*,#1105,.T.);
#5021 = ORIENTED_EDGE('',*,*,#1168,.T.);
#5022 = ORIENTED_EDGE('',*,*,#5015,.T.);
#5023 = ORIENTED_EDGE('',*,*,#5024,.F.);
#5024 = EDGE_CURVE('',#4969,#4967,#5025,.T.);
#5025 = B_SPLINE_CURVE_WITH_KNOTS('',7,(#5026,#5027,#5028,#5029,#5030,
    #5031,#5032,#5033,#5034,#5035,#5036,#5037,#5038,#5039,#5040,#5041,
    #5042,#5043,#5044,#5045,#5046,#5047,#5048,#5049,#5050,#5051,#5052,
    #5053,#5054,#5055,#5056,#5057,#5058,#5059,#5060,#5061,#5062,#5063,
    #5064,#5065,#5066,#5067,#5068,#5069,#5070,#5071,#5072,#5073,#5074,
    #5075,#5076,#5077,#5078,#5079,#5080,#5081,#5082,#5083,#5084,#5085,
    #5086,#5087),.UNSPECIFIED.,.F.,.F.,(8,6,6,6,6,6,6,6,6,6,8),(0.,
    0.212004662601,0.290877612483,0.375279693356,0.43137734247,
    0.470443114038,0.566646064399,0.658979414496,0.697848879077,
    0.751173401434,1.),.UNSPECIFIED.);
#5026 = CARTESIAN_POINT('',(-28.46224805898,-2.683645231424,
    6.664848623732));
#5027 = CARTESIAN_POINT('',(-28.49092377354,-2.53873773963,
    6.590650808021));
#5028 = CARTESIAN_POINT('',(-28.52087694337,-2.384661599052,
    6.534917434862));
#5029 = CARTESIAN_POINT('',(-28.55144735327,-2.224146417582,
    6.49891482463));
#5030 = CARTESIAN_POINT('',(-28.58199666664,-2.060065950923,
    6.483427110152));
#5031 = CARTESIAN_POINT('',(-28.61194024432,-1.89539527596,
    6.488802699946));
#5032 = CARTESIAN_POINT('',(-28.64075488144,-1.733219749637,
    6.514921099348));
#5033 = CARTESIAN_POINT('',(-28.67810735339,-1.518419221561,
    6.578111840376));
#5034 = CARTESIAN_POINT('',(-28.68801769697,-1.460940275223,
    6.598009582198));
#5035 = CARTESIAN_POINT('',(-28.69768709321,-1.404382512326,
    6.620632683872));
#5036 = CARTESIAN_POINT('',(-28.70709421671,-1.348899770504,
    6.64593279122));
#5037 = CARTESIAN_POINT('',(-28.71621931365,-1.294643306076,
    6.673850731022));
#5038 = CARTESIAN_POINT('',(-28.72504412135,-1.241761244889,
    6.704316156291));
#5039 = CARTESIAN_POINT('',(-28.7426558566,-1.135434170943,
    6.772486749631));
#5040 = CARTESIAN_POINT('',(-28.75139697008,-1.082208298911,
    6.810550558578));
#5041 = CARTESIAN_POINT('',(-28.75975437934,-1.030897842967,
    6.851337917339));
#5042 = CARTESIAN_POINT('',(-28.76770962799,-0.981672645508,
    6.894734648327));
#5043 = CARTESIAN_POINT('',(-28.77524633044,-0.934694083595,
    6.940613023516));
#5044 = CARTESIAN_POINT('',(-28.78234995004,-0.89011418712,
    6.988831690554));
#5045 = CARTESIAN_POINT('',(-28.79343255401,-0.820133346326,
    7.072736440713));
#5046 = CARTESIAN_POINT('',(-28.79766054769,-0.793313812674,
    7.107203027596));
#5047 = CARTESIAN_POINT('',(-28.8016878308,-0.767657749848,
    7.142589939899));
#5048 = CARTESIAN_POINT('',(-28.80551100623,-0.743204194384,
    7.17884963041));
#5049 = CARTESIAN_POINT('',(-28.80912700733,-0.719989625526,
    7.215932424322));
#5050 = CARTESIAN_POINT('',(-28.81253309788,-0.698047965222,
    7.25378651924));
#5051 = CARTESIAN_POINT('',(-28.81795098056,-0.66303893399,
    7.319218719997));
#5052 = CARTESIAN_POINT('',(-28.82007212086,-0.649299736871,
    7.346427436239));
#5053 = CARTESIAN_POINT('',(-28.82208947639,-0.636203536098,
    7.373965954022));
#5054 = CARTESIAN_POINT('',(-28.82400229773,-0.623760177156,
    7.401815717401));
#5055 = CARTESIAN_POINT('',(-28.82580990265,-0.611978801692,
    7.429957794365));
#5056 = CARTESIAN_POINT('',(-28.82751167613,-0.600867847515,
    7.458372876831));
#5057 = CARTESIAN_POINT('',(-28.83303587096,-0.564743349779,
    7.557639784623));
#5058 = CARTESIAN_POINT('',(-28.83631961193,-0.543163564331,
    7.629776660142));
#5059 = CARTESIAN_POINT('',(-28.83894996847,-0.525811881813,
    7.703155296138));
#5060 = CARTESIAN_POINT('',(-28.84092098999,-0.512775985508,
    7.777471175072));
#5061 = CARTESIAN_POINT('',(-28.84222889566,-0.504114602996,
    7.852413173856));
#5062 = CARTESIAN_POINT('',(-28.84287186996,-0.499857056724,
    7.927664864773));
#5063 = CARTESIAN_POINT('',(-28.84282873208,-0.500142709598,
    8.075120328567));
#5064 = CARTESIAN_POINT('',(-28.84219504456,-0.50433878938,
    8.147328422765));
#5065 = CARTESIAN_POINT('',(-28.84094891143,-0.512590361019,
    8.219247030408));
#5066 = CARTESIAN_POINT('',(-28.83909195207,-0.524871411906,
    8.290596468287));
#5067 = CARTESIAN_POINT('',(-28.8366274534,-0.541130968401,
    8.361101490997));
#5068 = CARTESIAN_POINT('',(-28.83356053375,-0.561293454479,
    8.43049234337));
#5069 = CARTESIAN_POINT('',(-28.82835662317,-0.595347819834,
    8.527137365221));
#5070 = CARTESIAN_POINT('',(-28.82670943386,-0.606110650082,
    8.555525138363));
#5071 = CARTESIAN_POINT('',(-28.82495726068,-0.617540133379,
    8.583649654591));
#5072 = CARTESIAN_POINT('',(-28.82310069077,-0.629628166994,
    8.611491796451));
#5073 = CARTESIAN_POINT('',(-28.82114037654,-0.642365953218,
    8.639032806765));
#5074 = CARTESIAN_POINT('',(-28.81907703562,-0.655743999364,
    8.66625428863));
#5075 = CARTESIAN_POINT('',(-28.81394051293,-0.688969676615,
    8.730019907741));
#5076 = CARTESIAN_POINT('',(-28.81077715082,-0.709373192075,
    8.766266436025));
#5077 = CARTESIAN_POINT('',(-28.80742337706,-0.730936268913,
    8.80183115042));
#5078 = CARTESIAN_POINT('',(-28.80388147058,-0.753630387303,
    8.83666911279));
#5079 = CARTESIAN_POINT('',(-28.80015397672,-0.777424902828,
    8.870737086719));
#5080 = CARTESIAN_POINT('',(-28.79624370731,-0.802287046481,
    8.903993537504));
#5081 = CARTESIAN_POINT('',(-28.77306885315,-0.949014407984,
    9.087609540828));
#5082 = CARTESIAN_POINT('',(-28.75006115855,-1.09239998013,
    9.220364430527));
#5083 = CARTESIAN_POINT('',(-28.72346282288,-1.254695372755,
    9.330405863852));
#5084 = CARTESIAN_POINT('',(-28.69372855164,-1.431451559619,
    9.414819414355));
#5085 = CARTESIAN_POINT('',(-28.66143724319,-1.617948475127,
    9.471681190837));
#5086 = CARTESIAN_POINT('',(-28.62735675307,-1.809188804287,9.5));
#5087 = CARTESIAN_POINT('',(-28.59243647587,-2.,9.5));
#5088 = CYLINDRICAL_SURFACE('',#5089,1.5);
#5089 = AXIS2_PLACEMENT_3D('',#5090,#5091,#5092);
#5090 = CARTESIAN_POINT('',(-33.,-2.,8.));
#5091 = DIRECTION('',(1.,0.,0.));
#5092 = DIRECTION('',(-0.,0.,1.));
#5093 = ADVANCED_FACE('',(#5094),#5232,.F.);
#5094 = FACE_BOUND('',#5095,.F.);
#5095 = EDGE_LOOP('',(#5096,#5110,#5116,#5117,#5118,#5119));
#5096 = ORIENTED_EDGE('',*,*,#5097,.F.);
#5097 = EDGE_CURVE('',#5098,#5100,#5102,.T.);
#5098 = VERTEX_POINT('',#5099);
#5099 = CARTESIAN_POINT('',(29.244450240085,3.,6.5));
#5100 = VERTEX_POINT('',#5101);
#5101 = CARTESIAN_POINT('',(29.175548097899,2.207920754902,
    6.726182717387));
#5102 = B_SPLINE_CURVE_WITH_KNOTS('',6,(#5103,#5104,#5105,#5106,#5107,
    #5108,#5109),.UNSPECIFIED.,.F.,.F.,(7,7),(0.,1.),
  .PIECEWISE_BEZIER_KNOTS.);
#5103 = CARTESIAN_POINT('',(29.244450240085,3.,6.5));
#5104 = CARTESIAN_POINT('',(29.233456790238,2.860787442555,6.5));
#5105 = CARTESIAN_POINT('',(29.221999325795,2.72164936228,6.515504203024
    ));
#5106 = CARTESIAN_POINT('',(29.210249457716,2.584757247735,
    6.546480761094));
#5107 = CARTESIAN_POINT('',(29.198420971384,2.452197772488,
    6.592491599446));
#5108 = CARTESIAN_POINT('',(29.186766076863,2.32596991001,6.652777930893
    ));
#5109 = CARTESIAN_POINT('',(29.175548097899,2.207920754902,
    6.726182717387));
#5110 = ORIENTED_EDGE('',*,*,#5111,.F.);
#5111 = EDGE_CURVE('',#1212,#5098,#5112,.T.);
#5112 = LINE('',#5113,#5114);
#5113 = CARTESIAN_POINT('',(33.,3.,6.5));
#5114 = VECTOR('',#5115,1.);
#5115 = DIRECTION('',(-1.,0.,0.));
#5116 = ORIENTED_EDGE('',*,*,#1211,.T.);
#5117 = ORIENTED_EDGE('',*,*,#1223,.T.);
#5118 = ORIENTED_EDGE('',*,*,#5111,.T.);
#5119 = ORIENTED_EDGE('',*,*,#5120,.F.);
#5120 = EDGE_CURVE('',#5100,#5098,#5121,.T.);
#5121 = B_SPLINE_CURVE_WITH_KNOTS('',7,(#5122,#5123,#5124,#5125,#5126,
    #5127,#5128,#5129,#5130,#5131,#5132,#5133,#5134,#5135,#5136,#5137,
    #5138,#5139,#5140,#5141,#5142,#5143,#5144,#5145,#5146,#5147,#5148,
    #5149,#5150,#5151,#5152,#5153,#5154,#5155,#5156,#5157,#5158,#5159,
    #5160,#5161,#5162,#5163,#5164,#5165,#5166,#5167,#5168,#5169,#5170,
    #5171,#5172,#5173,#5174,#5175,#5176,#5177,#5178,#5179,#5180,#5181,
    #5182,#5183,#5184,#5185,#5186,#5187,#5188,#5189,#5190,#5191,#5192,
    #5193,#5194,#5195,#5196,#5197,#5198,#5199,#5200,#5201,#5202,#5203,
    #5204,#5205,#5206,#5207,#5208,#5209,#5210,#5211,#5212,#5213,#5214,
    #5215,#5216,#5217,#5218,#5219,#5220,#5221,#5222,#5223,#5224,#5225,
    #5226,#5227,#5228,#5229,#5230,#5231),.UNSPECIFIED.,.F.,.F.,(8,6,6,6,
    6,6,6,6,6,6,6,6,6,6,6,6,6,6,8),(0.,8.47913224655E-02,0.116149877198,
    0.177419228707,0.23853227629,0.269900454247,0.300549612212,
    0.366022658445,0.495380202836,0.545987125291,0.602406524064,
    0.633047713158,0.66320119141,0.727532435042,0.78850255966,
    0.818646104967,0.849265735376,0.905527918297,1.),.UNSPECIFIED.);
#5122 = CARTESIAN_POINT('',(29.175548097899,2.207920754902,
    6.726182717387));
#5123 = CARTESIAN_POINT('',(29.167164599597,2.119699436729,
    6.781040094542));
#5124 = CARTESIAN_POINT('',(29.159016749091,2.035902245483,
    6.843030999717));
#5125 = CARTESIAN_POINT('',(29.151203931091,1.957226490451,
    6.911725117143));
#5126 = CARTESIAN_POINT('',(29.143825638431,1.884303386637,
    6.986614404662));
#5127 = CARTESIAN_POINT('',(29.136978223833,1.817702351582,
    7.067123261941));
#5128 = CARTESIAN_POINT('',(29.130750887044,1.757926595291,
    7.152610764503));
#5129 = CARTESIAN_POINT('',(29.123175729527,1.68597398225,7.275558949487
    ));
#5130 = CARTESIAN_POINT('',(29.121225879104,1.667538969154,
    7.309337357766));
#5131 = CARTESIAN_POINT('',(29.119375263692,1.650116253589,7.34366464633
    ));
#5132 = CARTESIAN_POINT('',(29.117627528268,1.63372546862,7.378504397048
    ));
#5133 = CARTESIAN_POINT('',(29.115986045182,1.618384590752,
    7.413819315737));
#5134 = CARTESIAN_POINT('',(29.114453914151,1.604109939933,7.44957123216
    ));
#5135 = CARTESIAN_POINT('',(29.110259614646,1.565137786727,
    7.556351873042));
#5136 = CARTESIAN_POINT('',(29.107913376413,1.543484962807,
    7.628503927088));
#5137 = CARTESIAN_POINT('',(29.106016281632,1.526067545199,
    7.701883819403));
#5138 = CARTESIAN_POINT('',(29.104584543576,1.512968578751,
    7.776190944719));
#5139 = CARTESIAN_POINT('',(29.103629241482,1.504243834387,
    7.851118635648));
#5140 = CARTESIAN_POINT('',(29.103156007315,1.499921327735,
    7.926355263057));
#5141 = CARTESIAN_POINT('',(29.103173395561,1.500080144956,
    8.076623490782));
#5142 = CARTESIAN_POINT('',(29.103661562667,1.504539040148,8.15165880371
    ));
#5143 = CARTESIAN_POINT('',(29.104629206485,1.513377062607,
    8.226378208132));
#5144 = CARTESIAN_POINT('',(29.106070619615,1.526565810073,
    8.300472518425));
#5145 = CARTESIAN_POINT('',(29.107974706732,1.544049418639,
    8.373637514371));
#5146 = CARTESIAN_POINT('',(29.110325296671,1.565745042632,
    8.445575025086));
#5147 = CARTESIAN_POINT('',(29.114526404132,1.604785112516,
    8.552138755032));
#5148 = CARTESIAN_POINT('',(29.116063506833,1.619107949149,
    8.587883981437));
#5149 = CARTESIAN_POINT('',(29.117709924423,1.634497119853,
    8.623190629786));
#5150 = CARTESIAN_POINT('',(29.119462546303,1.650936242885,8.65802051682
    ));
#5151 = CARTESIAN_POINT('',(29.121317989476,1.668407279304,
    8.692336338398));
#5152 = CARTESIAN_POINT('',(29.123272598547,1.68689053297,8.726101669499
    ));
#5153 = CARTESIAN_POINT('',(29.127325306384,1.725392383248,
    8.791699724614));
#5154 = CARTESIAN_POINT('',(29.129419118327,1.74536615937,8.823559116922
    ));
#5155 = CARTESIAN_POINT('',(29.131600216523,1.76626606651,8.854826013208
    ));
#5156 = CARTESIAN_POINT('',(29.133864768463,1.788070876837,
    8.885468314936));
#5157 = CARTESIAN_POINT('',(29.136208774145,1.810758047091,
    8.915454952964));
#5158 = CARTESIAN_POINT('',(29.138628066082,1.834303718576,
    8.944755887554));
#5159 = CARTESIAN_POINT('',(29.146437992446,1.91076138451,9.034408287039
    ));
#5160 = CARTESIAN_POINT('',(29.152081652495,1.966644279431,
    9.092214316221));
#5161 = CARTESIAN_POINT('',(29.158007134932,2.026084680997,
    9.146476109874));
#5162 = CARTESIAN_POINT('',(29.164170003283,2.088813298834,
    9.196935478215));
#5163 = CARTESIAN_POINT('',(29.170524605599,2.154539456322,
    9.243360730926));
#5164 = CARTESIAN_POINT('',(29.177025140935,2.222952273785,
    9.285547280382));
#5165 = CARTESIAN_POINT('',(29.196669723864,2.433543951632,
    9.397943751041));
#5166 = CARTESIAN_POINT('',(29.210110273576,2.58259917775,9.455351357057
    ));
#5167 = CARTESIAN_POINT('',(29.223598702693,2.73831171999,9.494148127636
    ));
#5168 = CARTESIAN_POINT('',(29.236809616587,2.897927525205,
    9.513478071155));
#5169 = CARTESIAN_POINT('',(29.249471052524,3.058589112335,
    9.512945201218));
#5170 = CARTESIAN_POINT('',(29.261374280556,3.217332264694,
    9.492639979528));
#5171 = CARTESIAN_POINT('',(29.276671950333,3.431344868786,
    9.437984571087));
#5172 = CARTESIAN_POINT('',(29.28083614291,3.490792375345,9.419705588559
    ));
#5173 = CARTESIAN_POINT('',(29.284854328812,3.549335376917,
    9.398559141425));
#5174 = CARTESIAN_POINT('',(29.288719783336,3.606807340134,
    9.374599507084));
#5175 = CARTESIAN_POINT('',(29.292427307707,3.663046219319,
    9.347893011011));
#5176 = CARTESIAN_POINT('',(29.295973062929,3.717894897641,
    9.318517936803));
#5177 = CARTESIAN_POINT('',(29.303124109417,3.830630922659,
    9.250940904817));
#5178 = CARTESIAN_POINT('',(29.306689568819,3.888145427192,
    9.212111583986));
#5179 = CARTESIAN_POINT('',(29.310047072201,3.943534618315,9.17020169445
    ));
#5180 = CARTESIAN_POINT('',(29.313194970878,3.996600125622,
    9.125352454799));
#5181 = CARTESIAN_POINT('',(29.316133237717,4.047156275729,
    9.077720525352));
#5182 = CARTESIAN_POINT('',(29.31886302775,4.095030636125,9.027477452014
    ));
#5183 = CARTESIAN_POINT('',(29.322756586363,4.164522333811,
    8.946205107659));
#5184 = CARTESIAN_POINT('',(29.324066006946,4.188142579791,8.91688547027
    ));
#5185 = CARTESIAN_POINT('',(29.325314837846,4.210900021818,
    8.886879851961));
#5186 = CARTESIAN_POINT('',(29.326503459901,4.232770798374,
    8.856218879555));
#5187 = CARTESIAN_POINT('',(29.327632297476,4.253732461592,
    8.824934152703));
#5188 = CARTESIAN_POINT('',(29.328701818463,4.273763977256,
    8.793058243892));
#5189 = CARTESIAN_POINT('',(29.330707162693,4.311623751255,
    8.728707392472));
#5190 = CARTESIAN_POINT('',(29.331644827893,4.329482062589,
    8.696249947216));
#5191 = CARTESIAN_POINT('',(29.33252601415,4.346401975081,8.663284327286
    ));
#5192 = CARTESIAN_POINT('',(29.333351198984,4.362366255033,
    8.629843158317));
#5193 = CARTESIAN_POINT('',(29.334120853163,4.37735911877,8.595959726969
    ));
#5194 = CARTESIAN_POINT('',(29.334835440703,4.39136623264,8.561667980924
    ));
#5195 = CARTESIAN_POINT('',(29.336903455968,4.432127787239,
    8.453045169069));
#5196 = CARTESIAN_POINT('',(29.338062901106,4.455336015057,
    8.377384799116));
#5197 = CARTESIAN_POINT('',(29.338978077626,4.473873747199,
    8.300359505747));
#5198 = CARTESIAN_POINT('',(29.339652616313,4.48764738969,8.222314836489
    ));
#5199 = CARTESIAN_POINT('',(29.340089155835,4.49659551047,8.143602424239
    ));
#5200 = CARTESIAN_POINT('',(29.340289043197,4.500688946012,
    8.064578611826));
#5201 = CARTESIAN_POINT('',(29.34021695879,4.499212475138,7.91075378168)
  );
#5202 = CARTESIAN_POINT('',(29.339969098731,4.494136273285,
    7.835944750123));
#5203 = CARTESIAN_POINT('',(29.339508406667,4.484705363252,
    7.761481917666));
#5204 = CARTESIAN_POINT('',(29.338833567096,4.470948887283,
    7.687668189316));
#5205 = CARTESIAN_POINT('',(29.337942237683,4.45292198484,7.614802398358
    ));
#5206 = CARTESIAN_POINT('',(29.336831290599,4.430705708443,
    7.543178265396));
#5207 = CARTESIAN_POINT('',(29.334837409047,4.391404864507,
    7.438428531781));
#5208 = CARTESIAN_POINT('',(29.334123191614,4.377404791174,
    7.404147105041));
#5209 = CARTESIAN_POINT('',(29.333353944791,4.362419588262,
    7.370273652356));
#5210 = CARTESIAN_POINT('',(29.332529205052,4.346463572692,7.3368420889)
  );
#5211 = CARTESIAN_POINT('',(29.331648502104,4.329552509545,
    7.303885669827));
#5212 = CARTESIAN_POINT('',(29.330711358891,4.31170361207,7.271436990272
    ));
#5213 = CARTESIAN_POINT('',(29.328707524055,4.273871049659,
    7.207115011775));
#5214 = CARTESIAN_POINT('',(29.3276390357,4.253858059998,7.175258778284)
  );
#5215 = CARTESIAN_POINT('',(29.32651131617,4.232916147775,7.143992761533
    ));
#5216 = CARTESIAN_POINT('',(29.325323898463,4.21106629791,7.113349468348
    ));
#5217 = CARTESIAN_POINT('',(29.324076358922,4.188330905165,
    7.083360435732));
#5218 = CARTESIAN_POINT('',(29.322768317241,4.164733774139,
    7.054056230858));
#5219 = CARTESIAN_POINT('',(29.318884180077,4.095404386006,
    6.972934026657));
#5220 = CARTESIAN_POINT('',(29.316163502068,4.04768344542,6.922812693813
    ));
#5221 = CARTESIAN_POINT('',(29.313235517671,3.997294570142,
    6.875286808756));
#5222 = CARTESIAN_POINT('',(29.310099075877,3.944408671687,
    6.830526565333));
#5223 = CARTESIAN_POINT('',(29.306754192909,3.889209765063,6.78868744618
    ));
#5224 = CARTESIAN_POINT('',(29.303202485691,3.831894433373,
    6.749909673885));
#5225 = CARTESIAN_POINT('',(29.293142635536,3.673227347646,
    6.654553691631));
#5226 = CARTESIAN_POINT('',(29.286263879586,3.568389594189,
    6.603762942355));
#5227 = CARTESIAN_POINT('',(29.278829342344,3.459159013965,
    6.562547045649));
#5228 = CARTESIAN_POINT('',(29.270870817798,3.346593906543,
    6.531342793755));
#5229 = CARTESIAN_POINT('',(29.262438007583,3.231791364521,
    6.510443561615));
#5230 = CARTESIAN_POINT('',(29.25360087579,3.115876582548,6.5));
#5231 = CARTESIAN_POINT('',(29.244450240085,3.,6.5));
#5232 = CYLINDRICAL_SURFACE('',#5233,1.5);
#5233 = AXIS2_PLACEMENT_3D('',#5234,#5235,#5236);
#5234 = CARTESIAN_POINT('',(33.,3.,8.));
#5235 = DIRECTION('',(-1.,0.,0.));
#5236 = DIRECTION('',(0.,0.,-1.));
#5237 = ADVANCED_FACE('',(#5238),#5365,.F.);
#5238 = FACE_BOUND('',#5239,.F.);
#5239 = EDGE_LOOP('',(#5240,#5249,#5255,#5256,#5257,#5258));
#5240 = ORIENTED_EDGE('',*,*,#5241,.F.);
#5241 = EDGE_CURVE('',#5242,#5244,#5246,.T.);
#5242 = VERTEX_POINT('',#5243);
#5243 = CARTESIAN_POINT('',(28.592436475872,-2.,6.5));
#5244 = VERTEX_POINT('',#5245);
#5245 = CARTESIAN_POINT('',(28.58103406652,-2.062077277817,
    6.501285079951));
#5246 = B_SPLINE_CURVE_WITH_KNOTS('',1,(#5247,#5248),.UNSPECIFIED.,.F.,
  .F.,(2,2),(0.,1.),.PIECEWISE_BEZIER_KNOTS.);
#5247 = CARTESIAN_POINT('',(28.592436475872,-2.,6.5));
#5248 = CARTESIAN_POINT('',(28.58103406652,-2.062077277817,
    6.501285079951));
#5249 = ORIENTED_EDGE('',*,*,#5250,.F.);
#5250 = EDGE_CURVE('',#1321,#5242,#5251,.T.);
#5251 = LINE('',#5252,#5253);
#5252 = CARTESIAN_POINT('',(33.,-2.,6.5));
#5253 = VECTOR('',#5254,1.);
#5254 = DIRECTION('',(-1.,0.,0.));
#5255 = ORIENTED_EDGE('',*,*,#1320,.T.);
#5256 = ORIENTED_EDGE('',*,*,#1419,.T.);
#5257 = ORIENTED_EDGE('',*,*,#5250,.T.);
#5258 = ORIENTED_EDGE('',*,*,#5259,.F.);
#5259 = EDGE_CURVE('',#5244,#5242,#5260,.T.);
#5260 = B_SPLINE_CURVE_WITH_KNOTS('',7,(#5261,#5262,#5263,#5264,#5265,
    #5266,#5267,#5268,#5269,#5270,#5271,#5272,#5273,#5274,#5275,#5276,
    #5277,#5278,#5279,#5280,#5281,#5282,#5283,#5284,#5285,#5286,#5287,
    #5288,#5289,#5290,#5291,#5292,#5293,#5294,#5295,#5296,#5297,#5298,
    #5299,#5300,#5301,#5302,#5303,#5304,#5305,#5306,#5307,#5308,#5309,
    #5310,#5311,#5312,#5313,#5314,#5315,#5316,#5317,#5318,#5319,#5320,
    #5321,#5322,#5323,#5324,#5325,#5326,#5327,#5328,#5329,#5330,#5331,
    #5332,#5333,#5334,#5335,#5336,#5337,#5338,#5339,#5340,#5341,#5342,
    #5343,#5344,#5345,#5346,#5347,#5348,#5349,#5350,#5351,#5352,#5353,
    #5354,#5355,#5356,#5357,#5358,#5359,#5360,#5361,#5362,#5363,#5364),
  .UNSPECIFIED.,.F.,.F.,(8,6,6,6,6,6,6,6,6,6,6,6,6,6,6,6,6,8),(0.,
    0.14170736246,0.176877653902,0.197913566218,0.244988286372,
    0.313512827694,0.348597713414,0.386232004105,0.463867051616,
    0.59051466072,0.639056203755,0.671436298064,0.694013372717,
    0.748646649951,0.802513411732,0.82501590551,0.855884537447,1.),
  .UNSPECIFIED.);
#5261 = CARTESIAN_POINT('',(28.58103406652,-2.062077277817,
    6.501285079951));
#5262 = CARTESIAN_POINT('',(28.546459363068,-2.249624024576,6.5090533295
    ));
#5263 = CARTESIAN_POINT('',(28.511238461415,-2.435857859526,
    6.544195494305));
#5264 = CARTESIAN_POINT('',(28.476248209564,-2.616119312655,
    6.60642139111));
#5265 = CARTESIAN_POINT('',(28.44245753465,-2.785967302682,
    6.694527421881));
#5266 = CARTESIAN_POINT('',(28.410905696426,-2.941227536653,
    6.806578639333));
#5267 = CARTESIAN_POINT('',(28.382653836908,-3.077964187547,
    6.939853466455));
#5268 = CARTESIAN_POINT('',(28.352662895353,-3.221385133679,
    7.127973164645));
#5269 = CARTESIAN_POINT('',(28.346959457571,-3.248559068992,
    7.166454213449));
#5270 = CARTESIAN_POINT('',(28.341530160832,-3.274338695306,
    7.205953656696));
#5271 = CARTESIAN_POINT('',(28.336388391102,-3.298676753281,
    7.246411310978));
#5272 = CARTESIAN_POINT('',(28.331546729917,-3.321529197299,7.2877638082
    ));
#5273 = CARTESIAN_POINT('',(28.327016954391,-3.342855195464,
    7.329944595586));
#5274 = CARTESIAN_POINT('',(28.320293812933,-3.374437057623,
    7.39856663991));
#5275 = CARTESIAN_POINT('',(28.317893055138,-3.385697541796,
    7.424520762103));
#5276 = CARTESIAN_POINT('',(28.315610086941,-3.396390591739,
    7.45073138373));
#5277 = CARTESIAN_POINT('',(28.313447081707,-3.406508751824,
    7.477183252746));
#5278 = CARTESIAN_POINT('',(28.311406063042,-3.416045101169,
    7.503860783574));
#5279 = CARTESIAN_POINT('',(28.309488904793,-3.424993253638,
    7.530748057114));
#5280 = CARTESIAN_POINT('',(28.30368810002,-3.452042392865,
    7.618430868798));
#5281 = CARTESIAN_POINT('',(28.300307662521,-3.467762965573,
    7.680003400636));
#5282 = CARTESIAN_POINT('',(28.297575388331,-3.480443145206,
    7.742362344515));
#5283 = CARTESIAN_POINT('',(28.295506220795,-3.490032448827,
    7.805318809884));
#5284 = CARTESIAN_POINT('',(28.294110425975,-3.496496422147,
    7.868679684349));
#5285 = CARTESIAN_POINT('',(28.29339334179,-3.499817220346,
    7.932248230657));
#5286 = CARTESIAN_POINT('',(28.293299499851,-3.500251794021,
    8.088370051283));
#5287 = CARTESIAN_POINT('',(28.294682335044,-3.4938479886,8.180943090598
    ));
#5288 = CARTESIAN_POINT('',(28.297504666433,-3.480778790782,
    8.272919744606));
#5289 = CARTESIAN_POINT('',(28.301743381251,-3.461122941762,
    8.363695298906));
#5290 = CARTESIAN_POINT('',(28.307354071719,-3.435029170602,
    8.452686746945));
#5291 = CARTESIAN_POINT('',(28.314273181079,-3.402711380812,
    8.539336047404));
#5292 = CARTESIAN_POINT('',(28.326590369082,-3.344862653222,
    8.666009117541));
#5293 = CARTESIAN_POINT('',(28.331083291413,-3.323714651269,
    8.708153715103));
#5294 = CARTESIAN_POINT('',(28.335887374311,-3.301044893245,
    8.749478681448));
#5295 = CARTESIAN_POINT('',(28.340990977497,-3.276893719442,
    8.78991777875));
#5296 = CARTESIAN_POINT('',(28.346381657338,-3.251304670054,
    8.829407916328));
#5297 = CARTESIAN_POINT('',(28.352046166839,-3.224324485178,
    8.86788915065));
#5298 = CARTESIAN_POINT('',(28.36432522645,-3.16562378222,8.945438979045
    ));
#5299 = CARTESIAN_POINT('',(28.370979026792,-3.133700869671,
    8.984347362738));
#5300 = CARTESIAN_POINT('',(28.377914722961,-3.100295512008,
    9.021959843419));
#5301 = CARTESIAN_POINT('',(28.385114485363,-3.065472029858,
    9.05821109558));
#5302 = CARTESIAN_POINT('',(28.392559945181,-3.029297629361,
    9.093040302343));
#5303 = CARTESIAN_POINT('',(28.400232351018,-2.991842111892,
    9.126390996589));
#5304 = CARTESIAN_POINT('',(28.424368997139,-2.873417279539,
    9.223851567336));
#5305 = CARTESIAN_POINT('',(28.441510616118,-2.788510369688,
    9.282979417009));
#5306 = CARTESIAN_POINT('',(28.459370736575,-2.699090960577,
    9.335134497588));
#5307 = CARTESIAN_POINT('',(28.477779787014,-2.605827773823,
    9.379940866855));
#5308 = CARTESIAN_POINT('',(28.496570382902,-2.50941607624,
    9.417096369001));
#5309 = CARTESIAN_POINT('',(28.515580450015,-2.410573883321,
    9.446370184102));
#5310 = CARTESIAN_POINT('',(28.565770534276,-2.146043471691,
    9.502254074622));
#5311 = CARTESIAN_POINT('',(28.597081017827,-1.977422160238,
    9.515541474091));
#5312 = CARTESIAN_POINT('',(28.627884887435,-1.807525083678,
    9.506713598771));
#5313 = CARTESIAN_POINT('',(28.657558249092,-1.639721275819,
    9.475693054155));
#5314 = CARTESIAN_POINT('',(28.685576422053,-1.477341388545,
    9.422951693814));
#5315 = CARTESIAN_POINT('',(28.711500706457,-1.323678128486,
    9.349528595305));
#5316 = CARTESIAN_POINT('',(28.743963670661,-1.127473970424,
    9.22184510613));
#5317 = CARTESIAN_POINT('',(28.75259816089,-1.074843778064,
    9.183690872095));
#5318 = CARTESIAN_POINT('',(28.760852123094,-1.02412112635,
    9.142860993678));
#5319 = CARTESIAN_POINT('',(28.768707629705,-0.975471859334,
    9.099468516432));
#5320 = CARTESIAN_POINT('',(28.776148765117,-0.929053477214,
    9.053639642965));
#5321 = CARTESIAN_POINT('',(28.783161409685,-0.885014284627,
    9.005513796139));
#5322 = CARTESIAN_POINT('',(28.794116680866,-0.815795066705,
    8.921710528491));
#5323 = CARTESIAN_POINT('',(28.798304129394,-0.789217397297,
    8.887222848866));
#5324 = CARTESIAN_POINT('',(28.80229170892,-0.763800529562,
    8.851825867324));
#5325 = CARTESIAN_POINT('',(28.806076084355,-0.739582923726,
    8.815566897326));
#5326 = CARTESIAN_POINT('',(28.809654245901,-0.716600501402,
    8.778495341877));
#5327 = CARTESIAN_POINT('',(28.813023509051,-0.694886645593,
    8.740662693523));
#5328 = CARTESIAN_POINT('',(28.818383439206,-0.660238194997,
    8.675250344225));
#5329 = CARTESIAN_POINT('',(28.820482655073,-0.646635842233,
    8.648034104112));
#5330 = CARTESIAN_POINT('',(28.82247835836,-0.633675555531,
    8.620491943867));
#5331 = CARTESIAN_POINT('',(28.824369811702,-0.621367047338,
    8.592642363453));
#5332 = CARTESIAN_POINT('',(28.826156344205,-0.609719329409,
    8.564504232948));
#5333 = CARTESIAN_POINT('',(28.82783735144,-0.598740712807,
    8.536096792542));
#5334 = CARTESIAN_POINT('',(28.833223433696,-0.563509678009,
    8.438093490614));
#5335 = CARTESIAN_POINT('',(28.836413551866,-0.542542578351,
    8.367283203971));
#5336 = CARTESIAN_POINT('',(28.838974895767,-0.525645955594,
    8.29528905643));
#5337 = CARTESIAN_POINT('',(28.840901900942,-0.512901854484,
    8.22239857191));
#5338 = CARTESIAN_POINT('',(28.842191007508,-0.504365511711,
    8.148905357732));
#5339 = CARTESIAN_POINT('',(28.842840474996,-0.500064949755,
    8.075107927927));
#5340 = CARTESIAN_POINT('',(28.842859782983,-0.499937094989,
    7.928544545035));
#5341 = CARTESIAN_POINT('',(28.842247451402,-0.503991757609,
    7.855775175605));
#5342 = CARTESIAN_POINT('',(28.841013265154,-0.512164721148,
    7.783290045836));
#5343 = CARTESIAN_POINT('',(28.839158836267,-0.5244300382,7.711375351712
    ));
#5344 = CARTESIAN_POINT('',(28.8366874947,-0.540736021319,7.64031276349)
  );
#5345 = CARTESIAN_POINT('',(28.833604456959,-0.561005612909,
    7.570378331578));
#5346 = CARTESIAN_POINT('',(28.828376581029,-0.595217384817,
    7.473210526233));
#5347 = CARTESIAN_POINT('',(28.826730680754,-0.605971987627,
    7.444823216174));
#5348 = CARTESIAN_POINT('',(28.824979815179,-0.617393163362,
    7.416698935483));
#5349 = CARTESIAN_POINT('',(28.823124570814,-0.629472817032,
    7.388856797508));
#5350 = CARTESIAN_POINT('',(28.821165599371,-0.642202158859,
    7.361315555678));
#5351 = CARTESIAN_POINT('',(28.81910361777,-0.655571704279,7.33409360351
    ));
#5352 = CARTESIAN_POINT('',(28.813970573158,-0.688775703781,
    7.270328985987));
#5353 = CARTESIAN_POINT('',(28.810809371768,-0.709165826721,
    7.234083623749));
#5354 = CARTESIAN_POINT('',(28.807457814002,-0.730715274853,
    7.198519509714));
#5355 = CARTESIAN_POINT('',(28.803918176085,-0.753395556619,
    7.163681565881));
#5356 = CARTESIAN_POINT('',(28.800193000436,-0.777176056807,
    7.129613014425));
#5357 = CARTESIAN_POINT('',(28.796285095663,-0.802024036548,
    7.096355377698));
#5358 = CARTESIAN_POINT('',(28.773114071141,-0.948732604678,
    6.912651351845));
#5359 = CARTESIAN_POINT('',(28.750104732298,-1.092134098099,
    6.779815971099));
#5360 = CARTESIAN_POINT('',(28.723501802062,-1.254463653054,
    6.669704759911));
#5361 = CARTESIAN_POINT('',(28.693760249879,-1.431268519085,
    6.585236221697));
#5362 = CARTESIAN_POINT('',(28.66145942823,-1.617824024129,
    6.528337025708));
#5363 = CARTESIAN_POINT('',(28.6273679814,-1.809127450533,6.5));
#5364 = CARTESIAN_POINT('',(28.592436475872,-2.,6.5));
#5365 = CYLINDRICAL_SURFACE('',#5366,1.5);
#5366 = AXIS2_PLACEMENT_3D('',#5367,#5368,#5369);
#5367 = CARTESIAN_POINT('',(33.,-2.,8.));
#5368 = DIRECTION('',(-1.,0.,0.));
#5369 = DIRECTION('',(0.,0.,-1.));
#5370 = ADVANCED_FACE('',(#5371),#5522,.F.);
#5371 = FACE_BOUND('',#5372,.F.);
#5372 = EDGE_LOOP('',(#5373,#5508,#5514,#5515,#5516,#5517));
#5373 = ORIENTED_EDGE('',*,*,#5374,.F.);
#5374 = EDGE_CURVE('',#5375,#5377,#5379,.T.);
#5375 = VERTEX_POINT('',#5376);
#5376 = CARTESIAN_POINT('',(29.389035572418,8.,6.5));
#5377 = VERTEX_POINT('',#5378);
#5378 = CARTESIAN_POINT('',(29.38817620963,8.040364157668,6.500543186759
    ));
#5379 = B_SPLINE_CURVE_WITH_KNOTS('',7,(#5380,#5381,#5382,#5383,#5384,
    #5385,#5386,#5387,#5388,#5389,#5390,#5391,#5392,#5393,#5394,#5395,
    #5396,#5397,#5398,#5399,#5400,#5401,#5402,#5403,#5404,#5405,#5406,
    #5407,#5408,#5409,#5410,#5411,#5412,#5413,#5414,#5415,#5416,#5417,
    #5418,#5419,#5420,#5421,#5422,#5423,#5424,#5425,#5426,#5427,#5428,
    #5429,#5430,#5431,#5432,#5433,#5434,#5435,#5436,#5437,#5438,#5439,
    #5440,#5441,#5442,#5443,#5444,#5445,#5446,#5447,#5448,#5449,#5450,
    #5451,#5452,#5453,#5454,#5455,#5456,#5457,#5458,#5459,#5460,#5461,
    #5462,#5463,#5464,#5465,#5466,#5467,#5468,#5469,#5470,#5471,#5472,
    #5473,#5474,#5475,#5476,#5477,#5478,#5479,#5480,#5481,#5482,#5483,
    #5484,#5485,#5486,#5487,#5488,#5489,#5490,#5491,#5492,#5493,#5494,
    #5495,#5496,#5497,#5498,#5499,#5500,#5501,#5502,#5503,#5504,#5505,
    #5506,#5507),.UNSPECIFIED.,.F.,.F.,(8,6,6,6,6,6,6,6,6,6,6,6,6,6,6,6,
    6,6,6,6,6,8),(0.,0.119879040556,0.161668995,0.18853688621,
    0.251944384301,0.296312356479,0.315053088276,0.342057628393,
    0.384236657654,0.426088197526,0.542542798057,0.616761605146,
    0.644182912617,0.664568168952,0.694734111778,0.754968284295,
    0.807837145394,0.83764406724,0.857647282234,0.882762831995,
    0.918891341,1.),.UNSPECIFIED.);
#5380 = CARTESIAN_POINT('',(29.389035572418,8.,6.5));
#5381 = CARTESIAN_POINT('',(29.392399233916,7.838970160917,6.5));
#5382 = CARTESIAN_POINT('',(29.395161616543,7.677892408843,
    6.520168516645));
#5383 = CARTESIAN_POINT('',(29.397256137686,7.519936312623,
    6.560525358956));
#5384 = CARTESIAN_POINT('',(29.398690832254,7.368105388384,
    6.620424793176));
#5385 = CARTESIAN_POINT('',(29.399542203487,7.225212284529,
    6.698740324856));
#5386 = CARTESIAN_POINT('',(29.399931452275,7.093874243143,
    6.793855770857));
#5387 = CARTESIAN_POINT('',(29.400014521272,6.935390676042,
    6.941818503533));
#5388 = CARTESIAN_POINT('',(29.399996179326,6.896096827957,
    6.981846197301));
#5389 = CARTESIAN_POINT('',(29.399943701098,6.858568761614,
    7.023565951545));
#5390 = CARTESIAN_POINT('',(29.399862940728,6.822893108358,
    7.066883733729));
#5391 = CARTESIAN_POINT('',(29.399759768958,6.789149959251,
    7.111700328847));
#5392 = CARTESIAN_POINT('',(29.399639913835,6.757412772777,
    7.157911567363));
#5393 = CARTESIAN_POINT('',(29.399424505684,6.708676179987,7.23594564906
    ));
#5394 = CARTESIAN_POINT('',(29.399335549352,6.690460730433,
    7.267014380016));
#5395 = CARTESIAN_POINT('',(29.399243392859,6.673119616677,
    7.298585854205));
#5396 = CARTESIAN_POINT('',(29.399149423457,6.656669259529,
    7.330630572861));
#5397 = CARTESIAN_POINT('',(29.399054955197,6.641124817812,
    7.363118430261));
#5398 = CARTESIAN_POINT('',(29.398961228936,6.626500188351,
    7.396018713725));
#5399 = CARTESIAN_POINT('',(29.398652727621,6.58049482514,7.507843285505
    ));
#5400 = CARTESIAN_POINT('',(29.398446598784,6.553374030386,
    7.588511754124));
#5401 = CARTESIAN_POINT('',(29.398266295212,6.531612638872,
    7.670890772854));
#5402 = CARTESIAN_POINT('',(29.398123883229,6.515335639886,
    7.754554960363));
#5403 = CARTESIAN_POINT('',(29.398027750767,6.504625796972,
    7.839070216328));
#5404 = CARTESIAN_POINT('',(29.397982132028,6.499523450053,
    7.923995647168));
#5405 = CARTESIAN_POINT('',(29.397989781022,6.500378187787,
    8.068285253247));
#5406 = CARTESIAN_POINT('',(29.398017481603,6.503474397146,
    8.127669326004));
#5407 = CARTESIAN_POINT('',(29.398069661677,6.509314026069,
    8.186885735566));
#5408 = CARTESIAN_POINT('',(29.398145176529,6.517885916396,
    8.245783458688));
#5409 = CARTESIAN_POINT('',(29.398241869713,6.529168695074,
    8.304212724565));
#5410 = CARTESIAN_POINT('',(29.398356633798,6.543130797866,
    8.362025316046));
#5411 = CARTESIAN_POINT('',(29.398539891144,6.566742092197,
    8.443172217493));
#5412 = CARTESIAN_POINT('',(29.398596823854,6.574224299067,
    8.467133510494));
#5413 = CARTESIAN_POINT('',(29.398655967183,6.582173977768,
    8.490947760902));
#5414 = CARTESIAN_POINT('',(29.398716994494,6.59058767994,8.514604084039
    ));
#5415 = CARTESIAN_POINT('',(29.398779554591,6.599461644759,8.5380916995)
  );
#5416 = CARTESIAN_POINT('',(29.398843271712,6.608791798942,
    8.561399931147));
#5417 = CARTESIAN_POINT('',(29.399000649371,6.632669111971,
    8.617830588797));
#5418 = CARTESIAN_POINT('',(29.399095133737,6.647702594744,
    8.650748620651));
#5419 = CARTESIAN_POINT('',(29.399189990289,6.663661061739,
    8.683240624531));
#5420 = CARTESIAN_POINT('',(29.399283938741,6.680530087275,
    8.715275554842));
#5421 = CARTESIAN_POINT('',(29.399375626874,6.698293963316,
    8.746822998537));
#5422 = CARTESIAN_POINT('',(29.399463630526,6.716935699469,
    8.777853175115));
#5423 = CARTESIAN_POINT('',(29.399675816914,6.766896600947,
    8.855950243981));
#5424 = CARTESIAN_POINT('',(29.399792560335,6.799453507618,
    8.902230928148));
#5425 = CARTESIAN_POINT('',(29.39989105586,6.834037905077,8.947067730943
    ));
#5426 = CARTESIAN_POINT('',(29.399965381475,6.870573027844,
    8.990354381389));
#5427 = CARTESIAN_POINT('',(29.400009488892,6.908975282395,
    9.031989834357));
#5428 = CARTESIAN_POINT('',(29.400017371271,6.949154346686,
    9.071878509213));
#5429 = CARTESIAN_POINT('',(29.399949355719,7.032547188655,
    9.147687101547));
#5430 = CARTESIAN_POINT('',(29.399874108746,7.07573553605,9.183635934582
    ));
#5431 = CARTESIAN_POINT('',(29.399751826151,7.120483548169,
    9.217689252532));
#5432 = CARTESIAN_POINT('',(29.399577056414,7.166691133405,
    9.249765822465));
#5433 = CARTESIAN_POINT('',(29.399344716366,7.214253033311,
    9.279791157675));
#5434 = CARTESIAN_POINT('',(29.399050247168,7.263058983685,
    9.307697721797));
#5435 = CARTESIAN_POINT('',(29.397686720204,7.45194092313,9.405013308531
    ));
#5436 = CARTESIAN_POINT('',(29.396172348607,7.599662714726,
    9.459746471665));
#5437 = CARTESIAN_POINT('',(29.394062988709,7.75362956644,9.496282715545
    ));
#5438 = CARTESIAN_POINT('',(29.391315462295,7.911146143845,9.51383275317
    ));
#5439 = CARTESIAN_POINT('',(29.387946915525,8.069435745613,
    9.512069121177));
#5440 = CARTESIAN_POINT('',(29.384043301231,8.225642273238,
    9.491143309144));
#5441 = CARTESIAN_POINT('',(29.377010657312,8.47330991452,9.426848867368
    ));
#5442 = CARTESIAN_POINT('',(29.37411254937,8.567763089079,9.394357561764
    ));
#5443 = CARTESIAN_POINT('',(29.371089505724,8.659557928307,
    9.354588670313));
#5444 = CARTESIAN_POINT('',(29.367985230842,8.748025853177,9.30781220802
    ));
#5445 = CARTESIAN_POINT('',(29.364849520438,8.832536569189,
    9.254369391549));
#5446 = CARTESIAN_POINT('',(29.361735748477,8.912501188482,
    9.194669513495));
#5447 = CARTESIAN_POINT('',(29.357575257033,9.015044542997,
    9.105004574638));
#5448 = CARTESIAN_POINT('',(29.356463105052,9.042015934061,
    9.080025161328));
#5449 = CARTESIAN_POINT('',(29.355363976138,9.068266789866,
    9.054280847643));
#5450 = CARTESIAN_POINT('',(29.354280562311,9.093771297697,
    9.027796634263));
#5451 = CARTESIAN_POINT('',(29.353215524215,9.118504767459,
    9.000598555534));
#5452 = CARTESIAN_POINT('',(29.352171491119,9.142443631673,
    8.972713679462));
#5453 = CARTESIAN_POINT('',(29.350392463574,9.18275441803,8.922950549626
    ));
#5454 = CARTESIAN_POINT('',(29.349646901836,9.199491868491,
    8.901366924198));
#5455 = CARTESIAN_POINT('',(29.348915437965,9.215768588599,
    8.879430762523));
#5456 = CARTESIAN_POINT('',(29.348199107499,9.231575752483,8.85715385854
    ));
#5457 = CARTESIAN_POINT('',(29.347498919252,9.246904916671,
    8.834548269035));
#5458 = CARTESIAN_POINT('',(29.34681585532,9.261748020086,8.811626313643
    ));
#5459 = CARTESIAN_POINT('',(29.345166832596,9.297331460576,
    8.754031308294));
#5460 = CARTESIAN_POINT('',(29.344222364605,9.31748441155,8.718996717844
    ));
#5461 = CARTESIAN_POINT('',(29.343320579904,9.336531314752,
    8.683337661225));
#5462 = CARTESIAN_POINT('',(29.342464385899,9.354449247815,
    8.647095965165));
#5463 = CARTESIAN_POINT('',(29.341656484593,9.371217288224,
    8.610314425384));
#5464 = CARTESIAN_POINT('',(29.340899372596,9.38681651332,8.573036806602
    ));
#5465 = CARTESIAN_POINT('',(29.338789558646,9.43001028626,8.459972125569
    ));
#5466 = CARTESIAN_POINT('',(29.337595299119,9.454063718481,
    8.382834444035));
#5467 = CARTESIAN_POINT('',(29.336630702593,9.473254971895,
    8.304253267176));
#5468 = CARTESIAN_POINT('',(29.335909738747,9.487483155225,
    8.224595463867));
#5469 = CARTESIAN_POINT('',(29.335441846464,9.496682093954,8.14423482003
    ));
#5470 = CARTESIAN_POINT('',(29.335231573425,9.500820613312,
    8.063550556034));
#5471 = CARTESIAN_POINT('',(29.335319154642,9.499097254928,
    7.912159757061));
#5472 = CARTESIAN_POINT('',(29.335558027406,9.494396350576,7.84143674544
    ));
#5473 = CARTESIAN_POINT('',(29.335994464683,9.485803127835,
    7.771015347466));
#5474 = CARTESIAN_POINT('',(29.336625014457,9.473341507833,
    7.701151567442));
#5475 = CARTESIAN_POINT('',(29.337443329657,9.457056168733,
    7.632098123862));
#5476 = CARTESIAN_POINT('',(29.338440355804,9.437012401278,
    7.564103697524));
#5477 = CARTESIAN_POINT('',(29.340260861744,9.399924880351,
    7.459812185613));
#5478 = CARTESIAN_POINT('',(29.340970351972,9.385386276865,
    7.422625901357));
#5479 = CARTESIAN_POINT('',(29.341730899331,9.369695481188,
    7.385896842164));
#5480 = CARTESIAN_POINT('',(29.342540207893,9.352869748066,
    7.349667644659));
#5481 = CARTESIAN_POINT('',(29.343395775813,9.334928259689,
    7.313980066794));
#5482 = CARTESIAN_POINT('',(29.344294895334,9.315892125688,
    7.278874987852));
#5483 = CARTESIAN_POINT('',(29.345865317377,9.28229021895,7.22125139264)
  );
#5484 = CARTESIAN_POINT('',(29.346514292123,9.268313415607,
    7.198390684922));
#5485 = CARTESIAN_POINT('',(29.347180701068,9.253860924709,
    7.175822350125));
#5486 = CARTESIAN_POINT('',(29.347863640785,9.238940058291,
    7.153558218578));
#5487 = CARTESIAN_POINT('',(29.348562180374,9.223558488821,
    7.131609886105));
#5488 = CARTESIAN_POINT('',(29.34927536146,9.207724249204,7.109988714021
    ));
#5489 = CARTESIAN_POINT('',(29.350914796706,9.17100682386,7.061983557021
    ));
#5490 = CARTESIAN_POINT('',(29.351848933619,9.149867493635,
    7.035794541133));
#5491 = CARTESIAN_POINT('',(29.352802650874,9.128044372516,
    7.010160824168));
#5492 = CARTESIAN_POINT('',(29.35377395885,9.105554903715,6.985103749112
    ));
#5493 = CARTESIAN_POINT('',(29.354760836371,9.082417343243,
    6.960643959242));
#5494 = CARTESIAN_POINT('',(29.355761230705,9.058650759911,
    6.936801398123));
#5495 = CARTESIAN_POINT('',(29.35822856206,8.999210758679,6.880213544703
    ));
#5496 = CARTESIAN_POINT('',(29.35970778317,8.962885795935,6.848148592515
    ));
#5497 = CARTESIAN_POINT('',(29.361204463822,8.925359500532,
    6.817457884818));
#5498 = CARTESIAN_POINT('',(29.362712433256,8.886694128122,6.78819523914
    ));
#5499 = CARTESIAN_POINT('',(29.364225607022,8.846954836585,
    6.760410858767));
#5500 = CARTESIAN_POINT('',(29.365737986977,8.806209686022,
    6.734151332742));
#5501 = CARTESIAN_POINT('',(29.370623906621,8.670957752347,
    6.654026669564));
#5502 = CARTESIAN_POINT('',(29.373970862755,8.572665205021,
    6.606490291783));
#5503 = CARTESIAN_POINT('',(29.377218255951,8.47046494942,6.567344958652
    ));
#5504 = CARTESIAN_POINT('',(29.380305868908,8.365218576768,
    6.536966508988));
#5505 = CARTESIAN_POINT('',(29.383183758726,8.257826191021,
    6.515623557237));
#5506 = CARTESIAN_POINT('',(29.385814893797,8.149220362023,6.50347350723
    ));
#5507 = CARTESIAN_POINT('',(29.38817620963,8.040364157668,6.500543186759
    ));
#5508 = ORIENTED_EDGE('',*,*,#5509,.F.);
#5509 = EDGE_CURVE('',#1430,#5375,#5510,.T.);
#5510 = LINE('',#5511,#5512);
#5511 = CARTESIAN_POINT('',(33.,8.,6.5));
#5512 = VECTOR('',#5513,1.);
#5513 = DIRECTION('',(-1.,0.,0.));
#5514 = ORIENTED_EDGE('',*,*,#1429,.T.);
#5515 = ORIENTED_EDGE('',*,*,#1534,.T.);
#5516 = ORIENTED_EDGE('',*,*,#5509,.T.);
#5517 = ORIENTED_EDGE('',*,*,#5518,.F.);
#5518 = EDGE_CURVE('',#5377,#5375,#5519,.T.);
#5519 = B_SPLINE_CURVE_WITH_KNOTS('',1,(#5520,#5521),.UNSPECIFIED.,.F.,
  .F.,(2,2),(0.,1.),.PIECEWISE_BEZIER_KNOTS.);
#5520 = CARTESIAN_POINT('',(29.38817620963,8.040364157668,6.500543186759
    ));
#5521 = CARTESIAN_POINT('',(29.389035572418,8.,6.5));
#5522 = CYLINDRICAL_SURFACE('',#5523,1.5);
#5523 = AXIS2_PLACEMENT_3D('',#5524,#5525,#5526);
#5524 = CARTESIAN_POINT('',(33.,8.,8.));
#5525 = DIRECTION('',(-1.,0.,0.));
#5526 = DIRECTION('',(0.,0.,-1.));
#5527 = ADVANCED_FACE('',(#5528),#5558,.F.);
#5528 = FACE_BOUND('',#5529,.F.);
#5529 = EDGE_LOOP('',(#5530,#5531,#5532,#5533,#5542,#5551));
#5530 = ORIENTED_EDGE('',*,*,#1700,.T.);
#5531 = ORIENTED_EDGE('',*,*,#1638,.T.);
#5532 = ORIENTED_EDGE('',*,*,#1578,.F.);
#5533 = ORIENTED_EDGE('',*,*,#5534,.F.);
#5534 = EDGE_CURVE('',#5535,#1579,#5537,.T.);
#5535 = VERTEX_POINT('',#5536);
#5536 = CARTESIAN_POINT('',(27.6,24.,3.));
#5537 = CIRCLE('',#5538,3.6);
#5538 = AXIS2_PLACEMENT_3D('',#5539,#5540,#5541);
#5539 = CARTESIAN_POINT('',(24.,24.,3.));
#5540 = DIRECTION('',(0.,0.,1.));
#5541 = DIRECTION('',(1.,0.,-0.));
#5542 = ORIENTED_EDGE('',*,*,#5543,.F.);
#5543 = EDGE_CURVE('',#5544,#5535,#5546,.T.);
#5544 = VERTEX_POINT('',#5545);
#5545 = CARTESIAN_POINT('',(27.033980748626,22.062227872798,3.));
#5546 = CIRCLE('',#5547,3.6);
#5547 = AXIS2_PLACEMENT_3D('',#5548,#5549,#5550);
#5548 = CARTESIAN_POINT('',(24.,24.,3.));
#5549 = DIRECTION('',(0.,0.,1.));
#5550 = DIRECTION('',(1.,0.,-0.));
#5551 = ORIENTED_EDGE('',*,*,#5552,.F.);
#5552 = EDGE_CURVE('',#1701,#5544,#5553,.T.);
#5553 = ELLIPSE('',#5554,38.45,29.4);
#5554 = AXIS2_PLACEMENT_3D('',#5555,#5556,#5557);
#5555 = CARTESIAN_POINT('',(0.,6.95,3.));
#5556 = DIRECTION('',(0.,-0.,1.));
#5557 = DIRECTION('',(0.,1.,0.));
#5558 = PLANE('',#5559);
#5559 = AXIS2_PLACEMENT_3D('',#5560,#5561,#5562);
#5560 = CARTESIAN_POINT('',(0.,5.,3.));
#5561 = DIRECTION('',(0.,-0.,1.));
#5562 = DIRECTION('',(0.,1.,0.));
#5563 = ADVANCED_FACE('',(#5564),#5582,.F.);
#5564 = FACE_BOUND('',#5565,.F.);
#5565 = EDGE_LOOP('',(#5566,#5574,#5575));
#5566 = ORIENTED_EDGE('',*,*,#5567,.T.);
#5567 = EDGE_CURVE('',#5568,#1579,#5570,.T.);
#5568 = VERTEX_POINT('',#5569);
#5569 = CARTESIAN_POINT('',(25.316046525432,26.499999999999,3.));
#5570 = LINE('',#5571,#5572);
#5571 = CARTESIAN_POINT('',(24.,26.5,3.));
#5572 = VECTOR('',#5573,1.);
#5573 = DIRECTION('',(1.,0.,-0.));
#5574 = ORIENTED_EDGE('',*,*,#1623,.T.);
#5575 = ORIENTED_EDGE('',*,*,#5576,.F.);
#5576 = EDGE_CURVE('',#5568,#1615,#5577,.T.);
#5577 = ELLIPSE('',#5578,38.45,29.4);
#5578 = AXIS2_PLACEMENT_3D('',#5579,#5580,#5581);
#5579 = CARTESIAN_POINT('',(0.,6.95,3.));
#5580 = DIRECTION('',(0.,-0.,1.));
#5581 = DIRECTION('',(0.,1.,0.));
#5582 = PLANE('',#5583);
#5583 = AXIS2_PLACEMENT_3D('',#5584,#5585,#5586);
#5584 = CARTESIAN_POINT('',(0.,5.,3.));
#5585 = DIRECTION('',(0.,-0.,1.));
#5586 = DIRECTION('',(0.,1.,0.));
#5587 = ADVANCED_FACE('',(#5588),#5615,.F.);
#5588 = FACE_BOUND('',#5589,.F.);
#5589 = EDGE_LOOP('',(#5590,#5601,#5609,#5610));
#5590 = ORIENTED_EDGE('',*,*,#5591,.F.);
#5591 = EDGE_CURVE('',#5592,#5594,#5596,.T.);
#5592 = VERTEX_POINT('',#5593);
#5593 = CARTESIAN_POINT('',(24.849494805496,27.49833654405,3.01));
#5594 = VERTEX_POINT('',#5595);
#5595 = CARTESIAN_POINT('',(0.,45.4,3.01));
#5596 = ELLIPSE('',#5597,38.45,29.4);
#5597 = AXIS2_PLACEMENT_3D('',#5598,#5599,#5600);
#5598 = CARTESIAN_POINT('',(0.,6.95,3.01));
#5599 = DIRECTION('',(0.,-0.,1.));
#5600 = DIRECTION('',(0.,1.,0.));
#5601 = ORIENTED_EDGE('',*,*,#5602,.F.);
#5602 = EDGE_CURVE('',#1615,#5592,#5603,.T.);
#5603 = B_SPLINE_CURVE_WITH_KNOTS('',4,(#5604,#5605,#5606,#5607,#5608),
  .UNSPECIFIED.,.F.,.F.,(5,5),(0.,1.),.PIECEWISE_BEZIER_KNOTS.);
#5604 = CARTESIAN_POINT('',(24.849494861857,27.498336530364,3.));
#5605 = CARTESIAN_POINT('',(24.849494861857,27.498336530364,
    3.002500020366));
#5606 = CARTESIAN_POINT('',(24.849494861857,27.498336530364,
    3.005031835417));
#5607 = CARTESIAN_POINT('',(24.849494861857,27.498336530364,
    3.007517260952));
#5608 = CARTESIAN_POINT('',(24.849494861857,27.498336530364,3.010006));
#5609 = ORIENTED_EDGE('',*,*,#1614,.T.);
#5610 = ORIENTED_EDGE('',*,*,#5611,.T.);
#5611 = EDGE_CURVE('',#1606,#5594,#5612,.T.);
#5612 = B_SPLINE_CURVE_WITH_KNOTS('',1,(#5613,#5614),.UNSPECIFIED.,.F.,
  .F.,(2,2),(0.,1.),.PIECEWISE_BEZIER_KNOTS.);
#5613 = CARTESIAN_POINT('',(2.387277308915E-14,45.4,3.));
#5614 = CARTESIAN_POINT('',(2.387277308915E-14,45.4,13.));
#5615 = B_SPLINE_SURFACE_WITH_KNOTS('',14,1,(
    (#5616,#5617)
    ,(#5618,#5619)
    ,(#5620,#5621)
    ,(#5622,#5623)
    ,(#5624,#5625)
    ,(#5626,#5627)
    ,(#5628,#5629)
    ,(#5630,#5631)
    ,(#5632,#5633)
    ,(#5634,#5635)
    ,(#5636,#5637)
    ,(#5638,#5639)
    ,(#5640,#5641)
    ,(#5642,#5643)
    ,(#5644,#5645
    )),.UNSPECIFIED.,.T.,.F.,.F.,(15,15),(2,2),(0.,6.28318530718),(0.,1.
    ),.PIECEWISE_BEZIER_KNOTS.);
#5616 = CARTESIAN_POINT('',(2.387277308915E-14,45.4,3.));
#5617 = CARTESIAN_POINT('',(2.387277308915E-14,45.4,13.));
#5618 = CARTESIAN_POINT('',(-13.19468914508,45.400000000007,3.));
#5619 = CARTESIAN_POINT('',(-13.19468914508,45.400000000007,13.));
#5620 = CARTESIAN_POINT('',(-26.38938316061,37.059642811853,
    2.999999999999));
#5621 = CARTESIAN_POINT('',(-26.38938316061,37.059642811853,13.));
#5622 = CARTESIAN_POINT('',(-36.24488878925,20.378917773348,
    3.000000000002));
#5623 = CARTESIAN_POINT('',(-36.24488878925,20.378917773348,
    12.999999999996));
#5624 = CARTESIAN_POINT('',(-39.42238931727,-2.147678136759,
    2.999999999998));
#5625 = CARTESIAN_POINT('',(-39.42238931727,-2.147678136759,
    13.000000000017));
#5626 = CARTESIAN_POINT('',(-33.77991971371,-25.53162414242,
    2.999999999999));
#5627 = CARTESIAN_POINT('',(-33.77991971371,-25.53162414242,
    12.999999999957));
#5628 = CARTESIAN_POINT('',(-19.57702621074,-43.38265342888,
    3.000000000004));
#5629 = CARTESIAN_POINT('',(-19.57702621074,-43.38265342888,
    13.000000000076));
#5630 = CARTESIAN_POINT('',(-4.214797399982E-10,-50.10320974865,
    2.999999999992));
#5631 = CARTESIAN_POINT('',(-4.214797399982E-10,-50.10320974865,
    12.9999999999));
#5632 = CARTESIAN_POINT('',(19.577026211518,-43.38265342888,
    3.000000000009));
#5633 = CARTESIAN_POINT('',(19.577026211518,-43.38265342888,
    13.000000000102));
#5634 = CARTESIAN_POINT('',(33.779919713125,-25.53162414241,
    2.999999999992));
#5635 = CARTESIAN_POINT('',(33.779919713125,-25.53162414241,
    12.999999999918));
#5636 = CARTESIAN_POINT('',(39.422389317648,-2.147678136769,
    3.000000000005));
#5637 = CARTESIAN_POINT('',(39.422389317648,-2.147678136769,
    13.000000000052));
#5638 = CARTESIAN_POINT('',(36.24488878907,20.378917773354,
    2.999999999997));
#5639 = CARTESIAN_POINT('',(36.24488878907,20.378917773354,
    12.999999999974));
#5640 = CARTESIAN_POINT('',(26.389383160681,37.05964281185,
    3.000000000001));
#5641 = CARTESIAN_POINT('',(26.389383160681,37.05964281185,
    13.000000000009));
#5642 = CARTESIAN_POINT('',(13.194689145071,45.400000000008,3.));
#5643 = CARTESIAN_POINT('',(13.194689145071,45.400000000008,
    12.999999999998));
#5644 = CARTESIAN_POINT('',(-3.458587638071E-14,45.4,3.));
#5645 = CARTESIAN_POINT('',(-3.458587638071E-14,45.4,13.));
#5646 = ADVANCED_FACE('',(#5647),#5668,.F.);
#5647 = FACE_BOUND('',#5648,.F.);
#5648 = EDGE_LOOP('',(#5649,#5650,#5651,#5661));
#5649 = ORIENTED_EDGE('',*,*,#5611,.F.);
#5650 = ORIENTED_EDGE('',*,*,#1605,.T.);
#5651 = ORIENTED_EDGE('',*,*,#5652,.T.);
#5652 = EDGE_CURVE('',#1597,#5653,#5655,.T.);
#5653 = VERTEX_POINT('',#5654);
#5654 = CARTESIAN_POINT('',(-24.84949480549,27.49833654405,3.01));
#5655 = B_SPLINE_CURVE_WITH_KNOTS('',4,(#5656,#5657,#5658,#5659,#5660),
  .UNSPECIFIED.,.F.,.F.,(5,5),(0.,1.),.PIECEWISE_BEZIER_KNOTS.);
#5656 = CARTESIAN_POINT('',(-24.84949486185,27.498336530364,3.));
#5657 = CARTESIAN_POINT('',(-24.84949486185,27.498336530364,3.0025015));
#5658 = CARTESIAN_POINT('',(-24.84949486185,27.498336530364,3.005003));
#5659 = CARTESIAN_POINT('',(-24.84949486185,27.498336530364,3.0075045));
#5660 = CARTESIAN_POINT('',(-24.84949486185,27.498336530364,3.010006));
#5661 = ORIENTED_EDGE('',*,*,#5662,.F.);
#5662 = EDGE_CURVE('',#5594,#5653,#5663,.T.);
#5663 = ELLIPSE('',#5664,38.45,29.4);
#5664 = AXIS2_PLACEMENT_3D('',#5665,#5666,#5667);
#5665 = CARTESIAN_POINT('',(0.,6.95,3.01));
#5666 = DIRECTION('',(0.,-0.,1.));
#5667 = DIRECTION('',(0.,1.,0.));
#5668 = B_SPLINE_SURFACE_WITH_KNOTS('',14,1,(
    (#5669,#5670)
    ,(#5671,#5672)
    ,(#5673,#5674)
    ,(#5675,#5676)
    ,(#5677,#5678)
    ,(#5679,#5680)
    ,(#5681,#5682)
    ,(#5683,#5684)
    ,(#5685,#5686)
    ,(#5687,#5688)
    ,(#5689,#5690)
    ,(#5691,#5692)
    ,(#5693,#5694)
    ,(#5695,#5696)
    ,(#5697,#5698
    )),.UNSPECIFIED.,.T.,.F.,.F.,(15,15),(2,2),(0.,6.28318530718),(0.,1.
    ),.PIECEWISE_BEZIER_KNOTS.);
#5669 = CARTESIAN_POINT('',(2.387277308915E-14,45.4,3.));
#5670 = CARTESIAN_POINT('',(2.387277308915E-14,45.4,13.));
#5671 = CARTESIAN_POINT('',(-13.19468914508,45.400000000007,3.));
#5672 = CARTESIAN_POINT('',(-13.19468914508,45.400000000007,13.));
#5673 = CARTESIAN_POINT('',(-26.38938316061,37.059642811853,
    2.999999999999));
#5674 = CARTESIAN_POINT('',(-26.38938316061,37.059642811853,13.));
#5675 = CARTESIAN_POINT('',(-36.24488878925,20.378917773348,
    3.000000000002));
#5676 = CARTESIAN_POINT('',(-36.24488878925,20.378917773348,
    12.999999999996));
#5677 = CARTESIAN_POINT('',(-39.42238931727,-2.147678136759,
    2.999999999998));
#5678 = CARTESIAN_POINT('',(-39.42238931727,-2.147678136759,
    13.000000000017));
#5679 = CARTESIAN_POINT('',(-33.77991971371,-25.53162414242,
    2.999999999999));
#5680 = CARTESIAN_POINT('',(-33.77991971371,-25.53162414242,
    12.999999999957));
#5681 = CARTESIAN_POINT('',(-19.57702621074,-43.38265342888,
    3.000000000004));
#5682 = CARTESIAN_POINT('',(-19.57702621074,-43.38265342888,
    13.000000000076));
#5683 = CARTESIAN_POINT('',(-4.214797399982E-10,-50.10320974865,
    2.999999999992));
#5684 = CARTESIAN_POINT('',(-4.214797399982E-10,-50.10320974865,
    12.9999999999));
#5685 = CARTESIAN_POINT('',(19.577026211518,-43.38265342888,
    3.000000000009));
#5686 = CARTESIAN_POINT('',(19.577026211518,-43.38265342888,
    13.000000000102));
#5687 = CARTESIAN_POINT('',(33.779919713125,-25.53162414241,
    2.999999999992));
#5688 = CARTESIAN_POINT('',(33.779919713125,-25.53162414241,
    12.999999999918));
#5689 = CARTESIAN_POINT('',(39.422389317648,-2.147678136769,
    3.000000000005));
#5690 = CARTESIAN_POINT('',(39.422389317648,-2.147678136769,
    13.000000000052));
#5691 = CARTESIAN_POINT('',(36.24488878907,20.378917773354,
    2.999999999997));
#5692 = CARTESIAN_POINT('',(36.24488878907,20.378917773354,
    12.999999999974));
#5693 = CARTESIAN_POINT('',(26.389383160681,37.05964281185,
    3.000000000001));
#5694 = CARTESIAN_POINT('',(26.389383160681,37.05964281185,
    13.000000000009));
#5695 = CARTESIAN_POINT('',(13.194689145071,45.400000000008,3.));
#5696 = CARTESIAN_POINT('',(13.194689145071,45.400000000008,
    12.999999999998));
#5697 = CARTESIAN_POINT('',(-3.458587638071E-14,45.4,3.));
#5698 = CARTESIAN_POINT('',(-3.458587638071E-14,45.4,13.));
#5699 = ADVANCED_FACE('',(#5700),#5718,.F.);
#5700 = FACE_BOUND('',#5701,.F.);
#5701 = EDGE_LOOP('',(#5702,#5703,#5711));
#5702 = ORIENTED_EDGE('',*,*,#1596,.T.);
#5703 = ORIENTED_EDGE('',*,*,#5704,.T.);
#5704 = EDGE_CURVE('',#1589,#5705,#5707,.T.);
#5705 = VERTEX_POINT('',#5706);
#5706 = CARTESIAN_POINT('',(-25.31604652543,26.499999999999,3.));
#5707 = LINE('',#5708,#5709);
#5708 = CARTESIAN_POINT('',(-32.,26.5,3.));
#5709 = VECTOR('',#5710,1.);
#5710 = DIRECTION('',(1.,0.,-0.));
#5711 = ORIENTED_EDGE('',*,*,#5712,.F.);
#5712 = EDGE_CURVE('',#1597,#5705,#5713,.T.);
#5713 = ELLIPSE('',#5714,38.45,29.4);
#5714 = AXIS2_PLACEMENT_3D('',#5715,#5716,#5717);
#5715 = CARTESIAN_POINT('',(0.,6.95,3.));
#5716 = DIRECTION('',(0.,-0.,1.));
#5717 = DIRECTION('',(0.,1.,0.));
#5718 = PLANE('',#5719);
#5719 = AXIS2_PLACEMENT_3D('',#5720,#5721,#5722);
#5720 = CARTESIAN_POINT('',(0.,5.,3.));
#5721 = DIRECTION('',(0.,-0.,1.));
#5722 = DIRECTION('',(0.,1.,0.));
#5723 = ADVANCED_FACE('',(#5724),#5745,.F.);
#5724 = FACE_BOUND('',#5725,.F.);
#5725 = EDGE_LOOP('',(#5726,#5727,#5728,#5729,#5738));
#5726 = ORIENTED_EDGE('',*,*,#1588,.F.);
#5727 = ORIENTED_EDGE('',*,*,#1903,.T.);
#5728 = ORIENTED_EDGE('',*,*,#1861,.T.);
#5729 = ORIENTED_EDGE('',*,*,#5730,.F.);
#5730 = EDGE_CURVE('',#5731,#1862,#5733,.T.);
#5731 = VERTEX_POINT('',#5732);
#5732 = CARTESIAN_POINT('',(-27.03398074862,22.062227872798,3.));
#5733 = ELLIPSE('',#5734,38.45,29.4);
#5734 = AXIS2_PLACEMENT_3D('',#5735,#5736,#5737);
#5735 = CARTESIAN_POINT('',(0.,6.95,3.));
#5736 = DIRECTION('',(0.,-0.,1.));
#5737 = DIRECTION('',(0.,1.,0.));
#5738 = ORIENTED_EDGE('',*,*,#5739,.F.);
#5739 = EDGE_CURVE('',#1589,#5731,#5740,.T.);
#5740 = CIRCLE('',#5741,3.6);
#5741 = AXIS2_PLACEMENT_3D('',#5742,#5743,#5744);
#5742 = CARTESIAN_POINT('',(-24.,24.,3.));
#5743 = DIRECTION('',(0.,0.,1.));
#5744 = DIRECTION('',(1.,0.,-0.));
#5745 = PLANE('',#5746);
#5746 = AXIS2_PLACEMENT_3D('',#5747,#5748,#5749);
#5747 = CARTESIAN_POINT('',(0.,5.,3.));
#5748 = DIRECTION('',(0.,-0.,1.));
#5749 = DIRECTION('',(0.,1.,0.));
#5750 = ADVANCED_FACE('',(#5751),#5769,.F.);
#5751 = FACE_BOUND('',#5752,.F.);
#5752 = EDGE_LOOP('',(#5753,#5761,#5762));
#5753 = ORIENTED_EDGE('',*,*,#5754,.T.);
#5754 = EDGE_CURVE('',#5755,#1683,#5757,.T.);
#5755 = VERTEX_POINT('',#5756);
#5756 = CARTESIAN_POINT('',(25.794203231571,-11.49999999999,3.));
#5757 = LINE('',#5758,#5759);
#5758 = CARTESIAN_POINT('',(24.,-11.5,3.));
#5759 = VECTOR('',#5760,1.);
#5760 = DIRECTION('',(1.,0.,-0.));
#5761 = ORIENTED_EDGE('',*,*,#1682,.T.);
#5762 = ORIENTED_EDGE('',*,*,#5763,.F.);
#5763 = EDGE_CURVE('',#5755,#1685,#5764,.T.);
#5764 = ELLIPSE('',#5765,38.45,29.4);
#5765 = AXIS2_PLACEMENT_3D('',#5766,#5767,#5768);
#5766 = CARTESIAN_POINT('',(0.,6.95,3.));
#5767 = DIRECTION('',(0.,-0.,1.));
#5768 = DIRECTION('',(0.,1.,0.));
#5769 = PLANE('',#5770);
#5770 = AXIS2_PLACEMENT_3D('',#5771,#5772,#5773);
#5771 = CARTESIAN_POINT('',(0.,5.,3.));
#5772 = DIRECTION('',(0.,-0.,1.));
#5773 = DIRECTION('',(0.,1.,0.));
#5774 = ADVANCED_FACE('',(#5775),#5805,.F.);
#5775 = FACE_BOUND('',#5776,.F.);
#5776 = EDGE_LOOP('',(#5777,#5787,#5788,#5798));
#5777 = ORIENTED_EDGE('',*,*,#5778,.F.);
#5778 = EDGE_CURVE('',#1685,#5779,#5781,.T.);
#5779 = VERTEX_POINT('',#5780);
#5780 = CARTESIAN_POINT('',(25.997600325199,-11.00507213095,3.01));
#5781 = B_SPLINE_CURVE_WITH_KNOTS('',4,(#5782,#5783,#5784,#5785,#5786),
  .UNSPECIFIED.,.F.,.F.,(5,5),(0.,1.),.PIECEWISE_BEZIER_KNOTS.);
#5782 = CARTESIAN_POINT('',(25.997600351725,-11.00507214865,3.));
#5783 = CARTESIAN_POINT('',(25.997600351725,-11.00507214865,3.0025015));
#5784 = CARTESIAN_POINT('',(25.997600351725,-11.00507214865,3.005003));
#5785 = CARTESIAN_POINT('',(25.997600351725,-11.00507214865,3.0075045));
#5786 = CARTESIAN_POINT('',(25.997600351725,-11.00507214865,3.010006));
#5787 = ORIENTED_EDGE('',*,*,#1708,.T.);
#5788 = ORIENTED_EDGE('',*,*,#5789,.T.);
#5789 = EDGE_CURVE('',#1701,#5790,#5792,.T.);
#5790 = VERTEX_POINT('',#5791);
#5791 = CARTESIAN_POINT('',(27.213717462157,21.5,3.01));
#5792 = B_SPLINE_CURVE_WITH_KNOTS('',4,(#5793,#5794,#5795,#5796,#5797),
  .UNSPECIFIED.,.F.,.F.,(5,5),(0.,1.),.PIECEWISE_BEZIER_KNOTS.);
#5793 = CARTESIAN_POINT('',(27.213717488032,21.5,3.));
#5794 = CARTESIAN_POINT('',(27.213717488032,21.5,3.002500020366));
#5795 = CARTESIAN_POINT('',(27.213717488032,21.5,3.005031835417));
#5796 = CARTESIAN_POINT('',(27.213717488032,21.5,3.007517260952));
#5797 = CARTESIAN_POINT('',(27.213717488032,21.5,3.010006));
#5798 = ORIENTED_EDGE('',*,*,#5799,.F.);
#5799 = EDGE_CURVE('',#5779,#5790,#5800,.T.);
#5800 = ELLIPSE('',#5801,38.45,29.4);
#5801 = AXIS2_PLACEMENT_3D('',#5802,#5803,#5804);
#5802 = CARTESIAN_POINT('',(0.,6.95,3.01));
#5803 = DIRECTION('',(0.,-0.,1.));
#5804 = DIRECTION('',(0.,1.,0.));
#5805 = B_SPLINE_SURFACE_WITH_KNOTS('',14,1,(
    (#5806,#5807)
    ,(#5808,#5809)
    ,(#5810,#5811)
    ,(#5812,#5813)
    ,(#5814,#5815)
    ,(#5816,#5817)
    ,(#5818,#5819)
    ,(#5820,#5821)
    ,(#5822,#5823)
    ,(#5824,#5825)
    ,(#5826,#5827)
    ,(#5828,#5829)
    ,(#5830,#5831)
    ,(#5832,#5833)
    ,(#5834,#5835
    )),.UNSPECIFIED.,.T.,.F.,.F.,(15,15),(2,2),(0.,6.28318530718),(0.,1.
    ),.PIECEWISE_BEZIER_KNOTS.);
#5806 = CARTESIAN_POINT('',(2.387277308915E-14,45.4,3.));
#5807 = CARTESIAN_POINT('',(2.387277308915E-14,45.4,13.));
#5808 = CARTESIAN_POINT('',(-13.19468914508,45.400000000007,3.));
#5809 = CARTESIAN_POINT('',(-13.19468914508,45.400000000007,13.));
#5810 = CARTESIAN_POINT('',(-26.38938316061,37.059642811853,
    2.999999999999));
#5811 = CARTESIAN_POINT('',(-26.38938316061,37.059642811853,13.));
#5812 = CARTESIAN_POINT('',(-36.24488878925,20.378917773348,
    3.000000000002));
#5813 = CARTESIAN_POINT('',(-36.24488878925,20.378917773348,
    12.999999999996));
#5814 = CARTESIAN_POINT('',(-39.42238931727,-2.147678136759,
    2.999999999998));
#5815 = CARTESIAN_POINT('',(-39.42238931727,-2.147678136759,
    13.000000000017));
#5816 = CARTESIAN_POINT('',(-33.77991971371,-25.53162414242,
    2.999999999999));
#5817 = CARTESIAN_POINT('',(-33.77991971371,-25.53162414242,
    12.999999999957));
#5818 = CARTESIAN_POINT('',(-19.57702621074,-43.38265342888,
    3.000000000004));
#5819 = CARTESIAN_POINT('',(-19.57702621074,-43.38265342888,
    13.000000000076));
#5820 = CARTESIAN_POINT('',(-4.214797399982E-10,-50.10320974865,
    2.999999999992));
#5821 = CARTESIAN_POINT('',(-4.214797399982E-10,-50.10320974865,
    12.9999999999));
#5822 = CARTESIAN_POINT('',(19.577026211518,-43.38265342888,
    3.000000000009));
#5823 = CARTESIAN_POINT('',(19.577026211518,-43.38265342888,
    13.000000000102));
#5824 = CARTESIAN_POINT('',(33.779919713125,-25.53162414241,
    2.999999999992));
#5825 = CARTESIAN_POINT('',(33.779919713125,-25.53162414241,
    12.999999999918));
#5826 = CARTESIAN_POINT('',(39.422389317648,-2.147678136769,
    3.000000000005));
#5827 = CARTESIAN_POINT('',(39.422389317648,-2.147678136769,
    13.000000000052));
#5828 = CARTESIAN_POINT('',(36.24488878907,20.378917773354,
    2.999999999997));
#5829 = CARTESIAN_POINT('',(36.24488878907,20.378917773354,
    12.999999999974));
#5830 = CARTESIAN_POINT('',(26.389383160681,37.05964281185,
    3.000000000001));
#5831 = CARTESIAN_POINT('',(26.389383160681,37.05964281185,
    13.000000000009));
#5832 = CARTESIAN_POINT('',(13.194689145071,45.400000000008,3.));
#5833 = CARTESIAN_POINT('',(13.194689145071,45.400000000008,
    12.999999999998));
#5834 = CARTESIAN_POINT('',(-3.458587638071E-14,45.4,3.));
#5835 = CARTESIAN_POINT('',(-3.458587638071E-14,45.4,13.));
#5836 = ADVANCED_FACE('',(#5837),#5858,.F.);
#5837 = FACE_BOUND('',#5838,.F.);
#5838 = EDGE_LOOP('',(#5839,#5840,#5841,#5842,#5851));
#5839 = ORIENTED_EDGE('',*,*,#1776,.T.);
#5840 = ORIENTED_EDGE('',*,*,#1723,.T.);
#5841 = ORIENTED_EDGE('',*,*,#1693,.F.);
#5842 = ORIENTED_EDGE('',*,*,#5843,.F.);
#5843 = EDGE_CURVE('',#5844,#1683,#5846,.T.);
#5844 = VERTEX_POINT('',#5845);
#5845 = CARTESIAN_POINT('',(27.6,-14.,3.));
#5846 = CIRCLE('',#5847,3.6);
#5847 = AXIS2_PLACEMENT_3D('',#5848,#5849,#5850);
#5848 = CARTESIAN_POINT('',(24.,-14.,3.));
#5849 = DIRECTION('',(0.,0.,1.));
#5850 = DIRECTION('',(1.,0.,-0.));
#5851 = ORIENTED_EDGE('',*,*,#5852,.F.);
#5852 = EDGE_CURVE('',#1777,#5844,#5853,.T.);
#5853 = CIRCLE('',#5854,3.6);
#5854 = AXIS2_PLACEMENT_3D('',#5855,#5856,#5857);
#5855 = CARTESIAN_POINT('',(24.,-14.,3.));
#5856 = DIRECTION('',(0.,0.,1.));
#5857 = DIRECTION('',(1.,0.,-0.));
#5858 = PLANE('',#5859);
#5859 = AXIS2_PLACEMENT_3D('',#5860,#5861,#5862);
#5860 = CARTESIAN_POINT('',(0.,5.,3.));
#5861 = DIRECTION('',(0.,-0.,1.));
#5862 = DIRECTION('',(0.,1.,0.));
#5863 = ADVANCED_FACE('',(#5864),#5876,.F.);
#5864 = FACE_BOUND('',#5865,.F.);
#5865 = EDGE_LOOP('',(#5866,#5867,#5868,#5869));
#5866 = ORIENTED_EDGE('',*,*,#1870,.F.);
#5867 = ORIENTED_EDGE('',*,*,#1818,.T.);
#5868 = ORIENTED_EDGE('',*,*,#1767,.T.);
#5869 = ORIENTED_EDGE('',*,*,#5870,.F.);
#5870 = EDGE_CURVE('',#1871,#1768,#5871,.T.);
#5871 = CIRCLE('',#5872,3.6);
#5872 = AXIS2_PLACEMENT_3D('',#5873,#5874,#5875);
#5873 = CARTESIAN_POINT('',(-24.,-14.,3.));
#5874 = DIRECTION('',(0.,0.,1.));
#5875 = DIRECTION('',(1.,0.,-0.));
#5876 = PLANE('',#5877);
#5877 = AXIS2_PLACEMENT_3D('',#5878,#5879,#5880);
#5878 = CARTESIAN_POINT('',(0.,5.,3.));
#5879 = DIRECTION('',(0.,-0.,1.));
#5880 = DIRECTION('',(0.,1.,0.));
#5881 = ADVANCED_FACE('',(#5882),#5908,.F.);
#5882 = FACE_BOUND('',#5883,.F.);
#5883 = EDGE_LOOP('',(#5884,#5892,#5893,#5902));
#5884 = ORIENTED_EDGE('',*,*,#5885,.F.);
#5885 = EDGE_CURVE('',#1768,#5886,#5888,.T.);
#5886 = VERTEX_POINT('',#5887);
#5887 = CARTESIAN_POINT('',(-24.,-16.5,3.));
#5888 = LINE('',#5889,#5890);
#5889 = CARTESIAN_POINT('',(-32.,-16.5,3.));
#5890 = VECTOR('',#5891,1.);
#5891 = DIRECTION('',(1.,0.,-0.));
#5892 = ORIENTED_EDGE('',*,*,#1802,.T.);
#5893 = ORIENTED_EDGE('',*,*,#5894,.F.);
#5894 = EDGE_CURVE('',#5895,#1794,#5897,.T.);
#5895 = VERTEX_POINT('',#5896);
#5896 = CARTESIAN_POINT('',(-24.,-15.25836170576,3.));
#5897 = ELLIPSE('',#5898,38.45,29.4);
#5898 = AXIS2_PLACEMENT_3D('',#5899,#5900,#5901);
#5899 = CARTESIAN_POINT('',(0.,6.95,3.));
#5900 = DIRECTION('',(0.,-0.,1.));
#5901 = DIRECTION('',(0.,1.,0.));
#5902 = ORIENTED_EDGE('',*,*,#5903,.F.);
#5903 = EDGE_CURVE('',#5886,#5895,#5904,.T.);
#5904 = LINE('',#5905,#5906);
#5905 = CARTESIAN_POINT('',(-24.,-16.5,3.));
#5906 = VECTOR('',#5907,1.);
#5907 = DIRECTION('',(-0.,1.,0.));
#5908 = PLANE('',#5909);
#5909 = AXIS2_PLACEMENT_3D('',#5910,#5911,#5912);
#5910 = CARTESIAN_POINT('',(0.,5.,3.));
#5911 = DIRECTION('',(0.,-0.,1.));
#5912 = DIRECTION('',(0.,1.,0.));
#5913 = ADVANCED_FACE('',(#5914),#5944,.F.);
#5914 = FACE_BOUND('',#5915,.F.);
#5915 = EDGE_LOOP('',(#5916,#5917,#5927,#5936));
#5916 = ORIENTED_EDGE('',*,*,#1793,.T.);
#5917 = ORIENTED_EDGE('',*,*,#5918,.T.);
#5918 = EDGE_CURVE('',#1785,#5919,#5921,.T.);
#5919 = VERTEX_POINT('',#5920);
#5920 = CARTESIAN_POINT('',(22.764703155291,-17.38142598698,3.01));
#5921 = B_SPLINE_CURVE_WITH_KNOTS('',4,(#5922,#5923,#5924,#5925,#5926),
  .UNSPECIFIED.,.F.,.F.,(5,5),(0.,1.),.PIECEWISE_BEZIER_KNOTS.);
#5922 = CARTESIAN_POINT('',(22.764703186384,-17.38142599834,3.));
#5923 = CARTESIAN_POINT('',(22.764703186384,-17.38142599834,
    3.002500020366));
#5924 = CARTESIAN_POINT('',(22.764703186384,-17.38142599834,
    3.005031835417));
#5925 = CARTESIAN_POINT('',(22.764703186384,-17.38142599834,
    3.007517260952));
#5926 = CARTESIAN_POINT('',(22.764703186384,-17.38142599834,3.010006));
#5927 = ORIENTED_EDGE('',*,*,#5928,.F.);
#5928 = EDGE_CURVE('',#5929,#5919,#5931,.T.);
#5929 = VERTEX_POINT('',#5930);
#5930 = CARTESIAN_POINT('',(-22.76470315529,-17.38142598698,3.01));
#5931 = ELLIPSE('',#5932,38.45,29.4);
#5932 = AXIS2_PLACEMENT_3D('',#5933,#5934,#5935);
#5933 = CARTESIAN_POINT('',(0.,6.95,3.01));
#5934 = DIRECTION('',(0.,-0.,1.));
#5935 = DIRECTION('',(0.,1.,0.));
#5936 = ORIENTED_EDGE('',*,*,#5937,.F.);
#5937 = EDGE_CURVE('',#1794,#5929,#5938,.T.);
#5938 = B_SPLINE_CURVE_WITH_KNOTS('',4,(#5939,#5940,#5941,#5942,#5943),
  .UNSPECIFIED.,.F.,.F.,(5,5),(0.,1.),.PIECEWISE_BEZIER_KNOTS.);
#5939 = CARTESIAN_POINT('',(-22.76470318638,-17.38142599834,3.));
#5940 = CARTESIAN_POINT('',(-22.76470318638,-17.38142599834,3.0025015));
#5941 = CARTESIAN_POINT('',(-22.76470318638,-17.38142599834,3.005003));
#5942 = CARTESIAN_POINT('',(-22.76470318638,-17.38142599834,3.0075045));
#5943 = CARTESIAN_POINT('',(-22.76470318638,-17.38142599834,3.010006));
#5944 = B_SPLINE_SURFACE_WITH_KNOTS('',14,1,(
    (#5945,#5946)
    ,(#5947,#5948)
    ,(#5949,#5950)
    ,(#5951,#5952)
    ,(#5953,#5954)
    ,(#5955,#5956)
    ,(#5957,#5958)
    ,(#5959,#5960)
    ,(#5961,#5962)
    ,(#5963,#5964)
    ,(#5965,#5966)
    ,(#5967,#5968)
    ,(#5969,#5970)
    ,(#5971,#5972)
    ,(#5973,#5974
    )),.UNSPECIFIED.,.T.,.F.,.F.,(15,15),(2,2),(0.,6.28318530718),(0.,1.
    ),.PIECEWISE_BEZIER_KNOTS.);
#5945 = CARTESIAN_POINT('',(2.387277308915E-14,45.4,3.));
#5946 = CARTESIAN_POINT('',(2.387277308915E-14,45.4,13.));
#5947 = CARTESIAN_POINT('',(-13.19468914508,45.400000000007,3.));
#5948 = CARTESIAN_POINT('',(-13.19468914508,45.400000000007,13.));
#5949 = CARTESIAN_POINT('',(-26.38938316061,37.059642811853,
    2.999999999999));
#5950 = CARTESIAN_POINT('',(-26.38938316061,37.059642811853,13.));
#5951 = CARTESIAN_POINT('',(-36.24488878925,20.378917773348,
    3.000000000002));
#5952 = CARTESIAN_POINT('',(-36.24488878925,20.378917773348,
    12.999999999996));
#5953 = CARTESIAN_POINT('',(-39.42238931727,-2.147678136759,
    2.999999999998));
#5954 = CARTESIAN_POINT('',(-39.42238931727,-2.147678136759,
    13.000000000017));
#5955 = CARTESIAN_POINT('',(-33.77991971371,-25.53162414242,
    2.999999999999));
#5956 = CARTESIAN_POINT('',(-33.77991971371,-25.53162414242,
    12.999999999957));
#5957 = CARTESIAN_POINT('',(-19.57702621074,-43.38265342888,
    3.000000000004));
#5958 = CARTESIAN_POINT('',(-19.57702621074,-43.38265342888,
    13.000000000076));
#5959 = CARTESIAN_POINT('',(-4.214797399982E-10,-50.10320974865,
    2.999999999992));
#5960 = CARTESIAN_POINT('',(-4.214797399982E-10,-50.10320974865,
    12.9999999999));
#5961 = CARTESIAN_POINT('',(19.577026211518,-43.38265342888,
    3.000000000009));
#5962 = CARTESIAN_POINT('',(19.577026211518,-43.38265342888,
    13.000000000102));
#5963 = CARTESIAN_POINT('',(33.779919713125,-25.53162414241,
    2.999999999992));
#5964 = CARTESIAN_POINT('',(33.779919713125,-25.53162414241,
    12.999999999918));
#5965 = CARTESIAN_POINT('',(39.422389317648,-2.147678136769,
    3.000000000005));
#5966 = CARTESIAN_POINT('',(39.422389317648,-2.147678136769,
    13.000000000052));
#5967 = CARTESIAN_POINT('',(36.24488878907,20.378917773354,
    2.999999999997));
#5968 = CARTESIAN_POINT('',(36.24488878907,20.378917773354,
    12.999999999974));
#5969 = CARTESIAN_POINT('',(26.389383160681,37.05964281185,
    3.000000000001));
#5970 = CARTESIAN_POINT('',(26.389383160681,37.05964281185,
    13.000000000009));
#5971 = CARTESIAN_POINT('',(13.194689145071,45.400000000008,3.));
#5972 = CARTESIAN_POINT('',(13.194689145071,45.400000000008,
    12.999999999998));
#5973 = CARTESIAN_POINT('',(-3.458587638071E-14,45.4,3.));
#5974 = CARTESIAN_POINT('',(-3.458587638071E-14,45.4,13.));
#5975 = ADVANCED_FACE('',(#5976),#6002,.F.);
#5976 = FACE_BOUND('',#5977,.F.);
#5977 = EDGE_LOOP('',(#5978,#5979,#5987,#5995));
#5978 = ORIENTED_EDGE('',*,*,#1784,.T.);
#5979 = ORIENTED_EDGE('',*,*,#5980,.F.);
#5980 = EDGE_CURVE('',#5981,#1777,#5983,.T.);
#5981 = VERTEX_POINT('',#5982);
#5982 = CARTESIAN_POINT('',(24.,-16.5,3.));
#5983 = LINE('',#5984,#5985);
#5984 = CARTESIAN_POINT('',(24.,-16.5,3.));
#5985 = VECTOR('',#5986,1.);
#5986 = DIRECTION('',(1.,0.,-0.));
#5987 = ORIENTED_EDGE('',*,*,#5988,.T.);
#5988 = EDGE_CURVE('',#5981,#5989,#5991,.T.);
#5989 = VERTEX_POINT('',#5990);
#5990 = CARTESIAN_POINT('',(24.000000000001,-15.25836170576,3.));
#5991 = LINE('',#5992,#5993);
#5992 = CARTESIAN_POINT('',(24.,-16.5,3.));
#5993 = VECTOR('',#5994,1.);
#5994 = DIRECTION('',(-0.,1.,0.));
#5995 = ORIENTED_EDGE('',*,*,#5996,.F.);
#5996 = EDGE_CURVE('',#1785,#5989,#5997,.T.);
#5997 = ELLIPSE('',#5998,38.45,29.4);
#5998 = AXIS2_PLACEMENT_3D('',#5999,#6000,#6001);
#5999 = CARTESIAN_POINT('',(0.,6.95,3.));
#6000 = DIRECTION('',(0.,-0.,1.));
#6001 = DIRECTION('',(0.,1.,0.));
#6002 = PLANE('',#6003);
#6003 = AXIS2_PLACEMENT_3D('',#6004,#6005,#6006);
#6004 = CARTESIAN_POINT('',(0.,5.,3.));
#6005 = DIRECTION('',(0.,-0.,1.));
#6006 = DIRECTION('',(0.,1.,0.));
#6007 = ADVANCED_FACE('',(#6008),#6038,.F.);
#6008 = FACE_BOUND('',#6009,.F.);
#6009 = EDGE_LOOP('',(#6010,#6021,#6029,#6030));
#6010 = ORIENTED_EDGE('',*,*,#6011,.F.);
#6011 = EDGE_CURVE('',#6012,#6014,#6016,.T.);
#6012 = VERTEX_POINT('',#6013);
#6013 = CARTESIAN_POINT('',(-27.21371746215,21.5,3.01));
#6014 = VERTEX_POINT('',#6015);
#6015 = CARTESIAN_POINT('',(-25.99760032519,-11.00507213095,3.01));
#6016 = ELLIPSE('',#6017,38.45,29.4);
#6017 = AXIS2_PLACEMENT_3D('',#6018,#6019,#6020);
#6018 = CARTESIAN_POINT('',(0.,6.95,3.01));
#6019 = DIRECTION('',(0.,-0.,1.));
#6020 = DIRECTION('',(0.,1.,0.));
#6021 = ORIENTED_EDGE('',*,*,#6022,.F.);
#6022 = EDGE_CURVE('',#1862,#6012,#6023,.T.);
#6023 = B_SPLINE_CURVE_WITH_KNOTS('',4,(#6024,#6025,#6026,#6027,#6028),
  .UNSPECIFIED.,.F.,.F.,(5,5),(0.,1.),.PIECEWISE_BEZIER_KNOTS.);
#6024 = CARTESIAN_POINT('',(-27.21371748803,21.5,3.));
#6025 = CARTESIAN_POINT('',(-27.21371748803,21.5,3.0025015));
#6026 = CARTESIAN_POINT('',(-27.21371748803,21.5,3.005003));
#6027 = CARTESIAN_POINT('',(-27.21371748803,21.5,3.0075045));
#6028 = CARTESIAN_POINT('',(-27.21371748803,21.5,3.010006));
#6029 = ORIENTED_EDGE('',*,*,#1887,.T.);
#6030 = ORIENTED_EDGE('',*,*,#6031,.T.);
#6031 = EDGE_CURVE('',#1879,#6014,#6032,.T.);
#6032 = B_SPLINE_CURVE_WITH_KNOTS('',4,(#6033,#6034,#6035,#6036,#6037),
  .UNSPECIFIED.,.F.,.F.,(5,5),(0.,1.),.PIECEWISE_BEZIER_KNOTS.);
#6033 = CARTESIAN_POINT('',(-25.99760035172,-11.00507214865,3.));
#6034 = CARTESIAN_POINT('',(-25.99760035172,-11.00507214865,3.0025015));
#6035 = CARTESIAN_POINT('',(-25.99760035172,-11.00507214865,3.005003));
#6036 = CARTESIAN_POINT('',(-25.99760035172,-11.00507214865,3.0075045));
#6037 = CARTESIAN_POINT('',(-25.99760035172,-11.00507214865,3.010006));
#6038 = B_SPLINE_SURFACE_WITH_KNOTS('',14,1,(
    (#6039,#6040)
    ,(#6041,#6042)
    ,(#6043,#6044)
    ,(#6045,#6046)
    ,(#6047,#6048)
    ,(#6049,#6050)
    ,(#6051,#6052)
    ,(#6053,#6054)
    ,(#6055,#6056)
    ,(#6057,#6058)
    ,(#6059,#6060)
    ,(#6061,#6062)
    ,(#6063,#6064)
    ,(#6065,#6066)
    ,(#6067,#6068
    )),.UNSPECIFIED.,.T.,.F.,.F.,(15,15),(2,2),(0.,6.28318530718),(0.,1.
    ),.PIECEWISE_BEZIER_KNOTS.);
#6039 = CARTESIAN_POINT('',(2.387277308915E-14,45.4,3.));
#6040 = CARTESIAN_POINT('',(2.387277308915E-14,45.4,13.));
#6041 = CARTESIAN_POINT('',(-13.19468914508,45.400000000007,3.));
#6042 = CARTESIAN_POINT('',(-13.19468914508,45.400000000007,13.));
#6043 = CARTESIAN_POINT('',(-26.38938316061,37.059642811853,
    2.999999999999));
#6044 = CARTESIAN_POINT('',(-26.38938316061,37.059642811853,13.));
#6045 = CARTESIAN_POINT('',(-36.24488878925,20.378917773348,
    3.000000000002));
#6046 = CARTESIAN_POINT('',(-36.24488878925,20.378917773348,
    12.999999999996));
#6047 = CARTESIAN_POINT('',(-39.42238931727,-2.147678136759,
    2.999999999998));
#6048 = CARTESIAN_POINT('',(-39.42238931727,-2.147678136759,
    13.000000000017));
#6049 = CARTESIAN_POINT('',(-33.77991971371,-25.53162414242,
    2.999999999999));
#6050 = CARTESIAN_POINT('',(-33.77991971371,-25.53162414242,
    12.999999999957));
#6051 = CARTESIAN_POINT('',(-19.57702621074,-43.38265342888,
    3.000000000004));
#6052 = CARTESIAN_POINT('',(-19.57702621074,-43.38265342888,
    13.000000000076));
#6053 = CARTESIAN_POINT('',(-4.214797399982E-10,-50.10320974865,
    2.999999999992));
#6054 = CARTESIAN_POINT('',(-4.214797399982E-10,-50.10320974865,
    12.9999999999));
#6055 = CARTESIAN_POINT('',(19.577026211518,-43.38265342888,
    3.000000000009));
#6056 = CARTESIAN_POINT('',(19.577026211518,-43.38265342888,
    13.000000000102));
#6057 = CARTESIAN_POINT('',(33.779919713125,-25.53162414241,
    2.999999999992));
#6058 = CARTESIAN_POINT('',(33.779919713125,-25.53162414241,
    12.999999999918));
#6059 = CARTESIAN_POINT('',(39.422389317648,-2.147678136769,
    3.000000000005));
#6060 = CARTESIAN_POINT('',(39.422389317648,-2.147678136769,
    13.000000000052));
#6061 = CARTESIAN_POINT('',(36.24488878907,20.378917773354,
    2.999999999997));
#6062 = CARTESIAN_POINT('',(36.24488878907,20.378917773354,
    12.999999999974));
#6063 = CARTESIAN_POINT('',(26.389383160681,37.05964281185,
    3.000000000001));
#6064 = CARTESIAN_POINT('',(26.389383160681,37.05964281185,
    13.000000000009));
#6065 = CARTESIAN_POINT('',(13.194689145071,45.400000000008,3.));
#6066 = CARTESIAN_POINT('',(13.194689145071,45.400000000008,
    12.999999999998));
#6067 = CARTESIAN_POINT('',(-3.458587638071E-14,45.4,3.));
#6068 = CARTESIAN_POINT('',(-3.458587638071E-14,45.4,13.));
#6069 = ADVANCED_FACE('',(#6070),#6088,.F.);
#6070 = FACE_BOUND('',#6071,.F.);
#6071 = EDGE_LOOP('',(#6072,#6073,#6081));
#6072 = ORIENTED_EDGE('',*,*,#1878,.T.);
#6073 = ORIENTED_EDGE('',*,*,#6074,.T.);
#6074 = EDGE_CURVE('',#1871,#6075,#6077,.T.);
#6075 = VERTEX_POINT('',#6076);
#6076 = CARTESIAN_POINT('',(-25.79420323156,-11.5,3.));
#6077 = LINE('',#6078,#6079);
#6078 = CARTESIAN_POINT('',(-32.,-11.5,3.));
#6079 = VECTOR('',#6080,1.);
#6080 = DIRECTION('',(1.,0.,-0.));
#6081 = ORIENTED_EDGE('',*,*,#6082,.F.);
#6082 = EDGE_CURVE('',#1879,#6075,#6083,.T.);
#6083 = ELLIPSE('',#6084,38.45,29.4);
#6084 = AXIS2_PLACEMENT_3D('',#6085,#6086,#6087);
#6085 = CARTESIAN_POINT('',(0.,6.95,3.));
#6086 = DIRECTION('',(0.,-0.,1.));
#6087 = DIRECTION('',(0.,1.,0.));
#6088 = PLANE('',#6089);
#6089 = AXIS2_PLACEMENT_3D('',#6090,#6091,#6092);
#6090 = CARTESIAN_POINT('',(0.,5.,3.));
#6091 = DIRECTION('',(0.,-0.,1.));
#6092 = DIRECTION('',(0.,1.,0.));
#6093 = ADVANCED_FACE('',(#6094,#6686,#6756,#6833,#6898,#6970,#7047),
  #7131,.T.);
#6094 = FACE_BOUND('',#6095,.T.);
#6095 = EDGE_LOOP('',(#6096,#6103,#6104,#6105,#6106,#6107,#6108,#6109,
    #6110,#6111,#6112,#6113,#6114,#6115,#6116,#6117,#6118,#6119,#6120,
    #6131,#6152,#6162,#6172,#6193,#6204,#6211,#6223,#6248,#6258,#6270,
    #6277,#6289,#6314,#6325,#6337,#6344,#6356,#6381,#6392,#6404,#6411,
    #6420,#6427,#6428,#6440,#6461,#6475,#6485,#6486,#6498,#6519,#6533,
    #6543,#6544,#6556,#6577,#6592,#6602,#6603,#6614,#6635,#6645,#6656,
    #6677));
#6096 = ORIENTED_EDGE('',*,*,#6097,.F.);
#6097 = EDGE_CURVE('',#1948,#6098,#6100,.T.);
#6098 = VERTEX_POINT('',#6099);
#6099 = CARTESIAN_POINT('',(2.442907230608E-14,46.569534859116,15.8));
#6100 = B_SPLINE_CURVE_WITH_KNOTS('',1,(#6101,#6102),.UNSPECIFIED.,.F.,
  .F.,(2,2),(0.,1.),.PIECEWISE_BEZIER_KNOTS.);
#6101 = CARTESIAN_POINT('',(2.346553201184E-14,48.,13.));
#6102 = CARTESIAN_POINT('',(4.36967524849E-14,17.964872442544,
    71.790916854437));
#6103 = ORIENTED_EDGE('',*,*,#1955,.T.);
#6104 = ORIENTED_EDGE('',*,*,#2260,.T.);
#6105 = ORIENTED_EDGE('',*,*,#2228,.T.);
#6106 = ORIENTED_EDGE('',*,*,#2374,.T.);
#6107 = ORIENTED_EDGE('',*,*,#2677,.T.);
#6108 = ORIENTED_EDGE('',*,*,#2647,.T.);
#6109 = ORIENTED_EDGE('',*,*,#2803,.T.);
#6110 = ORIENTED_EDGE('',*,*,#3108,.T.);
#6111 = ORIENTED_EDGE('',*,*,#3076,.T.);
#6112 = ORIENTED_EDGE('',*,*,#3237,.T.);
#6113 = ORIENTED_EDGE('',*,*,#3500,.T.);
#6114 = ORIENTED_EDGE('',*,*,#3649,.T.);
#6115 = ORIENTED_EDGE('',*,*,#3917,.T.);
#6116 = ORIENTED_EDGE('',*,*,#4064,.T.);
#6117 = ORIENTED_EDGE('',*,*,#4324,.T.);
#6118 = ORIENTED_EDGE('',*,*,#4458,.T.);
#6119 = ORIENTED_EDGE('',*,*,#6097,.T.);
#6120 = ORIENTED_EDGE('',*,*,#6121,.T.);
#6121 = EDGE_CURVE('',#6098,#6122,#6124,.T.);
#6122 = VERTEX_POINT('',#6123);
#6123 = CARTESIAN_POINT('',(5.,46.043528176871,15.8));
#6124 = B_SPLINE_CURVE_WITH_KNOTS('',5,(#6125,#6126,#6127,#6128,#6129,
    #6130),.UNSPECIFIED.,.F.,.F.,(6,6),(0.,1.),
  .PIECEWISE_BEZIER_KNOTS.);
#6125 = CARTESIAN_POINT('',(1.136868377216E-13,46.569534859116,15.8));
#6126 = CARTESIAN_POINT('',(1.007337642349,46.569534859117,15.8));
#6127 = CARTESIAN_POINT('',(2.014709043252,46.51649000155,15.8));
#6128 = CARTESIAN_POINT('',(3.018289708124,46.410397233109,15.8));
#6129 = CARTESIAN_POINT('',(4.014501587479,46.252182602988,15.8));
#6130 = CARTESIAN_POINT('',(5.,46.043528176871,15.8));
#6131 = ORIENTED_EDGE('',*,*,#6132,.T.);
#6132 = EDGE_CURVE('',#6122,#6133,#6135,.T.);
#6133 = VERTEX_POINT('',#6134);
#6134 = CARTESIAN_POINT('',(6.997673090712,44.563418831986,
    17.703551969196));
#6135 = B_SPLINE_CURVE_WITH_KNOTS('',8,(#6136,#6137,#6138,#6139,#6140,
    #6141,#6142,#6143,#6144,#6145,#6146,#6147,#6148,#6149,#6150,#6151),
  .UNSPECIFIED.,.F.,.F.,(9,7,9),(0.,0.691406963821,1.),.UNSPECIFIED.);
#6136 = CARTESIAN_POINT('',(5.,46.043528176871,15.8));
#6137 = CARTESIAN_POINT('',(5.301457375901,45.979702182869,15.8));
#6138 = CARTESIAN_POINT('',(5.589327133164,45.887754464724,
    15.851930382003));
#6139 = CARTESIAN_POINT('',(5.855313714697,45.774325827096,
    15.947592104286));
#6140 = CARTESIAN_POINT('',(6.094658416136,45.645920233669,
    16.078880331039));
#6141 = CARTESIAN_POINT('',(6.304967037632,45.508093566586,
    16.238651818385));
#6142 = CARTESIAN_POINT('',(6.485245425856,45.365139812977,
    16.421163259723));
#6143 = CARTESIAN_POINT('',(6.635720499351,45.219913926988,
    16.622358952692));
#6144 = CARTESIAN_POINT('',(6.808870728691,45.008357929436,
    16.939522696549));
#6145 = CARTESIAN_POINT('',(6.856036433078,44.943035790114,
    17.040745673617));
#6146 = CARTESIAN_POINT('',(6.896815025151,44.877896655843,
    17.145068262006));
#6147 = CARTESIAN_POINT('',(6.931034725376,44.813171864315,
    17.252234245409));
#6148 = CARTESIAN_POINT('',(6.958485873232,44.74910354731,
    17.361971945809));
#6149 = CARTESIAN_POINT('',(6.978928361708,44.685944538256,
    17.473988105868));
#6150 = CARTESIAN_POINT('',(6.992092469471,44.623958294168,
    17.587963742151));
#6151 = CARTESIAN_POINT('',(6.997673090712,44.563418831986,
    17.703551969196));
#6152 = ORIENTED_EDGE('',*,*,#6153,.T.);
#6153 = EDGE_CURVE('',#6133,#6154,#6156,.T.);
#6154 = VERTEX_POINT('',#6155);
#6155 = CARTESIAN_POINT('',(7.,44.513601087263,17.8));
#6156 = B_SPLINE_CURVE_WITH_KNOTS('',3,(#6157,#6158,#6159,#6160,#6161),
  .UNSPECIFIED.,.F.,.F.,(4,1,4),(0.,0.602859563395,1.),.UNSPECIFIED.);
#6157 = CARTESIAN_POINT('',(6.997673090712,44.563418831986,
    17.703551969196));
#6158 = CARTESIAN_POINT('',(6.998605045098,44.553308843356,
    17.722855009215));
#6159 = CARTESIAN_POINT('',(6.999689199065,44.536649697622,
    17.75492754099));
#6160 = CARTESIAN_POINT('',(7.,44.520129455664,17.787181791028));
#6161 = CARTESIAN_POINT('',(7.,44.513601087263,17.8));
#6162 = ORIENTED_EDGE('',*,*,#6163,.T.);
#6163 = EDGE_CURVE('',#6154,#6164,#6166,.T.);
#6164 = VERTEX_POINT('',#6165);
#6165 = CARTESIAN_POINT('',(7.,41.967440859307,22.8));
#6166 = B_SPLINE_CURVE_WITH_KNOTS('',4,(#6167,#6168,#6169,#6170,#6171),
  .UNSPECIFIED.,.F.,.F.,(5,5),(0.,1.),.PIECEWISE_BEZIER_KNOTS.);
#6167 = CARTESIAN_POINT('',(7.,44.513601087263,17.8));
#6168 = CARTESIAN_POINT('',(7.,43.876989312468,19.049963583954));
#6169 = CARTESIAN_POINT('',(7.,43.240424306249,20.299950917667));
#6170 = CARTESIAN_POINT('',(7.,42.603907603817,21.549962777559));
#6171 = CARTESIAN_POINT('',(7.,41.967440859307,22.8));
#6172 = ORIENTED_EDGE('',*,*,#6173,.T.);
#6173 = EDGE_CURVE('',#6164,#6174,#6176,.T.);
#6174 = VERTEX_POINT('',#6175);
#6175 = CARTESIAN_POINT('',(5.,41.453236435356,24.8));
#6176 = B_SPLINE_CURVE_WITH_KNOTS('',8,(#6177,#6178,#6179,#6180,#6181,
    #6182,#6183,#6184,#6185,#6186,#6187,#6188,#6189,#6190,#6191,#6192),
  .UNSPECIFIED.,.F.,.F.,(9,7,9),(0.,0.371401563132,1.),.UNSPECIFIED.);
#6177 = CARTESIAN_POINT('',(7.,41.967440859307,22.8));
#6178 = CARTESIAN_POINT('',(7.,41.901719481929,22.929078492692));
#6179 = CARTESIAN_POINT('',(6.990479228216,41.837999139895,
    23.059779719865));
#6180 = CARTESIAN_POINT('',(6.971019070633,41.776671922993,
    23.191573231116));
#6181 = CARTESIAN_POINT('',(6.941157840794,41.718203605749,
    23.323763374506));
#6182 = CARTESIAN_POINT('',(6.900455826659,41.663112668713,
    23.455484416685));
#6183 = CARTESIAN_POINT('',(6.848545292942,41.611951486647,
    23.585694054056));
#6184 = CARTESIAN_POINT('',(6.785195906205,41.565283521667,
    23.713174869886));
#6185 = CARTESIAN_POINT('',(6.583877808204,41.453186087468,
    24.045371701157));
#6186 = CARTESIAN_POINT('',(6.423293398861,41.396408093402,
    24.244619932479));
#6187 = CARTESIAN_POINT('',(6.229995654939,41.357821524001,
    24.423203010015));
#6188 = CARTESIAN_POINT('',(6.008716988904,41.339222823798,
    24.572999324071));
#6189 = CARTESIAN_POINT('',(5.766054131658,41.340914843815,
    24.68786357829));
#6190 = CARTESIAN_POINT('',(5.5102434898,41.362028597713,24.763994263118
    ));
#6191 = CARTESIAN_POINT('',(5.25101676662,41.400850435438,24.8));
#6192 = CARTESIAN_POINT('',(5.,41.453236435356,24.8));
#6193 = ORIENTED_EDGE('',*,*,#6194,.F.);
#6194 = EDGE_CURVE('',#6195,#6174,#6197,.T.);
#6195 = VERTEX_POINT('',#6196);
#6196 = CARTESIAN_POINT('',(2.7526166109E-14,41.971611191989,24.8));
#6197 = B_SPLINE_CURVE_WITH_KNOTS('',5,(#6198,#6199,#6200,#6201,#6202,
    #6203),.UNSPECIFIED.,.F.,.F.,(6,6),(0.,1.),
  .PIECEWISE_BEZIER_KNOTS.);
#6198 = CARTESIAN_POINT('',(1.030286966852E-13,41.971611191989,24.8));
#6199 = CARTESIAN_POINT('',(1.00712897928,41.97161119199,24.8));
#6200 = CARTESIAN_POINT('',(2.014288097397,41.919368050806,24.8));
#6201 = CARTESIAN_POINT('',(3.017775094224,41.814879183268,24.8));
#6202 = CARTESIAN_POINT('',(4.014105103954,41.65898798988,24.8));
#6203 = CARTESIAN_POINT('',(5.,41.453236435356,24.8));
#6204 = ORIENTED_EDGE('',*,*,#6205,.T.);
#6205 = EDGE_CURVE('',#6195,#6206,#6208,.T.);
#6206 = VERTEX_POINT('',#6207);
#6207 = CARTESIAN_POINT('',(3.031355053162E-14,37.833479891575,32.9));
#6208 = B_SPLINE_CURVE_WITH_KNOTS('',1,(#6209,#6210),.UNSPECIFIED.,.F.,
  .F.,(2,2),(0.,1.),.PIECEWISE_BEZIER_KNOTS.);
#6209 = CARTESIAN_POINT('',(2.346553201184E-14,48.,13.));
#6210 = CARTESIAN_POINT('',(4.36967524849E-14,17.964872442544,
    71.790916854437));
#6211 = ORIENTED_EDGE('',*,*,#6212,.T.);
#6212 = EDGE_CURVE('',#6206,#6213,#6215,.T.);
#6213 = VERTEX_POINT('',#6214);
#6214 = CARTESIAN_POINT('',(8.9,36.192140832729,32.9));
#6215 = B_SPLINE_CURVE_WITH_KNOTS('',6,(#6216,#6217,#6218,#6219,#6220,
    #6221,#6222),.UNSPECIFIED.,.F.,.F.,(7,7),(0.,1.),
  .PIECEWISE_BEZIER_KNOTS.);
#6216 = CARTESIAN_POINT('',(9.592326932761E-14,37.833479891575,32.9));
#6217 = CARTESIAN_POINT('',(1.516513185344,37.833479891576,32.9));
#6218 = CARTESIAN_POINT('',(3.033286899222,37.721524920077,32.9));
#6219 = CARTESIAN_POINT('',(4.53933379962,37.497547630331,32.9));
#6220 = CARTESIAN_POINT('',(6.024838401264,37.164449998345,32.9));
#6221 = CARTESIAN_POINT('',(7.481001503961,36.72710926425,32.9));
#6222 = CARTESIAN_POINT('',(8.9,36.192140832729,32.9));
#6223 = ORIENTED_EDGE('',*,*,#6224,.T.);
#6224 = EDGE_CURVE('',#6213,#6225,#6227,.T.);
#6225 = VERTEX_POINT('',#6226);
#6226 = CARTESIAN_POINT('',(9.753116196795,34.94401470718,
    34.694401004295));
#6227 = B_SPLINE_CURVE_WITH_KNOTS('',7,(#6228,#6229,#6230,#6231,#6232,
    #6233,#6234,#6235,#6236,#6237,#6238,#6239,#6240,#6241,#6242,#6243,
    #6244,#6245,#6246,#6247),.UNSPECIFIED.,.F.,.F.,(8,6,6,8),(0.,
    0.385815035931,0.722891997184,1.),.UNSPECIFIED.);
#6228 = CARTESIAN_POINT('',(8.9,36.192140832729,32.9));
#6229 = CARTESIAN_POINT('',(9.044817713149,36.137543942686,32.9));
#6230 = CARTESIAN_POINT('',(9.184762907001,36.072357361113,
    32.922245000318));
#6231 = CARTESIAN_POINT('',(9.316538377885,35.999357067292,
    32.96402730036));
#6232 = CARTESIAN_POINT('',(9.438034716781,35.920985575983,
    33.022623623246));
#6233 = CARTESIAN_POINT('',(9.547955003436,35.83929129352,
    33.095578031946));
#6234 = CARTESIAN_POINT('',(9.645439500479,35.755867873889,
    33.180984845408));
#6235 = CARTESIAN_POINT('',(9.803298208468,35.598339959472,
    33.36233168538));
#6236 = CARTESIAN_POINT('',(9.866606202669,35.524585073711,
    33.455361856058));
#6237 = CARTESIAN_POINT('',(9.919062908526,35.451350774286,
    33.55598774225));
#6238 = CARTESIAN_POINT('',(9.959772608741,35.379567820937,
    33.663366712846));
#6239 = CARTESIAN_POINT('',(9.987651000444,35.31032228756,
    33.776472998621));
#6240 = CARTESIAN_POINT('',(10.00148672973,35.244835561197,
    33.894041700019));
#6241 = CARTESIAN_POINT('',(9.998604878044,35.134912896837,
    34.11343294814));
#6242 = CARTESIAN_POINT('',(9.986885006237,35.088812415507,
    34.214320210296));
#6243 = CARTESIAN_POINT('',(9.963990348772,35.047094181013,
    34.31598307086));
#6244 = CARTESIAN_POINT('',(9.929228913503,35.010787450555,
    34.416894230393));
#6245 = CARTESIAN_POINT('',(9.882217692077,34.98093808911,
    34.515145139372));
#6246 = CARTESIAN_POINT('',(9.823094912558,34.958509609964,
    34.608427661113));
#6247 = CARTESIAN_POINT('',(9.753116196795,34.94401470718,
    34.694401004295));
#6248 = ORIENTED_EDGE('',*,*,#6249,.T.);
#6249 = EDGE_CURVE('',#6225,#6250,#6252,.T.);
#6250 = VERTEX_POINT('',#6251);
#6251 = CARTESIAN_POINT('',(8.9,35.075593310306,35.1));
#6252 = B_SPLINE_CURVE_WITH_KNOTS('',4,(#6253,#6254,#6255,#6256,#6257),
  .UNSPECIFIED.,.F.,.F.,(5,5),(0.,1.),.PIECEWISE_BEZIER_KNOTS.);
#6253 = CARTESIAN_POINT('',(9.753116196795,34.94401470718,
    34.694401004295));
#6254 = CARTESIAN_POINT('',(9.597207685076,34.911720906188,
    34.885944616333));
#6255 = CARTESIAN_POINT('',(9.377904013164,34.925364632423,
    35.035898505869));
#6256 = CARTESIAN_POINT('',(9.131136823143,34.98883268227,35.1));
#6257 = CARTESIAN_POINT('',(8.9,35.075593310306,35.1));
#6258 = ORIENTED_EDGE('',*,*,#6259,.F.);
#6259 = EDGE_CURVE('',#6260,#6250,#6262,.T.);
#6260 = VERTEX_POINT('',#6261);
#6261 = CARTESIAN_POINT('',(3.107061790566E-14,36.709542995166,35.1));
#6262 = B_SPLINE_CURVE_WITH_KNOTS('',6,(#6263,#6264,#6265,#6266,#6267,
    #6268,#6269),.UNSPECIFIED.,.F.,.F.,(7,7),(0.,1.),
  .PIECEWISE_BEZIER_KNOTS.);
#6263 = CARTESIAN_POINT('',(9.414691248821E-14,36.709542995166,35.1));
#6264 = CARTESIAN_POINT('',(1.516224737704,36.709542995167,35.1));
#6265 = CARTESIAN_POINT('',(3.032700768495,36.598150057387,35.1));
#6266 = CARTESIAN_POINT('',(4.538566771919,36.375299510337,35.1));
#6267 = CARTESIAN_POINT('',(6.024087238713,36.043807773424,35.1));
#6268 = CARTESIAN_POINT('',(7.480504393342,35.608421998756,35.1));
#6269 = CARTESIAN_POINT('',(8.9,35.075593310306,35.1));
#6270 = ORIENTED_EDGE('',*,*,#6271,.T.);
#6271 = EDGE_CURVE('',#6260,#6272,#6274,.T.);
#6272 = VERTEX_POINT('',#6273);
#6273 = CARTESIAN_POINT('',(3.20341581999E-14,35.279077854282,37.9));
#6274 = B_SPLINE_CURVE_WITH_KNOTS('',1,(#6275,#6276),.UNSPECIFIED.,.F.,
  .F.,(2,2),(0.,1.),.PIECEWISE_BEZIER_KNOTS.);
#6275 = CARTESIAN_POINT('',(2.346553201184E-14,48.,13.));
#6276 = CARTESIAN_POINT('',(4.36967524849E-14,17.964872442544,
    71.790916854437));
#6277 = ORIENTED_EDGE('',*,*,#6278,.T.);
#6278 = EDGE_CURVE('',#6272,#6279,#6281,.T.);
#6279 = VERTEX_POINT('',#6280);
#6280 = CARTESIAN_POINT('',(8.9,33.654946464762,37.9));
#6281 = B_SPLINE_CURVE_WITH_KNOTS('',6,(#6282,#6283,#6284,#6285,#6286,
    #6287,#6288),.UNSPECIFIED.,.F.,.F.,(7,7),(0.,1.),
  .PIECEWISE_BEZIER_KNOTS.);
#6282 = CARTESIAN_POINT('',(9.059419880941E-14,35.279077854282,37.9));
#6283 = CARTESIAN_POINT('',(1.51584319531,35.279077854283,37.9));
#6284 = CARTESIAN_POINT('',(3.031925542141,35.168428750733,37.9));
#6285 = CARTESIAN_POINT('',(4.537551077047,34.947069367748,37.9));
#6286 = CARTESIAN_POINT('',(6.023090587587,34.617706366432,37.9));
#6287 = CARTESIAN_POINT('',(7.47984314569,34.184919579581,37.9));
#6288 = CARTESIAN_POINT('',(8.9,33.654946464762,37.9));
#6289 = ORIENTED_EDGE('',*,*,#6290,.T.);
#6290 = EDGE_CURVE('',#6279,#6291,#6293,.T.);
#6291 = VERTEX_POINT('',#6292);
#6292 = CARTESIAN_POINT('',(9.77375288588,32.415631747816,
    39.668248377788));
#6293 = B_SPLINE_CURVE_WITH_KNOTS('',7,(#6294,#6295,#6296,#6297,#6298,
    #6299,#6300,#6301,#6302,#6303,#6304,#6305,#6306,#6307,#6308,#6309,
    #6310,#6311,#6312,#6313),.UNSPECIFIED.,.F.,.F.,(8,6,6,8),(0.,
    0.371532311761,0.714478797594,1.),.UNSPECIFIED.);
#6294 = CARTESIAN_POINT('',(8.9,33.654946464762,37.9));
#6295 = CARTESIAN_POINT('',(9.037862330742,33.6034990992,37.9));
#6296 = CARTESIAN_POINT('',(9.171239696182,33.542379340773,
    37.920304220621));
#6297 = CARTESIAN_POINT('',(9.297569409592,33.474071273433,
    37.958284105504));
#6298 = CARTESIAN_POINT('',(9.414854447565,33.400695805052,
    38.01164372468));
#6299 = CARTESIAN_POINT('',(9.521663450021,33.324010667425,
    38.078419774566));
#6300 = CARTESIAN_POINT('',(9.6171307202,33.245410416269,38.156981577969
    ));
#6301 = CARTESIAN_POINT('',(9.778332165519,33.092557971767,
    38.328229090072));
#6302 = CARTESIAN_POINT('',(9.845468127025,33.018595127067,
    38.419267495706));
#6303 = CARTESIAN_POINT('',(9.901824552716,32.944888214194,
    38.518210408948));
#6304 = CARTESIAN_POINT('',(9.946538048964,32.872368280338,
    38.624190702708));
#6305 = CARTESIAN_POINT('',(9.978564527947,32.802100901578,
    38.736192156408));
#6306 = CARTESIAN_POINT('',(9.996732318322,32.735268598977,
    38.853000251907));
#6307 = CARTESIAN_POINT('',(10.002117326025,32.621570340503,
    39.073075085534));
#6308 = CARTESIAN_POINT('',(9.994006824332,32.573247198448,
    39.175310663583));
#6309 = CARTESIAN_POINT('',(9.974552323051,32.529135762457,
    39.278721364587));
#6310 = CARTESIAN_POINT('',(9.942983714851,32.490285959783,
    39.381812282689));
#6311 = CARTESIAN_POINT('',(9.89881018945,32.457792772842,
    39.482677710312));
#6312 = CARTESIAN_POINT('',(9.842031895588,32.432698998372,
    39.578971719946));
#6313 = CARTESIAN_POINT('',(9.77375288588,32.415631747816,
    39.668248377788));
#6314 = ORIENTED_EDGE('',*,*,#6315,.T.);
#6315 = EDGE_CURVE('',#6291,#6316,#6318,.T.);
#6316 = VERTEX_POINT('',#6317);
#6317 = CARTESIAN_POINT('',(8.9,32.539060082278,40.1));
#6318 = B_SPLINE_CURVE_WITH_KNOTS('',5,(#6319,#6320,#6321,#6322,#6323,
    #6324),.UNSPECIFIED.,.F.,.F.,(6,6),(0.,1.),
  .PIECEWISE_BEZIER_KNOTS.);
#6319 = CARTESIAN_POINT('',(9.77375288588,32.415631747816,
    39.668248377788));
#6320 = CARTESIAN_POINT('',(9.65017182555,32.384741010977,
    39.829833967357));
#6321 = CARTESIAN_POINT('',(9.485691246782,32.382019880513,
    39.967281098837));
#6322 = CARTESIAN_POINT('',(9.291860686204,32.412604110813,
    40.058348139384));
#6323 = CARTESIAN_POINT('',(9.091323470187,32.468006103128,40.1));
#6324 = CARTESIAN_POINT('',(8.9,32.539060082278,40.1));
#6325 = ORIENTED_EDGE('',*,*,#6326,.F.);
#6326 = EDGE_CURVE('',#6327,#6316,#6329,.T.);
#6327 = VERTEX_POINT('',#6328);
#6328 = CARTESIAN_POINT('',(3.279122557395E-14,34.155140957873,40.1));
#6329 = B_SPLINE_CURVE_WITH_KNOTS('',6,(#6330,#6331,#6332,#6333,#6334,
    #6335,#6336),.UNSPECIFIED.,.F.,.F.,(7,7),(0.,1.),
  .PIECEWISE_BEZIER_KNOTS.);
#6330 = CARTESIAN_POINT('',(8.881784197001E-14,34.155140957873,40.1));
#6331 = CARTESIAN_POINT('',(1.515531785631,34.155140957874,40.1));
#6332 = CARTESIAN_POINT('',(3.03129299828,34.045099350092,40.1));
#6333 = CARTESIAN_POINT('',(4.536721318888,33.824957749094,40.1));
#6334 = CARTESIAN_POINT('',(6.022274754366,33.497336067892,40.1));
#6335 = CARTESIAN_POINT('',(7.479300470438,33.066681469516,40.1));
#6336 = CARTESIAN_POINT('',(8.9,32.539060082278,40.1));
#6337 = ORIENTED_EDGE('',*,*,#6338,.T.);
#6338 = EDGE_CURVE('',#6327,#6339,#6341,.T.);
#6339 = VERTEX_POINT('',#6340);
#6340 = CARTESIAN_POINT('',(3.375476586819E-14,32.724675816989,42.9));
#6341 = B_SPLINE_CURVE_WITH_KNOTS('',1,(#6342,#6343),.UNSPECIFIED.,.F.,
  .F.,(2,2),(0.,1.),.PIECEWISE_BEZIER_KNOTS.);
#6342 = CARTESIAN_POINT('',(2.346553201184E-14,48.,13.));
#6343 = CARTESIAN_POINT('',(4.36967524849E-14,17.964872442544,
    71.790916854437));
#6344 = ORIENTED_EDGE('',*,*,#6345,.T.);
#6345 = EDGE_CURVE('',#6339,#6346,#6348,.T.);
#6346 = VERTEX_POINT('',#6347);
#6347 = CARTESIAN_POINT('',(8.9,31.119284862422,42.9));
#6348 = B_SPLINE_CURVE_WITH_KNOTS('',6,(#6349,#6350,#6351,#6352,#6353,
    #6354,#6355),.UNSPECIFIED.,.F.,.F.,(7,7),(0.,1.),
  .PIECEWISE_BEZIER_KNOTS.);
#6349 = CARTESIAN_POINT('',(8.526512829121E-14,32.72467581699,42.9));
#6350 = CARTESIAN_POINT('',(1.515120195481,32.72467581699,42.9));
#6351 = CARTESIAN_POINT('',(3.030457373489,32.615437656507,42.9));
#6352 = CARTESIAN_POINT('',(4.535623836073,32.396906507542,42.9));
#6353 = CARTESIAN_POINT('',(6.021193316428,32.071591501082,42.9));
#6354 = CARTESIAN_POINT('',(7.47857902944,31.643769741717,42.9));
#6355 = CARTESIAN_POINT('',(8.9,31.119284862422,42.9));
#6356 = ORIENTED_EDGE('',*,*,#6357,.T.);
#6357 = EDGE_CURVE('',#6346,#6358,#6360,.T.);
#6358 = VERTEX_POINT('',#6359);
#6359 = CARTESIAN_POINT('',(9.802956957615,29.892834554567,
    44.628226657102));
#6360 = B_SPLINE_CURVE_WITH_KNOTS('',7,(#6361,#6362,#6363,#6364,#6365,
    #6366,#6367,#6368,#6369,#6370,#6371,#6372,#6373,#6374,#6375,#6376,
    #6377,#6378,#6379,#6380),.UNSPECIFIED.,.F.,.F.,(8,6,6,8),(0.,
    0.401250156751,0.740862268706,1.),.UNSPECIFIED.);
#6361 = CARTESIAN_POINT('',(8.9,31.119284862422,42.9));
#6362 = CARTESIAN_POINT('',(9.046326182542,31.065292504228,42.9));
#6363 = CARTESIAN_POINT('',(9.187735649653,31.000461379822,
    42.922712745778));
#6364 = CARTESIAN_POINT('',(9.32078292129,30.927629192187,
    42.965369189753));
#6365 = CARTESIAN_POINT('',(9.443277991204,30.849298658229,
    43.025160780112));
#6366 = CARTESIAN_POINT('',(9.553886443293,30.76757047383,
    43.099544133311));
#6367 = CARTESIAN_POINT('',(9.651729567959,30.684076278891,
    43.186545706571));
#6368 = CARTESIAN_POINT('',(9.807296570461,30.528675919995,
    43.368452966563));
#6369 = CARTESIAN_POINT('',(9.868682322292,30.457149647603,
    43.459877520945));
#6370 = CARTESIAN_POINT('',(9.919613370272,30.386108123162,
    43.558503837415));
#6371 = CARTESIAN_POINT('',(9.959261276858,30.316420066198,
    43.663519049777));
#6372 = CARTESIAN_POINT('',(9.986632586075,30.249087452415,
    43.773948406571));
#6373 = CARTESIAN_POINT('',(10.000622034158,30.185229887684,
    43.888604169038));
#6374 = CARTESIAN_POINT('',(9.999496688574,30.081018973543,
    44.095545495389));
#6375 = CARTESIAN_POINT('',(9.990493046529,30.038708126002,
    44.186641548263));
#6376 = CARTESIAN_POINT('',(9.97243761703,29.999807469668,
    44.278481899446));
#6377 = CARTESIAN_POINT('',(9.944813823169,29.965041135962,
    44.370010465643));
#6378 = CARTESIAN_POINT('',(9.907275532722,29.935170510928,
    44.459900443978));
#6379 = CARTESIAN_POINT('',(9.859786296339,29.910930264523,
    44.546545234932));
#6380 = CARTESIAN_POINT('',(9.802956957615,29.892834554567,
    44.628226657102));
#6381 = ORIENTED_EDGE('',*,*,#6382,.T.);
#6382 = EDGE_CURVE('',#6358,#6383,#6385,.T.);
#6383 = VERTEX_POINT('',#6384);
#6384 = CARTESIAN_POINT('',(8.9,30.004107991837,45.1));
#6385 = B_SPLINE_CURVE_WITH_KNOTS('',5,(#6386,#6387,#6388,#6389,#6390,
    #6391),.UNSPECIFIED.,.F.,.F.,(6,6),(0.,1.),
  .PIECEWISE_BEZIER_KNOTS.);
#6386 = CARTESIAN_POINT('',(9.802956957615,29.892834554567,
    44.628226657102));
#6387 = CARTESIAN_POINT('',(9.68188656564,29.854283081919,
    44.802242438762));
#6388 = CARTESIAN_POINT('',(9.514377110464,29.845484262452,
    44.953258956782));
#6389 = CARTESIAN_POINT('',(9.311964117565,29.873939270755,
    45.054114380618));
#6390 = CARTESIAN_POINT('',(9.100721604721,29.930439695407,45.1));
#6391 = CARTESIAN_POINT('',(8.9,30.004107991837,45.1));
#6392 = ORIENTED_EDGE('',*,*,#6393,.F.);
#6393 = EDGE_CURVE('',#6394,#6383,#6396,.T.);
#6394 = VERTEX_POINT('',#6395);
#6395 = CARTESIAN_POINT('',(3.451183324223E-14,31.600738920581,45.1));
#6396 = B_SPLINE_CURVE_WITH_KNOTS('',6,(#6397,#6398,#6399,#6400,#6401,
    #6402,#6403),.UNSPECIFIED.,.F.,.F.,(7,7),(0.,1.),
  .PIECEWISE_BEZIER_KNOTS.);
#6397 = CARTESIAN_POINT('',(8.348877145181E-14,31.600738920581,45.1));
#6398 = CARTESIAN_POINT('',(1.514784640028,31.600738920581,45.1));
#6399 = CARTESIAN_POINT('',(3.029776275499,31.492156496635,45.1));
#6400 = CARTESIAN_POINT('',(4.534728235371,31.274939661056,45.1));
#6401 = CARTESIAN_POINT('',(6.020309000085,30.951510283507,45.1));
#6402 = CARTESIAN_POINT('',(7.477987520251,30.5260111374,45.1));
#6403 = CARTESIAN_POINT('',(8.9,30.004107991837,45.1));
#6404 = ORIENTED_EDGE('',*,*,#6405,.T.);
#6405 = EDGE_CURVE('',#6394,#6406,#6408,.T.);
#6406 = VERTEX_POINT('',#6407);
#6407 = CARTESIAN_POINT('',(1.683889348828E-15,17.964872442544,
    71.790916854437));
#6408 = B_SPLINE_CURVE_WITH_KNOTS('',1,(#6409,#6410),.UNSPECIFIED.,.F.,
  .F.,(2,2),(0.,1.),.PIECEWISE_BEZIER_KNOTS.);
#6409 = CARTESIAN_POINT('',(2.346553201184E-14,48.,13.));
#6410 = CARTESIAN_POINT('',(4.36967524849E-14,17.964872442544,
    71.790916854437));
#6411 = ORIENTED_EDGE('',*,*,#6412,.F.);
#6412 = EDGE_CURVE('',#6413,#6406,#6415,.T.);
#6413 = VERTEX_POINT('',#6414);
#6414 = CARTESIAN_POINT('',(27.5,2.19152044289,49.26423563649));
#6415 = CIRCLE('',#6416,27.5);
#6416 = AXIS2_PLACEMENT_3D('',#6417,#6418,#6419);
#6417 = CARTESIAN_POINT('',(0.,2.19152044289,49.26423563649));
#6418 = DIRECTION('',(0.,-0.819152044289,0.573576436351));
#6419 = DIRECTION('',(1.,0.,0.));
#6420 = ORIENTED_EDGE('',*,*,#6421,.F.);
#6421 = EDGE_CURVE('',#6406,#6413,#6422,.T.);
#6422 = CIRCLE('',#6423,27.5);
#6423 = AXIS2_PLACEMENT_3D('',#6424,#6425,#6426);
#6424 = CARTESIAN_POINT('',(0.,2.19152044289,49.26423563649));
#6425 = DIRECTION('',(0.,-0.819152044289,0.573576436351));
#6426 = DIRECTION('',(1.,0.,0.));
#6427 = ORIENTED_EDGE('',*,*,#6405,.F.);
#6428 = ORIENTED_EDGE('',*,*,#6429,.F.);
#6429 = EDGE_CURVE('',#6430,#6394,#6432,.T.);
#6430 = VERTEX_POINT('',#6431);
#6431 = CARTESIAN_POINT('',(-8.9,30.004107991838,45.1));
#6432 = B_SPLINE_CURVE_WITH_KNOTS('',6,(#6433,#6434,#6435,#6436,#6437,
    #6438,#6439),.UNSPECIFIED.,.F.,.F.,(7,7),(0.,1.),
  .PIECEWISE_BEZIER_KNOTS.);
#6433 = CARTESIAN_POINT('',(-8.9,30.004107991838,45.1));
#6434 = CARTESIAN_POINT('',(-7.47798742853,30.526011171064,45.1));
#6435 = CARTESIAN_POINT('',(-6.020309007592,30.951510268318,45.1));
#6436 = CARTESIAN_POINT('',(-4.53472838468,31.274939613033,45.1));
#6437 = CARTESIAN_POINT('',(-3.029776437237,31.492156510799,45.1));
#6438 = CARTESIAN_POINT('',(-1.51478452712,31.600738920581,45.1));
#6439 = CARTESIAN_POINT('',(3.01980662698E-14,31.600738920581,45.1));
#6440 = ORIENTED_EDGE('',*,*,#6441,.T.);
#6441 = EDGE_CURVE('',#6430,#6442,#6444,.T.);
#6442 = VERTEX_POINT('',#6443);
#6443 = CARTESIAN_POINT('',(-9.871179112449,30.444058849184,
    43.483462361931));
#6444 = B_SPLINE_CURVE_WITH_KNOTS('',8,(#6445,#6446,#6447,#6448,#6449,
    #6450,#6451,#6452,#6453,#6454,#6455,#6456,#6457,#6458,#6459,#6460),
  .UNSPECIFIED.,.F.,.F.,(9,7,9),(0.,0.621305395988,1.),.UNSPECIFIED.);
#6445 = CARTESIAN_POINT('',(-8.9,30.004107991838,45.1));
#6446 = CARTESIAN_POINT('',(-9.074288444588,29.940141121813,45.1));
#6447 = CARTESIAN_POINT('',(-9.259332821197,29.886654858655,
    45.068441495351));
#6448 = CARTESIAN_POINT('',(-9.441458959987,29.851759292762,
    44.998493076525));
#6449 = CARTESIAN_POINT('',(-9.608175121193,29.839568969531,
    44.891622599418));
#6450 = CARTESIAN_POINT('',(-9.749557274612,29.851895435662,
    44.753489848475));
#6451 = CARTESIAN_POINT('',(-9.858283661895,29.888293137616,
    44.592808875017));
#6452 = CARTESIAN_POINT('',(-9.930781434287,29.944934831625,
    44.421259266055));
#6453 = CARTESIAN_POINT('',(-9.994810426164,30.055409754353,
    44.150080385427));
#6454 = CARTESIAN_POINT('',(-10.00725472068,30.102309793058,
    44.04703587147));
#6455 = CARTESIAN_POINT('',(-10.00849722691,30.153366208674,
    43.945054617352));
#6456 = CARTESIAN_POINT('',(-9.999254557399,30.207722435297,
    43.845273247911));
#6457 = CARTESIAN_POINT('',(-9.980261348607,30.264600013896,
    43.748593197524));
#6458 = CARTESIAN_POINT('',(-9.952212537805,30.323316033072,
    43.655716356164));
#6459 = CARTESIAN_POINT('',(-9.915710090257,30.383292431271,
    43.567188217158));
#6460 = CARTESIAN_POINT('',(-9.871179112449,30.444058849184,
    43.483462361931));
#6461 = ORIENTED_EDGE('',*,*,#6462,.T.);
#6462 = EDGE_CURVE('',#6442,#6463,#6465,.T.);
#6463 = VERTEX_POINT('',#6464);
#6464 = CARTESIAN_POINT('',(-8.9,31.119284862423,42.9));
#6465 = B_SPLINE_CURVE_WITH_KNOTS('',8,(#6466,#6467,#6468,#6469,#6470,
    #6471,#6472,#6473,#6474),.UNSPECIFIED.,.F.,.F.,(9,9),(0.,1.),
  .PIECEWISE_BEZIER_KNOTS.);
#6466 = CARTESIAN_POINT('',(-9.871179112449,30.444058849184,
    43.483462361931));
#6467 = CARTESIAN_POINT('',(-9.803478634338,30.536442078755,
    43.35617388303));
#6468 = CARTESIAN_POINT('',(-9.71751980285,30.630244831501,
    43.240544867629));
#6469 = CARTESIAN_POINT('',(-9.614861248822,30.724082667032,
    43.137592991042));
#6470 = CARTESIAN_POINT('',(-9.496455475395,30.816263586667,
    43.049323788517));
#6471 = CARTESIAN_POINT('',(-9.363605194421,30.904661575767,
    42.978235898243));
#6472 = CARTESIAN_POINT('',(-9.21804429537,30.986690474863,
    42.927369014325));
#6473 = CARTESIAN_POINT('',(-9.062305855186,31.059396223779,42.9));
#6474 = CARTESIAN_POINT('',(-8.9,31.119284862423,42.9));
#6475 = ORIENTED_EDGE('',*,*,#6476,.T.);
#6476 = EDGE_CURVE('',#6463,#6339,#6477,.T.);
#6477 = B_SPLINE_CURVE_WITH_KNOTS('',6,(#6478,#6479,#6480,#6481,#6482,
    #6483,#6484),.UNSPECIFIED.,.F.,.F.,(7,7),(0.,1.),
  .PIECEWISE_BEZIER_KNOTS.);
#6478 = CARTESIAN_POINT('',(-8.9,31.119284862423,42.9));
#6479 = CARTESIAN_POINT('',(-7.478579031836,31.643769740834,42.9));
#6480 = CARTESIAN_POINT('',(-6.021193368739,32.071591483677,42.9));
#6481 = CARTESIAN_POINT('',(-4.535623984156,32.396906461635,42.9));
#6482 = CARTESIAN_POINT('',(-3.030457552638,32.615437660612,42.9));
#6483 = CARTESIAN_POINT('',(-1.515120153938,32.72467581699,42.9));
#6484 = CARTESIAN_POINT('',(3.01980662698E-14,32.724675816989,42.9));
#6485 = ORIENTED_EDGE('',*,*,#6338,.F.);
#6486 = ORIENTED_EDGE('',*,*,#6487,.F.);
#6487 = EDGE_CURVE('',#6488,#6327,#6490,.T.);
#6488 = VERTEX_POINT('',#6489);
#6489 = CARTESIAN_POINT('',(-8.9,32.539060082278,40.1));
#6490 = B_SPLINE_CURVE_WITH_KNOTS('',6,(#6491,#6492,#6493,#6494,#6495,
    #6496,#6497),.UNSPECIFIED.,.F.,.F.,(7,7),(0.,1.),
  .PIECEWISE_BEZIER_KNOTS.);
#6491 = CARTESIAN_POINT('',(-8.9,32.539060082278,40.1));
#6492 = CARTESIAN_POINT('',(-7.479300396867,33.066681496839,40.1));
#6493 = CARTESIAN_POINT('',(-6.022274791722,33.497336044474,40.1));
#6494 = CARTESIAN_POINT('',(-4.536721478509,33.824957702289,40.1));
#6495 = CARTESIAN_POINT('',(-3.031293121049,34.045099377023,40.1));
#6496 = CARTESIAN_POINT('',(-1.515531584488,34.155140957874,40.1));
#6497 = CARTESIAN_POINT('',(2.84217094304E-14,34.155140957873,40.1));
#6498 = ORIENTED_EDGE('',*,*,#6499,.T.);
#6499 = EDGE_CURVE('',#6488,#6500,#6502,.T.);
#6500 = VERTEX_POINT('',#6501);
#6501 = CARTESIAN_POINT('',(-9.900355770465,32.933083814207,
    38.542519582389));
#6502 = B_SPLINE_CURVE_WITH_KNOTS('',8,(#6503,#6504,#6505,#6506,#6507,
    #6508,#6509,#6510,#6511,#6512,#6513,#6514,#6515,#6516,#6517,#6518),
  .UNSPECIFIED.,.F.,.F.,(9,7,9),(0.,0.6346958572,1.),.UNSPECIFIED.);
#6503 = CARTESIAN_POINT('',(-8.9,32.539060082278,40.1));
#6504 = CARTESIAN_POINT('',(-9.071970777807,32.475193333213,40.1));
#6505 = CARTESIAN_POINT('',(-9.254384010001,32.421489315203,
    40.069275187756));
#6506 = CARTESIAN_POINT('',(-9.43429273519,32.385717839602,
    40.001281860143));
#6507 = CARTESIAN_POINT('',(-9.59964896667,32.372030348094,
    39.897154298025));
#6508 = CARTESIAN_POINT('',(-9.740737385301,32.382340409539,
    39.762179222325));
#6509 = CARTESIAN_POINT('',(-9.850277886665,32.416412668824,
    39.60461883146));
#6510 = CARTESIAN_POINT('',(-9.924507856632,32.470718700147,
    39.435743881849));
#6511 = CARTESIAN_POINT('',(-9.99073218234,32.575607343816,
    39.17341297008));
#6512 = CARTESIAN_POINT('',(-10.00457703689,32.618492837916,
    39.077104425103));
#6513 = CARTESIAN_POINT('',(-10.00853776458,32.665192813324,
    38.981523879804));
#6514 = CARTESIAN_POINT('',(-10.00319548179,32.714985302422,
    38.887650984486));
#6515 = CARTESIAN_POINT('',(-9.989159856304,32.76720960235,
    38.796267488006));
#6516 = CARTESIAN_POINT('',(-9.96701717705,32.821282829008,
    38.707984458448));
#6517 = CARTESIAN_POINT('',(-9.937286677543,32.876708839638,
    38.623275052092));
#6518 = CARTESIAN_POINT('',(-9.900355770465,32.933083814207,
    38.542519582389));
#6519 = ORIENTED_EDGE('',*,*,#6520,.T.);
#6520 = EDGE_CURVE('',#6500,#6521,#6523,.T.);
#6521 = VERTEX_POINT('',#6522);
#6522 = CARTESIAN_POINT('',(-8.9,33.654946464763,37.9));
#6523 = B_SPLINE_CURVE_WITH_KNOTS('',8,(#6524,#6525,#6526,#6527,#6528,
    #6529,#6530,#6531,#6532),.UNSPECIFIED.,.F.,.F.,(9,9),(0.,1.),
  .PIECEWISE_BEZIER_KNOTS.);
#6524 = CARTESIAN_POINT('',(-9.900355770465,32.933083814207,
    38.542519582389));
#6525 = CARTESIAN_POINT('',(-9.836672787528,33.030295792672,
    38.403266322558));
#6526 = CARTESIAN_POINT('',(-9.75189397383,33.129850135368,
    38.276456398482));
#6527 = CARTESIAN_POINT('',(-9.648088577206,33.23005804871,
    38.163224557247));
#6528 = CARTESIAN_POINT('',(-9.526393949187,33.328952727133,
    38.065866479693));
#6529 = CARTESIAN_POINT('',(-9.388343342684,33.424097688839,
    37.98717572699));
#6530 = CARTESIAN_POINT('',(-9.235857296904,33.512519924718,
    37.930648204839));
#6531 = CARTESIAN_POINT('',(-9.071756599772,33.590850460229,37.9));
#6532 = CARTESIAN_POINT('',(-8.9,33.654946464763,37.9));
#6533 = ORIENTED_EDGE('',*,*,#6534,.T.);
#6534 = EDGE_CURVE('',#6521,#6272,#6535,.T.);
#6535 = B_SPLINE_CURVE_WITH_KNOTS('',6,(#6536,#6537,#6538,#6539,#6540,
    #6541,#6542),.UNSPECIFIED.,.F.,.F.,(7,7),(0.,1.),
  .PIECEWISE_BEZIER_KNOTS.);
#6536 = CARTESIAN_POINT('',(-8.9,33.654946464763,37.9));
#6537 = CARTESIAN_POINT('',(-7.479843191743,34.184919562396,37.9));
#6538 = CARTESIAN_POINT('',(-6.023090696686,34.617706335274,37.9));
#6539 = CARTESIAN_POINT('',(-4.537551267136,34.947069313524,37.9));
#6540 = CARTESIAN_POINT('',(-3.031925727043,35.168428766744,37.9));
#6541 = CARTESIAN_POINT('',(-1.515843066553,35.279077854283,37.9));
#6542 = CARTESIAN_POINT('',(2.84217094304E-14,35.279077854282,37.9));
#6543 = ORIENTED_EDGE('',*,*,#6271,.F.);
#6544 = ORIENTED_EDGE('',*,*,#6545,.F.);
#6545 = EDGE_CURVE('',#6546,#6260,#6548,.T.);
#6546 = VERTEX_POINT('',#6547);
#6547 = CARTESIAN_POINT('',(-8.9,35.075593310307,35.1));
#6548 = B_SPLINE_CURVE_WITH_KNOTS('',6,(#6549,#6550,#6551,#6552,#6553,
    #6554,#6555),.UNSPECIFIED.,.F.,.F.,(7,7),(0.,1.),
  .PIECEWISE_BEZIER_KNOTS.);
#6549 = CARTESIAN_POINT('',(-8.9,35.075593310307,35.1));
#6550 = CARTESIAN_POINT('',(-7.480504442237,35.608421980403,35.1));
#6551 = CARTESIAN_POINT('',(-6.024087337789,36.043807746005,35.1));
#6552 = CARTESIAN_POINT('',(-4.538566953734,36.375299456634,35.1));
#6553 = CARTESIAN_POINT('',(-3.032700964704,36.598150067071,35.1));
#6554 = CARTESIAN_POINT('',(-1.516224654398,36.709542995167,35.1));
#6555 = CARTESIAN_POINT('',(2.6645352591E-14,36.709542995166,35.1));
#6556 = ORIENTED_EDGE('',*,*,#6557,.T.);
#6557 = EDGE_CURVE('',#6546,#6558,#6560,.T.);
#6558 = VERTEX_POINT('',#6559);
#6559 = CARTESIAN_POINT('',(-9.95017516942,35.37889612546,
    33.672689576193));
#6560 = B_SPLINE_CURVE_WITH_KNOTS('',8,(#6561,#6562,#6563,#6564,#6565,
    #6566,#6567,#6568,#6569,#6570,#6571,#6572,#6573,#6574,#6575,#6576),
  .UNSPECIFIED.,.F.,.F.,(9,7,9),(0.,0.431900354773,1.),.UNSPECIFIED.);
#6561 = CARTESIAN_POINT('',(-8.9,35.075593310307,35.1));
#6562 = CARTESIAN_POINT('',(-9.009625188437,35.034443873069,35.1));
#6563 = CARTESIAN_POINT('',(-9.122024834141,34.99787693518,
    35.087655301333));
#6564 = CARTESIAN_POINT('',(-9.234780084621,34.967413918011,
    35.061657033528));
#6565 = CARTESIAN_POINT('',(-9.345475718246,34.944263274312,
    35.021449701429));
#6566 = CARTESIAN_POINT('',(-9.451700144246,34.929320488219,
    34.967231185191));
#6567 = CARTESIAN_POINT('',(-9.551045402714,34.923168075247,
    34.899952740281));
#6568 = CARTESIAN_POINT('',(-9.641107164603,34.926075582292,
    34.821318997479));
#6569 = CARTESIAN_POINT('',(-9.822578576373,34.953683814635,
    34.618654115097));
#6570 = CARTESIAN_POINT('',(-9.905330457658,34.984531994706,
    34.489037160833));
#6571 = CARTESIAN_POINT('',(-9.964939459824,35.029321064328,
    34.350421808258));
#6572 = CARTESIAN_POINT('',(-10.0015837262,35.085651919723,
    34.208156128126));
#6573 = CARTESIAN_POINT('',(-10.01647082814,35.151060541504,
    34.066417604822));
#6574 = CARTESIAN_POINT('',(-10.01153357055,35.223071250611,
    33.928514121345));
#6575 = CARTESIAN_POINT('',(-9.988840336296,35.299572967338,
    33.796746725676));
#6576 = CARTESIAN_POINT('',(-9.95017516942,35.37889612546,
    33.672689576193));
#6577 = ORIENTED_EDGE('',*,*,#6578,.T.);
#6578 = EDGE_CURVE('',#6558,#6579,#6581,.T.);
#6579 = VERTEX_POINT('',#6580);
#6580 = CARTESIAN_POINT('',(-8.9,36.192140832729,32.9));
#6581 = B_SPLINE_CURVE_WITH_KNOTS('',5,(#6582,#6583,#6584,#6585,#6586,
    #6587,#6588,#6589,#6590,#6591),.UNSPECIFIED.,.F.,.F.,(6,4,6),(0.,
    0.360545018721,1.),.UNSPECIFIED.);
#6582 = CARTESIAN_POINT('',(-9.95017516942,35.37889612546,
    33.672689576193));
#6583 = CARTESIAN_POINT('',(-9.920552726141,35.439667769349,
    33.577645996376));
#6584 = CARTESIAN_POINT('',(-9.880587211612,35.502433846371,
    33.487268361938));
#6585 = CARTESIAN_POINT('',(-9.831185518158,35.566313435961,
    33.402384910993));
#6586 = CARTESIAN_POINT('',(-9.773073738345,35.630490712211,
    33.323798097218));
#6587 = CARTESIAN_POINT('',(-9.589250443268,35.807234886569,
    33.125449753301));
#6588 = CARTESIAN_POINT('',(-9.446388286356,35.918468780519,
    33.021268178905));
#6589 = CARTESIAN_POINT('',(-9.280652285896,36.024470281643,
    32.943255066816));
#6590 = CARTESIAN_POINT('',(-9.095092204852,36.118590246789,32.9));
#6591 = CARTESIAN_POINT('',(-8.9,36.192140832729,32.9));
#6592 = ORIENTED_EDGE('',*,*,#6593,.T.);
#6593 = EDGE_CURVE('',#6579,#6206,#6594,.T.);
#6594 = B_SPLINE_CURVE_WITH_KNOTS('',6,(#6595,#6596,#6597,#6598,#6599,
    #6600,#6601),.UNSPECIFIED.,.F.,.F.,(7,7),(0.,1.),
  .PIECEWISE_BEZIER_KNOTS.);
#6595 = CARTESIAN_POINT('',(-8.9,36.192140832729,32.9));
#6596 = CARTESIAN_POINT('',(-7.481001419057,36.72710929626,32.9));
#6597 = CARTESIAN_POINT('',(-6.024838441209,37.164449972229,32.9));
#6598 = CARTESIAN_POINT('',(-4.539333982186,37.497547574713,32.9));
#6599 = CARTESIAN_POINT('',(-3.033287043576,37.721524952016,32.9));
#6600 = CARTESIAN_POINT('',(-1.516512950169,37.833479891576,32.9));
#6601 = CARTESIAN_POINT('',(2.6645352591E-14,37.833479891575,32.9));
#6602 = ORIENTED_EDGE('',*,*,#6205,.F.);
#6603 = ORIENTED_EDGE('',*,*,#6604,.F.);
#6604 = EDGE_CURVE('',#6605,#6195,#6607,.T.);
#6605 = VERTEX_POINT('',#6606);
#6606 = CARTESIAN_POINT('',(-5.,41.453236435357,24.8));
#6607 = B_SPLINE_CURVE_WITH_KNOTS('',5,(#6608,#6609,#6610,#6611,#6612,
    #6613),.UNSPECIFIED.,.F.,.F.,(6,6),(0.,1.),
  .PIECEWISE_BEZIER_KNOTS.);
#6608 = CARTESIAN_POINT('',(-5.,41.453236435357,24.8));
#6609 = CARTESIAN_POINT('',(-4.014105453144,41.658987917006,24.8));
#6610 = CARTESIAN_POINT('',(-3.017775207644,41.814879196232,24.8));
#6611 = CARTESIAN_POINT('',(-2.014288262195,41.919368004764,24.8));
#6612 = CARTESIAN_POINT('',(-1.007129412256,41.97161119199,24.8));
#6613 = CARTESIAN_POINT('',(2.48689957516E-14,41.971611191989,24.8));
#6614 = ORIENTED_EDGE('',*,*,#6615,.T.);
#6615 = EDGE_CURVE('',#6605,#6616,#6618,.T.);
#6616 = VERTEX_POINT('',#6617);
#6617 = CARTESIAN_POINT('',(-7.,41.967440859307,22.8));
#6618 = B_SPLINE_CURVE_WITH_KNOTS('',8,(#6619,#6620,#6621,#6622,#6623,
    #6624,#6625,#6626,#6627,#6628,#6629,#6630,#6631,#6632,#6633,#6634),
  .UNSPECIFIED.,.F.,.F.,(9,7,9),(0.,0.640052162658,1.),.UNSPECIFIED.);
#6619 = CARTESIAN_POINT('',(-5.,41.453236435357,24.8));
#6620 = CARTESIAN_POINT('',(-5.255564177546,41.399901412505,24.8));
#6621 = CARTESIAN_POINT('',(-5.519754544845,41.360602293707,
    24.76267775383));
#6622 = CARTESIAN_POINT('',(-5.780162303907,41.339766163051,
    24.683627752365));
#6623 = CARTESIAN_POINT('',(-6.026504579253,41.339145644264,
    24.564469525076));
#6624 = CARTESIAN_POINT('',(-6.2501476051,41.359605911845,
    24.409359938129));
#6625 = CARTESIAN_POINT('',(-6.44429230906,41.400736484608,
    24.224930613021));
#6626 = CARTESIAN_POINT('',(-6.604172036064,41.460539514605,
    24.019823813923));
#6627 = CARTESIAN_POINT('',(-6.798757625873,41.57553501816,
    23.685364310463));
#6628 = CARTESIAN_POINT('',(-6.858072282024,41.621557409648,
    23.561368933652));
#6629 = CARTESIAN_POINT('',(-6.906681786316,41.671714253766,
    23.434991860022));
#6630 = CARTESIAN_POINT('',(-6.944812471434,41.725494955974,
    23.307318527399));
#6631 = CARTESIAN_POINT('',(-6.972805495329,41.78240070682,
    23.179280250208));
#6632 = CARTESIAN_POINT('',(-6.991061961371,41.841963571289,
    23.05165360871));
#6633 = CARTESIAN_POINT('',(-7.,41.903762492619,22.925065966618));
#6634 = CARTESIAN_POINT('',(-7.,41.967440859307,22.8));
#6635 = ORIENTED_EDGE('',*,*,#6636,.F.);
#6636 = EDGE_CURVE('',#6637,#6616,#6639,.T.);
#6637 = VERTEX_POINT('',#6638);
#6638 = CARTESIAN_POINT('',(-7.,44.513601087263,17.8));
#6639 = B_SPLINE_CURVE_WITH_KNOTS('',4,(#6640,#6641,#6642,#6643,#6644),
  .UNSPECIFIED.,.F.,.F.,(5,5),(0.,1.),.PIECEWISE_BEZIER_KNOTS.);
#6640 = CARTESIAN_POINT('',(-7.,44.513601087263,17.8));
#6641 = CARTESIAN_POINT('',(-7.,43.876989312468,19.049963583954));
#6642 = CARTESIAN_POINT('',(-7.,43.240424306249,20.299950917667));
#6643 = CARTESIAN_POINT('',(-7.,42.603907603818,21.549962777559));
#6644 = CARTESIAN_POINT('',(-7.,41.967440859307,22.8));
#6645 = ORIENTED_EDGE('',*,*,#6646,.T.);
#6646 = EDGE_CURVE('',#6637,#6647,#6649,.T.);
#6647 = VERTEX_POINT('',#6648);
#6648 = CARTESIAN_POINT('',(-6.997673090712,44.563418831987,
    17.703551969195));
#6649 = B_SPLINE_CURVE_WITH_KNOTS('',3,(#6650,#6651,#6652,#6653,#6654,
    #6655),.UNSPECIFIED.,.F.,.F.,(4,1,1,4),(0.,0.281442615602,
    0.756560026417,1.),.UNSPECIFIED.);
#6650 = CARTESIAN_POINT('',(-7.,44.513601087263,17.8));
#6651 = CARTESIAN_POINT('',(-7.,44.518228261565,17.790914715054));
#6652 = CARTESIAN_POINT('',(-6.999833491256,44.530709113173,
    17.766506868281));
#6653 = CARTESIAN_POINT('',(-6.999025687763,44.547323514765,
    17.734359802646));
#6654 = CARTESIAN_POINT('',(-6.99804927047,44.559337974453,
    17.711343566116));
#6655 = CARTESIAN_POINT('',(-6.997673090712,44.563418831987,
    17.703551969195));
#6656 = ORIENTED_EDGE('',*,*,#6657,.T.);
#6657 = EDGE_CURVE('',#6647,#6658,#6660,.T.);
#6658 = VERTEX_POINT('',#6659);
#6659 = CARTESIAN_POINT('',(-5.,46.043528176872,15.8));
#6660 = B_SPLINE_CURVE_WITH_KNOTS('',8,(#6661,#6662,#6663,#6664,#6665,
    #6666,#6667,#6668,#6669,#6670,#6671,#6672,#6673,#6674,#6675,#6676),
  .UNSPECIFIED.,.F.,.F.,(9,7,9),(0.,0.375070672108,1.),.UNSPECIFIED.);
#6661 = CARTESIAN_POINT('',(-6.997673090712,44.563418831987,
    17.703551969195));
#6662 = CARTESIAN_POINT('',(-6.990894330177,44.636955898793,
    17.563147365854));
#6663 = CARTESIAN_POINT('',(-6.972927633124,44.712613205856,
    17.4251496764));
#6664 = CARTESIAN_POINT('',(-6.94432567115,44.789913471797,
    17.290150112042));
#6665 = CARTESIAN_POINT('',(-6.905552736068,44.86839647043,
    17.158697403406));
#6666 = CARTESIAN_POINT('',(-6.857009630381,44.947618438341,
    17.031299318225));
#6667 = CARTESIAN_POINT('',(-6.799036690749,45.027151234495,
    16.908431697304));
#6668 = CARTESIAN_POINT('',(-6.731894944458,45.106581251834,
    16.790555008756));
#6669 = CARTESIAN_POINT('',(-6.528814428568,45.317013138227,
    16.490833925226));
#6670 = CARTESIAN_POINT('',(-6.377296452304,45.446649846698,
    16.319358384558));
#6671 = CARTESIAN_POINT('',(-6.201563943242,45.573165540862,
    16.164867996784));
#6672 = CARTESIAN_POINT('',(-6.00166490143,45.694161160884,
    16.030694754974));
#6673 = CARTESIAN_POINT('',(-5.778516510916,45.806222059274,
    15.921401604952));
#6674 = CARTESIAN_POINT('',(-5.534207244128,45.905085711675,
    15.842446741779));
#6675 = CARTESIAN_POINT('',(-5.272543429537,45.985823981553,15.8));
#6676 = CARTESIAN_POINT('',(-5.,46.043528176872,15.8));
#6677 = ORIENTED_EDGE('',*,*,#6678,.T.);
#6678 = EDGE_CURVE('',#6658,#6098,#6679,.T.);
#6679 = B_SPLINE_CURVE_WITH_KNOTS('',5,(#6680,#6681,#6682,#6683,#6684,
    #6685),.UNSPECIFIED.,.F.,.F.,(6,6),(0.,1.),
  .PIECEWISE_BEZIER_KNOTS.);
#6680 = CARTESIAN_POINT('',(-5.,46.043528176872,15.8));
#6681 = CARTESIAN_POINT('',(-4.014501512386,46.252182618887,15.8));
#6682 = CARTESIAN_POINT('',(-3.018289838676,46.410397197147,15.8));
#6683 = CARTESIAN_POINT('',(-2.014709190696,46.51649000852,15.8));
#6684 = CARTESIAN_POINT('',(-1.007337561442,46.569534859117,15.8));
#6685 = CARTESIAN_POINT('',(2.13162820728E-14,46.569534859116,15.8));
#6686 = FACE_BOUND('',#6687,.T.);
#6687 = EDGE_LOOP('',(#6688,#6751));
#6688 = ORIENTED_EDGE('',*,*,#6689,.T.);
#6689 = EDGE_CURVE('',#6690,#6692,#6694,.T.);
#6690 = VERTEX_POINT('',#6691);
#6691 = CARTESIAN_POINT('',(-31.10797111928,8.,19.5));
#6692 = VERTEX_POINT('',#6693);
#6693 = CARTESIAN_POINT('',(-31.10177440121,8.106495079479,
    19.496214823495));
#6694 = B_SPLINE_CURVE_WITH_KNOTS('',7,(#6695,#6696,#6697,#6698,#6699,
    #6700,#6701,#6702,#6703,#6704,#6705,#6706,#6707,#6708,#6709,#6710,
    #6711,#6712,#6713,#6714,#6715,#6716,#6717,#6718,#6719,#6720,#6721,
    #6722,#6723,#6724,#6725,#6726,#6727,#6728,#6729,#6730,#6731,#6732,
    #6733,#6734,#6735,#6736,#6737,#6738,#6739,#6740,#6741,#6742,#6743,
    #6744,#6745,#6746,#6747,#6748,#6749,#6750),.UNSPECIFIED.,.F.,.F.,(8,
    6,6,6,6,6,6,6,6,8),(0.,0.142769753465,0.210818074245,0.311661970111,
    0.458049521785,0.612143141076,0.677733860274,0.784560120224,
    0.862460795864,1.),.UNSPECIFIED.);
#6695 = CARTESIAN_POINT('',(-31.10797111928,8.,19.5));
#6696 = CARTESIAN_POINT('',(-31.11971120656,7.809201082417,19.5));
#6697 = CARTESIAN_POINT('',(-31.13410636146,7.618427413458,
    19.471684706655));
#6698 = CARTESIAN_POINT('',(-31.15077676214,7.433124966744,
    19.415074058252));
#6699 = CARTESIAN_POINT('',(-31.16935485759,7.258220885541,
    19.331639653685));
#6700 = CARTESIAN_POINT('',(-31.18956016438,7.098107583303,
    19.223662746594));
#6701 = CARTESIAN_POINT('',(-31.21110913588,6.956687941814,
    19.094244384413));
#6702 = CARTESIAN_POINT('',(-31.24436745876,6.78004841827,
    18.877420724429));
#6703 = CARTESIAN_POINT('',(-31.25532692187,6.727968147742,
    18.803457171478));
#6704 = CARTESIAN_POINT('',(-31.26647283533,6.681153384424,
    18.725937250711));
#6705 = CARTESIAN_POINT('',(-31.27776539254,6.639886280508,
    18.645307803187));
#6706 = CARTESIAN_POINT('',(-31.28916159105,6.604401066052,
    18.56203937515));
#6707 = CARTESIAN_POINT('',(-31.30061402485,6.574883659234,
    18.476623450372));
#6708 = CARTESIAN_POINT('',(-31.3290463276,6.516775403909,
    18.260560751737));
#6709 = CARTESIAN_POINT('',(-31.34603385943,6.495478964212,
    18.127926664319));
#6710 = CARTESIAN_POINT('',(-31.36285750609,6.488040988611,
    17.993346204699));
#6711 = CARTESIAN_POINT('',(-31.37932683023,6.494642945264,
    17.858518237926));
#6712 = CARTESIAN_POINT('',(-31.39522997233,6.515232541545,
    17.725147604292));
#6713 = CARTESIAN_POINT('',(-31.41033691233,6.549520650639,
    17.594929168157));
#6714 = CARTESIAN_POINT('',(-31.44484312578,6.665753952039,
    17.28749744487));
#6715 = CARTESIAN_POINT('',(-31.46312953342,6.762330135533,
    17.11535311662));
#6716 = CARTESIAN_POINT('',(-31.47850705678,6.884930031365,
    16.958528177095));
#6717 = CARTESIAN_POINT('',(-31.49026572112,7.030521093016,
    16.821664571316));
#6718 = CARTESIAN_POINT('',(-31.49779021945,7.195243525745,
    16.70865222557));
#6719 = CARTESIAN_POINT('',(-31.50063931061,7.374339826903,
    16.622676458622));
#6720 = CARTESIAN_POINT('',(-31.4967415373,7.759392331759,
    16.505096768518));
#6721 = CARTESIAN_POINT('',(-31.4894747998,7.966940758821,
    16.476387971591));
#6722 = CARTESIAN_POINT('',(-31.47679708605,8.17751494308,
    16.481661522337));
#6723 = CARTESIAN_POINT('',(-31.45904448589,8.384301087778,
    16.520635500919));
#6724 = CARTESIAN_POINT('',(-31.43687632212,8.581105066581,
    16.591739888247));
#6725 = CARTESIAN_POINT('',(-31.41123733953,8.762243947955,
    16.692126451881));
#6726 = CARTESIAN_POINT('',(-31.37136582655,8.991324824415,
    16.870928239403));
#6727 = CARTESIAN_POINT('',(-31.35903284968,9.056054051996,
    16.928878321053));
#6728 = CARTESIAN_POINT('',(-31.34635453076,9.116763490427,
    16.99109227439));
#6729 = CARTESIAN_POINT('',(-31.33341762132,9.173134059527,
    17.057241912365));
#6730 = CARTESIAN_POINT('',(-31.32031091907,9.224880101794,
    17.12697441838));
#6731 = CARTESIAN_POINT('',(-31.30712383833,9.271749093518,
    17.199914190502));
#6732 = CARTESIAN_POINT('',(-31.2724808451,9.381554983455,
    17.399037964511));
#6733 = CARTESIAN_POINT('',(-31.25103350223,9.436085554525,
    17.529895692613));
#6734 = CARTESIAN_POINT('',(-31.22999095635,9.476138886918,
    17.666498088085));
#6735 = CARTESIAN_POINT('',(-31.20972684875,9.501031187256,
    17.806994707533));
#6736 = CARTESIAN_POINT('',(-31.19058544436,9.510332815311,
    17.949439982486));
#6737 = CARTESIAN_POINT('',(-31.17286735856,9.503896699934,
    18.091805844748));
#6738 = CARTESIAN_POINT('',(-31.14511094532,9.465948289178,
    18.33421867057));
#6739 = CARTESIAN_POINT('',(-31.13428984969,9.441694749079,
    18.435307102521));
#6740 = CARTESIAN_POINT('',(-31.12444816602,9.409274703253,
    18.53443795693));
#6741 = CARTESIAN_POINT('',(-31.11566047635,9.368875642143,
    18.630812286035));
#6742 = CARTESIAN_POINT('',(-31.10798054602,9.320780782175,
    18.723652861952));
#6743 = CARTESIAN_POINT('',(-31.10144161249,9.265372630922,
    18.812212290239));
#6744 = CARTESIAN_POINT('',(-31.08654989781,9.093285874857,
    19.043345081507));
#6745 = CARTESIAN_POINT('',(-31.08063146344,8.962064352374,
    19.175513355407));
#6746 = CARTESIAN_POINT('',(-31.0783976895,8.812269257083,19.2882019602)
  );
#6747 = CARTESIAN_POINT('',(-31.07969245962,8.647540372198,
    19.378374994552));
#6748 = CARTESIAN_POINT('',(-31.08423625624,8.471935174524,
    19.44382656245));
#6749 = CARTESIAN_POINT('',(-31.09171613005,8.289953724185,
    19.483156910526));
#6750 = CARTESIAN_POINT('',(-31.10177440121,8.106495079479,
    19.496214823495));
#6751 = ORIENTED_EDGE('',*,*,#6752,.T.);
#6752 = EDGE_CURVE('',#6692,#6690,#6753,.T.);
#6753 = B_SPLINE_CURVE_WITH_KNOTS('',1,(#6754,#6755),.UNSPECIFIED.,.F.,
  .F.,(2,2),(0.,1.),.PIECEWISE_BEZIER_KNOTS.);
#6754 = CARTESIAN_POINT('',(-31.10177440121,8.106495079479,
    19.496214823495));
#6755 = CARTESIAN_POINT('',(-31.10797111928,8.,19.5));
#6756 = FACE_BOUND('',#6757,.T.);
#6757 = EDGE_LOOP('',(#6758,#6779));
#6758 = ORIENTED_EDGE('',*,*,#6759,.T.);
#6759 = EDGE_CURVE('',#6760,#6762,#6764,.T.);
#6760 = VERTEX_POINT('',#6761);
#6761 = CARTESIAN_POINT('',(-31.14957980111,3.,19.5));
#6762 = VERTEX_POINT('',#6763);
#6763 = CARTESIAN_POINT('',(-31.2037080726,1.54909501717,18.380624133231
    ));
#6764 = B_SPLINE_CURVE_WITH_KNOTS('',7,(#6765,#6766,#6767,#6768,#6769,
    #6770,#6771,#6772,#6773,#6774,#6775,#6776,#6777,#6778),
  .UNSPECIFIED.,.F.,.F.,(8,6,8),(0.,0.707709286619,1.),.UNSPECIFIED.);
#6765 = CARTESIAN_POINT('',(-31.14957980111,3.,19.5));
#6766 = CARTESIAN_POINT('',(-31.1404770055,2.800637002974,19.5));
#6767 = CARTESIAN_POINT('',(-31.13418774966,2.600752055717,
    19.469085502479));
#6768 = CARTESIAN_POINT('',(-31.13107138515,2.406740597888,
    19.406974087846));
#6769 = CARTESIAN_POINT('',(-31.13143913513,2.224435325396,
    19.315277445502));
#6770 = CARTESIAN_POINT('',(-31.13561402027,2.059025369022,
    19.196658527944));
#6771 = CARTESIAN_POINT('',(-31.14377636644,1.915160701237,
    19.054881418217));
#6772 = CARTESIAN_POINT('',(-31.16073408287,1.747260832939,
    18.829100804054));
#6773 = CARTESIAN_POINT('',(-31.16634732218,1.702438080428,
    18.760010110456));
#6774 = CARTESIAN_POINT('',(-31.17260889681,1.662106658921,
    18.688164817734));
#6775 = CARTESIAN_POINT('',(-31.17950312434,1.626465477985,
    18.613924283886));
#6776 = CARTESIAN_POINT('',(-31.18700665584,1.595674634463,
    18.537662169746));
#6777 = CARTESIAN_POINT('',(-31.19508817088,1.569856201437,
    18.459763901503));
#6778 = CARTESIAN_POINT('',(-31.2037080726,1.54909501717,18.380624133231
    ));
#6779 = ORIENTED_EDGE('',*,*,#6780,.T.);
#6780 = EDGE_CURVE('',#6762,#6760,#6781,.T.);
#6781 = B_SPLINE_CURVE_WITH_KNOTS('',8,(#6782,#6783,#6784,#6785,#6786,
    #6787,#6788,#6789,#6790,#6791,#6792,#6793,#6794,#6795,#6796,#6797,
    #6798,#6799,#6800,#6801,#6802,#6803,#6804,#6805,#6806,#6807,#6808,
    #6809,#6810,#6811,#6812,#6813,#6814,#6815,#6816,#6817,#6818,#6819,
    #6820,#6821,#6822,#6823,#6824,#6825,#6826,#6827,#6828,#6829,#6830,
    #6831,#6832),.UNSPECIFIED.,.F.,.F.,(9,7,7,7,7,7,7,9),(0.,
    0.141231613594,0.218288600509,0.396531681257,0.589591277481,
    0.702971311257,0.812224084391,1.),.UNSPECIFIED.);
#6782 = CARTESIAN_POINT('',(-31.2037080726,1.54909501717,18.380624133231
    ));
#6783 = CARTESIAN_POINT('',(-31.21755276223,1.515749839697,
    18.253515313992));
#6784 = CARTESIAN_POINT('',(-31.23276089713,1.495177181902,
    18.123242515498));
#6785 = CARTESIAN_POINT('',(-31.24917902426,1.487714078836,
    17.99134698183));
#6786 = CARTESIAN_POINT('',(-31.26661507751,1.493452197113,
    17.859347105892));
#6787 = CARTESIAN_POINT('',(-31.28484389799,1.512285412292,
    17.728729176166));
#6788 = CARTESIAN_POINT('',(-31.30361373329,1.543934334008,
    17.600938901884));
#6789 = CARTESIAN_POINT('',(-31.32265371555,1.587947778853,
    17.477373716621));
#6790 = CARTESIAN_POINT('',(-31.35206446128,1.674089742611,
    17.294995378919));
#6791 = CARTESIAN_POINT('',(-31.36244465997,1.707991549072,
    17.232263225334));
#6792 = CARTESIAN_POINT('',(-31.37277793948,1.745285547006,
    17.171393122282));
#6793 = CARTESIAN_POINT('',(-31.38301887709,1.785857104101,
    17.112591345337));
#6794 = CARTESIAN_POINT('',(-31.39312202254,1.829577915833,
    17.056056226885));
#6795 = CARTESIAN_POINT('',(-31.40304231814,1.876305902189,
    17.001977660088));
#6796 = CARTESIAN_POINT('',(-31.41273551895,1.925885104386,
    16.950536602843));
#6797 = CARTESIAN_POINT('',(-31.44395548531,2.09903103055,
    16.789412235379));
#6798 = CARTESIAN_POINT('',(-31.46432777236,2.234376894742,
    16.691843199321));
#6799 = CARTESIAN_POINT('',(-31.48271272348,2.38197903674,
    16.611498490369));
#6800 = CARTESIAN_POINT('',(-31.49861765449,2.539268118745,
    16.55016875991));
#6801 = CARTESIAN_POINT('',(-31.51164349759,2.703431497124,
    16.509179811296));
#6802 = CARTESIAN_POINT('',(-31.52149778293,2.871435755664,
    16.489415313642));
#6803 = CARTESIAN_POINT('',(-31.52801142758,3.040019633223,
    16.491231027212));
#6804 = CARTESIAN_POINT('',(-31.5345988531,3.385209058202,
    16.539025897371));
#6805 = CARTESIAN_POINT('',(-31.53409766343,3.561593658813,
    16.58870119705));
#6806 = CARTESIAN_POINT('',(-31.52963320722,3.730330522901,
    16.662733794353));
#6807 = CARTESIAN_POINT('',(-31.52142203605,3.887454310516,
    16.75953501672));
#6808 = CARTESIAN_POINT('',(-31.50983067787,4.029492977658,
    16.876917737999));
#6809 = CARTESIAN_POINT('',(-31.49533666067,4.153482814171,
    17.012121087096));
#6810 = CARTESIAN_POINT('',(-31.47847845602,4.256954501203,
    17.161897103536));
#6811 = CARTESIAN_POINT('',(-31.44890295241,4.385929365182,
    17.416598242269));
#6812 = CARTESIAN_POINT('',(-31.43733874029,4.426027836909,
    17.514603283154));
#6813 = CARTESIAN_POINT('',(-31.42526468619,4.458164074455,
    17.615651034921));
#6814 = CARTESIAN_POINT('',(-31.41279180046,4.482087821044,
    17.718996171633));
#6815 = CARTESIAN_POINT('',(-31.40002741083,4.497629767926,
    17.823878388748));
#6816 = CARTESIAN_POINT('',(-31.38707320996,4.504697888734,
    17.929526472006));
#6817 = CARTESIAN_POINT('',(-31.37402435595,4.503280016271,
    18.035161181975));
#6818 = CARTESIAN_POINT('',(-31.3483901141,4.483983042593,
    18.241016494072));
#6819 = CARTESIAN_POINT('',(-31.33580282516,4.466703290622,
    18.341312887263));
#6820 = CARTESIAN_POINT('',(-31.32328739383,4.441677143656,
    18.440181301796));
#6821 = CARTESIAN_POINT('',(-31.31091505191,4.409043246719,
    18.536935287101));
#6822 = CARTESIAN_POINT('',(-31.29874880334,4.369008442163,
    18.630907296968));
#6823 = CARTESIAN_POINT('',(-31.28684422148,4.321845649467,
    18.721451226563));
#6824 = CARTESIAN_POINT('',(-31.27525086849,4.267896334673,
    18.807946963511));
#6825 = CARTESIAN_POINT('',(-31.24470178336,4.103905955108,19.0305020956
    ));
#6826 = CARTESIAN_POINT('',(-31.22642420172,3.981315675458,
    19.157642184762));
#6827 = CARTESIAN_POINT('',(-31.20943446764,3.841960052036,
    19.268067934097));
#6828 = CARTESIAN_POINT('',(-31.19390711792,3.688540512423,
    19.359244692258));
#6829 = CARTESIAN_POINT('',(-31.17998346547,3.524115068001,
    19.429180522371));
#6830 = CARTESIAN_POINT('',(-31.16782078526,3.352048136263,
    19.476393347947));
#6831 = CARTESIAN_POINT('',(-31.15761668836,3.176018225546,19.5));
#6832 = CARTESIAN_POINT('',(-31.14957980111,3.,19.5));
#6833 = FACE_BOUND('',#6834,.T.);
#6834 = EDGE_LOOP('',(#6835,#6865));
#6835 = ORIENTED_EDGE('',*,*,#6836,.T.);
#6836 = EDGE_CURVE('',#6837,#6839,#6841,.T.);
#6837 = VERTEX_POINT('',#6838);
#6838 = CARTESIAN_POINT('',(31.483968204013,8.,16.5));
#6839 = VERTEX_POINT('',#6840);
#6840 = CARTESIAN_POINT('',(31.182188676872,7.175464653668,
    19.253052857085));
#6841 = B_SPLINE_CURVE_WITH_KNOTS('',8,(#6842,#6843,#6844,#6845,#6846,
    #6847,#6848,#6849,#6850,#6851,#6852,#6853,#6854,#6855,#6856,#6857,
    #6858,#6859,#6860,#6861,#6862,#6863,#6864),.UNSPECIFIED.,.F.,.F.,(9,
    7,7,9),(0.,0.469075190946,0.712776513348,1.),.UNSPECIFIED.);
#6842 = CARTESIAN_POINT('',(31.483968204013,8.,16.5));
#6843 = CARTESIAN_POINT('',(31.496750078341,7.773980137813,16.5));
#6844 = CARTESIAN_POINT('',(31.503600843633,7.546729181595,
    16.538923199984));
#6845 = CARTESIAN_POINT('',(31.503925646529,7.327690875636,
    16.617500309036));
#6846 = CARTESIAN_POINT('',(31.49788294835,7.124927639948,
    16.733078562433));
#6847 = CARTESIAN_POINT('',(31.486016754825,6.945462652437,
    16.881737825916));
#6848 = CARTESIAN_POINT('',(31.469196142129,6.79511133964,
    17.058022056989));
#6849 = CARTESIAN_POINT('',(31.448429178752,6.678655864424,
    17.255330603732));
#6850 = CARTESIAN_POINT('',(31.412663122556,6.55694177035,
    17.574313331155));
#6851 = CARTESIAN_POINT('',(31.399663824979,6.525062233789,
    17.686983797039));
#6852 = CARTESIAN_POINT('',(31.386039111579,6.503275677861,
    17.802237200775));
#6853 = CARTESIAN_POINT('',(31.371931531217,6.491799287963,
    17.919033475516));
#6854 = CARTESIAN_POINT('',(31.357476325522,6.490727747123,
    18.03632522884));
#6855 = CARTESIAN_POINT('',(31.342799081413,6.500040216059,
    18.153063949293));
#6856 = CARTESIAN_POINT('',(31.328015577237,6.519596030447,
    18.268205654619));
#6857 = CARTESIAN_POINT('',(31.295812221884,6.583914672978,
    18.513319317993));
#6858 = CARTESIAN_POINT('',(31.278385157034,6.632571306881,
    18.64232767697));
#6859 = CARTESIAN_POINT('',(31.261132236851,6.694652596083,
    18.76602153546));
#6860 = CARTESIAN_POINT('',(31.244205592522,6.769474083306,
    18.882799011296));
#6861 = CARTESIAN_POINT('',(31.227733928873,6.856147037848,
    18.991176467509));
#6862 = CARTESIAN_POINT('',(31.211831995128,6.953592438618,
    19.089791680216));
#6863 = CARTESIAN_POINT('',(31.196611397613,7.060532198802,
    19.177424865064));
#6864 = CARTESIAN_POINT('',(31.182188676872,7.175464653668,
    19.253052857085));
#6865 = ORIENTED_EDGE('',*,*,#6866,.T.);
#6866 = EDGE_CURVE('',#6839,#6837,#6867,.T.);
#6867 = B_SPLINE_CURVE_WITH_KNOTS('',8,(#6868,#6869,#6870,#6871,#6872,
    #6873,#6874,#6875,#6876,#6877,#6878,#6879,#6880,#6881,#6882,#6883,
    #6884,#6885,#6886,#6887,#6888,#6889,#6890,#6891,#6892,#6893,#6894,
    #6895,#6896,#6897),.UNSPECIFIED.,.F.,.F.,(9,7,7,7,9),(0.,
    0.339068020959,0.536904019921,0.715192718842,1.),.UNSPECIFIED.);
#6868 = CARTESIAN_POINT('',(31.182188676872,7.175464653668,
    19.253052857085));
#6869 = CARTESIAN_POINT('',(31.157417668588,7.37286102866,
    19.382943856893));
#6870 = CARTESIAN_POINT('',(31.134887991185,7.594729052031,
    19.478010019109));
#6871 = CARTESIAN_POINT('',(31.115340845923,7.832917580785,
    19.531917908637));
#6872 = CARTESIAN_POINT('',(31.099289158064,8.078311596886,
    19.541957070954));
#6873 = CARTESIAN_POINT('',(31.087376539577,8.321735384472,
    19.507257522136));
#6874 = CARTESIAN_POINT('',(31.08033225218,8.554099558514,
    19.429279161642));
#6875 = CARTESIAN_POINT('',(31.078893694776,8.766351021938,
    19.311276833683));
#6876 = CARTESIAN_POINT('',(31.085793423653,9.058122771046,
    19.072237327739));
#6877 = CARTESIAN_POINT('',(31.090313924247,9.156317017452,
    18.972763620117));
#6878 = CARTESIAN_POINT('',(31.096865888196,9.2436692846,18.863140889406
    ));
#6879 = CARTESIAN_POINT('',(31.105455628137,9.318962178779,
    18.744820043241));
#6880 = CARTESIAN_POINT('',(31.116039498809,9.381238343277,
    18.61938287438));
#6881 = CARTESIAN_POINT('',(31.128518466847,9.429781059147,
    18.488513461281));
#6882 = CARTESIAN_POINT('',(31.142732964287,9.464127773228,
    18.35399139847));
#6883 = CARTESIAN_POINT('',(31.172634663049,9.502138476293,
    18.094840229714));
#6884 = CARTESIAN_POINT('',(31.18804593003,9.508509301827,
    17.970474421665));
#6885 = CARTESIAN_POINT('',(31.204540123716,9.503102702313,
    17.845897983364));
#6886 = CARTESIAN_POINT('',(31.221934433547,9.485975289776,
    17.722386739034));
#6887 = CARTESIAN_POINT('',(31.240022917541,9.457335985349,
    17.601175117869));
#6888 = CARTESIAN_POINT('',(31.25858183601,9.417527233522,
    17.483451907456));
#6889 = CARTESIAN_POINT('',(31.27737513033,9.367022345751,
    17.370355309045));
#6890 = CARTESIAN_POINT('',(31.326168011501,9.209660065633,
    17.091420311709));
#6891 = CARTESIAN_POINT('',(31.356201522518,9.087010833132,
    16.934172123707));
#6892 = CARTESIAN_POINT('',(31.385235443203,8.940982528074,
    16.795912896888));
#6893 = CARTESIAN_POINT('',(31.412261367053,8.774967231416,
    16.680498443233));
#6894 = CARTESIAN_POINT('',(31.436343128331,8.592937513908,
    16.591178316959));
#6895 = CARTESIAN_POINT('',(31.456684109901,8.39949429305,
    16.530433346027));
#6896 = CARTESIAN_POINT('',(31.472665837693,8.199857956086,16.5));
#6897 = CARTESIAN_POINT('',(31.483968204013,8.,16.5));
#6898 = FACE_BOUND('',#6899,.T.);
#6899 = EDGE_LOOP('',(#6900,#6923));
#6900 = ORIENTED_EDGE('',*,*,#6901,.T.);
#6901 = EDGE_CURVE('',#6902,#6904,#6906,.T.);
#6902 = VERTEX_POINT('',#6903);
#6903 = CARTESIAN_POINT('',(31.525045851913,3.,16.5));
#6904 = VERTEX_POINT('',#6905);
#6905 = CARTESIAN_POINT('',(31.202060118174,1.553164714103,
    18.395812652001));
#6906 = B_SPLINE_CURVE_WITH_KNOTS('',8,(#6907,#6908,#6909,#6910,#6911,
    #6912,#6913,#6914,#6915,#6916,#6917,#6918,#6919,#6920,#6921,#6922),
  .UNSPECIFIED.,.F.,.F.,(9,7,9),(0.,0.61183514019,1.),.UNSPECIFIED.);
#6907 = CARTESIAN_POINT('',(31.525045851913,3.,16.5));
#6908 = CARTESIAN_POINT('',(31.51644230233,2.787200871623,16.5));
#6909 = CARTESIAN_POINT('',(31.502493954498,2.574457336131,
    16.534502484051));
#6910 = CARTESIAN_POINT('',(31.483451099379,2.369123101092,
    16.603469272689));
#6911 = CARTESIAN_POINT('',(31.459982007426,2.177515206321,
    16.704665153227));
#6912 = CARTESIAN_POINT('',(31.432995334856,2.005144485827,
    16.834954675033));
#6913 = CARTESIAN_POINT('',(31.403597582767,1.856679412512,
    16.990199552478));
#6914 = CARTESIAN_POINT('',(31.372994920473,1.736033806842,
    17.165502991247));
#6915 = CARTESIAN_POINT('',(31.323006913958,1.588588388594,
    17.474999545204));
#6916 = CARTESIAN_POINT('',(31.303582802777,1.543522216524,
    17.60096625575));
#6917 = CARTESIAN_POINT('',(31.284437266703,1.511312894033,
    17.731340465031));
#6918 = CARTESIAN_POINT('',(31.265857892854,1.492439273243,
    17.864639511406));
#6919 = CARTESIAN_POINT('',(31.24811143296,1.487194210421,17.99932920291
    ));
#6920 = CARTESIAN_POINT('',(31.231435600809,1.49568353114,
    18.133832339403));
#6921 = CARTESIAN_POINT('',(31.21603199088,1.517798917029,
    18.266538150889));
#6922 = CARTESIAN_POINT('',(31.202060118174,1.553164714103,
    18.395812652001));
#6923 = ORIENTED_EDGE('',*,*,#6924,.T.);
#6924 = EDGE_CURVE('',#6904,#6902,#6925,.T.);
#6925 = B_SPLINE_CURVE_WITH_KNOTS('',8,(#6926,#6927,#6928,#6929,#6930,
    #6931,#6932,#6933,#6934,#6935,#6936,#6937,#6938,#6939,#6940,#6941,
    #6942,#6943,#6944,#6945,#6946,#6947,#6948,#6949,#6950,#6951,#6952,
    #6953,#6954,#6955,#6956,#6957,#6958,#6959,#6960,#6961,#6962,#6963,
    #6964,#6965,#6966,#6967,#6968,#6969),.UNSPECIFIED.,.F.,.F.,(9,7,7,7,
    7,7,9),(0.,0.158929156255,0.372945207504,0.477223800794,
    0.62422147169,0.752950742777,1.),.UNSPECIFIED.);
#6926 = CARTESIAN_POINT('',(31.202060118174,1.553164714103,
    18.395812652001));
#6927 = CARTESIAN_POINT('',(31.188296099404,1.588004388427,
    18.523163988311));
#6928 = CARTESIAN_POINT('',(31.175913733137,1.635722741875,
    18.647258014075));
#6929 = CARTESIAN_POINT('',(31.165072458253,1.695973437061,
    18.766488653432));
#6930 = CARTESIAN_POINT('',(31.155877368135,1.768165556949,
    18.879353349754));
#6931 = CARTESIAN_POINT('',(31.148383221288,1.851505304488,
    18.984455926033));
#6932 = CARTESIAN_POINT('',(31.142601904463,1.945008509529,19.0805111055
    ));
#6933 = CARTESIAN_POINT('',(31.138510397936,2.047489661651,
    19.166367760215));
#6934 = CARTESIAN_POINT('',(31.132751562762,2.305719218405,
    19.341660201405));
#6935 = CARTESIAN_POINT('',(31.132410210056,2.467883341136,
    19.422200593016));
#6936 = CARTESIAN_POINT('',(31.134923877758,2.640560668847,
    19.480169008696));
#6937 = CARTESIAN_POINT('',(31.140064928817,2.819965373598,
    19.514059950434));
#6938 = CARTESIAN_POINT('',(31.147589335705,3.002210832443,
    19.523124140543));
#6939 = CARTESIAN_POINT('',(31.157284434173,3.183349012523,
    19.507279168524));
#6940 = CARTESIAN_POINT('',(31.168963054764,3.359388063342,
    19.467197857841));
#6941 = CARTESIAN_POINT('',(31.188955353947,3.607846024441,
    19.374074156982));
#6942 = CARTESIAN_POINT('',(31.195929732289,3.687185469093,
    19.338188680299));
#6943 = CARTESIAN_POINT('',(31.203307305006,3.764045008452,
    19.297094518962));
#6944 = CARTESIAN_POINT('',(31.211067739146,3.838028364605,
    19.250997392358));
#6945 = CARTESIAN_POINT('',(31.219191101155,3.908762702167,
    19.20013671418));
#6946 = CARTESIAN_POINT('',(31.227656969155,3.975899094773,
    19.14478324076));
#6947 = CARTESIAN_POINT('',(31.236443301034,4.039114147582,
    19.085238466375));
#6948 = CARTESIAN_POINT('',(31.258327275313,4.181280956861,
    18.932459326293));
#6949 = CARTESIAN_POINT('',(31.271719798162,4.256091385091,
    18.835393929938));
#6950 = CARTESIAN_POINT('',(31.285631467724,4.321700779953,
    18.731577835683));
#6951 = CARTESIAN_POINT('',(31.299985909751,4.377424155587,
    18.62203291862));
#6952 = CARTESIAN_POINT('',(31.31469581437,4.422715539833,18.5078448477)
  );
#6953 = CARTESIAN_POINT('',(31.329658846155,4.457161614985,
    18.390150150374));
#6954 = CARTESIAN_POINT('',(31.344755184828,4.480488280223,
    18.27013016388));
#6955 = CARTESIAN_POINT('',(31.373062683633,4.503169254206,
    18.042945775776));
#6956 = CARTESIAN_POINT('',(31.386278420552,4.505145305078,
    17.936009666749));
#6957 = CARTESIAN_POINT('',(31.399402223216,4.498424187476,
    17.829018377155));
#6958 = CARTESIAN_POINT('',(31.41233568879,4.483015118408,17.72278038525
    ));
#6959 = CARTESIAN_POINT('',(31.424973497929,4.459011154087,
    17.61809601247));
#6960 = CARTESIAN_POINT('',(31.437204351833,4.426586429886,
    17.515754354604));
#6961 = CARTESIAN_POINT('',(31.448913044157,4.386000118974,
    17.416528948145));
#6962 = CARTESIAN_POINT('',(31.481229724132,4.244734238373,
    17.138169342969));
#6963 = CARTESIAN_POINT('',(31.500177217554,4.122883381664,
    16.968971197209));
#6964 = CARTESIAN_POINT('',(31.515925691498,3.974591528342,
    16.819544780185));
#6965 = CARTESIAN_POINT('',(31.527683583393,3.803784468778,
    16.694603358523));
#6966 = CARTESIAN_POINT('',(31.534774831443,3.615115547332,
    16.598004724161));
#6967 = CARTESIAN_POINT('',(31.53674229382,3.414024315952,
    16.532538733145));
#6968 = CARTESIAN_POINT('',(31.533400990432,3.206654959928,16.5));
#6969 = CARTESIAN_POINT('',(31.525045851913,3.,16.5));
#6970 = FACE_BOUND('',#6971,.T.);
#6971 = EDGE_LOOP('',(#6972,#6993));
#6972 = ORIENTED_EDGE('',*,*,#6973,.T.);
#6973 = EDGE_CURVE('',#6974,#6976,#6978,.T.);
#6974 = VERTEX_POINT('',#6975);
#6975 = CARTESIAN_POINT('',(-30.6367059546,-2.,19.5));
#6976 = VERTEX_POINT('',#6977);
#6977 = CARTESIAN_POINT('',(-30.65507217252,-3.46866596068,
    17.695007711673));
#6978 = B_SPLINE_CURVE_WITH_KNOTS('',7,(#6979,#6980,#6981,#6982,#6983,
    #6984,#6985,#6986,#6987,#6988,#6989,#6990,#6991,#6992),
  .UNSPECIFIED.,.F.,.F.,(8,6,8),(0.,0.525975404654,1.),.UNSPECIFIED.);
#6979 = CARTESIAN_POINT('',(-30.6367059546,-2.,19.5));
#6980 = CARTESIAN_POINT('',(-30.60465565103,-2.198119770652,19.5));
#6981 = CARTESIAN_POINT('',(-30.57575207214,-2.39734521332,
    19.469469601612));
#6982 = CARTESIAN_POINT('',(-30.55121068535,-2.591630485385,
    19.407804905237));
#6983 = CARTESIAN_POINT('',(-30.53221954256,-2.775064119294,
    19.31603442071));
#6984 = CARTESIAN_POINT('',(-30.51989457117,-2.942099969809,
    19.196452844403));
#6985 = CARTESIAN_POINT('',(-30.51506231809,-3.087476566138,
    19.052658351689));
#6986 = CARTESIAN_POINT('',(-30.5203297661,-3.315118341611,
    18.743987053531));
#6987 = CARTESIAN_POINT('',(-30.52900541679,-3.402358721893,
    18.582378907012));
#6988 = CARTESIAN_POINT('',(-30.54396997032,-3.465876684056,
    18.409599616431));
#6989 = CARTESIAN_POINT('',(-30.56486555558,-3.504260961612,
    18.230143817844));
#6990 = CARTESIAN_POINT('',(-30.59100026618,-3.517065676364,
    18.048394106759));
#6991 = CARTESIAN_POINT('',(-30.621437257,-3.504726813599,
    17.868655863516));
#6992 = CARTESIAN_POINT('',(-30.65507217252,-3.46866596068,
    17.695007711673));
#6993 = ORIENTED_EDGE('',*,*,#6994,.T.);
#6994 = EDGE_CURVE('',#6976,#6974,#6995,.T.);
#6995 = B_SPLINE_CURVE_WITH_KNOTS('',8,(#6996,#6997,#6998,#6999,#7000,
    #7001,#7002,#7003,#7004,#7005,#7006,#7007,#7008,#7009,#7010,#7011,
    #7012,#7013,#7014,#7015,#7016,#7017,#7018,#7019,#7020,#7021,#7022,
    #7023,#7024,#7025,#7026,#7027,#7028,#7029,#7030,#7031,#7032,#7033,
    #7034,#7035,#7036,#7037,#7038,#7039,#7040,#7041,#7042,#7043,#7044,
    #7045,#7046),.UNSPECIFIED.,.F.,.F.,(9,7,7,7,7,7,7,9),(0.,
    0.117340642143,0.222284443584,0.444171418907,0.56321036768,
    0.704076804869,0.809398381719,1.),.UNSPECIFIED.);
#6996 = CARTESIAN_POINT('',(-30.65507217252,-3.46866596068,
    17.695007711673));
#6997 = CARTESIAN_POINT('',(-30.67374100959,-3.448650623126,
    17.598625455194));
#6998 = CARTESIAN_POINT('',(-30.69339068506,-3.421459523818,
    17.503999783363));
#6999 = CARTESIAN_POINT('',(-30.71386043743,-3.387285559316,
    17.411721494208));
#7000 = CARTESIAN_POINT('',(-30.73498414243,-3.346370134101,
    17.322345025788));
#7001 = CARTESIAN_POINT('',(-30.75659380594,-3.298994970983,
    17.236391584611));
#7002 = CARTESIAN_POINT('',(-30.77852231412,-3.245476769337,
    17.154351321971));
#7003 = CARTESIAN_POINT('',(-30.8006054407,-3.186164711192,
    17.076684558225));
#7004 = CARTESIAN_POINT('',(-30.8424283135,-3.06355488943,
    16.938657352192));
#7005 = CARTESIAN_POINT('',(-30.86216949525,-3.001339209569,
    16.877334287205));
#7006 = CARTESIAN_POINT('',(-30.8817918909,-2.93506744736,
    16.820162194696));
#7007 = CARTESIAN_POINT('',(-30.90118309659,-2.865035439353,
    16.76743226215));
#7008 = CARTESIAN_POINT('',(-30.92023386295,-2.791561590327,
    16.719417266301));
#7009 = CARTESIAN_POINT('',(-30.93883885859,-2.714987838462,
    16.676369908371));
#7010 = CARTESIAN_POINT('',(-30.95689740472,-2.635681182201,
    16.638519748117));
#7011 = CARTESIAN_POINT('',(-31.01113918315,-2.381409529071,
    16.537456234776));
#7012 = CARTESIAN_POINT('',(-31.04520805282,-2.197798979875,
    16.49276998601));
#7013 = CARTESIAN_POINT('',(-31.07545353955,-2.007454178127,
    16.474428760188));
#7014 = CARTESIAN_POINT('',(-31.10107174816,-1.814915092293,
    16.483626593616));
#7015 = CARTESIAN_POINT('',(-31.12148639751,-1.624873600617,
    16.520714136275));
#7016 = CARTESIAN_POINT('',(-31.13635534746,-1.442083692763,
    16.585060497169));
#7017 = CARTESIAN_POINT('',(-31.14553680808,-1.271335074489,
    16.675052079633));
#7018 = CARTESIAN_POINT('',(-31.15112471638,-1.034233934568,
    16.847704991138));
#7019 = CARTESIAN_POINT('',(-31.15148167396,-0.95610466573,
    16.914482304959));
#7020 = CARTESIAN_POINT('',(-31.15026278756,-0.883284609952,
    16.987297168943));
#7021 = CARTESIAN_POINT('',(-31.14750723091,-0.816339820134,
    17.065623100348));
#7022 = CARTESIAN_POINT('',(-31.14326889293,-0.755759573143,
    17.148877089682));
#7023 = CARTESIAN_POINT('',(-31.13761229774,-0.701959173066,
    17.23642869661));
#7024 = CARTESIAN_POINT('',(-31.13061061022,-0.655277010243,
    17.327603924274));
#7025 = CARTESIAN_POINT('',(-31.1125653599,-0.569446485059,
    17.533014719471));
#7026 = CARTESIAN_POINT('',(-31.10101250428,-0.533232618362,
    17.64845340074));
#7027 = CARTESIAN_POINT('',(-31.08781996391,-0.507750284395,
    17.766824073594));
#7028 = CARTESIAN_POINT('',(-31.07312935333,-0.493234178254,
    17.886943729202));
#7029 = CARTESIAN_POINT('',(-31.05708328679,-0.489760648909,
    18.00763512406));
#7030 = CARTESIAN_POINT('',(-31.03982208613,-0.497265477225,
    18.12773720042));
#7031 = CARTESIAN_POINT('',(-31.02148500764,-0.51554646488,
    18.246112995213));
#7032 = CARTESIAN_POINT('',(-30.98780912444,-0.565712223349,
    18.448042329745));
#7033 = CARTESIAN_POINT('',(-30.97287838632,-0.593004760217,
    18.532862926248));
#7034 = CARTESIAN_POINT('',(-30.95748193654,-0.625987508299,
    18.615662716898));
#7035 = CARTESIAN_POINT('',(-30.9416765958,-0.66447992892,
    18.696010174292));
#7036 = CARTESIAN_POINT('',(-30.92551847084,-0.708266477835,
    18.773495955722));
#7037 = CARTESIAN_POINT('',(-30.90906385873,-0.757099499497,
    18.847733253722));
#7038 = CARTESIAN_POINT('',(-30.89237042678,-0.810700418931,
    18.918358895138));
#7039 = CARTESIAN_POINT('',(-30.84496566142,-0.973828903605,
    19.105700012011));
#7040 = CARTESIAN_POINT('',(-30.81383870558,-1.093532723777,
    19.213469525745));
#7041 = CARTESIAN_POINT('',(-30.78248155897,-1.226028345223,
    19.306304930003));
#7042 = CARTESIAN_POINT('',(-30.75126567451,-1.369202185028,
    19.382540608492));
#7043 = CARTESIAN_POINT('',(-30.72059327239,-1.520746083934,
    19.440847837619));
#7044 = CARTESIAN_POINT('',(-30.69092164278,-1.67818389213,
    19.480218949245));
#7045 = CARTESIAN_POINT('',(-30.66277196818,-1.838872270878,19.5));
#7046 = CARTESIAN_POINT('',(-30.6367059546,-2.,19.5));
#7047 = FACE_BOUND('',#7048,.T.);
#7048 = EDGE_LOOP('',(#7049,#7070));
#7049 = ORIENTED_EDGE('',*,*,#7050,.T.);
#7050 = EDGE_CURVE('',#7051,#7053,#7055,.T.);
#7051 = VERTEX_POINT('',#7052);
#7052 = CARTESIAN_POINT('',(31.071964347556,-2.,16.5));
#7053 = VERTEX_POINT('',#7054);
#7054 = CARTESIAN_POINT('',(30.658544573028,-3.464851211434,
    17.677182825176));
#7055 = B_SPLINE_CURVE_WITH_KNOTS('',7,(#7056,#7057,#7058,#7059,#7060,
    #7061,#7062,#7063,#7064,#7065,#7066,#7067,#7068,#7069),
  .UNSPECIFIED.,.F.,.F.,(8,6,8),(0.,0.61773605139,1.),.UNSPECIFIED.);
#7056 = CARTESIAN_POINT('',(31.071964347556,-2.,16.5));
#7057 = CARTESIAN_POINT('',(31.046118399554,-2.181911858716,16.5));
#7058 = CARTESIAN_POINT('',(31.015868508146,-2.362945003811,
    16.525738761691));
#7059 = CARTESIAN_POINT('',(30.981815082709,-2.538565299597,
    16.576764263057));
#7060 = CARTESIAN_POINT('',(30.944740989328,-2.70480482744,
    16.65158244304));
#7061 = CARTESIAN_POINT('',(30.905550328997,-2.85820216971,
    16.748191945923));
#7062 = CARTESIAN_POINT('',(30.86525214247,-2.995743510203,
    16.864124867708));
#7063 = CARTESIAN_POINT('',(30.799945277556,-3.188617897109,
    17.078407303375));
#7064 = CARTESIAN_POINT('',(30.774957969933,-3.255320000683,
    17.166633311265));
#7065 = CARTESIAN_POINT('',(30.750195463465,-3.314400204089,
    17.260508172957));
#7066 = CARTESIAN_POINT('',(30.725913512858,-3.365326218976,
    17.359310575261));
#7067 = CARTESIAN_POINT('',(30.702372818238,-3.407627576813,
    17.462262013239));
#7068 = CARTESIAN_POINT('',(30.67983312342,-3.44090515664,17.5685225366)
  );
#7069 = CARTESIAN_POINT('',(30.658544573028,-3.464851211434,
    17.677182825176));
#7070 = ORIENTED_EDGE('',*,*,#7071,.T.);
#7071 = EDGE_CURVE('',#7053,#7051,#7072,.T.);
#7072 = B_SPLINE_CURVE_WITH_KNOTS('',8,(#7073,#7074,#7075,#7076,#7077,
    #7078,#7079,#7080,#7081,#7082,#7083,#7084,#7085,#7086,#7087,#7088,
    #7089,#7090,#7091,#7092,#7093,#7094,#7095,#7096,#7097,#7098,#7099,
    #7100,#7101,#7102,#7103,#7104,#7105,#7106,#7107,#7108,#7109,#7110,
    #7111,#7112,#7113,#7114,#7115,#7116,#7117,#7118,#7119,#7120,#7121,
    #7122,#7123,#7124,#7125,#7126,#7127,#7128,#7129,#7130),
  .UNSPECIFIED.,.F.,.F.,(9,7,7,7,7,7,7,7,9),(0.,9.821917453383E-02,
    0.267840957513,0.477169938807,0.560117946786,0.631852890204,
    0.701373942524,0.803460424955,1.),.UNSPECIFIED.);
#7073 = CARTESIAN_POINT('',(30.658544573028,-3.464851211434,
    17.677182825176));
#7074 = CARTESIAN_POINT('',(30.641406991375,-3.484128121404,
    17.764655881522));
#7075 = CARTESIAN_POINT('',(30.625062330051,-3.497482752306,
    17.85365914377));
#7076 = CARTESIAN_POINT('',(30.60963480892,-3.504761136118,
    17.943738716118));
#7077 = CARTESIAN_POINT('',(30.595243342655,-3.505848779275,
    18.034421074833));
#7078 = CARTESIAN_POINT('',(30.581999366593,-3.500672533527,
    18.125213119238));
#7079 = CARTESIAN_POINT('',(30.570004074642,-3.489206012641,
    18.215603225396));
#7080 = CARTESIAN_POINT('',(30.559345069242,-3.471478554972,
    18.305063302534));
#7081 = CARTESIAN_POINT('',(30.534113361273,-3.406328944805,
    18.54500563048));
#7082 = CARTESIAN_POINT('',(30.522306210023,-3.346629883374,
    18.692785087879));
#7083 = CARTESIAN_POINT('',(30.515081554199,-3.268983350972,
    18.833298226476));
#7084 = CARTESIAN_POINT('',(30.512608148353,-3.174559566084,
    18.963806430078));
#7085 = CARTESIAN_POINT('',(30.514842726539,-3.064990294601,
    19.081909186482));
#7086 = CARTESIAN_POINT('',(30.521562446337,-2.942298839339,
    19.185533007913));
#7087 = CARTESIAN_POINT('',(30.532391560971,-2.808919479613,
    19.272990011223));
#7088 = CARTESIAN_POINT('',(30.564612430514,-2.493533691394,
    19.429782220381));
#7089 = CARTESIAN_POINT('',(30.587936903899,-2.306928254096,
    19.490344127241));
#7090 = CARTESIAN_POINT('',(30.615906741011,-2.112927909823,
    19.522668698953));
#7091 = CARTESIAN_POINT('',(30.647459541627,-1.916507042707,
    19.526139380084));
#7092 = CARTESIAN_POINT('',(30.681604402045,-1.722405561875,
    19.500960077418));
#7093 = CARTESIAN_POINT('',(30.717459988965,-1.535152731163,
    19.448168230475));
#7094 = CARTESIAN_POINT('',(30.754258702548,-1.359011109516,
    19.369489088335));
#7095 = CARTESIAN_POINT('',(30.805956296716,-1.134012424761,
    19.227100591455));
#7096 = CARTESIAN_POINT('',(30.820668263598,-1.072493130258,
    19.183019713206));
#7097 = CARTESIAN_POINT('',(30.835377453861,-1.013546348698,
    19.135420812729));
#7098 = CARTESIAN_POINT('',(30.850043234713,-0.957397755654,
    19.084472881316));
#7099 = CARTESIAN_POINT('',(30.864626815501,-0.904260594353,
    19.030360604749));
#7100 = CARTESIAN_POINT('',(30.8790907207,-0.854334903631,
    18.973284165305));
#7101 = CARTESIAN_POINT('',(30.893398262906,-0.807806745903,
    18.913459043767));
#7102 = CARTESIAN_POINT('',(30.919719710442,-0.727695443138,
    18.797200270761));
#7103 = CARTESIAN_POINT('',(30.931782512368,-0.693211667315,
    18.741400070699));
#7104 = CARTESIAN_POINT('',(30.94367786996,-0.661506748391,
    18.683864489812));
#7105 = CARTESIAN_POINT('',(30.955382685206,-0.632681926244,
    18.624749729665));
#7106 = CARTESIAN_POINT('',(30.966874099378,-0.60682855875,
    18.564218746545));
#7107 = CARTESIAN_POINT('',(30.978129278683,-0.584027640639,
    18.502441073205));
#7108 = CARTESIAN_POINT('',(30.989125199912,-0.564349322352,
    18.439592640589));
#7109 = CARTESIAN_POINT('',(31.010221039294,-0.531864664233,
    18.314085617573));
#7110 = CARTESIAN_POINT('',(31.020338350139,-0.518864656849,
    18.251479719582));
#7111 = CARTESIAN_POINT('',(31.030169120613,-0.508905745795,
    18.188203771681));
#7112 = CARTESIAN_POINT('',(31.039692006477,-0.502030856235,
    18.124427427866));
#7113 = CARTESIAN_POINT('',(31.048885537763,-0.498271946814,
    18.060323830633));
#7114 = CARTESIAN_POINT('',(31.057728089272,-0.497649457032,
    17.996069311584));
#7115 = CARTESIAN_POINT('',(31.066197851073,-0.500171754612,
    17.931843092022));
#7116 = CARTESIAN_POINT('',(31.086130258017,-0.514150024015,
    17.77382410075));
#7117 = CARTESIAN_POINT('',(31.097138123927,-0.529238342581,
    17.680260838172));
#7118 = CARTESIAN_POINT('',(31.10722530857,-0.55108800645,
    17.587721909234));
#7119 = CARTESIAN_POINT('',(31.116322940604,-0.57962478023,
    17.496786111691));
#7120 = CARTESIAN_POINT('',(31.124363733074,-0.614715109529,
    17.408025186835));
#7121 = CARTESIAN_POINT('',(31.131282674656,-0.656165466729,
    17.32200081398));
#7122 = CARTESIAN_POINT('',(31.137019044578,-0.703717658243,
    17.239259740247));
#7123 = CARTESIAN_POINT('',(31.150184629728,-0.85969784458,
    17.008363750507));
#7124 = CARTESIAN_POINT('',(31.154285035136,-0.983926410859,
    16.870244459482));
#7125 = CARTESIAN_POINT('',(31.153394283864,-1.127256439631,
    16.75014990955));
#7126 = CARTESIAN_POINT('',(31.147282339759,-1.28634526132,
    16.651170470926));
#7127 = CARTESIAN_POINT('',(31.135857512073,-1.45744430883,
    16.575623264459));
#7128 = CARTESIAN_POINT('',(31.119222134389,-1.636420331132,
    16.52500341369));
#7129 = CARTESIAN_POINT('',(31.09770263206,-1.818845910635,16.5));
#7130 = CARTESIAN_POINT('',(31.071964347556,-2.,16.5));
#7131 = B_SPLINE_SURFACE_WITH_KNOTS('',14,1,(
    (#7132,#7133)
    ,(#7134,#7135)
    ,(#7136,#7137)
    ,(#7138,#7139)
    ,(#7140,#7141)
    ,(#7142,#7143)
    ,(#7144,#7145)
    ,(#7146,#7147)
    ,(#7148,#7149)
    ,(#7150,#7151)
    ,(#7152,#7153)
    ,(#7154,#7155)
    ,(#7156,#7157)
    ,(#7158,#7159)
    ,(#7160,#7161
    )),.UNSPECIFIED.,.T.,.F.,.F.,(15,15),(2,2),(0.,6.28318530718),(0.,1.
    ),.PIECEWISE_BEZIER_KNOTS.);
#7132 = CARTESIAN_POINT('',(2.346553201184E-14,48.,13.));
#7133 = CARTESIAN_POINT('',(4.36967524849E-14,17.964872442544,
    71.790916854437));
#7134 = CARTESIAN_POINT('',(-14.36156641642,48.000000000009,13.));
#7135 = CARTESIAN_POINT('',(-12.34197113911,17.964872442538,
    71.790916854452));
#7136 = CARTESIAN_POINT('',(-28.72313813399,38.672682468388,13.));
#7137 = CARTESIAN_POINT('',(-24.68394683387,14.543405869592,
    66.904556188039));
#7138 = CARTESIAN_POINT('',(-39.45021909035,20.018035481254,
    12.999999999996));
#7139 = CARTESIAN_POINT('',(-33.90253203085,7.700468349501,
    57.131828608838));
#7140 = CARTESIAN_POINT('',(-42.9087230664,-5.174256433837,
    13.000000000017));
#7141 = CARTESIAN_POINT('',(-36.87468388501,-1.540622070032,
    43.934183745239));
#7142 = CARTESIAN_POINT('',(-36.76725955238,-31.32535339723,
    12.999999999957));
#7143 = CARTESIAN_POINT('',(-31.5968636781,-11.13342340972,
    30.234243634254));
#7144 = CARTESIAN_POINT('',(-21.30832784837,-51.28879317144,
    13.000000000076));
#7145 = CARTESIAN_POINT('',(-18.31184424433,-18.45645509915,
    19.775870521838));
#7146 = CARTESIAN_POINT('',(-5.181632900531E-10,-58.80462988795,
    12.9999999999));
#7147 = CARTESIAN_POINT('',(-8.343263857569E-10,-21.21343040484,
    15.838501736416));
#7148 = CARTESIAN_POINT('',(21.308327849328,-51.28879317145,
    13.000000000102));
#7149 = CARTESIAN_POINT('',(18.31184424586,-18.45645509918,
    19.775870521974));
#7150 = CARTESIAN_POINT('',(36.767259551658,-31.32535339722,
    12.999999999918));
#7151 = CARTESIAN_POINT('',(31.596863676956,-11.13342340968,
    30.234243634055));
#7152 = CARTESIAN_POINT('',(42.908723066852,-5.174256433843,
    13.000000000052));
#7153 = CARTESIAN_POINT('',(36.874683885725,-1.540622070068,
    43.934183745416));
#7154 = CARTESIAN_POINT('',(39.450219090133,20.018035481258,
    12.999999999974));
#7155 = CARTESIAN_POINT('',(33.902532030513,7.700468349521,
    57.13182860873));
#7156 = CARTESIAN_POINT('',(28.723138134078,38.672682468387,
    13.000000000009));
#7157 = CARTESIAN_POINT('',(24.683946833998,14.543405869584,
    66.904556188084));
#7158 = CARTESIAN_POINT('',(14.361566416403,48.000000000009,
    12.999999999998));
#7159 = CARTESIAN_POINT('',(12.341971139091,17.96487244254,
    71.790916854441));
#7160 = CARTESIAN_POINT('',(-2.944024789679E-15,48.,13.));
#7161 = CARTESIAN_POINT('',(-3.346374772656E-14,17.964872442544,
    71.790916854437));
#7162 = ADVANCED_FACE('',(#7163,#8128,#8212,#8289,#8368,#8447,#8529),
  #8611,.F.);
#7163 = FACE_BOUND('',#7164,.F.);
#7164 = EDGE_LOOP('',(#7165,#7174,#7227,#7228,#7229,#7282,#7283,#7284,
    #7337,#7338,#7339,#7392,#7393,#7446,#7447,#7500,#7501,#7554,#7555,
    #7566,#7587,#7597,#7618,#7629,#7636,#7648,#7658,#7686,#7698,#7705,
    #7717,#7745,#7755,#7767,#7774,#7786,#7814,#7824,#7836,#7843,#7852,
    #7859,#7860,#7872,#7893,#7914,#7924,#7925,#7937,#7958,#7979,#7989,
    #7990,#8002,#8033,#8045,#8055,#8056,#8067,#8088,#8098,#8119));
#7165 = ORIENTED_EDGE('',*,*,#7166,.F.);
#7166 = EDGE_CURVE('',#7167,#7169,#7171,.T.);
#7167 = VERTEX_POINT('',#7168);
#7168 = CARTESIAN_POINT('',(2.376905682895E-14,45.085002922078,
    13.632022703222));
#7169 = VERTEX_POINT('',#7170);
#7170 = CARTESIAN_POINT('',(2.341328717657E-14,44.004493456191,15.8));
#7171 = B_SPLINE_CURVE_WITH_KNOTS('',1,(#7172,#7173),.UNSPECIFIED.,.F.,
  .F.,(2,2),(0.,1.),.PIECEWISE_BEZIER_KNOTS.);
#7172 = CARTESIAN_POINT('',(2.387277308915E-14,45.4,13.));
#7173 = CARTESIAN_POINT('',(1.517582617632E-14,18.986466971566,
    65.997166374974));
#7174 = ORIENTED_EDGE('',*,*,#7175,.T.);
#7175 = EDGE_CURVE('',#7167,#2279,#7176,.T.);
#7176 = ( BOUNDED_CURVE() B_SPLINE_CURVE(9,(#7177,#7178,#7179,#7180,
    #7181,#7182,#7183,#7184,#7185,#7186,#7187,#7188,#7189,#7190,#7191,
    #7192,#7193,#7194,#7195,#7196,#7197,#7198,#7199,#7200,#7201,#7202,
    #7203,#7204,#7205,#7206,#7207,#7208,#7209,#7210,#7211,#7212,#7213,
    #7214,#7215,#7216,#7217,#7218,#7219,#7220,#7221,#7222,#7223,#7224,
#7225,#7226),.UNSPECIFIED.,.T.,.F.) B_SPLINE_CURVE_WITH_KNOTS((10,8,8,8,
    8,8,10),(0.,53.530667459247,80.29600118887,107.06133491849,
    133.82666864811,160.59200237774,214.12266983698),.UNSPECIFIED.) 
CURVE() GEOMETRIC_REPRESENTATION_ITEM() RATIONAL_B_SPLINE_CURVE((1.,1.,
    1.,1.,1.,1.,1.,1.,1.,1.,1.,1.,1.,1.,1.,1.,1.,1.,1.,1.,1.,1.,1.,1.,1.
    ,1.,1.,1.,1.,1.,1.,1.,1.,1.,1.,1.,1.,1.,1.,1.,1.,1.,1.,1.,1.,1.,1.,
1.,1.,1.)) REPRESENTATION_ITEM('') );
#7177 = CARTESIAN_POINT('',(2.376905682895E-14,45.085002922078,
    13.632022703222));
#7178 = CARTESIAN_POINT('',(-4.986180027954,45.085002922081,
    13.632022703222));
#7179 = CARTESIAN_POINT('',(-10.0155255938,43.851992300172,
    13.608205095219));
#7180 = CARTESIAN_POINT('',(-14.88591493011,41.35380650235,
    13.560729184536));
#7181 = CARTESIAN_POINT('',(-19.41788754302,37.5932724797,13.48885404597
    ));
#7182 = CARTESIAN_POINT('',(-23.2729830951,32.650582074721,
    13.404046407854));
#7183 = CARTESIAN_POINT('',(-26.28629597338,26.841448911056,
    13.331125051645));
#7184 = CARTESIAN_POINT('',(-28.3310263865,20.416704961082,
    13.272650066005));
#7185 = CARTESIAN_POINT('',(-29.35574271604,13.694896619866,
    13.244725273926));
#7186 = CARTESIAN_POINT('',(-29.3518821902,3.618996981212,
    13.270445229817));
#7187 = CARTESIAN_POINT('',(-29.09362079494,0.261746602575,
    13.290311783231));
#7188 = CARTESIAN_POINT('',(-28.57836409354,-3.056543850784,
    13.323257651738));
#7189 = CARTESIAN_POINT('',(-27.80530473734,-6.295443805883,
    13.371672098494));
#7190 = CARTESIAN_POINT('',(-26.78271342809,-9.418434422226,
    13.435966291055));
#7191 = CARTESIAN_POINT('',(-25.51314661819,-12.385097761,
    13.518794976552));
#7192 = CARTESIAN_POINT('',(-24.00060501299,-15.14891060456,
    13.616113113332));
#7193 = CARTESIAN_POINT('',(-22.27477617987,-17.66776133965,
    13.706225386857));
#7194 = CARTESIAN_POINT('',(-18.47726407069,-22.1747307324,
    13.851999538105));
#7195 = CARTESIAN_POINT('',(-16.40559493236,-24.16269875117,
    13.907483876076));
#7196 = CARTESIAN_POINT('',(-14.19970550312,-25.86317615661,
    13.935389363861));
#7197 = CARTESIAN_POINT('',(-11.9125858994,-27.27130472809,
    13.928579526647));
#7198 = CARTESIAN_POINT('',(-9.576023316554,-28.40066288787,
    13.915315663367));
#7199 = CARTESIAN_POINT('',(-7.201734495531,-29.2426743085,
    13.899040839419));
#7200 = CARTESIAN_POINT('',(-4.808429432683,-29.80459196679,
    13.886740454209));
#7201 = CARTESIAN_POINT('',(-2.404175327179,-30.08529791433,
    13.880561324375));
#7202 = CARTESIAN_POINT('',(2.404175327179,-30.08529791433,
    13.880561324375));
#7203 = CARTESIAN_POINT('',(4.808429432683,-29.80459196679,
    13.88674045421));
#7204 = CARTESIAN_POINT('',(7.201734495531,-29.24267430849,
    13.899040839419));
#7205 = CARTESIAN_POINT('',(9.576023316554,-28.40066288787,
    13.915315663367));
#7206 = CARTESIAN_POINT('',(11.912585899404,-27.27130472809,
    13.928579526647));
#7207 = CARTESIAN_POINT('',(14.199705503125,-25.86317615661,
    13.935389363861));
#7208 = CARTESIAN_POINT('',(16.40559493237,-24.16269875117,
    13.907483876076));
#7209 = CARTESIAN_POINT('',(18.477264070697,-22.1747307324,
    13.851999538105));
#7210 = CARTESIAN_POINT('',(22.274776179874,-17.66776133965,
    13.706225386857));
#7211 = CARTESIAN_POINT('',(24.000605012999,-15.14891060456,
    13.616113113332));
#7212 = CARTESIAN_POINT('',(25.513146618196,-12.385097761,
    13.518794976552));
#7213 = CARTESIAN_POINT('',(26.782713428096,-9.418434422228,
    13.435966291055));
#7214 = CARTESIAN_POINT('',(27.805304737348,-6.295443805882,
    13.371672098494));
#7215 = CARTESIAN_POINT('',(28.578364093542,-3.056543850784,
    13.323257651739));
#7216 = CARTESIAN_POINT('',(29.093620794945,0.261746602576,
    13.29031178323));
#7217 = CARTESIAN_POINT('',(29.351882190202,3.618996981212,
    13.270445229816));
#7218 = CARTESIAN_POINT('',(29.355742716047,13.694896619866,
    13.244725273926));
#7219 = CARTESIAN_POINT('',(28.331026386507,20.416704961082,
    13.272650066006));
#7220 = CARTESIAN_POINT('',(26.286295973385,26.841448911059,
    13.331125051638));
#7221 = CARTESIAN_POINT('',(23.272983095104,32.650582074715,
    13.404046407865));
#7222 = CARTESIAN_POINT('',(19.417887543022,37.593272479708,
    13.488854045953));
#7223 = CARTESIAN_POINT('',(14.885914930122,41.353806502346,
    13.560729184548));
#7224 = CARTESIAN_POINT('',(10.015525593806,43.851992300173,
    13.608205095213));
#7225 = CARTESIAN_POINT('',(4.986180027954,45.08500292208,
    13.632022703221));
#7226 = CARTESIAN_POINT('',(-2.415845301584E-13,45.085002922078,
    13.632022703221));
#7227 = ORIENTED_EDGE('',*,*,#2278,.T.);
#7228 = ORIENTED_EDGE('',*,*,#2197,.T.);
#7229 = ORIENTED_EDGE('',*,*,#7230,.T.);
#7230 = EDGE_CURVE('',#2200,#2698,#7231,.T.);
#7231 = ( BOUNDED_CURVE() B_SPLINE_CURVE(9,(#7232,#7233,#7234,#7235,
    #7236,#7237,#7238,#7239,#7240,#7241,#7242,#7243,#7244,#7245,#7246,
    #7247,#7248,#7249,#7250,#7251,#7252,#7253,#7254,#7255,#7256,#7257,
    #7258,#7259,#7260,#7261,#7262,#7263,#7264,#7265,#7266,#7267,#7268,
    #7269,#7270,#7271,#7272,#7273,#7274,#7275,#7276,#7277,#7278,#7279,
#7280,#7281),.UNSPECIFIED.,.T.,.F.) B_SPLINE_CURVE_WITH_KNOTS((10,8,8,8,
    8,8,10),(0.,53.530667459247,80.29600118887,107.06133491849,
    133.82666864811,160.59200237774,214.12266983698),.UNSPECIFIED.) 
CURVE() GEOMETRIC_REPRESENTATION_ITEM() RATIONAL_B_SPLINE_CURVE((1.,1.,
    1.,1.,1.,1.,1.,1.,1.,1.,1.,1.,1.,1.,1.,1.,1.,1.,1.,1.,1.,1.,1.,1.,1.
    ,1.,1.,1.,1.,1.,1.,1.,1.,1.,1.,1.,1.,1.,1.,1.,1.,1.,1.,1.,1.,1.,1.,
1.,1.,1.)) REPRESENTATION_ITEM('') );
#7232 = CARTESIAN_POINT('',(2.376905682895E-14,45.085002922078,
    13.632022703222));
#7233 = CARTESIAN_POINT('',(-4.986180027954,45.085002922081,
    13.632022703222));
#7234 = CARTESIAN_POINT('',(-10.0155255938,43.851992300172,
    13.608205095219));
#7235 = CARTESIAN_POINT('',(-14.88591493011,41.35380650235,
    13.560729184536));
#7236 = CARTESIAN_POINT('',(-19.41788754302,37.5932724797,13.48885404597
    ));
#7237 = CARTESIAN_POINT('',(-23.2729830951,32.650582074721,
    13.404046407854));
#7238 = CARTESIAN_POINT('',(-26.28629597338,26.841448911056,
    13.331125051645));
#7239 = CARTESIAN_POINT('',(-28.3310263865,20.416704961082,
    13.272650066005));
#7240 = CARTESIAN_POINT('',(-29.35574271604,13.694896619866,
    13.244725273926));
#7241 = CARTESIAN_POINT('',(-29.3518821902,3.618996981212,
    13.270445229817));
#7242 = CARTESIAN_POINT('',(-29.09362079494,0.261746602575,
    13.290311783231));
#7243 = CARTESIAN_POINT('',(-28.57836409354,-3.056543850784,
    13.323257651738));
#7244 = CARTESIAN_POINT('',(-27.80530473734,-6.295443805883,
    13.371672098494));
#7245 = CARTESIAN_POINT('',(-26.78271342809,-9.418434422226,
    13.435966291055));
#7246 = CARTESIAN_POINT('',(-25.51314661819,-12.385097761,
    13.518794976552));
#7247 = CARTESIAN_POINT('',(-24.00060501299,-15.14891060456,
    13.616113113332));
#7248 = CARTESIAN_POINT('',(-22.27477617987,-17.66776133965,
    13.706225386857));
#7249 = CARTESIAN_POINT('',(-18.47726407069,-22.1747307324,
    13.851999538105));
#7250 = CARTESIAN_POINT('',(-16.40559493236,-24.16269875117,
    13.907483876076));
#7251 = CARTESIAN_POINT('',(-14.19970550312,-25.86317615661,
    13.935389363861));
#7252 = CARTESIAN_POINT('',(-11.9125858994,-27.27130472809,
    13.928579526647));
#7253 = CARTESIAN_POINT('',(-9.576023316554,-28.40066288787,
    13.915315663367));
#7254 = CARTESIAN_POINT('',(-7.201734495531,-29.2426743085,
    13.899040839419));
#7255 = CARTESIAN_POINT('',(-4.808429432683,-29.80459196679,
    13.886740454209));
#7256 = CARTESIAN_POINT('',(-2.404175327179,-30.08529791433,
    13.880561324375));
#7257 = CARTESIAN_POINT('',(2.404175327179,-30.08529791433,
    13.880561324375));
#7258 = CARTESIAN_POINT('',(4.808429432683,-29.80459196679,
    13.88674045421));
#7259 = CARTESIAN_POINT('',(7.201734495531,-29.24267430849,
    13.899040839419));
#7260 = CARTESIAN_POINT('',(9.576023316554,-28.40066288787,
    13.915315663367));
#7261 = CARTESIAN_POINT('',(11.912585899404,-27.27130472809,
    13.928579526647));
#7262 = CARTESIAN_POINT('',(14.199705503125,-25.86317615661,
    13.935389363861));
#7263 = CARTESIAN_POINT('',(16.40559493237,-24.16269875117,
    13.907483876076));
#7264 = CARTESIAN_POINT('',(18.477264070697,-22.1747307324,
    13.851999538105));
#7265 = CARTESIAN_POINT('',(22.274776179874,-17.66776133965,
    13.706225386857));
#7266 = CARTESIAN_POINT('',(24.000605012999,-15.14891060456,
    13.616113113332));
#7267 = CARTESIAN_POINT('',(25.513146618196,-12.385097761,
    13.518794976552));
#7268 = CARTESIAN_POINT('',(26.782713428096,-9.418434422228,
    13.435966291055));
#7269 = CARTESIAN_POINT('',(27.805304737348,-6.295443805882,
    13.371672098494));
#7270 = CARTESIAN_POINT('',(28.578364093542,-3.056543850784,
    13.323257651739));
#7271 = CARTESIAN_POINT('',(29.093620794945,0.261746602576,
    13.29031178323));
#7272 = CARTESIAN_POINT('',(29.351882190202,3.618996981212,
    13.270445229816));
#7273 = CARTESIAN_POINT('',(29.355742716047,13.694896619866,
    13.244725273926));
#7274 = CARTESIAN_POINT('',(28.331026386507,20.416704961082,
    13.272650066006));
#7275 = CARTESIAN_POINT('',(26.286295973385,26.841448911059,
    13.331125051638));
#7276 = CARTESIAN_POINT('',(23.272983095104,32.650582074715,
    13.404046407865));
#7277 = CARTESIAN_POINT('',(19.417887543022,37.593272479708,
    13.488854045953));
#7278 = CARTESIAN_POINT('',(14.885914930122,41.353806502346,
    13.560729184548));
#7279 = CARTESIAN_POINT('',(10.015525593806,43.851992300173,
    13.608205095213));
#7280 = CARTESIAN_POINT('',(4.986180027954,45.08500292208,
    13.632022703221));
#7281 = CARTESIAN_POINT('',(-2.415845301584E-13,45.085002922078,
    13.632022703221));
#7282 = ORIENTED_EDGE('',*,*,#2697,.T.);
#7283 = ORIENTED_EDGE('',*,*,#2616,.T.);
#7284 = ORIENTED_EDGE('',*,*,#7285,.T.);
#7285 = EDGE_CURVE('',#2619,#3127,#7286,.T.);
#7286 = ( BOUNDED_CURVE() B_SPLINE_CURVE(9,(#7287,#7288,#7289,#7290,
    #7291,#7292,#7293,#7294,#7295,#7296,#7297,#7298,#7299,#7300,#7301,
    #7302,#7303,#7304,#7305,#7306,#7307,#7308,#7309,#7310,#7311,#7312,
    #7313,#7314,#7315,#7316,#7317,#7318,#7319,#7320,#7321,#7322,#7323,
    #7324,#7325,#7326,#7327,#7328,#7329,#7330,#7331,#7332,#7333,#7334,
#7335,#7336),.UNSPECIFIED.,.T.,.F.) B_SPLINE_CURVE_WITH_KNOTS((10,8,8,8,
    8,8,10),(0.,53.530667459247,80.29600118887,107.06133491849,
    133.82666864811,160.59200237774,214.12266983698),.UNSPECIFIED.) 
CURVE() GEOMETRIC_REPRESENTATION_ITEM() RATIONAL_B_SPLINE_CURVE((1.,1.,
    1.,1.,1.,1.,1.,1.,1.,1.,1.,1.,1.,1.,1.,1.,1.,1.,1.,1.,1.,1.,1.,1.,1.
    ,1.,1.,1.,1.,1.,1.,1.,1.,1.,1.,1.,1.,1.,1.,1.,1.,1.,1.,1.,1.,1.,1.,
1.,1.,1.)) REPRESENTATION_ITEM('') );
#7287 = CARTESIAN_POINT('',(2.376905682895E-14,45.085002922078,
    13.632022703222));
#7288 = CARTESIAN_POINT('',(-4.986180027954,45.085002922081,
    13.632022703222));
#7289 = CARTESIAN_POINT('',(-10.0155255938,43.851992300172,
    13.608205095219));
#7290 = CARTESIAN_POINT('',(-14.88591493011,41.35380650235,
    13.560729184536));
#7291 = CARTESIAN_POINT('',(-19.41788754302,37.5932724797,13.48885404597
    ));
#7292 = CARTESIAN_POINT('',(-23.2729830951,32.650582074721,
    13.404046407854));
#7293 = CARTESIAN_POINT('',(-26.28629597338,26.841448911056,
    13.331125051645));
#7294 = CARTESIAN_POINT('',(-28.3310263865,20.416704961082,
    13.272650066005));
#7295 = CARTESIAN_POINT('',(-29.35574271604,13.694896619866,
    13.244725273926));
#7296 = CARTESIAN_POINT('',(-29.3518821902,3.618996981212,
    13.270445229817));
#7297 = CARTESIAN_POINT('',(-29.09362079494,0.261746602575,
    13.290311783231));
#7298 = CARTESIAN_POINT('',(-28.57836409354,-3.056543850784,
    13.323257651738));
#7299 = CARTESIAN_POINT('',(-27.80530473734,-6.295443805883,
    13.371672098494));
#7300 = CARTESIAN_POINT('',(-26.78271342809,-9.418434422226,
    13.435966291055));
#7301 = CARTESIAN_POINT('',(-25.51314661819,-12.385097761,
    13.518794976552));
#7302 = CARTESIAN_POINT('',(-24.00060501299,-15.14891060456,
    13.616113113332));
#7303 = CARTESIAN_POINT('',(-22.27477617987,-17.66776133965,
    13.706225386857));
#7304 = CARTESIAN_POINT('',(-18.47726407069,-22.1747307324,
    13.851999538105));
#7305 = CARTESIAN_POINT('',(-16.40559493236,-24.16269875117,
    13.907483876076));
#7306 = CARTESIAN_POINT('',(-14.19970550312,-25.86317615661,
    13.935389363861));
#7307 = CARTESIAN_POINT('',(-11.9125858994,-27.27130472809,
    13.928579526647));
#7308 = CARTESIAN_POINT('',(-9.576023316554,-28.40066288787,
    13.915315663367));
#7309 = CARTESIAN_POINT('',(-7.201734495531,-29.2426743085,
    13.899040839419));
#7310 = CARTESIAN_POINT('',(-4.808429432683,-29.80459196679,
    13.886740454209));
#7311 = CARTESIAN_POINT('',(-2.404175327179,-30.08529791433,
    13.880561324375));
#7312 = CARTESIAN_POINT('',(2.404175327179,-30.08529791433,
    13.880561324375));
#7313 = CARTESIAN_POINT('',(4.808429432683,-29.80459196679,
    13.88674045421));
#7314 = CARTESIAN_POINT('',(7.201734495531,-29.24267430849,
    13.899040839419));
#7315 = CARTESIAN_POINT('',(9.576023316554,-28.40066288787,
    13.915315663367));
#7316 = CARTESIAN_POINT('',(11.912585899404,-27.27130472809,
    13.928579526647));
#7317 = CARTESIAN_POINT('',(14.199705503125,-25.86317615661,
    13.935389363861));
#7318 = CARTESIAN_POINT('',(16.40559493237,-24.16269875117,
    13.907483876076));
#7319 = CARTESIAN_POINT('',(18.477264070697,-22.1747307324,
    13.851999538105));
#7320 = CARTESIAN_POINT('',(22.274776179874,-17.66776133965,
    13.706225386857));
#7321 = CARTESIAN_POINT('',(24.000605012999,-15.14891060456,
    13.616113113332));
#7322 = CARTESIAN_POINT('',(25.513146618196,-12.385097761,
    13.518794976552));
#7323 = CARTESIAN_POINT('',(26.782713428096,-9.418434422228,
    13.435966291055));
#7324 = CARTESIAN_POINT('',(27.805304737348,-6.295443805882,
    13.371672098494));
#7325 = CARTESIAN_POINT('',(28.578364093542,-3.056543850784,
    13.323257651739));
#7326 = CARTESIAN_POINT('',(29.093620794945,0.261746602576,
    13.29031178323));
#7327 = CARTESIAN_POINT('',(29.351882190202,3.618996981212,
    13.270445229816));
#7328 = CARTESIAN_POINT('',(29.355742716047,13.694896619866,
    13.244725273926));
#7329 = CARTESIAN_POINT('',(28.331026386507,20.416704961082,
    13.272650066006));
#7330 = CARTESIAN_POINT('',(26.286295973385,26.841448911059,
    13.331125051638));
#7331 = CARTESIAN_POINT('',(23.272983095104,32.650582074715,
    13.404046407865));
#7332 = CARTESIAN_POINT('',(19.417887543022,37.593272479708,
    13.488854045953));
#7333 = CARTESIAN_POINT('',(14.885914930122,41.353806502346,
    13.560729184548));
#7334 = CARTESIAN_POINT('',(10.015525593806,43.851992300173,
    13.608205095213));
#7335 = CARTESIAN_POINT('',(4.986180027954,45.08500292208,
    13.632022703221));
#7336 = CARTESIAN_POINT('',(-2.415845301584E-13,45.085002922078,
    13.632022703221));
#7337 = ORIENTED_EDGE('',*,*,#3126,.T.);
#7338 = ORIENTED_EDGE('',*,*,#3045,.T.);
#7339 = ORIENTED_EDGE('',*,*,#7340,.T.);
#7340 = EDGE_CURVE('',#3048,#3581,#7341,.T.);
#7341 = ( BOUNDED_CURVE() B_SPLINE_CURVE(9,(#7342,#7343,#7344,#7345,
    #7346,#7347,#7348,#7349,#7350,#7351,#7352,#7353,#7354,#7355,#7356,
    #7357,#7358,#7359,#7360,#7361,#7362,#7363,#7364,#7365,#7366,#7367,
    #7368,#7369,#7370,#7371,#7372,#7373,#7374,#7375,#7376,#7377,#7378,
    #7379,#7380,#7381,#7382,#7383,#7384,#7385,#7386,#7387,#7388,#7389,
#7390,#7391),.UNSPECIFIED.,.T.,.F.) B_SPLINE_CURVE_WITH_KNOTS((10,8,8,8,
    8,8,10),(0.,53.530667459247,80.29600118887,107.06133491849,
    133.82666864811,160.59200237774,214.12266983698),.UNSPECIFIED.) 
CURVE() GEOMETRIC_REPRESENTATION_ITEM() RATIONAL_B_SPLINE_CURVE((1.,1.,
    1.,1.,1.,1.,1.,1.,1.,1.,1.,1.,1.,1.,1.,1.,1.,1.,1.,1.,1.,1.,1.,1.,1.
    ,1.,1.,1.,1.,1.,1.,1.,1.,1.,1.,1.,1.,1.,1.,1.,1.,1.,1.,1.,1.,1.,1.,
1.,1.,1.)) REPRESENTATION_ITEM('') );
#7342 = CARTESIAN_POINT('',(2.376905682895E-14,45.085002922078,
    13.632022703222));
#7343 = CARTESIAN_POINT('',(-4.986180027954,45.085002922081,
    13.632022703222));
#7344 = CARTESIAN_POINT('',(-10.0155255938,43.851992300172,
    13.608205095219));
#7345 = CARTESIAN_POINT('',(-14.88591493011,41.35380650235,
    13.560729184536));
#7346 = CARTESIAN_POINT('',(-19.41788754302,37.5932724797,13.48885404597
    ));
#7347 = CARTESIAN_POINT('',(-23.2729830951,32.650582074721,
    13.404046407854));
#7348 = CARTESIAN_POINT('',(-26.28629597338,26.841448911056,
    13.331125051645));
#7349 = CARTESIAN_POINT('',(-28.3310263865,20.416704961082,
    13.272650066005));
#7350 = CARTESIAN_POINT('',(-29.35574271604,13.694896619866,
    13.244725273926));
#7351 = CARTESIAN_POINT('',(-29.3518821902,3.618996981212,
    13.270445229817));
#7352 = CARTESIAN_POINT('',(-29.09362079494,0.261746602575,
    13.290311783231));
#7353 = CARTESIAN_POINT('',(-28.57836409354,-3.056543850784,
    13.323257651738));
#7354 = CARTESIAN_POINT('',(-27.80530473734,-6.295443805883,
    13.371672098494));
#7355 = CARTESIAN_POINT('',(-26.78271342809,-9.418434422226,
    13.435966291055));
#7356 = CARTESIAN_POINT('',(-25.51314661819,-12.385097761,
    13.518794976552));
#7357 = CARTESIAN_POINT('',(-24.00060501299,-15.14891060456,
    13.616113113332));
#7358 = CARTESIAN_POINT('',(-22.27477617987,-17.66776133965,
    13.706225386857));
#7359 = CARTESIAN_POINT('',(-18.47726407069,-22.1747307324,
    13.851999538105));
#7360 = CARTESIAN_POINT('',(-16.40559493236,-24.16269875117,
    13.907483876076));
#7361 = CARTESIAN_POINT('',(-14.19970550312,-25.86317615661,
    13.935389363861));
#7362 = CARTESIAN_POINT('',(-11.9125858994,-27.27130472809,
    13.928579526647));
#7363 = CARTESIAN_POINT('',(-9.576023316554,-28.40066288787,
    13.915315663367));
#7364 = CARTESIAN_POINT('',(-7.201734495531,-29.2426743085,
    13.899040839419));
#7365 = CARTESIAN_POINT('',(-4.808429432683,-29.80459196679,
    13.886740454209));
#7366 = CARTESIAN_POINT('',(-2.404175327179,-30.08529791433,
    13.880561324375));
#7367 = CARTESIAN_POINT('',(2.404175327179,-30.08529791433,
    13.880561324375));
#7368 = CARTESIAN_POINT('',(4.808429432683,-29.80459196679,
    13.88674045421));
#7369 = CARTESIAN_POINT('',(7.201734495531,-29.24267430849,
    13.899040839419));
#7370 = CARTESIAN_POINT('',(9.576023316554,-28.40066288787,
    13.915315663367));
#7371 = CARTESIAN_POINT('',(11.912585899404,-27.27130472809,
    13.928579526647));
#7372 = CARTESIAN_POINT('',(14.199705503125,-25.86317615661,
    13.935389363861));
#7373 = CARTESIAN_POINT('',(16.40559493237,-24.16269875117,
    13.907483876076));
#7374 = CARTESIAN_POINT('',(18.477264070697,-22.1747307324,
    13.851999538105));
#7375 = CARTESIAN_POINT('',(22.274776179874,-17.66776133965,
    13.706225386857));
#7376 = CARTESIAN_POINT('',(24.000605012999,-15.14891060456,
    13.616113113332));
#7377 = CARTESIAN_POINT('',(25.513146618196,-12.385097761,
    13.518794976552));
#7378 = CARTESIAN_POINT('',(26.782713428096,-9.418434422228,
    13.435966291055));
#7379 = CARTESIAN_POINT('',(27.805304737348,-6.295443805882,
    13.371672098494));
#7380 = CARTESIAN_POINT('',(28.578364093542,-3.056543850784,
    13.323257651739));
#7381 = CARTESIAN_POINT('',(29.093620794945,0.261746602576,
    13.29031178323));
#7382 = CARTESIAN_POINT('',(29.351882190202,3.618996981212,
    13.270445229816));
#7383 = CARTESIAN_POINT('',(29.355742716047,13.694896619866,
    13.244725273926));
#7384 = CARTESIAN_POINT('',(28.331026386507,20.416704961082,
    13.272650066006));
#7385 = CARTESIAN_POINT('',(26.286295973385,26.841448911059,
    13.331125051638));
#7386 = CARTESIAN_POINT('',(23.272983095104,32.650582074715,
    13.404046407865));
#7387 = CARTESIAN_POINT('',(19.417887543022,37.593272479708,
    13.488854045953));
#7388 = CARTESIAN_POINT('',(14.885914930122,41.353806502346,
    13.560729184548));
#7389 = CARTESIAN_POINT('',(10.015525593806,43.851992300173,
    13.608205095213));
#7390 = CARTESIAN_POINT('',(4.986180027954,45.08500292208,
    13.632022703221));
#7391 = CARTESIAN_POINT('',(-2.415845301584E-13,45.085002922078,
    13.632022703221));
#7392 = ORIENTED_EDGE('',*,*,#3580,.T.);
#7393 = ORIENTED_EDGE('',*,*,#7394,.T.);
#7394 = EDGE_CURVE('',#3566,#3996,#7395,.T.);
#7395 = ( BOUNDED_CURVE() B_SPLINE_CURVE(9,(#7396,#7397,#7398,#7399,
    #7400,#7401,#7402,#7403,#7404,#7405,#7406,#7407,#7408,#7409,#7410,
    #7411,#7412,#7413,#7414,#7415,#7416,#7417,#7418,#7419,#7420,#7421,
    #7422,#7423,#7424,#7425,#7426,#7427,#7428,#7429,#7430,#7431,#7432,
    #7433,#7434,#7435,#7436,#7437,#7438,#7439,#7440,#7441,#7442,#7443,
#7444,#7445),.UNSPECIFIED.,.T.,.F.) B_SPLINE_CURVE_WITH_KNOTS((10,8,8,8,
    8,8,10),(0.,53.530667459247,80.29600118887,107.06133491849,
    133.82666864811,160.59200237774,214.12266983698),.UNSPECIFIED.) 
CURVE() GEOMETRIC_REPRESENTATION_ITEM() RATIONAL_B_SPLINE_CURVE((1.,1.,
    1.,1.,1.,1.,1.,1.,1.,1.,1.,1.,1.,1.,1.,1.,1.,1.,1.,1.,1.,1.,1.,1.,1.
    ,1.,1.,1.,1.,1.,1.,1.,1.,1.,1.,1.,1.,1.,1.,1.,1.,1.,1.,1.,1.,1.,1.,
1.,1.,1.)) REPRESENTATION_ITEM('') );
#7396 = CARTESIAN_POINT('',(2.376905682895E-14,45.085002922078,
    13.632022703222));
#7397 = CARTESIAN_POINT('',(-4.986180027954,45.085002922081,
    13.632022703222));
#7398 = CARTESIAN_POINT('',(-10.0155255938,43.851992300172,
    13.608205095219));
#7399 = CARTESIAN_POINT('',(-14.88591493011,41.35380650235,
    13.560729184536));
#7400 = CARTESIAN_POINT('',(-19.41788754302,37.5932724797,13.48885404597
    ));
#7401 = CARTESIAN_POINT('',(-23.2729830951,32.650582074721,
    13.404046407854));
#7402 = CARTESIAN_POINT('',(-26.28629597338,26.841448911056,
    13.331125051645));
#7403 = CARTESIAN_POINT('',(-28.3310263865,20.416704961082,
    13.272650066005));
#7404 = CARTESIAN_POINT('',(-29.35574271604,13.694896619866,
    13.244725273926));
#7405 = CARTESIAN_POINT('',(-29.3518821902,3.618996981212,
    13.270445229817));
#7406 = CARTESIAN_POINT('',(-29.09362079494,0.261746602575,
    13.290311783231));
#7407 = CARTESIAN_POINT('',(-28.57836409354,-3.056543850784,
    13.323257651738));
#7408 = CARTESIAN_POINT('',(-27.80530473734,-6.295443805883,
    13.371672098494));
#7409 = CARTESIAN_POINT('',(-26.78271342809,-9.418434422226,
    13.435966291055));
#7410 = CARTESIAN_POINT('',(-25.51314661819,-12.385097761,
    13.518794976552));
#7411 = CARTESIAN_POINT('',(-24.00060501299,-15.14891060456,
    13.616113113332));
#7412 = CARTESIAN_POINT('',(-22.27477617987,-17.66776133965,
    13.706225386857));
#7413 = CARTESIAN_POINT('',(-18.47726407069,-22.1747307324,
    13.851999538105));
#7414 = CARTESIAN_POINT('',(-16.40559493236,-24.16269875117,
    13.907483876076));
#7415 = CARTESIAN_POINT('',(-14.19970550312,-25.86317615661,
    13.935389363861));
#7416 = CARTESIAN_POINT('',(-11.9125858994,-27.27130472809,
    13.928579526647));
#7417 = CARTESIAN_POINT('',(-9.576023316554,-28.40066288787,
    13.915315663367));
#7418 = CARTESIAN_POINT('',(-7.201734495531,-29.2426743085,
    13.899040839419));
#7419 = CARTESIAN_POINT('',(-4.808429432683,-29.80459196679,
    13.886740454209));
#7420 = CARTESIAN_POINT('',(-2.404175327179,-30.08529791433,
    13.880561324375));
#7421 = CARTESIAN_POINT('',(2.404175327179,-30.08529791433,
    13.880561324375));
#7422 = CARTESIAN_POINT('',(4.808429432683,-29.80459196679,
    13.88674045421));
#7423 = CARTESIAN_POINT('',(7.201734495531,-29.24267430849,
    13.899040839419));
#7424 = CARTESIAN_POINT('',(9.576023316554,-28.40066288787,
    13.915315663367));
#7425 = CARTESIAN_POINT('',(11.912585899404,-27.27130472809,
    13.928579526647));
#7426 = CARTESIAN_POINT('',(14.199705503125,-25.86317615661,
    13.935389363861));
#7427 = CARTESIAN_POINT('',(16.40559493237,-24.16269875117,
    13.907483876076));
#7428 = CARTESIAN_POINT('',(18.477264070697,-22.1747307324,
    13.851999538105));
#7429 = CARTESIAN_POINT('',(22.274776179874,-17.66776133965,
    13.706225386857));
#7430 = CARTESIAN_POINT('',(24.000605012999,-15.14891060456,
    13.616113113332));
#7431 = CARTESIAN_POINT('',(25.513146618196,-12.385097761,
    13.518794976552));
#7432 = CARTESIAN_POINT('',(26.782713428096,-9.418434422228,
    13.435966291055));
#7433 = CARTESIAN_POINT('',(27.805304737348,-6.295443805882,
    13.371672098494));
#7434 = CARTESIAN_POINT('',(28.578364093542,-3.056543850784,
    13.323257651739));
#7435 = CARTESIAN_POINT('',(29.093620794945,0.261746602576,
    13.29031178323));
#7436 = CARTESIAN_POINT('',(29.351882190202,3.618996981212,
    13.270445229816));
#7437 = CARTESIAN_POINT('',(29.355742716047,13.694896619866,
    13.244725273926));
#7438 = CARTESIAN_POINT('',(28.331026386507,20.416704961082,
    13.272650066006));
#7439 = CARTESIAN_POINT('',(26.286295973385,26.841448911059,
    13.331125051638));
#7440 = CARTESIAN_POINT('',(23.272983095104,32.650582074715,
    13.404046407865));
#7441 = CARTESIAN_POINT('',(19.417887543022,37.593272479708,
    13.488854045953));
#7442 = CARTESIAN_POINT('',(14.885914930122,41.353806502346,
    13.560729184548));
#7443 = CARTESIAN_POINT('',(10.015525593806,43.851992300173,
    13.608205095213));
#7444 = CARTESIAN_POINT('',(4.986180027954,45.08500292208,
    13.632022703221));
#7445 = CARTESIAN_POINT('',(-2.415845301584E-13,45.085002922078,
    13.632022703221));
#7446 = ORIENTED_EDGE('',*,*,#3995,.T.);
#7447 = ORIENTED_EDGE('',*,*,#7448,.T.);
#7448 = EDGE_CURVE('',#3981,#4404,#7449,.T.);
#7449 = ( BOUNDED_CURVE() B_SPLINE_CURVE(9,(#7450,#7451,#7452,#7453,
    #7454,#7455,#7456,#7457,#7458,#7459,#7460,#7461,#7462,#7463,#7464,
    #7465,#7466,#7467,#7468,#7469,#7470,#7471,#7472,#7473,#7474,#7475,
    #7476,#7477,#7478,#7479,#7480,#7481,#7482,#7483,#7484,#7485,#7486,
    #7487,#7488,#7489,#7490,#7491,#7492,#7493,#7494,#7495,#7496,#7497,
#7498,#7499),.UNSPECIFIED.,.T.,.F.) B_SPLINE_CURVE_WITH_KNOTS((10,8,8,8,
    8,8,10),(0.,53.530667459247,80.29600118887,107.06133491849,
    133.82666864811,160.59200237774,214.12266983698),.UNSPECIFIED.) 
CURVE() GEOMETRIC_REPRESENTATION_ITEM() RATIONAL_B_SPLINE_CURVE((1.,1.,
    1.,1.,1.,1.,1.,1.,1.,1.,1.,1.,1.,1.,1.,1.,1.,1.,1.,1.,1.,1.,1.,1.,1.
    ,1.,1.,1.,1.,1.,1.,1.,1.,1.,1.,1.,1.,1.,1.,1.,1.,1.,1.,1.,1.,1.,1.,
1.,1.,1.)) REPRESENTATION_ITEM('') );
#7450 = CARTESIAN_POINT('',(2.376905682895E-14,45.085002922078,
    13.632022703222));
#7451 = CARTESIAN_POINT('',(-4.986180027954,45.085002922081,
    13.632022703222));
#7452 = CARTESIAN_POINT('',(-10.0155255938,43.851992300172,
    13.608205095219));
#7453 = CARTESIAN_POINT('',(-14.88591493011,41.35380650235,
    13.560729184536));
#7454 = CARTESIAN_POINT('',(-19.41788754302,37.5932724797,13.48885404597
    ));
#7455 = CARTESIAN_POINT('',(-23.2729830951,32.650582074721,
    13.404046407854));
#7456 = CARTESIAN_POINT('',(-26.28629597338,26.841448911056,
    13.331125051645));
#7457 = CARTESIAN_POINT('',(-28.3310263865,20.416704961082,
    13.272650066005));
#7458 = CARTESIAN_POINT('',(-29.35574271604,13.694896619866,
    13.244725273926));
#7459 = CARTESIAN_POINT('',(-29.3518821902,3.618996981212,
    13.270445229817));
#7460 = CARTESIAN_POINT('',(-29.09362079494,0.261746602575,
    13.290311783231));
#7461 = CARTESIAN_POINT('',(-28.57836409354,-3.056543850784,
    13.323257651738));
#7462 = CARTESIAN_POINT('',(-27.80530473734,-6.295443805883,
    13.371672098494));
#7463 = CARTESIAN_POINT('',(-26.78271342809,-9.418434422226,
    13.435966291055));
#7464 = CARTESIAN_POINT('',(-25.51314661819,-12.385097761,
    13.518794976552));
#7465 = CARTESIAN_POINT('',(-24.00060501299,-15.14891060456,
    13.616113113332));
#7466 = CARTESIAN_POINT('',(-22.27477617987,-17.66776133965,
    13.706225386857));
#7467 = CARTESIAN_POINT('',(-18.47726407069,-22.1747307324,
    13.851999538105));
#7468 = CARTESIAN_POINT('',(-16.40559493236,-24.16269875117,
    13.907483876076));
#7469 = CARTESIAN_POINT('',(-14.19970550312,-25.86317615661,
    13.935389363861));
#7470 = CARTESIAN_POINT('',(-11.9125858994,-27.27130472809,
    13.928579526647));
#7471 = CARTESIAN_POINT('',(-9.576023316554,-28.40066288787,
    13.915315663367));
#7472 = CARTESIAN_POINT('',(-7.201734495531,-29.2426743085,
    13.899040839419));
#7473 = CARTESIAN_POINT('',(-4.808429432683,-29.80459196679,
    13.886740454209));
#7474 = CARTESIAN_POINT('',(-2.404175327179,-30.08529791433,
    13.880561324375));
#7475 = CARTESIAN_POINT('',(2.404175327179,-30.08529791433,
    13.880561324375));
#7476 = CARTESIAN_POINT('',(4.808429432683,-29.80459196679,
    13.88674045421));
#7477 = CARTESIAN_POINT('',(7.201734495531,-29.24267430849,
    13.899040839419));
#7478 = CARTESIAN_POINT('',(9.576023316554,-28.40066288787,
    13.915315663367));
#7479 = CARTESIAN_POINT('',(11.912585899404,-27.27130472809,
    13.928579526647));
#7480 = CARTESIAN_POINT('',(14.199705503125,-25.86317615661,
    13.935389363861));
#7481 = CARTESIAN_POINT('',(16.40559493237,-24.16269875117,
    13.907483876076));
#7482 = CARTESIAN_POINT('',(18.477264070697,-22.1747307324,
    13.851999538105));
#7483 = CARTESIAN_POINT('',(22.274776179874,-17.66776133965,
    13.706225386857));
#7484 = CARTESIAN_POINT('',(24.000605012999,-15.14891060456,
    13.616113113332));
#7485 = CARTESIAN_POINT('',(25.513146618196,-12.385097761,
    13.518794976552));
#7486 = CARTESIAN_POINT('',(26.782713428096,-9.418434422228,
    13.435966291055));
#7487 = CARTESIAN_POINT('',(27.805304737348,-6.295443805882,
    13.371672098494));
#7488 = CARTESIAN_POINT('',(28.578364093542,-3.056543850784,
    13.323257651739));
#7489 = CARTESIAN_POINT('',(29.093620794945,0.261746602576,
    13.29031178323));
#7490 = CARTESIAN_POINT('',(29.351882190202,3.618996981212,
    13.270445229816));
#7491 = CARTESIAN_POINT('',(29.355742716047,13.694896619866,
    13.244725273926));
#7492 = CARTESIAN_POINT('',(28.331026386507,20.416704961082,
    13.272650066006));
#7493 = CARTESIAN_POINT('',(26.286295973385,26.841448911059,
    13.331125051638));
#7494 = CARTESIAN_POINT('',(23.272983095104,32.650582074715,
    13.404046407865));
#7495 = CARTESIAN_POINT('',(19.417887543022,37.593272479708,
    13.488854045953));
#7496 = CARTESIAN_POINT('',(14.885914930122,41.353806502346,
    13.560729184548));
#7497 = CARTESIAN_POINT('',(10.015525593806,43.851992300173,
    13.608205095213));
#7498 = CARTESIAN_POINT('',(4.986180027954,45.08500292208,
    13.632022703221));
#7499 = CARTESIAN_POINT('',(-2.415845301584E-13,45.085002922078,
    13.632022703221));
#7500 = ORIENTED_EDGE('',*,*,#4403,.T.);
#7501 = ORIENTED_EDGE('',*,*,#7502,.T.);
#7502 = EDGE_CURVE('',#4389,#7167,#7503,.T.);
#7503 = ( BOUNDED_CURVE() B_SPLINE_CURVE(9,(#7504,#7505,#7506,#7507,
    #7508,#7509,#7510,#7511,#7512,#7513,#7514,#7515,#7516,#7517,#7518,
    #7519,#7520,#7521,#7522,#7523,#7524,#7525,#7526,#7527,#7528,#7529,
    #7530,#7531,#7532,#7533,#7534,#7535,#7536,#7537,#7538,#7539,#7540,
    #7541,#7542,#7543,#7544,#7545,#7546,#7547,#7548,#7549,#7550,#7551,
#7552,#7553),.UNSPECIFIED.,.T.,.F.) B_SPLINE_CURVE_WITH_KNOTS((10,8,8,8,
    8,8,10),(0.,53.530667459247,80.29600118887,107.06133491849,
    133.82666864811,160.59200237774,214.12266983698),.UNSPECIFIED.) 
CURVE() GEOMETRIC_REPRESENTATION_ITEM() RATIONAL_B_SPLINE_CURVE((1.,1.,
    1.,1.,1.,1.,1.,1.,1.,1.,1.,1.,1.,1.,1.,1.,1.,1.,1.,1.,1.,1.,1.,1.,1.
    ,1.,1.,1.,1.,1.,1.,1.,1.,1.,1.,1.,1.,1.,1.,1.,1.,1.,1.,1.,1.,1.,1.,
1.,1.,1.)) REPRESENTATION_ITEM('') );
#7504 = CARTESIAN_POINT('',(2.376905682895E-14,45.085002922078,
    13.632022703222));
#7505 = CARTESIAN_POINT('',(-4.986180027954,45.085002922081,
    13.632022703222));
#7506 = CARTESIAN_POINT('',(-10.0155255938,43.851992300172,
    13.608205095219));
#7507 = CARTESIAN_POINT('',(-14.88591493011,41.35380650235,
    13.560729184536));
#7508 = CARTESIAN_POINT('',(-19.41788754302,37.5932724797,13.48885404597
    ));
#7509 = CARTESIAN_POINT('',(-23.2729830951,32.650582074721,
    13.404046407854));
#7510 = CARTESIAN_POINT('',(-26.28629597338,26.841448911056,
    13.331125051645));
#7511 = CARTESIAN_POINT('',(-28.3310263865,20.416704961082,
    13.272650066005));
#7512 = CARTESIAN_POINT('',(-29.35574271604,13.694896619866,
    13.244725273926));
#7513 = CARTESIAN_POINT('',(-29.3518821902,3.618996981212,
    13.270445229817));
#7514 = CARTESIAN_POINT('',(-29.09362079494,0.261746602575,
    13.290311783231));
#7515 = CARTESIAN_POINT('',(-28.57836409354,-3.056543850784,
    13.323257651738));
#7516 = CARTESIAN_POINT('',(-27.80530473734,-6.295443805883,
    13.371672098494));
#7517 = CARTESIAN_POINT('',(-26.78271342809,-9.418434422226,
    13.435966291055));
#7518 = CARTESIAN_POINT('',(-25.51314661819,-12.385097761,
    13.518794976552));
#7519 = CARTESIAN_POINT('',(-24.00060501299,-15.14891060456,
    13.616113113332));
#7520 = CARTESIAN_POINT('',(-22.27477617987,-17.66776133965,
    13.706225386857));
#7521 = CARTESIAN_POINT('',(-18.47726407069,-22.1747307324,
    13.851999538105));
#7522 = CARTESIAN_POINT('',(-16.40559493236,-24.16269875117,
    13.907483876076));
#7523 = CARTESIAN_POINT('',(-14.19970550312,-25.86317615661,
    13.935389363861));
#7524 = CARTESIAN_POINT('',(-11.9125858994,-27.27130472809,
    13.928579526647));
#7525 = CARTESIAN_POINT('',(-9.576023316554,-28.40066288787,
    13.915315663367));
#7526 = CARTESIAN_POINT('',(-7.201734495531,-29.2426743085,
    13.899040839419));
#7527 = CARTESIAN_POINT('',(-4.808429432683,-29.80459196679,
    13.886740454209));
#7528 = CARTESIAN_POINT('',(-2.404175327179,-30.08529791433,
    13.880561324375));
#7529 = CARTESIAN_POINT('',(2.404175327179,-30.08529791433,
    13.880561324375));
#7530 = CARTESIAN_POINT('',(4.808429432683,-29.80459196679,
    13.88674045421));
#7531 = CARTESIAN_POINT('',(7.201734495531,-29.24267430849,
    13.899040839419));
#7532 = CARTESIAN_POINT('',(9.576023316554,-28.40066288787,
    13.915315663367));
#7533 = CARTESIAN_POINT('',(11.912585899404,-27.27130472809,
    13.928579526647));
#7534 = CARTESIAN_POINT('',(14.199705503125,-25.86317615661,
    13.935389363861));
#7535 = CARTESIAN_POINT('',(16.40559493237,-24.16269875117,
    13.907483876076));
#7536 = CARTESIAN_POINT('',(18.477264070697,-22.1747307324,
    13.851999538105));
#7537 = CARTESIAN_POINT('',(22.274776179874,-17.66776133965,
    13.706225386857));
#7538 = CARTESIAN_POINT('',(24.000605012999,-15.14891060456,
    13.616113113332));
#7539 = CARTESIAN_POINT('',(25.513146618196,-12.385097761,
    13.518794976552));
#7540 = CARTESIAN_POINT('',(26.782713428096,-9.418434422228,
    13.435966291055));
#7541 = CARTESIAN_POINT('',(27.805304737348,-6.295443805882,
    13.371672098494));
#7542 = CARTESIAN_POINT('',(28.578364093542,-3.056543850784,
    13.323257651739));
#7543 = CARTESIAN_POINT('',(29.093620794945,0.261746602576,
    13.29031178323));
#7544 = CARTESIAN_POINT('',(29.351882190202,3.618996981212,
    13.270445229816));
#7545 = CARTESIAN_POINT('',(29.355742716047,13.694896619866,
    13.244725273926));
#7546 = CARTESIAN_POINT('',(28.331026386507,20.416704961082,
    13.272650066006));
#7547 = CARTESIAN_POINT('',(26.286295973385,26.841448911059,
    13.331125051638));
#7548 = CARTESIAN_POINT('',(23.272983095104,32.650582074715,
    13.404046407865));
#7549 = CARTESIAN_POINT('',(19.417887543022,37.593272479708,
    13.488854045953));
#7550 = CARTESIAN_POINT('',(14.885914930122,41.353806502346,
    13.560729184548));
#7551 = CARTESIAN_POINT('',(10.015525593806,43.851992300173,
    13.608205095213));
#7552 = CARTESIAN_POINT('',(4.986180027954,45.08500292208,
    13.632022703221));
#7553 = CARTESIAN_POINT('',(-2.415845301584E-13,45.085002922078,
    13.632022703221));
#7554 = ORIENTED_EDGE('',*,*,#7166,.T.);
#7555 = ORIENTED_EDGE('',*,*,#7556,.T.);
#7556 = EDGE_CURVE('',#7169,#7557,#7559,.T.);
#7557 = VERTEX_POINT('',#7558);
#7558 = CARTESIAN_POINT('',(5.,43.444092078917,15.8));
#7559 = B_SPLINE_CURVE_WITH_KNOTS('',5,(#7560,#7561,#7562,#7563,#7564,
    #7565),.UNSPECIFIED.,.F.,.F.,(6,6),(0.,1.),
  .PIECEWISE_BEZIER_KNOTS.);
#7560 = CARTESIAN_POINT('',(-3.907985046681E-14,44.004493456191,15.8));
#7561 = CARTESIAN_POINT('',(1.008324702908,44.004493456191,15.8));
#7562 = CARTESIAN_POINT('',(2.016689688708,43.947939914934,15.8));
#7563 = CARTESIAN_POINT('',(3.02074575585,43.834829424447,15.8));
#7564 = CARTESIAN_POINT('',(4.016440089659,43.666234623484,15.8));
#7565 = CARTESIAN_POINT('',(5.,43.444092078917,15.8));
#7566 = ORIENTED_EDGE('',*,*,#7567,.T.);
#7567 = EDGE_CURVE('',#7557,#7568,#7570,.T.);
#7568 = VERTEX_POINT('',#7569);
#7569 = CARTESIAN_POINT('',(7.,41.900856198386,17.8));
#7570 = B_SPLINE_CURVE_WITH_KNOTS('',8,(#7571,#7572,#7573,#7574,#7575,
    #7576,#7577,#7578,#7579,#7580,#7581,#7582,#7583,#7584,#7585,#7586),
  .UNSPECIFIED.,.F.,.F.,(9,7,9),(0.,0.66598098801,1.),.UNSPECIFIED.);
#7571 = CARTESIAN_POINT('',(5.,43.444092078917,15.8));
#7572 = CARTESIAN_POINT('',(5.298781894945,43.376610505385,15.8));
#7573 = CARTESIAN_POINT('',(5.58382548197,43.282054967647,
    15.851012047873));
#7574 = CARTESIAN_POINT('',(5.847479338998,43.166971894962,
    15.944825641551));
#7575 = CARTESIAN_POINT('',(6.085226372107,43.037601547199,
    16.073725772429));
#7576 = CARTESIAN_POINT('',(6.294786197197,42.899318784919,
    16.230848396273));
#7577 = CARTESIAN_POINT('',(6.475124229749,42.756262066609,
    16.410782139364));
#7578 = CARTESIAN_POINT('',(6.626348065122,42.611226889795,
    16.609668808602));
#7579 = CARTESIAN_POINT('',(6.808083009934,42.392393104126,
    16.936052281115));
#7580 = CARTESIAN_POINT('',(6.861007257362,42.319342723394,
    17.049388863746));
#7581 = CARTESIAN_POINT('',(6.905975571363,42.246643348871,
    17.16672089586));
#7582 = CARTESIAN_POINT('',(6.942718069368,42.174626945276,
    17.287707984622));
#7583 = CARTESIAN_POINT('',(6.970900118732,42.103649686741,
    17.411976421293));
#7584 = CARTESIAN_POINT('',(6.990137663561,42.034090936869,
    17.539106917249));
#7585 = CARTESIAN_POINT('',(7.,41.966352222098,17.66862584726));
#7586 = CARTESIAN_POINT('',(7.,41.900856198386,17.8));
#7587 = ORIENTED_EDGE('',*,*,#7588,.T.);
#7588 = EDGE_CURVE('',#7568,#7589,#7591,.T.);
#7589 = VERTEX_POINT('',#7590);
#7590 = CARTESIAN_POINT('',(7.,39.408566078196,22.8));
#7591 = B_SPLINE_CURVE_WITH_KNOTS('',4,(#7592,#7593,#7594,#7595,#7596),
  .UNSPECIFIED.,.F.,.F.,(5,5),(0.,1.),.PIECEWISE_BEZIER_KNOTS.);
#7592 = CARTESIAN_POINT('',(7.,41.900856198386,17.8));
#7593 = CARTESIAN_POINT('',(7.,41.277695748802,19.04995643162));
#7594 = CARTESIAN_POINT('',(7.,40.654591452312,20.299940691644));
#7595 = CARTESIAN_POINT('',(7.,40.031546874236,21.549954544396));
#7596 = CARTESIAN_POINT('',(7.,39.408566078196,22.8));
#7597 = ORIENTED_EDGE('',*,*,#7598,.T.);
#7598 = EDGE_CURVE('',#7589,#7599,#7601,.T.);
#7599 = VERTEX_POINT('',#7600);
#7600 = CARTESIAN_POINT('',(5.,38.958574165513,24.8));
#7601 = B_SPLINE_CURVE_WITH_KNOTS('',8,(#7602,#7603,#7604,#7605,#7606,
    #7607,#7608,#7609,#7610,#7611,#7612,#7613,#7614,#7615,#7616,#7617),
  .UNSPECIFIED.,.F.,.F.,(9,7,9),(0.,0.48316480994,1.),.UNSPECIFIED.);
#7602 = CARTESIAN_POINT('',(7.,39.408566078196,22.8));
#7603 = CARTESIAN_POINT('',(7.,39.324579222863,22.968524274756));
#7604 = CARTESIAN_POINT('',(6.983771351796,39.244253146314,
    23.140172002695));
#7605 = CARTESIAN_POINT('',(6.950259993405,39.168569026327,
    23.31365479689));
#7606 = CARTESIAN_POINT('',(6.898347950883,39.098710156651,
    23.487176622866));
#7607 = CARTESIAN_POINT('',(6.827076627458,39.035978196609,
    23.658404602508));
#7608 = CARTESIAN_POINT('',(6.735912628995,38.981664130534,
    23.824510713279));
#7609 = CARTESIAN_POINT('',(6.624941703913,38.936978217572,
    23.982160510239));
#7610 = CARTESIAN_POINT('',(6.357298253579,38.866225469921,
    24.283628130884));
#7611 = CARTESIAN_POINT('',(6.197625057326,38.841579192575,
    24.426116430495));
#7612 = CARTESIAN_POINT('',(6.019328148334,38.830324277292,
    24.549576268967));
#7613 = CARTESIAN_POINT('',(5.826326379108,38.832537590507,
    24.65037955953));
#7614 = CARTESIAN_POINT('',(5.62302567618,38.847656678789,
    24.726217031653));
#7615 = CARTESIAN_POINT('',(5.414191459522,38.874686193572,
    24.776032105339));
#7616 = CARTESIAN_POINT('',(5.204802075123,38.912295538215,24.8));
#7617 = CARTESIAN_POINT('',(5.,38.958574165513,24.8));
#7618 = ORIENTED_EDGE('',*,*,#7619,.F.);
#7619 = EDGE_CURVE('',#7620,#7599,#7622,.T.);
#7620 = VERTEX_POINT('',#7621);
#7621 = CARTESIAN_POINT('',(2.193636817185E-14,39.518936708233,24.8));
#7622 = B_SPLINE_CURVE_WITH_KNOTS('',5,(#7623,#7624,#7625,#7626,#7627,
    #7628),.UNSPECIFIED.,.F.,.F.,(6,6),(0.,1.),
  .PIECEWISE_BEZIER_KNOTS.);
#7623 = CARTESIAN_POINT('',(-2.13162820728E-14,39.518936708233,24.8));
#7624 = CARTESIAN_POINT('',(1.008326616502,39.518936708233,24.8));
#7625 = CARTESIAN_POINT('',(2.016690002773,39.462418140867,24.8));
#7626 = CARTESIAN_POINT('',(3.020756849114,39.349378119594,24.8));
#7627 = CARTESIAN_POINT('',(4.016463073571,39.180821615031,24.8));
#7628 = CARTESIAN_POINT('',(5.,38.958574165513,24.8));
#7629 = ORIENTED_EDGE('',*,*,#7630,.T.);
#7630 = EDGE_CURVE('',#7620,#7631,#7633,.T.);
#7631 = VERTEX_POINT('',#7632);
#7632 = CARTESIAN_POINT('',(2.06071410676E-14,35.481935635071,32.9));
#7633 = B_SPLINE_CURVE_WITH_KNOTS('',1,(#7634,#7635),.UNSPECIFIED.,.F.,
  .F.,(2,2),(0.,1.),.PIECEWISE_BEZIER_KNOTS.);
#7634 = CARTESIAN_POINT('',(2.387277308915E-14,45.4,13.));
#7635 = CARTESIAN_POINT('',(1.517582617632E-14,18.986466971566,
    65.997166374974));
#7636 = ORIENTED_EDGE('',*,*,#7637,.T.);
#7637 = EDGE_CURVE('',#7631,#7638,#7640,.T.);
#7638 = VERTEX_POINT('',#7639);
#7639 = CARTESIAN_POINT('',(8.9,33.676394949222,32.9));
#7640 = B_SPLINE_CURVE_WITH_KNOTS('',6,(#7641,#7642,#7643,#7644,#7645,
    #7646,#7647),.UNSPECIFIED.,.F.,.F.,(7,7),(0.,1.),
  .PIECEWISE_BEZIER_KNOTS.);
#7641 = CARTESIAN_POINT('',(-3.552713678801E-15,35.481935635071,32.9));
#7642 = CARTESIAN_POINT('',(1.523425653912,35.481935635071,32.9));
#7643 = CARTESIAN_POINT('',(3.047170269578,35.35846898982,32.9));
#7644 = CARTESIAN_POINT('',(4.557902965678,35.111446963121,32.9));
#7645 = CARTESIAN_POINT('',(6.043791182981,34.744467783741,32.9));
#7646 = CARTESIAN_POINT('',(7.494270897826,34.263451480857,32.9));
#7647 = CARTESIAN_POINT('',(8.9,33.676394949222,32.9));
#7648 = ORIENTED_EDGE('',*,*,#7649,.T.);
#7649 = EDGE_CURVE('',#7638,#7650,#7652,.T.);
#7650 = VERTEX_POINT('',#7651);
#7651 = CARTESIAN_POINT('',(9.350512416457,33.434852726528,
    32.996486889663));
#7652 = B_SPLINE_CURVE_WITH_KNOTS('',4,(#7653,#7654,#7655,#7656,#7657),
  .UNSPECIFIED.,.F.,.F.,(5,5),(0.,1.),.PIECEWISE_BEZIER_KNOTS.);
#7653 = CARTESIAN_POINT('',(8.9,33.676394949222,32.9));
#7654 = CARTESIAN_POINT('',(9.021177364603,33.625789207855,32.9));
#7655 = CARTESIAN_POINT('',(9.138498450814,33.566884186766,
    32.91782744246));
#7656 = CARTESIAN_POINT('',(9.248667070609,33.502580502208,
    32.950764923114));
#7657 = CARTESIAN_POINT('',(9.350512416457,33.434852726528,
    32.996486889663));
#7658 = ORIENTED_EDGE('',*,*,#7659,.T.);
#7659 = EDGE_CURVE('',#7650,#7660,#7662,.T.);
#7660 = VERTEX_POINT('',#7661);
#7661 = CARTESIAN_POINT('',(8.9,32.581446712924,35.1));
#7662 = B_SPLINE_CURVE_WITH_KNOTS('',8,(#7663,#7664,#7665,#7666,#7667,
    #7668,#7669,#7670,#7671,#7672,#7673,#7674,#7675,#7676,#7677,#7678,
    #7679,#7680,#7681,#7682,#7683,#7684,#7685),.UNSPECIFIED.,.F.,.F.,(9,
    7,7,9),(0.,0.344184881431,0.58774737311,1.),.UNSPECIFIED.);
#7663 = CARTESIAN_POINT('',(9.350512416457,33.434852726528,
    32.996486889663));
#7664 = CARTESIAN_POINT('',(9.460150655106,33.361942629642,
    33.045707360548));
#7665 = CARTESIAN_POINT('',(9.561338460325,33.285728277474,
    33.107582721165));
#7666 = CARTESIAN_POINT('',(9.653527568747,33.20737014592,
    33.180657892969));
#7667 = CARTESIAN_POINT('',(9.736013697803,33.127913360181,
    33.263852607915));
#7668 = CARTESIAN_POINT('',(9.808049851908,33.048380598247,
    33.356175769966));
#7669 = CARTESIAN_POINT('',(9.868780813405,32.9697863721,33.456733067371
    ));
#7670 = CARTESIAN_POINT('',(9.917259560137,32.893153179691,
    33.56466320812));
#7671 = CARTESIAN_POINT('',(9.976888681501,32.767538895957,
    33.760230619943));
#7672 = CARTESIAN_POINT('',(9.994775390304,32.717093175833,
    33.84446736143));
#7673 = CARTESIAN_POINT('',(10.005390685002,32.668678040237,
    33.931552206342));
#7674 = CARTESIAN_POINT('',(10.00817746963,32.622827213619,
    34.020997059881));
#7675 = CARTESIAN_POINT('',(10.002544761413,32.580165227079,
    34.112137689963));
#7676 = CARTESIAN_POINT('',(9.987922072946,32.541388103003,
    34.204100800234));
#7677 = CARTESIAN_POINT('',(9.963843119806,32.507225697538,
    34.295781795653));
#7678 = CARTESIAN_POINT('',(9.873011310327,32.429516893536,
    34.538280964405));
#7679 = CARTESIAN_POINT('',(9.787509012431,32.395220115016,
    34.688069032967));
#7680 = CARTESIAN_POINT('',(9.673315255546,32.381166130143,
    34.82332754005));
#7681 = CARTESIAN_POINT('',(9.535542943491,32.388408114063,
    34.935844228549));
#7682 = CARTESIAN_POINT('',(9.381123658768,32.415495416187,
    35.020555682747));
#7683 = CARTESIAN_POINT('',(9.218086939646,32.459621260765,
    35.075042537996));
#7684 = CARTESIAN_POINT('',(9.054989493948,32.516740198427,35.1));
#7685 = CARTESIAN_POINT('',(8.9,32.581446712924,35.1));
#7686 = ORIENTED_EDGE('',*,*,#7687,.F.);
#7687 = EDGE_CURVE('',#7688,#7660,#7690,.T.);
#7688 = VERTEX_POINT('',#7689);
#7689 = CARTESIAN_POINT('',(2.0246116422E-14,34.385466207792,35.1));
#7690 = B_SPLINE_CURVE_WITH_KNOTS('',6,(#7691,#7692,#7693,#7694,#7695,
    #7696,#7697),.UNSPECIFIED.,.F.,.F.,(7,7),(0.,1.),
  .PIECEWISE_BEZIER_KNOTS.);
#7691 = CARTESIAN_POINT('',(0.,34.385466207792,35.1));
#7692 = CARTESIAN_POINT('',(1.523371166041,34.385466207793,35.1));
#7693 = CARTESIAN_POINT('',(3.047049657542,34.262172866587,35.1));
#7694 = CARTESIAN_POINT('',(4.557769371662,34.015500861964,35.1));
#7695 = CARTESIAN_POINT('',(6.043706345489,33.648956946951,35.1));
#7696 = CARTESIAN_POINT('',(7.494258594299,33.16832924496,35.1));
#7697 = CARTESIAN_POINT('',(8.9,32.581446712924,35.1));
#7698 = ORIENTED_EDGE('',*,*,#7699,.T.);
#7699 = EDGE_CURVE('',#7688,#7700,#7702,.T.);
#7700 = VERTEX_POINT('',#7701);
#7701 = CARTESIAN_POINT('',(1.978663050942E-14,32.989959663983,37.9));
#7702 = B_SPLINE_CURVE_WITH_KNOTS('',1,(#7703,#7704),.UNSPECIFIED.,.F.,
  .F.,(2,2),(0.,1.),.PIECEWISE_BEZIER_KNOTS.);
#7703 = CARTESIAN_POINT('',(2.387277308915E-14,45.4,13.));
#7704 = CARTESIAN_POINT('',(1.517582617632E-14,18.986466971566,
    65.997166374974));
#7705 = ORIENTED_EDGE('',*,*,#7706,.T.);
#7706 = EDGE_CURVE('',#7700,#7707,#7709,.T.);
#7707 = VERTEX_POINT('',#7708);
#7708 = CARTESIAN_POINT('',(8.9,31.188475958272,37.9));
#7709 = B_SPLINE_CURVE_WITH_KNOTS('',6,(#7710,#7711,#7712,#7713,#7714,
    #7715,#7716),.UNSPECIFIED.,.F.,.F.,(7,7),(0.,1.),
  .PIECEWISE_BEZIER_KNOTS.);
#7710 = CARTESIAN_POINT('',(5.329070518201E-15,32.989959663983,37.9));
#7711 = CARTESIAN_POINT('',(1.523276496076,32.989959663984,37.9));
#7712 = CARTESIAN_POINT('',(3.046844316186,32.866932059613,37.9));
#7713 = CARTESIAN_POINT('',(4.55753111598,32.62079626924,37.9));
#7714 = CARTESIAN_POINT('',(6.043531369675,32.254936288764,37.9));
#7715 = CARTESIAN_POINT('',(7.494198884077,31.774963435758,37.9));
#7716 = CARTESIAN_POINT('',(8.9,31.188475958272,37.9));
#7717 = ORIENTED_EDGE('',*,*,#7718,.T.);
#7718 = EDGE_CURVE('',#7707,#7719,#7721,.T.);
#7719 = VERTEX_POINT('',#7720);
#7720 = CARTESIAN_POINT('',(9.523606819362,29.920531452766,
    39.906153703764));
#7721 = B_SPLINE_CURVE_WITH_KNOTS('',8,(#7722,#7723,#7724,#7725,#7726,
    #7727,#7728,#7729,#7730,#7731,#7732,#7733,#7734,#7735,#7736,#7737,
    #7738,#7739,#7740,#7741,#7742,#7743,#7744),.UNSPECIFIED.,.F.,.F.,(9,
    7,7,9),(0.,0.30865475417,0.559151027753,1.),.UNSPECIFIED.);
#7722 = CARTESIAN_POINT('',(8.9,31.188475958272,37.9));
#7723 = CARTESIAN_POINT('',(9.028561506556,31.134841263557,37.9));
#7724 = CARTESIAN_POINT('',(9.153078749916,31.073355770558,
    37.91717162286));
#7725 = CARTESIAN_POINT('',(9.271624740611,31.005866242653,
    37.94962652004));
#7726 = CARTESIAN_POINT('',(9.382824249134,30.934002556132,
    37.99561104733));
#7727 = CARTESIAN_POINT('',(9.485685963428,30.859180566543,
    38.053546808733));
#7728 = CARTESIAN_POINT('',(9.579510162011,30.782582754587,
    38.122080175407));
#7729 = CARTESIAN_POINT('',(9.663766860812,30.705149886015,
    38.200169802566));
#7730 = CARTESIAN_POINT('',(9.79795475606,30.564693155485,
    38.357906051325));
#7731 = CARTESIAN_POINT('',(9.847470289653,30.505777252425,
    38.429911879598));
#7732 = CARTESIAN_POINT('',(9.888476427409,30.450331660947,
    38.502675080466));
#7733 = CARTESIAN_POINT('',(9.922141010832,30.397894494034,
    38.576164141562));
#7734 = CARTESIAN_POINT('',(9.949176059756,30.348171133939,
    38.650399232418));
#7735 = CARTESIAN_POINT('',(9.969934003718,30.301018550326,
    38.725399369985));
#7736 = CARTESIAN_POINT('',(9.984555181553,30.256454249609,38.8010423942
    ));
#7737 = CARTESIAN_POINT('',(10.008145297495,30.140989987017,
    39.010704380658));
#7738 = CARTESIAN_POINT('',(10.005067842173,30.072427271382,
    39.151547384425));
#7739 = CARTESIAN_POINT('',(9.981013285609,30.011929180998,
    39.296364296564));
#7740 = CARTESIAN_POINT('',(9.9337996822,29.962594381082,39.440953308591
    ));
#7741 = CARTESIAN_POINT('',(9.86235729898,29.927354012866,
    39.580046026618));
#7742 = CARTESIAN_POINT('',(9.767365365176,29.908324791228,
    39.707814430966));
#7743 = CARTESIAN_POINT('',(9.651891395706,29.906646055165,
    39.817869413478));
#7744 = CARTESIAN_POINT('',(9.523606819362,29.920531452766,
    39.906153703764));
#7745 = ORIENTED_EDGE('',*,*,#7746,.T.);
#7746 = EDGE_CURVE('',#7719,#7747,#7749,.T.);
#7747 = VERTEX_POINT('',#7748);
#7748 = CARTESIAN_POINT('',(8.9,30.094502002934,40.1));
#7749 = B_SPLINE_CURVE_WITH_KNOTS('',4,(#7750,#7751,#7752,#7753,#7754),
  .UNSPECIFIED.,.F.,.F.,(5,5),(0.,1.),.PIECEWISE_BEZIER_KNOTS.);
#7750 = CARTESIAN_POINT('',(9.523606819362,29.920531452766,
    39.906153703764));
#7751 = CARTESIAN_POINT('',(9.382001518128,29.935858672655,
    40.003605196972));
#7752 = CARTESIAN_POINT('',(9.221754617965,29.973550333171,
    40.069998446155));
#7753 = CARTESIAN_POINT('',(9.058060958969,30.028615765404,40.1));
#7754 = CARTESIAN_POINT('',(8.9,30.094502002934,40.1));
#7755 = ORIENTED_EDGE('',*,*,#7756,.F.);
#7756 = EDGE_CURVE('',#7757,#7747,#7759,.T.);
#7757 = VERTEX_POINT('',#7758);
#7758 = CARTESIAN_POINT('',(1.942560586383E-14,31.893490236705,40.1));
#7759 = B_SPLINE_CURVE_WITH_KNOTS('',6,(#7760,#7761,#7762,#7763,#7764,
    #7765,#7766),.UNSPECIFIED.,.F.,.F.,(7,7),(0.,1.),
  .PIECEWISE_BEZIER_KNOTS.);
#7760 = CARTESIAN_POINT('',(1.06581410364E-14,31.893490236705,40.1));
#7761 = CARTESIAN_POINT('',(1.523180962453,31.893490236705,40.1));
#7762 = CARTESIAN_POINT('',(3.046639535747,31.770709008902,40.1));
#7763 = CARTESIAN_POINT('',(4.557286624603,31.525070066888,40.1));
#7764 = CARTESIAN_POINT('',(6.043337427714,31.159855948733,40.1));
#7765 = CARTESIAN_POINT('',(7.494114686393,30.680532192268,40.1));
#7766 = CARTESIAN_POINT('',(8.9,30.094502002934,40.1));
#7767 = ORIENTED_EDGE('',*,*,#7768,.T.);
#7768 = EDGE_CURVE('',#7757,#7769,#7771,.T.);
#7769 = VERTEX_POINT('',#7770);
#7770 = CARTESIAN_POINT('',(1.896611995125E-14,30.497983692896,42.9));
#7771 = B_SPLINE_CURVE_WITH_KNOTS('',1,(#7772,#7773),.UNSPECIFIED.,.F.,
  .F.,(2,2),(0.,1.),.PIECEWISE_BEZIER_KNOTS.);
#7772 = CARTESIAN_POINT('',(2.387277308915E-14,45.4,13.));
#7773 = CARTESIAN_POINT('',(1.517582617632E-14,18.986466971566,
    65.997166374974));
#7774 = ORIENTED_EDGE('',*,*,#7775,.T.);
#7775 = EDGE_CURVE('',#7769,#7776,#7778,.T.);
#7776 = VERTEX_POINT('',#7777);
#7777 = CARTESIAN_POINT('',(8.9,28.702859110504,42.9));
#7778 = B_SPLINE_CURVE_WITH_KNOTS('',6,(#7779,#7780,#7781,#7782,#7783,
    #7784,#7785),.UNSPECIFIED.,.F.,.F.,(7,7),(0.,1.),
  .PIECEWISE_BEZIER_KNOTS.);
#7779 = CARTESIAN_POINT('',(1.59872115546E-14,30.497983692895,42.9));
#7780 = CARTESIAN_POINT('',(1.523030384525,30.497983692896,42.9));
#7781 = CARTESIAN_POINT('',(3.046319742607,30.375566967436,42.9));
#7782 = CARTESIAN_POINT('',(4.556897173288,30.130662651694,42.9));
#7783 = CARTESIAN_POINT('',(6.043012822151,29.766418057888,42.9));
#7784 = CARTESIAN_POINT('',(7.493955591803,29.288104738363,42.9));
#7785 = CARTESIAN_POINT('',(8.9,28.702859110504,42.9));
#7786 = ORIENTED_EDGE('',*,*,#7787,.T.);
#7787 = EDGE_CURVE('',#7776,#7788,#7790,.T.);
#7788 = VERTEX_POINT('',#7789);
#7789 = CARTESIAN_POINT('',(9.553538044025,27.433773013069,
    44.884809598169));
#7790 = B_SPLINE_CURVE_WITH_KNOTS('',8,(#7791,#7792,#7793,#7794,#7795,
    #7796,#7797,#7798,#7799,#7800,#7801,#7802,#7803,#7804,#7805,#7806,
    #7807,#7808,#7809,#7810,#7811,#7812,#7813),.UNSPECIFIED.,.F.,.F.,(9,
    7,7,9),(0.,0.346578181271,0.671118058406,1.),.UNSPECIFIED.);
#7791 = CARTESIAN_POINT('',(8.9,28.702859110504,42.9));
#7792 = CARTESIAN_POINT('',(9.023639163902,28.651396098608,42.9));
#7793 = CARTESIAN_POINT('',(9.143572840471,28.592658659506,
    42.91588294495));
#7794 = CARTESIAN_POINT('',(9.25806128429,28.528291245788,
    42.945980988727));
#7795 = CARTESIAN_POINT('',(9.365827651424,28.459766783801,
    42.988727725758));
#7796 = CARTESIAN_POINT('',(9.465971988984,28.388362837136,
    43.042692788984));
#7797 = CARTESIAN_POINT('',(9.557862136983,28.315149065782,
    43.106642652951));
#7798 = CARTESIAN_POINT('',(9.641001542492,28.240985980974,
    43.179627642004));
#7799 = CARTESIAN_POINT('',(9.784049009392,28.096818219185,
    43.337382268386));
#7800 = CARTESIAN_POINT('',(9.844913642934,28.027033599516,
    43.420906646366));
#7801 = CARTESIAN_POINT('',(9.89707368721,27.957763511857,
    43.511113152405));
#7802 = CARTESIAN_POINT('',(9.939876504122,27.889688326453,
    43.607468227376));
#7803 = CARTESIAN_POINT('',(9.972497425006,27.823609547815,
    43.709340032585));
#7804 = CARTESIAN_POINT('',(9.993991603874,27.76044760884,43.81593786131
    ));
#7805 = CARTESIAN_POINT('',(10.003313534131,27.701237992652,
    43.926267039351));
#7806 = CARTESIAN_POINT('',(9.995245748376,27.592337057768,
    44.153353066781));
#7807 = CARTESIAN_POINT('',(9.977479036668,27.542545215826,
    44.27067363062));
#7808 = CARTESIAN_POINT('',(9.944626918906,27.499539291702,
    44.388755522624));
#7809 = CARTESIAN_POINT('',(9.895795379115,27.465026951676,
    44.504862836168));
#7810 = CARTESIAN_POINT('',(9.83078065782,27.4405104579,44.615835801788)
  );
#7811 = CARTESIAN_POINT('',(9.750333781744,27.427054661802,
    44.71827802757));
#7812 = CARTESIAN_POINT('',(9.656526802457,27.425104870741,
    44.808740043904));
#7813 = CARTESIAN_POINT('',(9.553538044025,27.433773013069,
    44.884809598169));
#7814 = ORIENTED_EDGE('',*,*,#7815,.T.);
#7815 = EDGE_CURVE('',#7788,#7816,#7818,.T.);
#7816 = VERTEX_POINT('',#7817);
#7817 = CARTESIAN_POINT('',(8.9,27.6100026935,45.1));
#7818 = B_SPLINE_CURVE_WITH_KNOTS('',4,(#7819,#7820,#7821,#7822,#7823),
  .UNSPECIFIED.,.F.,.F.,(5,5),(0.,1.),.PIECEWISE_BEZIER_KNOTS.);
#7819 = CARTESIAN_POINT('',(9.553538044025,27.433773013069,
    44.884809598169));
#7820 = CARTESIAN_POINT('',(9.407641643889,27.446052516005,
    44.992571593713));
#7821 = CARTESIAN_POINT('',(9.239330927331,27.483538285326,
    45.066751560163));
#7822 = CARTESIAN_POINT('',(9.066522745051,27.540791672573,45.1));
#7823 = CARTESIAN_POINT('',(8.9,27.6100026935,45.1));
#7824 = ORIENTED_EDGE('',*,*,#7825,.F.);
#7825 = EDGE_CURVE('',#7826,#7816,#7828,.T.);
#7826 = VERTEX_POINT('',#7827);
#7827 = CARTESIAN_POINT('',(1.860509530565E-14,29.401514265617,45.1));
#7828 = B_SPLINE_CURVE_WITH_KNOTS('',6,(#7829,#7830,#7831,#7832,#7833,
    #7834,#7835),.UNSPECIFIED.,.F.,.F.,(7,7),(0.,1.),
  .PIECEWISE_BEZIER_KNOTS.);
#7829 = CARTESIAN_POINT('',(1.95399252334E-14,29.401514265617,45.1));
#7830 = CARTESIAN_POINT('',(1.522887887378,29.401514265617,45.1));
#7831 = CARTESIAN_POINT('',(3.046019006358,29.279426308406,45.1));
#7832 = CARTESIAN_POINT('',(4.556525546157,29.035184331574,45.1));
#7833 = CARTESIAN_POINT('',(6.042692413277,28.67182466435,45.1));
#7834 = CARTESIAN_POINT('',(7.493786845466,28.194460078208,45.1));
#7835 = CARTESIAN_POINT('',(8.9,27.6100026935,45.1));
#7836 = ORIENTED_EDGE('',*,*,#7837,.T.);
#7837 = EDGE_CURVE('',#7826,#7838,#7840,.T.);
#7838 = VERTEX_POINT('',#7839);
#7839 = CARTESIAN_POINT('',(1.429162814605E-15,18.986466971566,
    65.997166374974));
#7840 = B_SPLINE_CURVE_WITH_KNOTS('',1,(#7841,#7842),.UNSPECIFIED.,.F.,
  .F.,(2,2),(0.,1.),.PIECEWISE_BEZIER_KNOTS.);
#7841 = CARTESIAN_POINT('',(2.387277308915E-14,45.4,13.));
#7842 = CARTESIAN_POINT('',(1.517582617632E-14,18.986466971566,
    65.997166374974));
#7843 = ORIENTED_EDGE('',*,*,#7844,.F.);
#7844 = EDGE_CURVE('',#7845,#7838,#7847,.T.);
#7845 = VERTEX_POINT('',#7846);
#7846 = CARTESIAN_POINT('',(23.34,5.599192947132,46.878157661269));
#7847 = CIRCLE('',#7848,23.34);
#7848 = AXIS2_PLACEMENT_3D('',#7849,#7850,#7851);
#7849 = CARTESIAN_POINT('',(0.,5.599192947132,46.878157661269));
#7850 = DIRECTION('',(0.,-0.819152044289,0.573576436351));
#7851 = DIRECTION('',(1.,0.,0.));
#7852 = ORIENTED_EDGE('',*,*,#7853,.F.);
#7853 = EDGE_CURVE('',#7838,#7845,#7854,.T.);
#7854 = CIRCLE('',#7855,23.34);
#7855 = AXIS2_PLACEMENT_3D('',#7856,#7857,#7858);
#7856 = CARTESIAN_POINT('',(0.,5.599192947132,46.878157661269));
#7857 = DIRECTION('',(0.,-0.819152044289,0.573576436351));
#7858 = DIRECTION('',(1.,0.,0.));
#7859 = ORIENTED_EDGE('',*,*,#7837,.F.);
#7860 = ORIENTED_EDGE('',*,*,#7861,.F.);
#7861 = EDGE_CURVE('',#7862,#7826,#7864,.T.);
#7862 = VERTEX_POINT('',#7863);
#7863 = CARTESIAN_POINT('',(-8.9,27.610002693501,45.1));
#7864 = B_SPLINE_CURVE_WITH_KNOTS('',6,(#7865,#7866,#7867,#7868,#7869,
    #7870,#7871),.UNSPECIFIED.,.F.,.F.,(7,7),(0.,1.),
  .PIECEWISE_BEZIER_KNOTS.);
#7865 = CARTESIAN_POINT('',(-8.9,27.610002693501,45.1));
#7866 = CARTESIAN_POINT('',(-7.493786783663,28.194460103896,45.1));
#7867 = CARTESIAN_POINT('',(-6.042692404998,28.671824658436,45.1));
#7868 = CARTESIAN_POINT('',(-4.556525644771,29.035184290271,45.1));
#7869 = CARTESIAN_POINT('',(-3.046019112549,29.279426329488,45.1));
#7870 = CARTESIAN_POINT('',(-1.522887742656,29.401514265618,45.1));
#7871 = CARTESIAN_POINT('',(8.881784197001E-15,29.401514265617,45.1));
#7872 = ORIENTED_EDGE('',*,*,#7873,.T.);
#7873 = EDGE_CURVE('',#7862,#7874,#7876,.T.);
#7874 = VERTEX_POINT('',#7875);
#7875 = CARTESIAN_POINT('',(-9.99961475202,27.680844504406,
    43.970889913431));
#7876 = B_SPLINE_CURVE_WITH_KNOTS('',8,(#7877,#7878,#7879,#7880,#7881,
    #7882,#7883,#7884,#7885,#7886,#7887,#7888,#7889,#7890,#7891,#7892),
  .UNSPECIFIED.,.F.,.F.,(9,7,9),(0.,0.669213083978,1.),.UNSPECIFIED.);
#7877 = CARTESIAN_POINT('',(-8.9,27.610002693501,45.1));
#7878 = CARTESIAN_POINT('',(-9.039308110922,27.552102755703,45.1));
#7879 = CARTESIAN_POINT('',(-9.184151578272,27.500740450671,
    45.079837166344));
#7880 = CARTESIAN_POINT('',(-9.329457261234,27.45923942937,
    45.03670708892));
#7881 = CARTESIAN_POINT('',(-9.469590929214,27.430447756502,
    44.969694046273));
#7882 = CARTESIAN_POINT('',(-9.598817848086,27.416639911134,
    44.879743831549));
#7883 = CARTESIAN_POINT('',(-9.711724266446,27.419341476896,
    44.769676379082));
#7884 = CARTESIAN_POINT('',(-9.803725233058,27.438623265108,
    44.644616701704));
#7885 = CARTESIAN_POINT('',(-9.907602720009,27.487847121285,
    44.447406957742));
#7886 = CARTESIAN_POINT('',(-9.936577342155,27.507518219105,
    44.380278831497));
#7887 = CARTESIAN_POINT('',(-9.960060176903,27.5303289552,
    44.311941602868));
#7888 = CARTESIAN_POINT('',(-9.978103985991,27.555981055739,
    44.243013242073));
#7889 = CARTESIAN_POINT('',(-9.990862050681,27.584158264042,
    44.174031841846));
#7890 = CARTESIAN_POINT('',(-9.998543564645,27.614549781706,
    44.105450087288));
#7891 = CARTESIAN_POINT('',(-10.00138175792,27.64686571184,
    44.037637422417));
#7892 = CARTESIAN_POINT('',(-9.99961475202,27.680844504406,
    43.970889913431));
#7893 = ORIENTED_EDGE('',*,*,#7894,.T.);
#7894 = EDGE_CURVE('',#7874,#7895,#7897,.T.);
#7895 = VERTEX_POINT('',#7896);
#7896 = CARTESIAN_POINT('',(-8.9,28.702859110505,42.9));
#7897 = B_SPLINE_CURVE_WITH_KNOTS('',8,(#7898,#7899,#7900,#7901,#7902,
    #7903,#7904,#7905,#7906,#7907,#7908,#7909,#7910,#7911,#7912,#7913),
  .UNSPECIFIED.,.F.,.F.,(9,7,9),(0.,0.384222425079,1.),.UNSPECIFIED.);
#7898 = CARTESIAN_POINT('',(-9.99961475202,27.680844504406,
    43.970889913431));
#7899 = CARTESIAN_POINT('',(-9.997358138945,27.724238240202,
    43.885647809423));
#7900 = CARTESIAN_POINT('',(-9.987591085497,27.770328027327,
    43.802174505045));
#7901 = CARTESIAN_POINT('',(-9.970814484271,27.818607536578,
    43.721003388682));
#7902 = CARTESIAN_POINT('',(-9.947495379743,27.868614890633,
    43.642575321726));
#7903 = CARTESIAN_POINT('',(-9.918063884214,27.919933251792,
    43.56725288559));
#7904 = CARTESIAN_POINT('',(-9.882904178141,27.972190819536,
    43.495337487396));
#7905 = CARTESIAN_POINT('',(-9.842339594812,28.025060237916,
    43.42708932433));
#7906 = CARTESIAN_POINT('',(-9.723325704893,28.163514350352,
    43.259636532783));
#7907 = CARTESIAN_POINT('',(-9.636986551353,28.249369930626,
    43.166857645314));
#7908 = CARTESIAN_POINT('',(-9.53857126477,28.334816905601,
    43.085105042931));
#7909 = CARTESIAN_POINT('',(-9.428798457839,28.418631052316,
    43.015697717495));
#7910 = CARTESIAN_POINT('',(-9.30858577319,28.499301622939,
    42.960315242674));
#7911 = CARTESIAN_POINT('',(-9.179145149966,28.575011597969,
    42.920999789729));
#7912 = CARTESIAN_POINT('',(-9.042170924887,28.643682521406,42.9));
#7913 = CARTESIAN_POINT('',(-8.9,28.702859110505,42.9));
#7914 = ORIENTED_EDGE('',*,*,#7915,.T.);
#7915 = EDGE_CURVE('',#7895,#7769,#7916,.T.);
#7916 = B_SPLINE_CURVE_WITH_KNOTS('',6,(#7917,#7918,#7919,#7920,#7921,
    #7922,#7923),.UNSPECIFIED.,.F.,.F.,(7,7),(0.,1.),
  .PIECEWISE_BEZIER_KNOTS.);
#7917 = CARTESIAN_POINT('',(-8.9,28.702859110505,42.9));
#7918 = CARTESIAN_POINT('',(-7.493955661536,29.288104709338,42.9));
#7919 = CARTESIAN_POINT('',(-6.043012881654,29.766418047911,42.9));
#7920 = CARTESIAN_POINT('',(-4.556897306378,30.130662596591,42.9));
#7921 = CARTESIAN_POINT('',(-3.04631997311,30.375566959634,42.9));
#7922 = CARTESIAN_POINT('',(-1.523030415705,30.497983692896,42.9));
#7923 = CARTESIAN_POINT('',(8.881784197001E-15,30.497983692896,42.9));
#7924 = ORIENTED_EDGE('',*,*,#7768,.F.);
#7925 = ORIENTED_EDGE('',*,*,#7926,.F.);
#7926 = EDGE_CURVE('',#7927,#7757,#7929,.T.);
#7927 = VERTEX_POINT('',#7928);
#7928 = CARTESIAN_POINT('',(-8.9,30.094502002934,40.1));
#7929 = B_SPLINE_CURVE_WITH_KNOTS('',6,(#7930,#7931,#7932,#7933,#7934,
    #7935,#7936),.UNSPECIFIED.,.F.,.F.,(7,7),(0.,1.),
  .PIECEWISE_BEZIER_KNOTS.);
#7930 = CARTESIAN_POINT('',(-8.9,30.094502002934,40.1));
#7931 = CARTESIAN_POINT('',(-7.494114620233,30.680532219847,40.1));
#7932 = CARTESIAN_POINT('',(-6.04333742752,31.159855939276,40.1));
#7933 = CARTESIAN_POINT('',(-4.557286739005,31.525070019871,40.1));
#7934 = CARTESIAN_POINT('',(-3.046639668711,31.770709028967,40.1));
#7935 = CARTESIAN_POINT('',(-1.52318082118,31.893490236706,40.1));
#7936 = CARTESIAN_POINT('',(8.881784197001E-15,31.893490236705,40.1));
#7937 = ORIENTED_EDGE('',*,*,#7938,.T.);
#7938 = EDGE_CURVE('',#7927,#7939,#7941,.T.);
#7939 = VERTEX_POINT('',#7940);
#7940 = CARTESIAN_POINT('',(-9.999923436413,30.156678685328,
    38.987021786356));
#7941 = B_SPLINE_CURVE_WITH_KNOTS('',8,(#7942,#7943,#7944,#7945,#7946,
    #7947,#7948,#7949,#7950,#7951,#7952,#7953,#7954,#7955,#7956,#7957),
  .UNSPECIFIED.,.F.,.F.,(9,7,9),(0.,0.58669026663,1.),.UNSPECIFIED.);
#7942 = CARTESIAN_POINT('',(-8.9,30.094502002934,40.1));
#7943 = CARTESIAN_POINT('',(-9.021307289573,30.043936189928,40.1));
#7944 = CARTESIAN_POINT('',(-9.146117319318,29.998621926306,
    40.084711186515));
#7945 = CARTESIAN_POINT('',(-9.271611753705,29.960404340404,
    40.052588647694));
#7946 = CARTESIAN_POINT('',(-9.394498213008,29.931071449922,
    40.002822993193));
#7947 = CARTESIAN_POINT('',(-9.511167140478,29.91224552893,
    39.935519029932));
#7948 = CARTESIAN_POINT('',(-9.617946405442,29.905216141425,
    39.851864747103));
#7949 = CARTESIAN_POINT('',(-9.711302827938,29.910626274816,
    39.754433361513));
#7950 = CARTESIAN_POINT('',(-9.843660020774,29.939364103131,
    39.572828268885));
#7951 = CARTESIAN_POINT('',(-9.890632014343,29.956937674597,
    39.49316157979));
#7952 = CARTESIAN_POINT('',(-9.929232173295,29.979923582387,
    39.410243166512));
#7953 = CARTESIAN_POINT('',(-9.959320544551,30.007822036193,
    39.325385328366));
#7954 = CARTESIAN_POINT('',(-9.981053086562,30.040043712181,
    39.239748056935));
#7955 = CARTESIAN_POINT('',(-9.994766008282,30.075977763641,
    39.154307704109));
#7956 = CARTESIAN_POINT('',(-10.00090087187,30.115032330949,
    39.06986093479));
#7957 = CARTESIAN_POINT('',(-9.999923436413,30.156678685328,
    38.987021786356));
#7958 = ORIENTED_EDGE('',*,*,#7959,.T.);
#7959 = EDGE_CURVE('',#7939,#7960,#7962,.T.);
#7960 = VERTEX_POINT('',#7961);
#7961 = CARTESIAN_POINT('',(-8.9,31.188475958272,37.9));
#7962 = B_SPLINE_CURVE_WITH_KNOTS('',8,(#7963,#7964,#7965,#7966,#7967,
    #7968,#7969,#7970,#7971,#7972,#7973,#7974,#7975,#7976,#7977,#7978),
  .UNSPECIFIED.,.F.,.F.,(9,7,9),(0.,0.385385123135,1.),.UNSPECIFIED.);
#7963 = CARTESIAN_POINT('',(-9.999923436413,30.156678685328,
    38.987021786356));
#7964 = CARTESIAN_POINT('',(-9.998901886153,30.20020467351,
    38.900443840951));
#7965 = CARTESIAN_POINT('',(-9.990111313682,30.246574788468,
    38.815595765937));
#7966 = CARTESIAN_POINT('',(-9.974074237434,30.295255012726,
    38.733047811901));
#7967 = CARTESIAN_POINT('',(-9.951280320999,30.345758557448,
    38.653268662703));
#7968 = CARTESIAN_POINT('',(-9.922181769967,30.397647010623,
    38.576641053577));
#7969 = CARTESIAN_POINT('',(-9.887182686738,30.450530731523,
    38.503480364157));
#7970 = CARTESIAN_POINT('',(-9.846622383305,30.50406849143,
    38.434056186424));
#7971 = CARTESIAN_POINT('',(-9.727599285256,30.643923057578,
    38.264253786402));
#7972 = CARTESIAN_POINT('',(-9.641174606632,30.730521804035,
    38.170358534628));
#7973 = CARTESIAN_POINT('',(-9.542477285173,30.816758816372,
    38.087587410125));
#7974 = CARTESIAN_POINT('',(-9.432224143797,30.901395134154,
    38.017280777025));
#7975 = CARTESIAN_POINT('',(-9.311345421012,30.982890969172,
    37.961151877665));
#7976 = CARTESIAN_POINT('',(-9.181075678291,31.059387088241,
    37.921291938432));
#7977 = CARTESIAN_POINT('',(-9.043156297345,31.128752449189,37.9));
#7978 = CARTESIAN_POINT('',(-8.9,31.188475958272,37.9));
#7979 = ORIENTED_EDGE('',*,*,#7980,.T.);
#7980 = EDGE_CURVE('',#7960,#7700,#7981,.T.);
#7981 = B_SPLINE_CURVE_WITH_KNOTS('',6,(#7982,#7983,#7984,#7985,#7986,
    #7987,#7988),.UNSPECIFIED.,.F.,.F.,(7,7),(0.,1.),
  .PIECEWISE_BEZIER_KNOTS.);
#7982 = CARTESIAN_POINT('',(-8.9,31.188475958272,37.9));
#7983 = CARTESIAN_POINT('',(-7.494198784084,31.774963477475,37.9));
#7984 = CARTESIAN_POINT('',(-6.043531361859,32.254936276885,37.9));
#7985 = CARTESIAN_POINT('',(-4.557531239149,32.620796219281,37.9));
#7986 = CARTESIAN_POINT('',(-3.046844439782,32.866932089051,37.9));
#7987 = CARTESIAN_POINT('',(-1.523276294382,32.989959663984,37.9));
#7988 = CARTESIAN_POINT('',(8.881784197001E-15,32.989959663983,37.9));
#7989 = ORIENTED_EDGE('',*,*,#7699,.F.);
#7990 = ORIENTED_EDGE('',*,*,#7991,.F.);
#7991 = EDGE_CURVE('',#7992,#7688,#7994,.T.);
#7992 = VERTEX_POINT('',#7993);
#7993 = CARTESIAN_POINT('',(-8.9,32.581446712925,35.1));
#7994 = B_SPLINE_CURVE_WITH_KNOTS('',6,(#7995,#7996,#7997,#7998,#7999,
    #8000,#8001),.UNSPECIFIED.,.F.,.F.,(7,7),(0.,1.),
  .PIECEWISE_BEZIER_KNOTS.);
#7995 = CARTESIAN_POINT('',(-8.9,32.581446712925,35.1));
#7996 = CARTESIAN_POINT('',(-7.494258627166,33.16832923124,35.1));
#7997 = CARTESIAN_POINT('',(-6.043706425006,33.648956922959,35.1));
#7998 = CARTESIAN_POINT('',(-4.557769526423,34.015500805658,35.1));
#7999 = CARTESIAN_POINT('',(-3.047049829888,34.262172887701,35.1));
#8000 = CARTESIAN_POINT('',(-1.523371011651,34.385466207793,35.1));
#8001 = CARTESIAN_POINT('',(8.881784197001E-15,34.385466207792,35.1));
#8002 = ORIENTED_EDGE('',*,*,#8003,.T.);
#8003 = EDGE_CURVE('',#7992,#8004,#8006,.T.);
#8004 = VERTEX_POINT('',#8005);
#8005 = CARTESIAN_POINT('',(-9.350512405584,33.434852733759,
    32.996486884782));
#8006 = B_SPLINE_CURVE_WITH_KNOTS('',7,(#8007,#8008,#8009,#8010,#8011,
    #8012,#8013,#8014,#8015,#8016,#8017,#8018,#8019,#8020,#8021,#8022,
    #8023,#8024,#8025,#8026,#8027,#8028,#8029,#8030,#8031,#8032),
  .UNSPECIFIED.,.F.,.F.,(8,6,6,6,8),(0.,0.284315239479,0.499569060052,
    0.662725525995,1.),.UNSPECIFIED.);
#8007 = CARTESIAN_POINT('',(-8.9,32.581446712925,35.1));
#8008 = CARTESIAN_POINT('',(-9.023077044604,32.530063316747,35.1));
#8009 = CARTESIAN_POINT('',(-9.149443521846,32.484365838828,
    35.083939860103));
#8010 = CARTESIAN_POINT('',(-9.276248962243,32.446236400329,
    35.050246686958));
#8011 = CARTESIAN_POINT('',(-9.400056969546,32.41752539173,
    34.998108809855));
#8012 = CARTESIAN_POINT('',(-9.516784456145,32.400113350648,
    34.927651882474));
#8013 = CARTESIAN_POINT('',(-9.622173202397,32.395373851582,
    34.840567239733));
#8014 = CARTESIAN_POINT('',(-9.781402151212,32.40883945217,
    34.66595633757));
#8015 = CARTESIAN_POINT('',(-9.841609705899,32.42175190304,
    34.583613332619));
#8016 = CARTESIAN_POINT('',(-9.892008486931,32.441668570375,
    34.495945316279));
#8017 = CARTESIAN_POINT('',(-9.93210789108,32.46800733308,34.4048688825)
  );
#8018 = CARTESIAN_POINT('',(-9.961946453547,32.499990393142,
    34.312104399693));
#8019 = CARTESIAN_POINT('',(-9.981921298799,32.536745917583,
    34.219135293165));
#8020 = CARTESIAN_POINT('',(-10.00073880456,32.608245894082,
    34.057445822766));
#8021 = CARTESIAN_POINT('',(-10.00353283058,32.641350200361,
    33.988243323003));
#8022 = CARTESIAN_POINT('',(-10.00126152603,32.676408616622,
    33.919976935007));
#8023 = CARTESIAN_POINT('',(-9.994198469083,32.713117561675,
    33.852993123994));
#8024 = CARTESIAN_POINT('',(-9.982615369968,32.751200348888,
    33.787570297653));
#8025 = CARTESIAN_POINT('',(-9.966764245937,32.790412667687,
    33.723929523103));
#8026 = CARTESIAN_POINT('',(-9.905723961541,32.913506329202,
    33.534735923703));
#8027 = CARTESIAN_POINT('',(-9.847359505995,33.000237148132,
    33.415839837326));
#8028 = CARTESIAN_POINT('',(-9.773698208783,33.089082596116,
    33.306715780738));
#8029 = CARTESIAN_POINT('',(-9.686044553477,33.178540697676,
    33.208669447655));
#8030 = CARTESIAN_POINT('',(-9.58560490911,33.267058012576,
    33.123145470403));
#8031 = CARTESIAN_POINT('',(-9.473469151831,33.35308574902,
    33.051686501702));
#8032 = CARTESIAN_POINT('',(-9.350512405584,33.434852733759,
    32.996486884782));
#8033 = ORIENTED_EDGE('',*,*,#8034,.T.);
#8034 = EDGE_CURVE('',#8004,#8035,#8037,.T.);
#8035 = VERTEX_POINT('',#8036);
#8036 = CARTESIAN_POINT('',(-8.9,33.676394949222,32.9));
#8037 = B_SPLINE_CURVE_WITH_KNOTS('',3,(#8038,#8039,#8040,#8041,#8042,
    #8043,#8044),.UNSPECIFIED.,.F.,.F.,(4,1,1,1,4),(0.,0.224966785381,
    0.490742198669,0.833502481817,1.),.UNSPECIFIED.);
#8038 = CARTESIAN_POINT('',(-9.350512405584,33.434852733759,
    32.996486884782));
#8039 = CARTESIAN_POINT('',(-9.319955481613,33.455173274211,
    32.982768804653));
#8040 = CARTESIAN_POINT('',(-9.251485001853,33.498722506038,
    32.95568669754));
#8041 = CARTESIAN_POINT('',(-9.128910587723,33.569132147975,
    32.920996114661));
#8042 = CARTESIAN_POINT('',(-9.008527989122,33.629395396686,
    32.903016976733));
#8043 = CARTESIAN_POINT('',(-8.926891665042,33.665164529659,32.9));
#8044 = CARTESIAN_POINT('',(-8.9,33.676394949222,32.9));
#8045 = ORIENTED_EDGE('',*,*,#8046,.T.);
#8046 = EDGE_CURVE('',#8035,#7631,#8047,.T.);
#8047 = B_SPLINE_CURVE_WITH_KNOTS('',6,(#8048,#8049,#8050,#8051,#8052,
    #8053,#8054),.UNSPECIFIED.,.F.,.F.,(7,7),(0.,1.),
  .PIECEWISE_BEZIER_KNOTS.);
#8048 = CARTESIAN_POINT('',(-8.9,33.676394949222,32.9));
#8049 = CARTESIAN_POINT('',(-7.494270685966,34.263451569333,32.9));
#8050 = CARTESIAN_POINT('',(-6.043791112557,34.744467778888,32.9));
#8051 = CARTESIAN_POINT('',(-4.557903105661,35.111446898763,32.9));
#8052 = CARTESIAN_POINT('',(-3.047170438189,35.358469022971,32.9));
#8053 = CARTESIAN_POINT('',(-1.523425425554,35.481935635072,32.9));
#8054 = CARTESIAN_POINT('',(1.06581410364E-14,35.481935635071,32.9));
#8055 = ORIENTED_EDGE('',*,*,#7630,.F.);
#8056 = ORIENTED_EDGE('',*,*,#8057,.F.);
#8057 = EDGE_CURVE('',#8058,#7620,#8060,.T.);
#8058 = VERTEX_POINT('',#8059);
#8059 = CARTESIAN_POINT('',(-5.,38.958574165513,24.8));
#8060 = B_SPLINE_CURVE_WITH_KNOTS('',5,(#8061,#8062,#8063,#8064,#8065,
    #8066),.UNSPECIFIED.,.F.,.F.,(6,6),(0.,1.),
  .PIECEWISE_BEZIER_KNOTS.);
#8061 = CARTESIAN_POINT('',(-5.,38.958574165513,24.8));
#8062 = CARTESIAN_POINT('',(-4.016463231097,39.180821579435,24.8));
#8063 = CARTESIAN_POINT('',(-3.020756957804,39.349378112868,24.8));
#8064 = CARTESIAN_POINT('',(-2.016690112931,39.462418124264,24.8));
#8065 = CARTESIAN_POINT('',(-1.008326754246,39.518936708234,24.8));
#8066 = CARTESIAN_POINT('',(1.06581410364E-14,39.518936708233,24.8));
#8067 = ORIENTED_EDGE('',*,*,#8068,.T.);
#8068 = EDGE_CURVE('',#8058,#8069,#8071,.T.);
#8069 = VERTEX_POINT('',#8070);
#8070 = CARTESIAN_POINT('',(-7.,39.408566078197,22.8));
#8071 = B_SPLINE_CURVE_WITH_KNOTS('',8,(#8072,#8073,#8074,#8075,#8076,
    #8077,#8078,#8079,#8080,#8081,#8082,#8083,#8084,#8085,#8086,#8087),
  .UNSPECIFIED.,.F.,.F.,(9,7,9),(0.,0.626832787285,1.),.UNSPECIFIED.);
#8072 = CARTESIAN_POINT('',(-5.,38.958574165513,24.8));
#8073 = CARTESIAN_POINT('',(-5.247935120538,38.902548868745,24.8));
#8074 = CARTESIAN_POINT('',(-5.503842832985,38.858946928568,
    24.764872898096));
#8075 = CARTESIAN_POINT('',(-5.757130633189,38.831738905028,
    24.690667959051));
#8076 = CARTESIAN_POINT('',(-5.998539274171,38.822985236543,
    24.578193747184));
#8077 = CARTESIAN_POINT('',(-6.219857706314,38.834049967284,
    24.430640822321));
#8078 = CARTESIAN_POINT('',(-6.414216459792,38.865240488161,
    24.253631956587));
#8079 = CARTESIAN_POINT('',(-6.5763687789,38.915327397936,
    24.055033969924));
#8080 = CARTESIAN_POINT('',(-6.780862004224,39.018570398003,
    23.721852643317));
#8081 = CARTESIAN_POINT('',(-6.845568173704,39.06250181163,
    23.593178142875));
#8082 = CARTESIAN_POINT('',(-6.898578762396,39.111303478307,
    23.461633963415));
#8083 = CARTESIAN_POINT('',(-6.940107991069,39.164395076167,
    23.328528314204));
#8084 = CARTESIAN_POINT('',(-6.970536379593,39.221194216964,
    23.194979222368));
#8085 = CARTESIAN_POINT('',(-6.990332996762,39.281145847005,
    23.061911811802));
#8086 = CARTESIAN_POINT('',(-7.,39.34374565349,22.930065770646));
#8087 = CARTESIAN_POINT('',(-7.,39.408566078197,22.8));
#8088 = ORIENTED_EDGE('',*,*,#8089,.F.);
#8089 = EDGE_CURVE('',#8090,#8069,#8092,.T.);
#8090 = VERTEX_POINT('',#8091);
#8091 = CARTESIAN_POINT('',(-7.,41.900856198386,17.8));
#8092 = B_SPLINE_CURVE_WITH_KNOTS('',4,(#8093,#8094,#8095,#8096,#8097),
  .UNSPECIFIED.,.F.,.F.,(5,5),(0.,1.),.PIECEWISE_BEZIER_KNOTS.);
#8093 = CARTESIAN_POINT('',(-7.,41.900856198386,17.8));
#8094 = CARTESIAN_POINT('',(-7.,41.277695748802,19.04995643162));
#8095 = CARTESIAN_POINT('',(-7.,40.654591452313,20.299940691644));
#8096 = CARTESIAN_POINT('',(-7.,40.031546874237,21.549954544396));
#8097 = CARTESIAN_POINT('',(-7.,39.408566078197,22.8));
#8098 = ORIENTED_EDGE('',*,*,#8099,.T.);
#8099 = EDGE_CURVE('',#8090,#8100,#8102,.T.);
#8100 = VERTEX_POINT('',#8101);
#8101 = CARTESIAN_POINT('',(-5.,43.444092078918,15.8));
#8102 = B_SPLINE_CURVE_WITH_KNOTS('',8,(#8103,#8104,#8105,#8106,#8107,
    #8108,#8109,#8110,#8111,#8112,#8113,#8114,#8115,#8116,#8117,#8118),
  .UNSPECIFIED.,.F.,.F.,(9,7,9),(0.,0.331468125714,1.),.UNSPECIFIED.);
#8103 = CARTESIAN_POINT('',(-7.,41.900856198386,17.8));
#8104 = CARTESIAN_POINT('',(-7.,41.965836412794,17.669660475112));
#8105 = CARTESIAN_POINT('',(-6.990292390357,42.03302450683,
    17.541146319128));
#8106 = CARTESIAN_POINT('',(-6.971352696798,42.102007376451,
    17.414979072715));
#8107 = CARTESIAN_POINT('',(-6.943602091297,42.172392520269,
    17.291622083903));
#8108 = CARTESIAN_POINT('',(-6.907416545276,42.243809066335,
    17.171485643475));
#8109 = CARTESIAN_POINT('',(-6.863124037306,42.315908793714,
    17.05493544402));
#8110 = CARTESIAN_POINT('',(-6.810989815295,42.388367148846,
    16.942304362641));
#8111 = CARTESIAN_POINT('',(-6.630580003681,42.607142657653,
    16.61528409463));
#8112 = CARTESIAN_POINT('',(-6.479412082596,42.752882376261,
    16.415016872246));
#8113 = CARTESIAN_POINT('',(-6.298847002342,42.896650196633,
    16.233874521818));
#8114 = CARTESIAN_POINT('',(-6.088910820262,43.035571442202,
    16.075771213819));
#8115 = CARTESIAN_POINT('',(-5.850691179678,43.165524332767,
    15.946046002927));
#8116 = CARTESIAN_POINT('',(-5.586405746271,43.281135263556,
    15.851581528431));
#8117 = CARTESIAN_POINT('',(-5.300448445866,43.376234105475,15.8));
#8118 = CARTESIAN_POINT('',(-5.,43.444092078918,15.8));
#8119 = ORIENTED_EDGE('',*,*,#8120,.T.);
#8120 = EDGE_CURVE('',#8100,#7169,#8121,.T.);
#8121 = B_SPLINE_CURVE_WITH_KNOTS('',5,(#8122,#8123,#8124,#8125,#8126,
    #8127),.UNSPECIFIED.,.F.,.F.,(6,6),(0.,1.),
  .PIECEWISE_BEZIER_KNOTS.);
#8122 = CARTESIAN_POINT('',(-5.,43.444092078918,15.8));
#8123 = CARTESIAN_POINT('',(-4.016440022884,43.666234638566,15.8));
#8124 = CARTESIAN_POINT('',(-3.020745871765,43.834829390204,15.8));
#8125 = CARTESIAN_POINT('',(-2.016689821193,43.947939921842,15.8));
#8126 = CARTESIAN_POINT('',(-1.008324626617,44.004493456191,15.8));
#8127 = CARTESIAN_POINT('',(1.06581410364E-14,44.004493456191,15.8));
#8128 = FACE_BOUND('',#8129,.F.);
#8129 = EDGE_LOOP('',(#8130,#8151));
#8130 = ORIENTED_EDGE('',*,*,#8131,.T.);
#8131 = EDGE_CURVE('',#8132,#8134,#8136,.T.);
#8132 = VERTEX_POINT('',#8133);
#8133 = CARTESIAN_POINT('',(-28.24101382592,8.,19.5));
#8134 = VERTEX_POINT('',#8135);
#8135 = CARTESIAN_POINT('',(-28.44798159702,6.530574948287,
    18.301313818798));
#8136 = B_SPLINE_CURVE_WITH_KNOTS('',7,(#8137,#8138,#8139,#8140,#8141,
    #8142,#8143,#8144,#8145,#8146,#8147,#8148,#8149,#8150),
  .UNSPECIFIED.,.F.,.F.,(8,6,8),(0.,0.677734233641,1.),.UNSPECIFIED.);
#8137 = CARTESIAN_POINT('',(-28.24101382592,8.,19.5));
#8138 = CARTESIAN_POINT('',(-28.24375436586,7.799571620187,19.5));
#8139 = CARTESIAN_POINT('',(-28.25081463115,7.598993303691,
    19.468753795097));
#8140 = CARTESIAN_POINT('',(-28.26214108327,7.404754964425,
    19.406188824166));
#8141 = CARTESIAN_POINT('',(-28.27759972449,7.222676916019,
    19.314150163352));
#8142 = CARTESIAN_POINT('',(-28.29708335269,7.057862739668,
    19.195522659882));
#8143 = CARTESIAN_POINT('',(-28.32033315885,6.914748167884,
    19.05423352261));
#8144 = CARTESIAN_POINT('',(-28.35936150727,6.740401616544,
    18.81992113091));
#8145 = CARTESIAN_POINT('',(-28.37267064587,6.689822529838,
    18.740403379855));
#8146 = CARTESIAN_POINT('',(-28.38665774608,6.645187572944,
    18.657390684813));
#8147 = CARTESIAN_POINT('',(-28.4012602643,6.606765606978,
    18.571418510385));
#8148 = CARTESIAN_POINT('',(-28.41640559855,6.574765058758,
    18.483038171534));
#8149 = CARTESIAN_POINT('',(-28.43201057285,6.549337234098,
    18.392812353143));
#8150 = CARTESIAN_POINT('',(-28.44798159702,6.530574948287,
    18.301313818798));
#8151 = ORIENTED_EDGE('',*,*,#8152,.T.);
#8152 = EDGE_CURVE('',#8134,#8132,#8153,.T.);
#8153 = B_SPLINE_CURVE_WITH_KNOTS('',8,(#8154,#8155,#8156,#8157,#8158,
    #8159,#8160,#8161,#8162,#8163,#8164,#8165,#8166,#8167,#8168,#8169,
    #8170,#8171,#8172,#8173,#8174,#8175,#8176,#8177,#8178,#8179,#8180,
    #8181,#8182,#8183,#8184,#8185,#8186,#8187,#8188,#8189,#8190,#8191,
    #8192,#8193,#8194,#8195,#8196,#8197,#8198,#8199,#8200,#8201,#8202,
    #8203,#8204,#8205,#8206,#8207,#8208,#8209,#8210,#8211),
  .UNSPECIFIED.,.F.,.F.,(9,7,7,7,7,7,7,7,9),(0.,6.011890286662E-02,
    0.170280556662,0.252348598104,0.473132417137,0.628963683872,
    0.725579748926,0.823437786704,1.),.UNSPECIFIED.);
#8154 = CARTESIAN_POINT('',(-28.44798159702,6.530574948287,
    18.301313818798));
#8155 = CARTESIAN_POINT('',(-28.4573747653,6.519540132603,
    18.247500041945));
#8156 = CARTESIAN_POINT('',(-28.46689225196,6.510763605659,
    18.193253355168));
#8157 = CARTESIAN_POINT('',(-28.47651655179,6.504262873851,
    18.138681097596));
#8158 = CARTESIAN_POINT('',(-28.48622925613,6.500049741456,
    18.083890592507));
#8159 = CARTESIAN_POINT('',(-28.49601110134,6.498130416876,
    18.028989058428));
#8160 = CARTESIAN_POINT('',(-28.50584201731,6.498505618889,
    17.974083520236));
#8161 = CARTESIAN_POINT('',(-28.51570117597,6.501170682888,
    17.919280720254));
#8162 = CARTESIAN_POINT('',(-28.543645212,6.515176837864,17.764649753387
    ));
#8163 = CARTESIAN_POINT('',(-28.56174712045,6.531893765426,
    17.665307889879));
#8164 = CARTESIAN_POINT('',(-28.57974017537,6.556206554595,
    17.567317062444));
#8165 = CARTESIAN_POINT('',(-28.59748541788,6.587994681592,
    17.471320798644));
#8166 = CARTESIAN_POINT('',(-28.614838875,6.627080844345,17.37795087644)
  );
#8167 = CARTESIAN_POINT('',(-28.63165356047,6.673230917349,
    17.287825956387));
#8168 = CARTESIAN_POINT('',(-28.64778212132,6.726150011117,
    17.201548499552));
#8169 = CARTESIAN_POINT('',(-28.67447681487,6.829670194531,
    17.058724593725));
#8170 = CARTESIAN_POINT('',(-28.68541303354,6.877422888688,
    17.000204635088));
#8171 = CARTESIAN_POINT('',(-28.69582883819,6.928581428052,
    16.944381744897));
#8172 = CARTESIAN_POINT('',(-28.70566566058,6.982975747072,
    16.891488434517));
#8173 = CARTESIAN_POINT('',(-28.71486723232,7.04041613673,
    16.841746129942));
#8174 = CARTESIAN_POINT('',(-28.72338050507,7.100692375961,
    16.79536322471));
#8175 = CARTESIAN_POINT('',(-28.73115657066,7.163572863083,
    16.752533132804));
#8176 = CARTESIAN_POINT('',(-28.75696993132,7.404291348332,
    16.608241309066));
#8177 = CARTESIAN_POINT('',(-28.77019787213,7.597368957732,
    16.52969196833));
#8178 = CARTESIAN_POINT('',(-28.77682712699,7.802418976983,
    16.482032115003));
#8179 = CARTESIAN_POINT('',(-28.77638940699,8.013259808401,
    16.467178854488));
#8180 = CARTESIAN_POINT('',(-28.76883665553,8.223673655314,
    16.485744040567));
#8181 = CARTESIAN_POINT('',(-28.75456235861,8.427469951397,
    16.536870551317));
#8182 = CARTESIAN_POINT('',(-28.73435197083,8.61855937097,
    16.618394343059));
#8183 = CARTESIAN_POINT('',(-28.69189719457,8.913565128469,
    16.80164791879));
#8184 = CARTESIAN_POINT('',(-28.67194316635,9.026985943649,
    16.890624430462));
#8185 = CARTESIAN_POINT('',(-28.64996547075,9.130111901694,
    16.991544291384));
#8186 = CARTESIAN_POINT('',(-28.6263705059,9.221582635279,
    17.103000385507));
#8187 = CARTESIAN_POINT('',(-28.60158097606,9.300274006027,
    17.223462967198));
#8188 = CARTESIAN_POINT('',(-28.5760196734,9.365272920817,
    17.351304969965));
#8189 = CARTESIAN_POINT('',(-28.55009866518,9.415878767091,
    17.484803377304));
#8190 = CARTESIAN_POINT('',(-28.50815786386,9.473792895597,
    17.707294483691));
#8191 = CARTESIAN_POINT('',(-28.49211570456,9.49025074454,
    17.793937597392));
#8192 = CARTESIAN_POINT('',(-28.47617539281,9.500888874926,
    17.881644926236));
#8193 = CARTESIAN_POINT('',(-28.46042535486,9.505629899929,
    17.969981530849));
#8194 = CARTESIAN_POINT('',(-28.44494911763,9.504430915142,
    18.058505692416));
#8195 = CARTESIAN_POINT('',(-28.4298246973,9.497284455997,
    18.146769717549));
#8196 = CARTESIAN_POINT('',(-28.41512418243,9.484221348124,
    18.234320999615));
#8197 = CARTESIAN_POINT('',(-28.38652016728,9.446166523127,
    18.408196094417));
#8198 = CARTESIAN_POINT('',(-28.3726279509,9.421021797588,
    18.494498134572));
#8199 = CARTESIAN_POINT('',(-28.3593065112,9.389957325279,
    18.579129209092));
#8200 = CARTESIAN_POINT('',(-28.34661692031,9.353094377801,
    18.661617629007));
#8201 = CARTESIAN_POINT('',(-28.33461194035,9.310598032245,
    18.741501015787));
#8202 = CARTESIAN_POINT('',(-28.32333643061,9.262677955853,
    18.818328612753));
#8203 = CARTESIAN_POINT('',(-28.31282789577,9.209591390208,
    18.891665156407));
#8204 = CARTESIAN_POINT('',(-28.28559642369,9.047103482908,
    19.086368773934));
#8205 = CARTESIAN_POINT('',(-28.27065599732,8.926647640172,
    19.199048488841));
#8206 = CARTESIAN_POINT('',(-28.25850341923,8.792159075441,
    19.296531529483));
#8207 = CARTESIAN_POINT('',(-28.24922658931,8.645959640575,
    19.376747302961));
#8208 = CARTESIAN_POINT('',(-28.24284626177,8.490661973305,
    19.438089699927));
#8209 = CARTESIAN_POINT('',(-28.23936121698,8.329126168502,
    19.479391922711));
#8210 = CARTESIAN_POINT('',(-28.23876509096,8.16446040313,19.5));
#8211 = CARTESIAN_POINT('',(-28.24101382592,8.,19.5));
#8212 = FACE_BOUND('',#8213,.F.);
#8213 = EDGE_LOOP('',(#8214,#8279));
#8214 = ORIENTED_EDGE('',*,*,#8215,.T.);
#8215 = EDGE_CURVE('',#8216,#8218,#8220,.T.);
#8216 = VERTEX_POINT('',#8217);
#8217 = CARTESIAN_POINT('',(-27.9885125579,3.,19.5));
#8218 = VERTEX_POINT('',#8219);
#8219 = CARTESIAN_POINT('',(-28.04157545842,3.388438841224,
    19.448832380446));
#8220 = B_SPLINE_CURVE_WITH_KNOTS('',8,(#8221,#8222,#8223,#8224,#8225,
    #8226,#8227,#8228,#8229,#8230,#8231,#8232,#8233,#8234,#8235,#8236,
    #8237,#8238,#8239,#8240,#8241,#8242,#8243,#8244,#8245,#8246,#8247,
    #8248,#8249,#8250,#8251,#8252,#8253,#8254,#8255,#8256,#8257,#8258,
    #8259,#8260,#8261,#8262,#8263,#8264,#8265,#8266,#8267,#8268,#8269,
    #8270,#8271,#8272,#8273,#8274,#8275,#8276,#8277,#8278),
  .UNSPECIFIED.,.F.,.F.,(9,7,7,7,7,7,7,7,9),(0.,0.193139737024,
    0.268331710875,0.342583045669,0.52042640958,0.696198383213,
    0.798262617858,0.8570388805,1.),.UNSPECIFIED.);
#8221 = CARTESIAN_POINT('',(-27.9885125579,3.,19.5));
#8222 = CARTESIAN_POINT('',(-27.96293557551,2.780644863549,19.5));
#8223 = CARTESIAN_POINT('',(-27.94274322578,2.559174698048,
    19.463338642659));
#8224 = CARTESIAN_POINT('',(-27.92937271771,2.344496714101,
    19.388787414575));
#8225 = CARTESIAN_POINT('',(-27.92389171274,2.144493094477,
    19.278372412096));
#8226 = CARTESIAN_POINT('',(-27.92722964885,1.966207991688,
    19.135600656735));
#8227 = CARTESIAN_POINT('',(-27.93979666454,1.815529667198,
    18.965677150795));
#8228 = CARTESIAN_POINT('',(-27.96131161493,1.69729682982,
    18.775176945719));
#8229 = CARTESIAN_POINT('',(-28.00173652079,1.581135707599,
    18.494054023137));
#8230 = CARTESIAN_POINT('',(-28.01423087462,1.553782767236,
    18.413361773407));
#8231 = CARTESIAN_POINT('',(-28.02782887378,1.531750043864,
    18.331178031787));
#8232 = CARTESIAN_POINT('',(-28.04245550159,1.515109862958,
    18.247922425313));
#8233 = CARTESIAN_POINT('',(-28.05802570186,1.503892612568,
    18.164006569792));
#8234 = CARTESIAN_POINT('',(-28.0744463413,1.498092912981,18.0798318716)
  );
#8235 = CARTESIAN_POINT('',(-28.09161798943,1.497673758032,
    17.995788341838));
#8236 = CARTESIAN_POINT('',(-28.12703213529,1.507402264063,
    17.829765499311));
#8237 = CARTESIAN_POINT('',(-28.1452595137,1.517418307528,17.74776919112
    ));
#8238 = CARTESIAN_POINT('',(-28.16402009812,1.532553497354,
    17.666621726289));
#8239 = CARTESIAN_POINT('',(-28.1832120251,1.552721237099,
    17.586665786386));
#8240 = CARTESIAN_POINT('',(-28.20273121678,1.577813590619,
    17.508231128398));
#8241 = CARTESIAN_POINT('',(-28.22247247697,1.60770327772,
    17.431635206565));
#8242 = CARTESIAN_POINT('',(-28.24233058733,1.642245669809,
    17.357183794219));
#8243 = CARTESIAN_POINT('',(-28.3097950634,1.77477588986,17.112691341134
    ));
#8244 = CARTESIAN_POINT('',(-28.3575267831,1.894171996453,
    16.953967109089));
#8245 = CARTESIAN_POINT('',(-28.40389967768,2.037259976394,
    16.813349127637));
#8246 = CARTESIAN_POINT('',(-28.44743857239,2.201092891482,
    16.694719296582));
#8247 = CARTESIAN_POINT('',(-28.48675796183,2.38207135448,
    16.601581970375));
#8248 = CARTESIAN_POINT('',(-28.5206490794,2.575863646068,
    16.536836544203));
#8249 = CARTESIAN_POINT('',(-28.54810956203,2.777335575815,
    16.502795173605));
#8250 = CARTESIAN_POINT('',(-28.58871044904,3.180900804355,
    16.497494608816));
#8251 = CARTESIAN_POINT('',(-28.6020535865,3.383353810502,16.52550358298
    ));
#8252 = CARTESIAN_POINT('',(-28.60784301387,3.580896862591,
    16.585015670255));
#8253 = CARTESIAN_POINT('',(-28.60607058665,3.767520541206,
    16.674628184961));
#8254 = CARTESIAN_POINT('',(-28.59710152946,3.937844370317,
    16.791865316146));
#8255 = CARTESIAN_POINT('',(-28.58161935358,4.087226319047,
    16.93309728577));
#8256 = CARTESIAN_POINT('',(-28.56049923553,4.211798426418,
    17.093719776257));
#8257 = CARTESIAN_POINT('',(-28.51996995728,4.36571761506,
    17.368941774157));
#8258 = CARTESIAN_POINT('',(-28.50352724057,4.413204279922,
    17.47479912013));
#8259 = CARTESIAN_POINT('',(-28.48571666832,4.451187703772,
    17.584436572861));
#8260 = CARTESIAN_POINT('',(-28.46672651664,4.479365007145,
    17.696863655644));
#8261 = CARTESIAN_POINT('',(-28.44674042644,4.49755490844,
    17.811083599178));
#8262 = CARTESIAN_POINT('',(-28.42593381198,4.505685003477,
    17.926101223608));
#8263 = CARTESIAN_POINT('',(-28.40447331933,4.503788927851,
    18.040927863623));
#8264 = CARTESIAN_POINT('',(-28.36987657936,4.485232168723,
    18.220034706087));
#8265 = CARTESIAN_POINT('',(-28.35706914661,4.475173973899,
    18.285102859006));
#8266 = CARTESIAN_POINT('',(-28.34412715243,4.46186580348,
    18.349603209062));
#8267 = CARTESIAN_POINT('',(-28.33107945706,4.445345736377,
    18.413354221759));
#8268 = CARTESIAN_POINT('',(-28.3179538427,4.42566280922,18.47617768888)
  );
#8269 = CARTESIAN_POINT('',(-28.30477719109,4.402876881018,
    18.537899002948));
#8270 = CARTESIAN_POINT('',(-28.291575661,4.377058497817,18.598347431691
    ));
#8271 = CARTESIAN_POINT('',(-28.24626665809,4.278312305688,
    18.80088350223));
#8272 = CARTESIAN_POINT('',(-28.21414921755,4.190845761931,
    18.935955811162));
#8273 = CARTESIAN_POINT('',(-28.18240756093,4.087068835949,
    19.060093976908));
#8274 = CARTESIAN_POINT('',(-28.15138912987,3.968539314943,
    19.171083224971));
#8275 = CARTESIAN_POINT('',(-28.12142537237,3.837120061072,
    19.266970567892));
#8276 = CARTESIAN_POINT('',(-28.09286574412,3.694954430048,
    19.346067493548));
#8277 = CARTESIAN_POINT('',(-28.06610385161,3.544476042678,
    19.406998065767));
#8278 = CARTESIAN_POINT('',(-28.04157545842,3.388438841224,
    19.448832380446));
#8279 = ORIENTED_EDGE('',*,*,#8280,.T.);
#8280 = EDGE_CURVE('',#8218,#8216,#8281,.T.);
#8281 = B_SPLINE_CURVE_WITH_KNOTS('',3,(#8282,#8283,#8284,#8285,#8286,
    #8287,#8288),.UNSPECIFIED.,.F.,.F.,(4,1,1,1,4),(0.,0.218545143202,
    0.473233648305,0.791012462375,1.),.UNSPECIFIED.);
#8282 = CARTESIAN_POINT('',(-28.04157545842,3.388438841224,
    19.448832380446));
#8283 = CARTESIAN_POINT('',(-28.03724334691,3.360880144217,
    19.456220997981));
#8284 = CARTESIAN_POINT('',(-28.02806050229,3.300711241892,
    19.470527152241));
#8285 = CARTESIAN_POINT('',(-28.01347968079,3.198680144862,
    19.488207591391));
#8286 = CARTESIAN_POINT('',(-28.00007070841,3.096622730719,
    19.498099653256));
#8287 = CARTESIAN_POINT('',(-27.99171381921,3.027454885076,19.5));
#8288 = CARTESIAN_POINT('',(-27.9885125579,3.,19.5));
#8289 = FACE_BOUND('',#8290,.F.);
#8290 = EDGE_LOOP('',(#8291,#8321));
#8291 = ORIENTED_EDGE('',*,*,#8292,.T.);
#8292 = EDGE_CURVE('',#8293,#8295,#8297,.T.);
#8293 = VERTEX_POINT('',#8294);
#8294 = CARTESIAN_POINT('',(28.769666769357,8.,16.5));
#8295 = VERTEX_POINT('',#8296);
#8296 = CARTESIAN_POINT('',(28.426789217441,6.560982622712,
    18.423354447082));
#8297 = B_SPLINE_CURVE_WITH_KNOTS('',8,(#8298,#8299,#8300,#8301,#8302,
    #8303,#8304,#8305,#8306,#8307,#8308,#8309,#8310,#8311,#8312,#8313,
    #8314,#8315,#8316,#8317,#8318,#8319,#8320),.UNSPECIFIED.,.F.,.F.,(9,
    7,7,9),(0.,0.592828482794,0.780892249847,1.),.UNSPECIFIED.);
#8298 = CARTESIAN_POINT('',(28.769666769357,8.,16.5));
#8299 = CARTESIAN_POINT('',(28.773217302535,7.790883873976,16.5));
#8300 = CARTESIAN_POINT('',(28.769770577264,7.581202199389,
    16.533318584744));
#8301 = CARTESIAN_POINT('',(28.759102184504,7.378444867351,
    16.600264165864));
#8302 = CARTESIAN_POINT('',(28.741660055522,7.188949894074,
    16.698645204115));
#8303 = CARTESIAN_POINT('',(28.718245004483,7.018141483524,
    16.825326517236));
#8304 = CARTESIAN_POINT('',(28.689953954579,6.870524489722,
    16.976149801301));
#8305 = CARTESIAN_POINT('',(28.658044598265,6.749762000833,
    17.146225241434));
#8306 = CARTESIAN_POINT('',(28.613060300226,6.629076325405,
    17.387792817289));
#8307 = CARTESIAN_POINT('',(28.601991450648,6.602918277628,
    17.447361711045));
#8308 = CARTESIAN_POINT('',(28.590726769475,6.579738498415,
    17.508157988283));
#8309 = CARTESIAN_POINT('',(28.579305403845,6.559597872404,
    17.570014834623));
#8310 = CARTESIAN_POINT('',(28.5677660487,6.542546956595,17.632763151179
    ));
#8311 = CARTESIAN_POINT('',(28.556146711295,6.528626123459,
    17.696231753304));
#8312 = CARTESIAN_POINT('',(28.544484475719,6.517865704049,
    17.760247569339));
#8313 = CARTESIAN_POINT('',(28.519219804436,6.501455386094,
    17.89965278282));
#8314 = CARTESIAN_POINT('',(28.505614610475,6.496942201885,
    17.975176641244));
#8315 = CARTESIAN_POINT('',(28.492056751616,6.496778443179,
    18.050930393315));
#8316 = CARTESIAN_POINT('',(28.478600825571,6.500977552078,
    18.126635196968));
#8317 = CARTESIAN_POINT('',(28.465298733223,6.509533760733,
    18.20201092666));
#8318 = CARTESIAN_POINT('',(28.452199450182,6.52242130397,
    18.276776710641));
#8319 = CARTESIAN_POINT('',(28.439348798343,6.539593631934,
    18.35065146823));
#8320 = CARTESIAN_POINT('',(28.426789217441,6.560982622712,
    18.423354447081));
#8321 = ORIENTED_EDGE('',*,*,#8322,.T.);
#8322 = EDGE_CURVE('',#8295,#8293,#8323,.T.);
#8323 = B_SPLINE_CURVE_WITH_KNOTS('',8,(#8324,#8325,#8326,#8327,#8328,
    #8329,#8330,#8331,#8332,#8333,#8334,#8335,#8336,#8337,#8338,#8339,
    #8340,#8341,#8342,#8343,#8344,#8345,#8346,#8347,#8348,#8349,#8350,
    #8351,#8352,#8353,#8354,#8355,#8356,#8357,#8358,#8359,#8360,#8361,
    #8362,#8363,#8364,#8365,#8366,#8367),.UNSPECIFIED.,.F.,.F.,(9,7,7,7,
    7,7,9),(0.,0.231710464135,0.442606587488,0.533303644886,
    0.630053753189,0.777211829944,1.),.UNSPECIFIED.);
#8324 = CARTESIAN_POINT('',(28.426789217441,6.560982622712,
    18.423354447082));
#8325 = CARTESIAN_POINT('',(28.395211847362,6.61475894556,18.60614469199
    ));
#8326 = CARTESIAN_POINT('',(28.36542221871,6.695277902612,
    18.781831167708));
#8327 = CARTESIAN_POINT('',(28.338175793367,6.80148493898,
    18.945511802567));
#8328 = CARTESIAN_POINT('',(28.314000144185,6.931232873071,
    19.092833326059));
#8329 = CARTESIAN_POINT('',(28.293235215125,7.081648566104,
    19.219897809473));
#8330 = CARTESIAN_POINT('',(28.276079815679,7.24909294992,
    19.323401317694));
#8331 = CARTESIAN_POINT('',(28.262698675689,7.429209166817,
    19.400640130267));
#8332 = CARTESIAN_POINT('',(28.244538287614,7.787281655317,
    19.495290934494));
#8333 = CARTESIAN_POINT('',(28.239072869619,7.964403917941,
    19.517565620241));
#8334 = CARTESIAN_POINT('',(28.236898846886,8.144027063672,
    19.515740404852));
#8335 = CARTESIAN_POINT('',(28.238034784033,8.32219002262,
    19.489623397895));
#8336 = CARTESIAN_POINT('',(28.242503185348,8.495091433361,
    19.43975605234));
#8337 = CARTESIAN_POINT('',(28.25033382924,8.659096758648,
    19.367317248714));
#8338 = CARTESIAN_POINT('',(28.261508295652,8.810783927348,
    19.274193129449));
#8339 = CARTESIAN_POINT('',(28.2820499794,9.005830839424,19.115359300335
    ));
#8340 = CARTESIAN_POINT('',(28.288820090365,9.061683627192,
    19.064253700452));
#8341 = CARTESIAN_POINT('',(28.29617292612,9.114506594368,
    19.010010464151));
#8342 = CARTESIAN_POINT('',(28.304095847211,9.164094623682,
    18.952847485092));
#8343 = CARTESIAN_POINT('',(28.312573096645,9.21026415136,
    18.892996708081));
#8344 = CARTESIAN_POINT('',(28.321585364012,9.25285300197,
    18.830702710747));
#8345 = CARTESIAN_POINT('',(28.331109349597,9.291720223275,
    18.766221285231));
#8346 = CARTESIAN_POINT('',(28.351793232103,9.364109206629,
    18.628983052333));
#8347 = CARTESIAN_POINT('',(28.36302058065,9.397103547073,
    18.555956410822));
#8348 = CARTESIAN_POINT('',(28.374766151024,9.425584583788,
    18.481059391597));
#8349 = CARTESIAN_POINT('',(28.38699209499,9.449438471721,
    18.404618155788));
#8350 = CARTESIAN_POINT('',(28.39965595037,9.468580490678,
    18.326962374555));
#8351 = CARTESIAN_POINT('',(28.41271065222,9.482953656636,
    18.248423874268));
#8352 = CARTESIAN_POINT('',(28.42610454401,9.492527333036,
    18.169335281675));
#8353 = CARTESIAN_POINT('',(28.460584033992,9.504548801637,
    17.969402358806));
#8354 = CARTESIAN_POINT('',(28.482043676583,9.500686382753,
    17.848258292115));
#8355 = CARTESIAN_POINT('',(28.503963503619,9.485687430982,
    17.727763272805));
#8356 = CARTESIAN_POINT('',(28.52612817683,9.459670109844,
    17.609053224957));
#8357 = CARTESIAN_POINT('',(28.548305810337,9.422871930657,
    17.493233329364));
#8358 = CARTESIAN_POINT('',(28.570251255147,9.375641103757,
    17.381375994174));
#8359 = CARTESIAN_POINT('',(28.591710690443,9.318439211132,
    17.274516659761));
#8360 = CARTESIAN_POINT('',(28.643791514856,9.151051152081,
    17.020937713189));
#8361 = CARTESIAN_POINT('',(28.673506158043,9.02857389757,
    16.881700532026));
#8362 = CARTESIAN_POINT('',(28.700614452256,8.886523359608,
    16.759733687774));
#8363 = CARTESIAN_POINT('',(28.724209973721,8.727724224135,
    16.658216265672));
#8364 = CARTESIAN_POINT('',(28.743469805769,8.555517073751,
    16.579827490522));
#8365 = CARTESIAN_POINT('',(28.757723037576,8.373773419297,
    16.526616897998));
#8366 = CARTESIAN_POINT('',(28.766493322892,8.186906810217,16.5));
#8367 = CARTESIAN_POINT('',(28.769666769357,8.,16.5));
#8368 = FACE_BOUND('',#8369,.F.);
#8369 = EDGE_LOOP('',(#8370,#8414));
#8370 = ORIENTED_EDGE('',*,*,#8371,.T.);
#8371 = EDGE_CURVE('',#8372,#8374,#8376,.T.);
#8372 = VERTEX_POINT('',#8373);
#8373 = CARTESIAN_POINT('',(28.570481210525,3.,16.5));
#8374 = VERTEX_POINT('',#8375);
#8375 = CARTESIAN_POINT('',(28.06400250718,3.524344628293,
    19.405369243573));
#8376 = B_SPLINE_CURVE_WITH_KNOTS('',8,(#8377,#8378,#8379,#8380,#8381,
    #8382,#8383,#8384,#8385,#8386,#8387,#8388,#8389,#8390,#8391,#8392,
    #8393,#8394,#8395,#8396,#8397,#8398,#8399,#8400,#8401,#8402,#8403,
    #8404,#8405,#8406,#8407,#8408,#8409,#8410,#8411,#8412,#8413),
  .UNSPECIFIED.,.F.,.F.,(9,7,7,7,7,9),(0.,0.309355410539,0.437645376937,
    0.604321884758,0.724550658116,1.),.UNSPECIFIED.);
#8377 = CARTESIAN_POINT('',(28.570481210525,3.,16.5));
#8378 = CARTESIAN_POINT('',(28.550426971905,2.794524661463,16.5));
#8379 = CARTESIAN_POINT('',(28.52311425342,2.590060768269,
    16.532168349712));
#8380 = CARTESIAN_POINT('',(28.489146012848,2.393109772923,
    16.595945460559));
#8381 = CARTESIAN_POINT('',(28.449553277216,2.209072544622,
    16.688967464869));
#8382 = CARTESIAN_POINT('',(28.405587195866,2.042477537627,
    16.808237230987));
#8383 = CARTESIAN_POINT('',(28.358684318893,1.897071552245,
    16.950120245397));
#8384 = CARTESIAN_POINT('',(28.310372114675,1.775908096299,
    17.110599330222));
#8385 = CARTESIAN_POINT('',(28.242220876469,1.642030720736,
    17.357581706403));
#8386 = CARTESIAN_POINT('',(28.222256095808,1.607327515083,
    17.432446817054));
#8387 = CARTESIAN_POINT('',(28.202409999461,1.577328049008,
    17.509477927305));
#8388 = CARTESIAN_POINT('',(28.182789518567,1.552179214621,
    17.588364243565));
#8389 = CARTESIAN_POINT('',(28.163501558077,1.532010175872,
    17.668783029056));
#8390 = CARTESIAN_POINT('',(28.144651868353,1.516930307718,
    17.750398967194));
#8391 = CARTESIAN_POINT('',(28.12634391677,1.507027135286,
    17.832863524956));
#8392 = CARTESIAN_POINT('',(28.08572558688,1.496306203059,
    18.023585396123));
#8393 = CARTESIAN_POINT('',(28.063851825316,1.49909178679,
    18.132200063161));
#8394 = CARTESIAN_POINT('',(28.043283268919,1.510867747644,
    18.240831179617));
#8395 = CARTESIAN_POINT('',(28.02423156926,1.531691599535,
    18.348626155896));
#8396 = CARTESIAN_POINT('',(28.006887871142,1.561529006202,
    18.454706712675));
#8397 = CARTESIAN_POINT('',(27.991416839374,1.600241409993,
    18.558174246456));
#8398 = CARTESIAN_POINT('',(27.977950076355,1.647563930103,
    18.658120798581));
#8399 = CARTESIAN_POINT('',(27.958376581299,1.743114272813,
    18.822550557214));
#8400 = CARTESIAN_POINT('',(27.951263298379,1.787421193944,
    18.889165900642));
#8401 = CARTESIAN_POINT('',(27.945274172403,1.835836510087,
    18.953150840086));
#8402 = CARTESIAN_POINT('',(27.940431070275,1.888168576996,
    19.014185084813));
#8403 = CARTESIAN_POINT('',(27.936743474263,1.944194406379,
    19.071968852692));
#8404 = CARTESIAN_POINT('',(27.934209226523,2.003660767896,
    19.126224295906));
#8405 = CARTESIAN_POINT('',(27.932815179019,2.06628387654,
    19.176698370918));
#8406 = CARTESIAN_POINT('',(27.931902144221,2.28172804907,
    19.329629150136));
#8407 = CARTESIAN_POINT('',(27.937126687366,2.4468202004,19.415210664381
    ));
#8408 = CARTESIAN_POINT('',(27.94795551204,2.623090143935,
    19.476978958674));
#8409 = CARTESIAN_POINT('',(27.963794788337,2.806279987582,
    19.513439313848));
#8410 = CARTESIAN_POINT('',(27.98397422261,2.992152475118,
    19.523936429127));
#8411 = CARTESIAN_POINT('',(28.007825463155,3.176495080834,
    19.508645497949));
#8412 = CARTESIAN_POINT('',(28.034720624888,3.355192891743,
    19.468479920594));
#8413 = CARTESIAN_POINT('',(28.06400250718,3.524344628293,
    19.405369243573));
#8414 = ORIENTED_EDGE('',*,*,#8415,.T.);
#8415 = EDGE_CURVE('',#8374,#8372,#8416,.T.);
#8416 = B_SPLINE_CURVE_WITH_KNOTS('',8,(#8417,#8418,#8419,#8420,#8421,
    #8422,#8423,#8424,#8425,#8426,#8427,#8428,#8429,#8430,#8431,#8432,
    #8433,#8434,#8435,#8436,#8437,#8438,#8439,#8440,#8441,#8442,#8443,
    #8444,#8445,#8446),.UNSPECIFIED.,.F.,.F.,(9,7,7,7,9),(0.,
    0.277792977501,0.452560454022,0.625785549732,1.),.UNSPECIFIED.);
#8417 = CARTESIAN_POINT('',(28.06400250718,3.524344628293,
    19.405369243573));
#8418 = CARTESIAN_POINT('',(28.087454814295,3.65982083966,19.35482293767
    ));
#8419 = CARTESIAN_POINT('',(28.11248099749,3.789421043505,
    19.289465664465));
#8420 = CARTESIAN_POINT('',(28.138780740864,3.911262528349,
    19.210135867279));
#8421 = CARTESIAN_POINT('',(28.166081437558,4.023675674312,
    19.117931435418));
#8422 = CARTESIAN_POINT('',(28.194133935654,4.125185700769,
    19.014142952421));
#8423 = CARTESIAN_POINT('',(28.222696759957,4.21450750894,
    18.900226869907));
#8424 = CARTESIAN_POINT('',(28.251517560708,4.290559353232,
    18.777801083816));
#8425 = CARTESIAN_POINT('',(28.298441315249,4.391470377117,
    18.567389863085));
#8426 = CARTESIAN_POINT('',(28.316558549148,4.424862458118,
    18.483454874505));
#8427 = CARTESIAN_POINT('',(28.33460530915,4.45246826432,18.397273988655
    ));
#8428 = CARTESIAN_POINT('',(28.352513220596,4.474118650519,
    18.309294885188));
#8429 = CARTESIAN_POINT('',(28.370211090436,4.489682468597,
    18.219977431945));
#8430 = CARTESIAN_POINT('',(28.387623987373,4.499066489111,
    18.129792206471));
#8431 = CARTESIAN_POINT('',(28.404672778644,4.50221715601,
    18.039219465982));
#8432 = CARTESIAN_POINT('',(28.437728955898,4.49605848952,
    17.859076101155));
#8433 = CARTESIAN_POINT('',(28.453745468244,4.486858673377,
    17.769496816121));
#8434 = CARTESIAN_POINT('',(28.469242001962,4.471513134867,17.6804893557
    ));
#8435 = CARTESIAN_POINT('',(28.484134391458,4.450052945626,
    17.592533154527));
#8436 = CARTESIAN_POINT('',(28.498335690749,4.422550913407,
    17.506107695216));
#8437 = CARTESIAN_POINT('',(28.511756668799,4.389123083983,
    17.421690815635));
#8438 = CARTESIAN_POINT('',(28.524307073538,4.349932671633,
    17.339756065065));
#8439 = CARTESIAN_POINT('',(28.560936569127,4.208553651721,
    17.090135286623));
#8440 = CARTESIAN_POINT('',(28.581570985794,4.08574111461,
    16.932748713445));
#8441 = CARTESIAN_POINT('',(28.596755052418,3.939061333611,
    16.794127408846));
#8442 = CARTESIAN_POINT('',(28.605663488748,3.772157401362,
    16.678605809141));
#8443 = CARTESIAN_POINT('',(28.607644887046,3.589390912574,
    16.589637626015));
#8444 = CARTESIAN_POINT('',(28.602337531813,3.395836264355,
    16.529631511563));
#8445 = CARTESIAN_POINT('',(28.58972844986,3.197206839579,16.5));
#8446 = CARTESIAN_POINT('',(28.570481210525,3.,16.5));
#8447 = FACE_BOUND('',#8448,.F.);
#8448 = EDGE_LOOP('',(#8449,#8482));
#8449 = ORIENTED_EDGE('',*,*,#8450,.T.);
#8450 = EDGE_CURVE('',#8451,#8453,#8455,.T.);
#8451 = VERTEX_POINT('',#8452);
#8452 = CARTESIAN_POINT('',(-27.04281987012,-2.,19.5));
#8453 = VERTEX_POINT('',#8454);
#8454 = CARTESIAN_POINT('',(-27.34191464014,-3.189960779212,
    17.086767639679));
#8455 = B_SPLINE_CURVE_WITH_KNOTS('',7,(#8456,#8457,#8458,#8459,#8460,
    #8461,#8462,#8463,#8464,#8465,#8466,#8467,#8468,#8469,#8470,#8471,
    #8472,#8473,#8474,#8475,#8476,#8477,#8478,#8479,#8480,#8481),
  .UNSPECIFIED.,.F.,.F.,(8,6,6,6,8),(0.,0.355765139727,0.512696822061,
    0.665217748851,1.),.UNSPECIFIED.);
#8456 = CARTESIAN_POINT('',(-27.04281987012,-2.,19.5));
#8457 = CARTESIAN_POINT('',(-26.99820938478,-2.167370068156,19.5));
#8458 = CARTESIAN_POINT('',(-26.95748690803,-2.336605370599,
    19.478212019452));
#8459 = CARTESIAN_POINT('',(-26.92201208722,-2.504177118154,
    19.433763667188));
#8460 = CARTESIAN_POINT('',(-26.89320520551,-2.666254403249,
    19.366525069482));
#8461 = CARTESIAN_POINT('',(-26.87244322506,-2.818886068168,
    19.277217096583));
#8462 = CARTESIAN_POINT('',(-26.86087053968,-2.957928901982,
    19.167564568618));
#8463 = CARTESIAN_POINT('',(-26.85790613656,-3.133576507553,
    18.985395395836));
#8464 = CARTESIAN_POINT('',(-26.85885019287,-3.184008298834,
    18.926367538504));
#8465 = CARTESIAN_POINT('',(-26.86167426226,-3.230804720335,
    18.864376250487));
#8466 = CARTESIAN_POINT('',(-26.86637614293,-3.273718157843,
    18.799755174774));
#8467 = CARTESIAN_POINT('',(-26.87292476257,-3.312554426479,
    18.732861775688));
#8468 = CARTESIAN_POINT('',(-26.88126209053,-3.347170735676,
    18.664071670893));
#8469 = CARTESIAN_POINT('',(-26.90106573985,-3.406924872334,
    18.52545008647));
#8470 = CARTESIAN_POINT('',(-26.91243918081,-3.432306464303,
    18.455691301037));
#8471 = CARTESIAN_POINT('',(-26.92535104015,-3.453536774451,
    18.384842931932));
#8472 = CARTESIAN_POINT('',(-26.93971026068,-3.470584271204,
    18.313237444085));
#8473 = CARTESIAN_POINT('',(-26.95541403167,-3.483457923104,
    18.241190781743));
#8474 = CARTESIAN_POINT('',(-26.97235275979,-3.492197574857,
    18.168999707683));
#8475 = CARTESIAN_POINT('',(-27.03006160507,-3.507107800247,
    17.938766760706));
#8476 = CARTESIAN_POINT('',(-27.07509192815,-3.497721518052,
    17.78133973923));
#8477 = CARTESIAN_POINT('',(-27.12436743893,-3.469427822615,
    17.627337933311));
#8478 = CARTESIAN_POINT('',(-27.17672270968,-3.42329391144,
    17.47903612072));
#8479 = CARTESIAN_POINT('',(-27.23106956383,-3.360506614706,
    17.338399924184));
#8480 = CARTESIAN_POINT('',(-27.28642280546,-3.282331956319,
    17.207129206639));
#8481 = CARTESIAN_POINT('',(-27.34191464014,-3.189960779212,
    17.086767639679));
#8482 = ORIENTED_EDGE('',*,*,#8483,.T.);
#8483 = EDGE_CURVE('',#8453,#8451,#8484,.T.);
#8484 = B_SPLINE_CURVE_WITH_KNOTS('',8,(#8485,#8486,#8487,#8488,#8489,
    #8490,#8491,#8492,#8493,#8494,#8495,#8496,#8497,#8498,#8499,#8500,
    #8501,#8502,#8503,#8504,#8505,#8506,#8507,#8508,#8509,#8510,#8511,
    #8512,#8513,#8514,#8515,#8516,#8517,#8518,#8519,#8520,#8521,#8522,
    #8523,#8524,#8525,#8526,#8527,#8528),.UNSPECIFIED.,.F.,.F.,(9,7,7,7,
    7,7,9),(0.,9.143597990101E-02,0.316556677298,0.517427454365,
    0.591615828438,0.727840135004,1.),.UNSPECIFIED.);
#8485 = CARTESIAN_POINT('',(-27.34191464014,-3.189960779212,
    17.086767639679));
#8486 = CARTESIAN_POINT('',(-27.36628269068,-3.149397955413,
    17.033913435741));
#8487 = CARTESIAN_POINT('',(-27.39067316432,-3.106159707766,
    16.983128099359));
#8488 = CARTESIAN_POINT('',(-27.41501476577,-3.060346006474,
    16.934538411287));
#8489 = CARTESIAN_POINT('',(-27.43923695038,-3.012061200278,
    16.888271327536));
#8490 = CARTESIAN_POINT('',(-27.46326999791,-2.961414931941,
    16.844453434656));
#8491 = CARTESIAN_POINT('',(-27.48704508616,-2.908523053726,
    16.803210405026));
#8492 = CARTESIAN_POINT('',(-27.51049436477,-2.853508542881,
    16.764666452131));
#8493 = CARTESIAN_POINT('',(-27.59031787617,-2.656150021905,
    16.640992505026));
#8494 = CARTESIAN_POINT('',(-27.64475753516,-2.503594570972,
    16.570061281914));
#8495 = CARTESIAN_POINT('',(-27.69581082673,-2.340885421706,
    16.51811455833));
#8496 = CARTESIAN_POINT('',(-27.74243956323,-2.170502018628,
    16.486995364006));
#8497 = CARTESIAN_POINT('',(-27.78366333877,-1.9954292026,
    16.478283272874));
#8498 = CARTESIAN_POINT('',(-27.81862427047,-1.819156046644,
    16.493048711842));
#8499 = CARTESIAN_POINT('',(-27.84659969593,-1.645723537439,
    16.531711509033));
#8500 = CARTESIAN_POINT('',(-27.88554237305,-1.331324616672,
    16.648016576208));
#8501 = CARTESIAN_POINT('',(-27.89805920632,-1.188532310241,
    16.721137958727));
#8502 = CARTESIAN_POINT('',(-27.90436662785,-1.054615606986,
    16.811819532417));
#8503 = CARTESIAN_POINT('',(-27.90444265677,-0.93242231577,
    16.918533736757));
#8504 = CARTESIAN_POINT('',(-27.89846110392,-0.824310520719,
    17.039263017767));
#8505 = CARTESIAN_POINT('',(-27.88672215956,-0.73218310396,
    17.171605645781));
#8506 = CARTESIAN_POINT('',(-27.86964452195,-0.657429218694,
    17.312775574159));
#8507 = CARTESIAN_POINT('',(-27.83973819163,-0.579781893593,
    17.51383145908));
#8508 = CARTESIAN_POINT('',(-27.8310165763,-0.561286288414,
    17.568869944875));
#8509 = CARTESIAN_POINT('',(-27.82166436905,-0.545270448905,
    17.624579593664));
#8510 = CARTESIAN_POINT('',(-27.81170691649,-0.531755827511,
    17.680822706735));
#8511 = CARTESIAN_POINT('',(-27.8011700035,-0.52075363245,
    17.737463250074));
#8512 = CARTESIAN_POINT('',(-27.79007969598,-0.51226562914,
    17.79436726417));
#8513 = CARTESIAN_POINT('',(-27.7784621836,-0.50628494162,
    17.851403273825));
#8514 = CARTESIAN_POINT('',(-27.74409158374,-0.496392045608,
    18.013178191859));
#8515 = CARTESIAN_POINT('',(-27.72014972202,-0.498391185322,
    18.117927490102));
#8516 = CARTESIAN_POINT('',(-27.6946792811,-0.508702064743,
    18.221899461683));
#8517 = CARTESIAN_POINT('',(-27.66783803137,-0.527143933664,
    18.324350422918));
#8518 = CARTESIAN_POINT('',(-27.63977973003,-0.553465678559,
    18.424584887495));
#8519 = CARTESIAN_POINT('',(-27.61065478008,-0.587359757573,
    18.521955925502));
#8520 = CARTESIAN_POINT('',(-27.58061208839,-0.628471891995,
    18.615865131409));
#8521 = CARTESIAN_POINT('',(-27.48824749745,-0.77217415395,
    18.885365789759));
#8522 = CARTESIAN_POINT('',(-27.42366785603,-0.895115740436,
    19.048844747767));
#8523 = CARTESIAN_POINT('',(-27.35719000617,-1.042143768455,
    19.192074122826));
#8524 = CARTESIAN_POINT('',(-27.289965165,-1.209691847144,
    19.311504045975));
#8525 = CARTESIAN_POINT('',(-27.22327086483,-1.393770188422,
    19.404152058519));
#8526 = CARTESIAN_POINT('',(-27.15861273963,-1.590030553735,
    19.467603361311));
#8527 = CARTESIAN_POINT('',(-27.09778143315,-1.793794654294,19.5));
#8528 = CARTESIAN_POINT('',(-27.04281987012,-2.,19.5));
#8529 = FACE_BOUND('',#8530,.F.);
#8530 = EDGE_LOOP('',(#8531,#8564));
#8531 = ORIENTED_EDGE('',*,*,#8532,.T.);
#8532 = EDGE_CURVE('',#8533,#8535,#8537,.T.);
#8533 = VERTEX_POINT('',#8534);
#8534 = CARTESIAN_POINT('',(27.776610163067,-2.,16.5));
#8535 = VERTEX_POINT('',#8536);
#8536 = CARTESIAN_POINT('',(26.862010841172,-2.994946860994,
    19.122533181602));
#8537 = B_SPLINE_CURVE_WITH_KNOTS('',7,(#8538,#8539,#8540,#8541,#8542,
    #8543,#8544,#8545,#8546,#8547,#8548,#8549,#8550,#8551,#8552,#8553,
    #8554,#8555,#8556,#8557,#8558,#8559,#8560,#8561,#8562,#8563),
  .UNSPECIFIED.,.F.,.F.,(8,6,6,6,8),(0.,0.378941192951,0.596204589273,
    0.783660972218,1.),.UNSPECIFIED.);
#8538 = CARTESIAN_POINT('',(27.776610163067,-2.,16.5));
#8539 = CARTESIAN_POINT('',(27.732138230396,-2.199832330627,16.5));
#8540 = CARTESIAN_POINT('',(27.679635859821,-2.396841267968,
    16.531059935773));
#8541 = CARTESIAN_POINT('',(27.620462270438,-2.585344241086,
    16.591592545579));
#8542 = CARTESIAN_POINT('',(27.556196061313,-2.760841721287,
    16.67883483204));
#8543 = CARTESIAN_POINT('',(27.488513613905,-2.919720730444,
    16.789741464798));
#8544 = CARTESIAN_POINT('',(27.419152020657,-3.059131002431,
    16.921050663239));
#8545 = CARTESIAN_POINT('',(27.31011406611,-3.243999561362,
    17.154859187259));
#8546 = CARTESIAN_POINT('',(27.270399015803,-3.304164756128,
    17.245746452431));
#8547 = CARTESIAN_POINT('',(27.231027179514,-3.356673317252,
    17.341741631247));
#8548 = CARTESIAN_POINT('',(27.192346932128,-3.401070167506,
    17.442233498018));
#8549 = CARTESIAN_POINT('',(27.154730980782,-3.436911671673,
    17.5465624284));
#8550 = CARTESIAN_POINT('',(27.118572357668,-3.463777672251,
    17.654007789191));
#8551 = CARTESIAN_POINT('',(27.054686339375,-3.496386289418,
    17.858486438888));
#8552 = CARTESIAN_POINT('',(27.026485414988,-3.50452006245,
    17.954917389429));
#8553 = CARTESIAN_POINT('',(26.999942183076,-3.505434188043,
    18.052534539665));
#8554 = CARTESIAN_POINT('',(26.975336787091,-3.498908424779,
    18.15073447285));
#8555 = CARTESIAN_POINT('',(26.952952535366,-3.484773803366,
    18.248839450953));
#8556 = CARTESIAN_POINT('',(26.933059133886,-3.462949661118,
    18.346097506912));
#8557 = CARTESIAN_POINT('',(26.896071125509,-3.399504428526,
    18.552008335427));
#8558 = CARTESIAN_POINT('',(26.879865928604,-3.355327349446,
    18.660186266364));
#8559 = CARTESIAN_POINT('',(26.867660601487,-3.30107327199,
    18.764824018984));
#8560 = CARTESIAN_POINT('',(26.859720238346,-3.237127541926,
    18.864584091114));
#8561 = CARTESIAN_POINT('',(26.856175080558,-3.164128640053,
    18.958195633652));
#8562 = CARTESIAN_POINT('',(26.857003664768,-3.082987059736,
    19.044499569041));
#8563 = CARTESIAN_POINT('',(26.862010841172,-2.994946860994,
    19.122533181602));
#8564 = ORIENTED_EDGE('',*,*,#8565,.T.);
#8565 = EDGE_CURVE('',#8535,#8533,#8566,.T.);
#8566 = B_SPLINE_CURVE_WITH_KNOTS('',8,(#8567,#8568,#8569,#8570,#8571,
    #8572,#8573,#8574,#8575,#8576,#8577,#8578,#8579,#8580,#8581,#8582,
    #8583,#8584,#8585,#8586,#8587,#8588,#8589,#8590,#8591,#8592,#8593,
    #8594,#8595,#8596,#8597,#8598,#8599,#8600,#8601,#8602,#8603,#8604,
    #8605,#8606,#8607,#8608,#8609,#8610),.UNSPECIFIED.,.F.,.F.,(9,7,7,7,
    7,7,9),(0.,0.193267272994,0.351997577348,0.477526746943,
    0.617248417449,0.744723724021,1.),.UNSPECIFIED.);
#8567 = CARTESIAN_POINT('',(26.862010841172,-2.994946860994,
    19.122533181602));
#8568 = CARTESIAN_POINT('',(26.868171206823,-2.886630362333,
    19.218538504298));
#8569 = CARTESIAN_POINT('',(26.880530543384,-2.768029607566,
    19.302330156992));
#8570 = CARTESIAN_POINT('',(26.898769100914,-2.641133737378,
    19.372355681771));
#8571 = CARTESIAN_POINT('',(26.922299750451,-2.50807369755,
    19.427735796518));
#8572 = CARTESIAN_POINT('',(26.950419798642,-2.370939915906,
    19.468050484259));
#8573 = CARTESIAN_POINT('',(26.982396638214,-2.231726939007,
    19.493229301728));
#8574 = CARTESIAN_POINT('',(27.017512478397,-2.092324197556,
    19.503494919992));
#8575 = CARTESIAN_POINT('',(27.085958588981,-1.841254192979,
    19.495870942272));
#8576 = CARTESIAN_POINT('',(27.118501214101,-1.729028739568,
    19.482683259229));
#8577 = CARTESIAN_POINT('',(27.152383725162,-1.618640327766,
    19.459981948245));
#8578 = CARTESIAN_POINT('',(27.187293159966,-1.510893460726,
    19.428054604504));
#8579 = CARTESIAN_POINT('',(27.222942313768,-1.406555155049,
    19.38723884328));
#8580 = CARTESIAN_POINT('',(27.259069005862,-1.30635645415,
    19.33792079704));
#8581 = CARTESIAN_POINT('',(27.295433442658,-1.210992826139,
    19.2805335973));
#8582 = CARTESIAN_POINT('',(27.360584368886,-1.050051771091,
    19.164169284766));
#8583 = CARTESIAN_POINT('',(27.389364319667,-0.982418039571,
    19.10803667449));
#8584 = CARTESIAN_POINT('',(27.418043021542,-0.918549501977,
    19.047396163409));
#8585 = CARTESIAN_POINT('',(27.446515402158,-0.858763881133,
    18.9825077972));
#8586 = CARTESIAN_POINT('',(27.474680489525,-0.803366709165,
    18.913654817499));
#8587 = CARTESIAN_POINT('',(27.502440076663,-0.752648664255,
    18.841144965152));
#8588 = CARTESIAN_POINT('',(27.529697386255,-0.706882907398,
    18.765311783459));
#8589 = CARTESIAN_POINT('',(27.586028114021,-0.621176106221,
    18.598811290623));
#8590 = CARTESIAN_POINT('',(27.614959671214,-0.582476531142,
    18.507432530846));
#8591 = CARTESIAN_POINT('',(27.643014200266,-0.550577252516,
    18.41288402944));
#8592 = CARTESIAN_POINT('',(27.670056601995,-0.525795009543,
    18.315712450607));
#8593 = CARTESIAN_POINT('',(27.6959503452,-0.508404883952,
    18.216507064976));
#8594 = CARTESIAN_POINT('',(27.720555931758,-0.498631923925,
    18.115899748512));
#8595 = CARTESIAN_POINT('',(27.743730366268,-0.496639230025,
    18.01456465074));
#8596 = CARTESIAN_POINT('',(27.785031931194,-0.507870993945,
    17.820753314361));
#8597 = CARTESIAN_POINT('',(27.803426047289,-0.5197775466,
    17.728266974248));
#8598 = CARTESIAN_POINT('',(27.820395495828,-0.538299315967,
    17.636316235087));
#8599 = CARTESIAN_POINT('',(27.835828593684,-0.563443496932,
    17.545472407746));
#8600 = CARTESIAN_POINT('',(27.849615381786,-0.595155764035,
    17.456318446754));
#8601 = CARTESIAN_POINT('',(27.861648855706,-0.633314109871,
    17.36944447276));
#8602 = CARTESIAN_POINT('',(27.871828502358,-0.677718082246,
    17.285440761532));
#8603 = CARTESIAN_POINT('',(27.896562468497,-0.828912739201,
    17.043577286734));
#8604 = CARTESIAN_POINT('',(27.905323704757,-0.953940347794,
    16.895590735742));
#8605 = CARTESIAN_POINT('',(27.905478388004,-1.100573348283,
    16.766514230312));
#8606 = CARTESIAN_POINT('',(27.896677069027,-1.264800519095,
    16.660262437513));
#8607 = CARTESIAN_POINT('',(27.878848518513,-1.44204893874,
    16.579590052577));
#8608 = CARTESIAN_POINT('',(27.85229947302,-1.627272925928,
    16.526041182898));
#8609 = CARTESIAN_POINT('',(27.817753535847,-1.815124381186,16.5));
#8610 = CARTESIAN_POINT('',(27.776610163067,-2.,16.5));
#8611 = B_SPLINE_SURFACE_WITH_KNOTS('',14,1,(
    (#8612,#8613)
    ,(#8614,#8615)
    ,(#8616,#8617)
    ,(#8618,#8619)
    ,(#8620,#8621)
    ,(#8622,#8623)
    ,(#8624,#8625)
    ,(#8626,#8627)
    ,(#8628,#8629)
    ,(#8630,#8631)
    ,(#8632,#8633)
    ,(#8634,#8635)
    ,(#8636,#8637)
    ,(#8638,#8639)
    ,(#8640,#8641
    )),.UNSPECIFIED.,.T.,.F.,.F.,(15,15),(2,2),(0.,6.28318530718),(0.,1.
    ),.PIECEWISE_BEZIER_KNOTS.);
#8612 = CARTESIAN_POINT('',(2.387277308915E-14,45.4,13.));
#8613 = CARTESIAN_POINT('',(1.517582617632E-14,18.986466971566,
    65.997166374974));
#8614 = CARTESIAN_POINT('',(-13.19468914508,45.400000000007,13.));
#8615 = CARTESIAN_POINT('',(-10.47496750498,18.986466971564,
    65.997166374988));
#8616 = CARTESIAN_POINT('',(-26.38938316061,37.059642811853,13.));
#8617 = CARTESIAN_POINT('',(-20.94993887646,16.082574978364,
    61.849978813017));
#8618 = CARTESIAN_POINT('',(-36.24488878925,20.378917773348,
    12.999999999996));
#8619 = CARTESIAN_POINT('',(-28.77400354908,10.274787279543,
    53.555598387626));
#8620 = CARTESIAN_POINT('',(-39.42238931727,-2.147678136759,
    13.000000000017));
#8621 = CARTESIAN_POINT('',(-31.29654988643,2.431621810637,42.3543972561
    ));
#8622 = CARTESIAN_POINT('',(-33.77991971371,-25.53162414242,
    12.999999999957));
#8623 = CARTESIAN_POINT('',(-26.81711993622,-5.710050308029,
    30.726884449208));
#8624 = CARTESIAN_POINT('',(-19.57702621074,-43.38265342888,
    13.000000000076));
#8625 = CARTESIAN_POINT('',(-15.54176162413,-11.92530702215,
    21.850577960306));
#8626 = CARTESIAN_POINT('',(-4.214797399982E-10,-50.10320974865,
    12.9999999999));
#8627 = CARTESIAN_POINT('',(-6.828173582108E-10,-14.26522715403,
    18.508825689372));
#8628 = CARTESIAN_POINT('',(19.577026211518,-43.38265342888,
    13.000000000102));
#8629 = CARTESIAN_POINT('',(15.541761625379,-11.92530702216,
    21.850577960424));
#8630 = CARTESIAN_POINT('',(33.779919713125,-25.53162414241,
    12.999999999918));
#8631 = CARTESIAN_POINT('',(26.817119935285,-5.710050308012,
    30.726884449034));
#8632 = CARTESIAN_POINT('',(39.422389317648,-2.147678136769,
    13.000000000052));
#8633 = CARTESIAN_POINT('',(31.29654988701,2.431621810623,
    42.354397256254));
#8634 = CARTESIAN_POINT('',(36.24488878907,20.378917773354,
    12.999999999974));
#8635 = CARTESIAN_POINT('',(28.774003548807,10.274787279551,
    53.555598387532));
#8636 = CARTESIAN_POINT('',(26.389383160681,37.05964281185,
    13.000000000009));
#8637 = CARTESIAN_POINT('',(20.949938876564,16.08257497836,
    61.849978813057));
#8638 = CARTESIAN_POINT('',(13.194689145071,45.400000000008,
    12.999999999998));
#8639 = CARTESIAN_POINT('',(10.47496750496,18.986466971565,
    65.997166374978));
#8640 = CARTESIAN_POINT('',(-3.458587638071E-14,45.4,13.));
#8641 = CARTESIAN_POINT('',(2.420415981257E-14,18.986466971566,
    65.997166374974));
#8642 = ADVANCED_FACE('',(#8643),#8701,.T.);
#8643 = FACE_BOUND('',#8644,.T.);
#8644 = EDGE_LOOP('',(#8645,#8698,#8699,#8700));
#8645 = ORIENTED_EDGE('',*,*,#8646,.F.);
#8646 = EDGE_CURVE('',#2315,#2719,#8647,.T.);
#8647 = ( BOUNDED_CURVE() B_SPLINE_CURVE(9,(#8648,#8649,#8650,#8651,
    #8652,#8653,#8654,#8655,#8656,#8657,#8658,#8659,#8660,#8661,#8662,
    #8663,#8664,#8665,#8666,#8667,#8668,#8669,#8670,#8671,#8672,#8673,
    #8674,#8675,#8676,#8677,#8678,#8679,#8680,#8681,#8682,#8683,#8684,
    #8685,#8686,#8687,#8688,#8689,#8690,#8691,#8692,#8693,#8694,#8695,
#8696,#8697),.UNSPECIFIED.,.T.,.F.) B_SPLINE_CURVE_WITH_KNOTS((10,8,8,8,
    8,8,10),(0.,53.530667459247,80.29600118887,107.06133491849,
    133.82666864811,160.59200237774,214.12266983698),.UNSPECIFIED.) 
CURVE() GEOMETRIC_REPRESENTATION_ITEM() RATIONAL_B_SPLINE_CURVE((1.,1.,
    1.,1.,1.,1.,1.,1.,1.,1.,1.,1.,1.,1.,1.,1.,1.,1.,1.,1.,1.,1.,1.,1.,1.
    ,1.,1.,1.,1.,1.,1.,1.,1.,1.,1.,1.,1.,1.,1.,1.,1.,1.,1.,1.,1.,1.,1.,
1.,1.,1.)) REPRESENTATION_ITEM('') );
#8648 = CARTESIAN_POINT('',(2.387277308915E-14,45.4,12.293830150398));
#8649 = CARTESIAN_POINT('',(-5.057040599126,45.400000000003,
    12.293830150398));
#8650 = CARTESIAN_POINT('',(-10.15725172192,44.120179536377,
    12.329060696107));
#8651 = CARTESIAN_POINT('',(-15.0689683702,41.523131577777,
    12.400603273815));
#8652 = CARTESIAN_POINT('',(-19.54829537138,37.664348786094,
    12.496176928889));
#8653 = CARTESIAN_POINT('',(-23.36874056277,32.698966541966,
    12.583942979132));
#8654 = CARTESIAN_POINT('',(-26.35285768575,26.860587749862,
    12.663554323209));
#8655 = CARTESIAN_POINT('',(-28.3812453596,20.427917832706,
    12.722779795967));
#8656 = CARTESIAN_POINT('',(-29.39629457637,13.701179495699,
    12.751819980499));
#8657 = CARTESIAN_POINT('',(-29.40184123862,3.615894170807,
    12.724949678025));
#8658 = CARTESIAN_POINT('',(-29.15085228333,0.254937525089,
    12.704249258856));
#8659 = CARTESIAN_POINT('',(-28.64727383562,-3.068047630195,
    12.669919939796));
#8660 = CARTESIAN_POINT('',(-27.89508035973,-6.316062891206,
    12.619230334635));
#8661 = CARTESIAN_POINT('',(-26.90190461901,-9.453012118161,
    12.550517679131));
#8662 = CARTESIAN_POINT('',(-25.67888947529,-12.4443928324,
    12.460772311187));
#8663 = CARTESIAN_POINT('',(-24.24046142026,-15.25795348478,
    12.348952655345));
#8664 = CARTESIAN_POINT('',(-22.60402406929,-17.86430296109,
    12.222307113664));
#8665 = CARTESIAN_POINT('',(-18.97510785124,-22.6105695876,
    11.958082652224));
#8666 = CARTESIAN_POINT('',(-16.98262900751,-24.750486735,
    11.820520495587));
#8667 = CARTESIAN_POINT('',(-14.83211810368,-26.63118270199,
    11.686694793815));
#8668 = CARTESIAN_POINT('',(-12.54614941996,-28.23003857378,
    11.568931866292));
#8669 = CARTESIAN_POINT('',(-10.14949229886,-29.5283470015,
    11.475247578342));
#8670 = CARTESIAN_POINT('',(-7.668641061318,-30.51175443449,
    11.404199483724));
#8671 = CARTESIAN_POINT('',(-5.131268001087,-31.17058481132,
    11.35720801517));
#8672 = CARTESIAN_POINT('',(-2.56563399985,-31.4999999949,
    11.333635627256));
#8673 = CARTESIAN_POINT('',(2.56563399985,-31.4999999949,11.333635627256
    ));
#8674 = CARTESIAN_POINT('',(5.131268001086,-31.17058481131,
    11.35720801517));
#8675 = CARTESIAN_POINT('',(7.668641061318,-30.5117544345,
    11.404199483723));
#8676 = CARTESIAN_POINT('',(10.149492298863,-29.5283470015,
    11.475247578342));
#8677 = CARTESIAN_POINT('',(12.546149419963,-28.23003857379,
    11.568931866292));
#8678 = CARTESIAN_POINT('',(14.832118103683,-26.63118270198,
    11.686694793815));
#8679 = CARTESIAN_POINT('',(16.982629007513,-24.750486735,
    11.820520495587));
#8680 = CARTESIAN_POINT('',(18.975107851245,-22.6105695876,
    11.958082652224));
#8681 = CARTESIAN_POINT('',(22.604024069295,-17.86430296109,
    12.222307113664));
#8682 = CARTESIAN_POINT('',(24.240461420267,-15.25795348478,
    12.348952655345));
#8683 = CARTESIAN_POINT('',(25.678889475296,-12.4443928324,
    12.460772311188));
#8684 = CARTESIAN_POINT('',(26.901904619011,-9.453012118163,
    12.550517679131));
#8685 = CARTESIAN_POINT('',(27.895080359731,-6.316062891204,
    12.619230334635));
#8686 = CARTESIAN_POINT('',(28.647273835621,-3.068047630197,
    12.669919939797));
#8687 = CARTESIAN_POINT('',(29.150852283338,0.25493752509,
    12.704249258855));
#8688 = CARTESIAN_POINT('',(29.40184123862,3.615894170807,
    12.724949678025));
#8689 = CARTESIAN_POINT('',(29.396294576373,13.701179495699,
    12.751819980498));
#8690 = CARTESIAN_POINT('',(28.381245359609,20.427917832706,
    12.722779795967));
#8691 = CARTESIAN_POINT('',(26.352857685759,26.86058774986,
    12.663554323202));
#8692 = CARTESIAN_POINT('',(23.368740562768,32.698966541969,
    12.583942979147));
#8693 = CARTESIAN_POINT('',(19.548295371384,37.664348786091,
    12.496176928868));
#8694 = CARTESIAN_POINT('',(15.068968370203,41.523131577781,
    12.40060327383));
#8695 = CARTESIAN_POINT('',(10.157251721921,44.120179536375,
    12.3290606961));
#8696 = CARTESIAN_POINT('',(5.057040599126,45.400000000003,
    12.293830150397));
#8697 = CARTESIAN_POINT('',(1.900701818158E-13,45.4,12.293830150397));
#8698 = ORIENTED_EDGE('',*,*,#2351,.F.);
#8699 = ORIENTED_EDGE('',*,*,#7230,.T.);
#8700 = ORIENTED_EDGE('',*,*,#2718,.T.);
#8701 = ( BOUNDED_SURFACE() B_SPLINE_SURFACE(2,9,(
    (#8702,#8703,#8704,#8705,#8706,#8707,#8708,#8709,#8710,#8711,#8712
      ,#8713,#8714,#8715,#8716,#8717,#8718,#8719,#8720,#8721,#8722,#8723
      ,#8724,#8725,#8726,#8727,#8728,#8729,#8730,#8731,#8732,#8733,#8734
      ,#8735,#8736,#8737,#8738,#8739,#8740,#8741,#8742,#8743,#8744,#8745
      ,#8746,#8747,#8748,#8749,#8750,#8751)
    ,(#8752,#8753,#8754,#8755,#8756,#8757,#8758,#8759,#8760,#8761,#8762
      ,#8763,#8764,#8765,#8766,#8767,#8768,#8769,#8770,#8771,#8772,#8773
      ,#8774,#8775,#8776,#8777,#8778,#8779,#8780,#8781,#8782,#8783,#8784
      ,#8785,#8786,#8787,#8788,#8789,#8790,#8791,#8792,#8793,#8794,#8795
      ,#8796,#8797,#8798,#8799,#8800,#8801)
    ,(#8802,#8803,#8804,#8805,#8806,#8807,#8808,#8809,#8810,#8811,#8812
      ,#8813,#8814,#8815,#8816,#8817,#8818,#8819,#8820,#8821,#8822,#8823
      ,#8824,#8825,#8826,#8827,#8828,#8829,#8830,#8831,#8832,#8833,#8834
      ,#8835,#8836,#8837,#8838,#8839,#8840,#8841,#8842,#8843,#8844,#8845
      ,#8846,#8847,#8848,#8849,#8850,#8851
)),.UNSPECIFIED.,.F.,.F.,.F.) B_SPLINE_SURFACE_WITH_KNOTS((3,3),(10,8,8,
    8,8,8,10),(0.,214.12266983698),(0.,53.530667459247,80.29600118887,
    107.06133491849,133.82666864811,160.59200237774,214.12266983698),
.UNSPECIFIED.) GEOMETRIC_REPRESENTATION_ITEM() RATIONAL_B_SPLINE_SURFACE
((
    (1.,1.,1.,1.,1.,1.,1.,1.,1.,1.,1.,1.,1.,1.,1.,1.,1.,1.,1.,1.,1.,1.
      ,1.,1.,1.,1.,1.,1.,1.,1.,1.,1.,1.,1.,1.,1.,1.,1.,1.,1.,1.,1.,1.,1.
      ,1.,1.,1.,1.,1.,1.)
    ,(0.973396366858,0.973396366858,0.975913147164,0.980997386712
      ,0.987446404082,0.991326499793,0.9942908672,0.995714429781
      ,0.99661479856,0.995828221304,0.995199705383,0.994178276866
      ,0.992344003845,0.989655899878,0.985337340606,0.978098844432
      ,0.967811655037,0.943457876077,0.929384486182,0.914414162761
      ,0.900774381266,0.890279999497,0.88214234332,0.876863076964
      ,0.874194669342,0.874194669342,0.876863076964,0.882142343319
      ,0.890279999498,0.900774381266,0.914414162762,0.929384486182
      ,0.943457876077,0.967811655037,0.978098844432,0.985337340606
      ,0.989655899878,0.992344003845,0.994178276866,0.995199705383
      ,0.995828221304,0.99661479856,0.995714429781,0.9942908672
      ,0.991326499793,0.987446404082,0.980997386712,0.975913147164
      ,0.973396366858,0.973396366858)
    ,(1.,1.,1.,1.,1.,1.,1.,1.,1.,1.,1.,1.,1.,1.,1.,1.,1.,1.,1.,1.,1.,1.
      ,1.,1.,1.,1.,1.,1.,1.,1.,1.,1.,1.,1.,1.,1.,1.,1.,1.,1.,1.,1.,1.,1.
,1.,1.,1.,1.,1.,1.))) REPRESENTATION_ITEM('') SURFACE() );
#8702 = CARTESIAN_POINT('',(2.387277308915E-14,45.4,12.293830150398));
#8703 = CARTESIAN_POINT('',(-5.057040599126,45.400000000003,
    12.293830150398));
#8704 = CARTESIAN_POINT('',(-10.15725172192,44.120179536377,
    12.329060696107));
#8705 = CARTESIAN_POINT('',(-15.0689683702,41.523131577777,
    12.400603273815));
#8706 = CARTESIAN_POINT('',(-19.54829537138,37.664348786094,
    12.496176928889));
#8707 = CARTESIAN_POINT('',(-23.36874056277,32.698966541966,
    12.583942979132));
#8708 = CARTESIAN_POINT('',(-26.35285768575,26.860587749862,
    12.663554323209));
#8709 = CARTESIAN_POINT('',(-28.3812453596,20.427917832706,
    12.722779795967));
#8710 = CARTESIAN_POINT('',(-29.39629457637,13.701179495699,
    12.751819980499));
#8711 = CARTESIAN_POINT('',(-29.40184123862,3.615894170807,
    12.724949678025));
#8712 = CARTESIAN_POINT('',(-29.15085228333,0.254937525089,
    12.704249258856));
#8713 = CARTESIAN_POINT('',(-28.64727383562,-3.068047630195,
    12.669919939796));
#8714 = CARTESIAN_POINT('',(-27.89508035973,-6.316062891206,
    12.619230334635));
#8715 = CARTESIAN_POINT('',(-26.90190461901,-9.453012118161,
    12.550517679131));
#8716 = CARTESIAN_POINT('',(-25.67888947529,-12.4443928324,
    12.460772311187));
#8717 = CARTESIAN_POINT('',(-24.24046142026,-15.25795348478,
    12.348952655345));
#8718 = CARTESIAN_POINT('',(-22.60402406929,-17.86430296109,
    12.222307113664));
#8719 = CARTESIAN_POINT('',(-18.97510785124,-22.6105695876,
    11.958082652224));
#8720 = CARTESIAN_POINT('',(-16.98262900751,-24.750486735,
    11.820520495587));
#8721 = CARTESIAN_POINT('',(-14.83211810368,-26.63118270199,
    11.686694793815));
#8722 = CARTESIAN_POINT('',(-12.54614941996,-28.23003857378,
    11.568931866292));
#8723 = CARTESIAN_POINT('',(-10.14949229886,-29.5283470015,
    11.475247578342));
#8724 = CARTESIAN_POINT('',(-7.668641061318,-30.51175443449,
    11.404199483724));
#8725 = CARTESIAN_POINT('',(-5.131268001087,-31.17058481132,
    11.35720801517));
#8726 = CARTESIAN_POINT('',(-2.56563399985,-31.4999999949,
    11.333635627256));
#8727 = CARTESIAN_POINT('',(2.56563399985,-31.4999999949,11.333635627256
    ));
#8728 = CARTESIAN_POINT('',(5.131268001086,-31.17058481131,
    11.35720801517));
#8729 = CARTESIAN_POINT('',(7.668641061318,-30.5117544345,
    11.404199483723));
#8730 = CARTESIAN_POINT('',(10.149492298863,-29.5283470015,
    11.475247578342));
#8731 = CARTESIAN_POINT('',(12.546149419963,-28.23003857379,
    11.568931866292));
#8732 = CARTESIAN_POINT('',(14.832118103683,-26.63118270198,
    11.686694793815));
#8733 = CARTESIAN_POINT('',(16.982629007513,-24.750486735,
    11.820520495587));
#8734 = CARTESIAN_POINT('',(18.975107851245,-22.6105695876,
    11.958082652224));
#8735 = CARTESIAN_POINT('',(22.604024069295,-17.86430296109,
    12.222307113664));
#8736 = CARTESIAN_POINT('',(24.240461420267,-15.25795348478,
    12.348952655345));
#8737 = CARTESIAN_POINT('',(25.678889475296,-12.4443928324,
    12.460772311188));
#8738 = CARTESIAN_POINT('',(26.901904619011,-9.453012118163,
    12.550517679131));
#8739 = CARTESIAN_POINT('',(27.895080359731,-6.316062891204,
    12.619230334635));
#8740 = CARTESIAN_POINT('',(28.647273835621,-3.068047630197,
    12.669919939797));
#8741 = CARTESIAN_POINT('',(29.150852283338,0.25493752509,
    12.704249258855));
#8742 = CARTESIAN_POINT('',(29.40184123862,3.615894170807,
    12.724949678025));
#8743 = CARTESIAN_POINT('',(29.396294576373,13.701179495699,
    12.751819980498));
#8744 = CARTESIAN_POINT('',(28.381245359609,20.427917832706,
    12.722779795967));
#8745 = CARTESIAN_POINT('',(26.352857685759,26.86058774986,
    12.663554323202));
#8746 = CARTESIAN_POINT('',(23.368740562768,32.698966541969,
    12.583942979147));
#8747 = CARTESIAN_POINT('',(19.548295371384,37.664348786091,
    12.496176928868));
#8748 = CARTESIAN_POINT('',(15.068968370203,41.523131577781,
    12.40060327383));
#8749 = CARTESIAN_POINT('',(10.157251721921,44.120179536375,
    12.3290606961));
#8750 = CARTESIAN_POINT('',(5.057040599126,45.400000000003,
    12.293830150397));
#8751 = CARTESIAN_POINT('',(1.900701818158E-13,45.4,12.293830150397));
#8752 = CARTESIAN_POINT('',(2.668308282661E-14,45.4,13.));
#8753 = CARTESIAN_POINT('',(-5.057040599126,45.400000000003,13.));
#8754 = CARTESIAN_POINT('',(-10.13185867358,44.123336308419,
    13.000449508991));
#8755 = CARTESIAN_POINT('',(-14.99770398601,41.553489103816,
    13.001628284168));
#8756 = CARTESIAN_POINT('',(-19.48536517639,37.74243602202,
    13.001587625717));
#8757 = CARTESIAN_POINT('',(-23.35390473778,32.744444450096,
    13.00067735286));
#8758 = CARTESIAN_POINT('',(-26.34222491209,26.887263638447,
    13.000449231003));
#8759 = CARTESIAN_POINT('',(-28.38146596739,20.440305218735,
    13.000163014911));
#8760 = CARTESIAN_POINT('',(-29.39629652201,13.697641806103,
    12.999930931521));
#8761 = CARTESIAN_POINT('',(-29.40184172541,3.615009049827,
    12.999982757563));
#8762 = CARTESIAN_POINT('',(-29.15071025259,0.251342193472,
    13.000094112149));
#8763 = CARTESIAN_POINT('',(-28.64584979843,-3.078194431205,
    13.000196458626));
#8764 = CARTESIAN_POINT('',(-27.89146605272,-6.331917810166,
    13.000817674599));
#8765 = CARTESIAN_POINT('',(-26.893916227,-9.480326224044,
    13.001483746931));
#8766 = CARTESIAN_POINT('',(-25.66152213626,-12.48664754687,
    13.003012354928));
#8767 = CARTESIAN_POINT('',(-24.2119050009,-15.30613284829,
    13.006739077504));
#8768 = CARTESIAN_POINT('',(-22.58119477627,-17.89416143813,
    13.011237457226));
#8769 = CARTESIAN_POINT('',(-18.9516892584,-22.64119881102,
    13.018619636815));
#8770 = CARTESIAN_POINT('',(-16.92871454766,-24.80792100145,
    13.021482111422));
#8771 = CARTESIAN_POINT('',(-14.74960445306,-26.69959843481,
    13.022015088841));
#8772 = CARTESIAN_POINT('',(-12.46361942074,-28.27637507868,
    13.017321809655));
#8773 = CARTESIAN_POINT('',(-10.0868131714,-29.55347811549,
    13.011436944092));
#8774 = CARTESIAN_POINT('',(-7.628411875002,-30.52088905223,
    13.006101590699));
#8775 = CARTESIAN_POINT('',(-5.115854660096,-31.17153165058,
    13.0020222211));
#8776 = CARTESIAN_POINT('',(-2.56563399985,-31.4999999949,13.));
#8777 = CARTESIAN_POINT('',(2.56563399985,-31.4999999949,13.));
#8778 = CARTESIAN_POINT('',(5.115854660096,-31.17153165058,13.0020222211
    ));
#8779 = CARTESIAN_POINT('',(7.628411875002,-30.52088905223,
    13.006101590699));
#8780 = CARTESIAN_POINT('',(10.086813171403,-29.55347811548,
    13.011436944092));
#8781 = CARTESIAN_POINT('',(12.463619420742,-28.27637507869,
    13.017321809655));
#8782 = CARTESIAN_POINT('',(14.749604453059,-26.6995984348,
    13.022015088841));
#8783 = CARTESIAN_POINT('',(16.928714547669,-24.80792100145,
    13.021482111422));
#8784 = CARTESIAN_POINT('',(18.951689258407,-22.64119881102,
    13.018619636815));
#8785 = CARTESIAN_POINT('',(22.581194776276,-17.89416143813,
    13.011237457226));
#8786 = CARTESIAN_POINT('',(24.2119050009,-15.30613284829,
    13.006739077504));
#8787 = CARTESIAN_POINT('',(25.661522136267,-12.48664754687,
    13.003012354928));
#8788 = CARTESIAN_POINT('',(26.893916227002,-9.480326224045,
    13.001483746931));
#8789 = CARTESIAN_POINT('',(27.891466052728,-6.331917810164,
    13.0008176746));
#8790 = CARTESIAN_POINT('',(28.645849798437,-3.078194431206,
    13.000196458626));
#8791 = CARTESIAN_POINT('',(29.150710252592,0.251342193472,
    13.000094112149));
#8792 = CARTESIAN_POINT('',(29.401841725415,3.615009049827,
    12.999982757563));
#8793 = CARTESIAN_POINT('',(29.396296522017,13.697641806103,
    12.999930931521));
#8794 = CARTESIAN_POINT('',(28.381465967399,20.440305218735,
    13.000163014912));
#8795 = CARTESIAN_POINT('',(26.342224912092,26.887263638448,
    13.000449230996));
#8796 = CARTESIAN_POINT('',(23.353904737783,32.744444450094,
    13.000677352873));
#8797 = CARTESIAN_POINT('',(19.485365176387,37.742436022022,
    13.001587625699));
#8798 = CARTESIAN_POINT('',(14.997703986017,41.553489103816,
    13.001628284182));
#8799 = CARTESIAN_POINT('',(10.131858673581,44.123336308418,
    13.000449508984));
#8800 = CARTESIAN_POINT('',(5.057040599126,45.400000000003,
    12.999999999999));
#8801 = CARTESIAN_POINT('',(6.711254815772E-14,45.4,13.));
#8802 = CARTESIAN_POINT('',(2.376905682895E-14,45.085002922078,
    13.632022703222));
#8803 = CARTESIAN_POINT('',(-4.986180027954,45.085002922081,
    13.632022703222));
#8804 = CARTESIAN_POINT('',(-10.0155255938,43.851992300172,
    13.608205095219));
#8805 = CARTESIAN_POINT('',(-14.88591493011,41.35380650235,
    13.560729184536));
#8806 = CARTESIAN_POINT('',(-19.41788754302,37.5932724797,13.48885404597
    ));
#8807 = CARTESIAN_POINT('',(-23.2729830951,32.650582074721,
    13.404046407854));
#8808 = CARTESIAN_POINT('',(-26.28629597338,26.841448911056,
    13.331125051645));
#8809 = CARTESIAN_POINT('',(-28.3310263865,20.416704961082,
    13.272650066005));
#8810 = CARTESIAN_POINT('',(-29.35574271604,13.694896619866,
    13.244725273926));
#8811 = CARTESIAN_POINT('',(-29.3518821902,3.618996981212,
    13.270445229817));
#8812 = CARTESIAN_POINT('',(-29.09362079494,0.261746602575,
    13.290311783231));
#8813 = CARTESIAN_POINT('',(-28.57836409354,-3.056543850784,
    13.323257651738));
#8814 = CARTESIAN_POINT('',(-27.80530473734,-6.295443805883,
    13.371672098494));
#8815 = CARTESIAN_POINT('',(-26.78271342809,-9.418434422226,
    13.435966291055));
#8816 = CARTESIAN_POINT('',(-25.51314661819,-12.385097761,
    13.518794976552));
#8817 = CARTESIAN_POINT('',(-24.00060501299,-15.14891060456,
    13.616113113332));
#8818 = CARTESIAN_POINT('',(-22.27477617987,-17.66776133965,
    13.706225386857));
#8819 = CARTESIAN_POINT('',(-18.47726407069,-22.1747307324,
    13.851999538105));
#8820 = CARTESIAN_POINT('',(-16.40559493236,-24.16269875117,
    13.907483876076));
#8821 = CARTESIAN_POINT('',(-14.19970550312,-25.86317615661,
    13.935389363861));
#8822 = CARTESIAN_POINT('',(-11.9125858994,-27.27130472809,
    13.928579526647));
#8823 = CARTESIAN_POINT('',(-9.576023316554,-28.40066288787,
    13.915315663367));
#8824 = CARTESIAN_POINT('',(-7.201734495531,-29.2426743085,
    13.899040839419));
#8825 = CARTESIAN_POINT('',(-4.808429432683,-29.80459196679,
    13.886740454209));
#8826 = CARTESIAN_POINT('',(-2.404175327179,-30.08529791433,
    13.880561324375));
#8827 = CARTESIAN_POINT('',(2.404175327179,-30.08529791433,
    13.880561324375));
#8828 = CARTESIAN_POINT('',(4.808429432683,-29.80459196679,
    13.88674045421));
#8829 = CARTESIAN_POINT('',(7.201734495531,-29.24267430849,
    13.899040839419));
#8830 = CARTESIAN_POINT('',(9.576023316554,-28.40066288787,
    13.915315663367));
#8831 = CARTESIAN_POINT('',(11.912585899404,-27.27130472809,
    13.928579526647));
#8832 = CARTESIAN_POINT('',(14.199705503125,-25.86317615661,
    13.935389363861));
#8833 = CARTESIAN_POINT('',(16.40559493237,-24.16269875117,
    13.907483876076));
#8834 = CARTESIAN_POINT('',(18.477264070697,-22.1747307324,
    13.851999538105));
#8835 = CARTESIAN_POINT('',(22.274776179874,-17.66776133965,
    13.706225386857));
#8836 = CARTESIAN_POINT('',(24.000605012999,-15.14891060456,
    13.616113113332));
#8837 = CARTESIAN_POINT('',(25.513146618196,-12.385097761,
    13.518794976552));
#8838 = CARTESIAN_POINT('',(26.782713428096,-9.418434422228,
    13.435966291055));
#8839 = CARTESIAN_POINT('',(27.805304737348,-6.295443805882,
    13.371672098494));
#8840 = CARTESIAN_POINT('',(28.578364093542,-3.056543850784,
    13.323257651739));
#8841 = CARTESIAN_POINT('',(29.093620794945,0.261746602576,
    13.29031178323));
#8842 = CARTESIAN_POINT('',(29.351882190202,3.618996981212,
    13.270445229816));
#8843 = CARTESIAN_POINT('',(29.355742716047,13.694896619866,
    13.244725273926));
#8844 = CARTESIAN_POINT('',(28.331026386507,20.416704961082,
    13.272650066006));
#8845 = CARTESIAN_POINT('',(26.286295973385,26.841448911059,
    13.331125051638));
#8846 = CARTESIAN_POINT('',(23.272983095104,32.650582074715,
    13.404046407865));
#8847 = CARTESIAN_POINT('',(19.417887543022,37.593272479708,
    13.488854045953));
#8848 = CARTESIAN_POINT('',(14.885914930122,41.353806502346,
    13.560729184548));
#8849 = CARTESIAN_POINT('',(10.015525593806,43.851992300173,
    13.608205095213));
#8850 = CARTESIAN_POINT('',(4.986180027954,45.08500292208,
    13.632022703221));
#8851 = CARTESIAN_POINT('',(-2.415845301584E-13,45.085002922078,
    13.632022703221));
#8852 = ADVANCED_FACE('',(#8853,#9059,#9063,#9067),#9071,.F.);
#8853 = FACE_BOUND('',#8854,.F.);
#8854 = EDGE_LOOP('',(#8855,#8865,#8866,#8876,#8929,#8930,#8983,#8984,
    #8985,#8986,#9041,#9051));
#8855 = ORIENTED_EDGE('',*,*,#8856,.F.);
#8856 = EDGE_CURVE('',#6012,#8857,#8859,.T.);
#8857 = VERTEX_POINT('',#8858);
#8858 = CARTESIAN_POINT('',(-27.21371748803,21.5,11.));
#8859 = B_SPLINE_CURVE_WITH_KNOTS('',4,(#8860,#8861,#8862,#8863,#8864),
  .UNSPECIFIED.,.F.,.F.,(5,5),(0.,1.),.PIECEWISE_BEZIER_KNOTS.);
#8860 = CARTESIAN_POINT('',(-27.21371748803,21.5,3.009994));
#8861 = CARTESIAN_POINT('',(-27.21371748803,21.5,5.0074955));
#8862 = CARTESIAN_POINT('',(-27.21371748803,21.5,7.004997));
#8863 = CARTESIAN_POINT('',(-27.21371748803,21.5,9.0024985));
#8864 = CARTESIAN_POINT('',(-27.21371748803,21.5,11.));
#8865 = ORIENTED_EDGE('',*,*,#6011,.T.);
#8866 = ORIENTED_EDGE('',*,*,#8867,.T.);
#8867 = EDGE_CURVE('',#6014,#8868,#8870,.T.);
#8868 = VERTEX_POINT('',#8869);
#8869 = CARTESIAN_POINT('',(-25.99760035126,-11.00507214834,
    12.480563270223));
#8870 = B_SPLINE_CURVE_WITH_KNOTS('',4,(#8871,#8872,#8873,#8874,#8875),
  .UNSPECIFIED.,.F.,.F.,(5,5),(0.,1.),.PIECEWISE_BEZIER_KNOTS.);
#8871 = CARTESIAN_POINT('',(-25.99760035172,-11.00507214865,3.009994));
#8872 = CARTESIAN_POINT('',(-25.99760035172,-11.00507214865,
    5.442304845168));
#8873 = CARTESIAN_POINT('',(-25.99760035172,-11.00507214865,
    7.874615690336));
#8874 = CARTESIAN_POINT('',(-25.99760035172,-11.00507214865,
    10.306926535504));
#8875 = CARTESIAN_POINT('',(-25.99760035172,-11.00507214865,
    12.739237380673));
#8876 = ORIENTED_EDGE('',*,*,#8877,.F.);
#8877 = EDGE_CURVE('',#3161,#8868,#8878,.T.);
#8878 = ( BOUNDED_CURVE() B_SPLINE_CURVE(9,(#8879,#8880,#8881,#8882,
    #8883,#8884,#8885,#8886,#8887,#8888,#8889,#8890,#8891,#8892,#8893,
    #8894,#8895,#8896,#8897,#8898,#8899,#8900,#8901,#8902,#8903,#8904,
    #8905,#8906,#8907,#8908,#8909,#8910,#8911,#8912,#8913,#8914,#8915,
    #8916,#8917,#8918,#8919,#8920,#8921,#8922,#8923,#8924,#8925,#8926,
#8927,#8928),.UNSPECIFIED.,.T.,.F.) B_SPLINE_CURVE_WITH_KNOTS((10,8,8,8,
    8,8,10),(0.,53.530667459247,80.29600118887,107.06133491849,
    133.82666864811,160.59200237774,214.12266983698),.UNSPECIFIED.) 
CURVE() GEOMETRIC_REPRESENTATION_ITEM() RATIONAL_B_SPLINE_CURVE((1.,1.,
    1.,1.,1.,1.,1.,1.,1.,1.,1.,1.,1.,1.,1.,1.,1.,1.,1.,1.,1.,1.,1.,1.,1.
    ,1.,1.,1.,1.,1.,1.,1.,1.,1.,1.,1.,1.,1.,1.,1.,1.,1.,1.,1.,1.,1.,1.,
1.,1.,1.)) REPRESENTATION_ITEM('') );
#8879 = CARTESIAN_POINT('',(2.387277308915E-14,45.4,12.293830150398));
#8880 = CARTESIAN_POINT('',(-5.057040599126,45.400000000003,
    12.293830150398));
#8881 = CARTESIAN_POINT('',(-10.15725172192,44.120179536377,
    12.329060696107));
#8882 = CARTESIAN_POINT('',(-15.0689683702,41.523131577777,
    12.400603273815));
#8883 = CARTESIAN_POINT('',(-19.54829537138,37.664348786094,
    12.496176928889));
#8884 = CARTESIAN_POINT('',(-23.36874056277,32.698966541966,
    12.583942979132));
#8885 = CARTESIAN_POINT('',(-26.35285768575,26.860587749862,
    12.663554323209));
#8886 = CARTESIAN_POINT('',(-28.3812453596,20.427917832706,
    12.722779795967));
#8887 = CARTESIAN_POINT('',(-29.39629457637,13.701179495699,
    12.751819980499));
#8888 = CARTESIAN_POINT('',(-29.40184123862,3.615894170807,
    12.724949678025));
#8889 = CARTESIAN_POINT('',(-29.15085228333,0.254937525089,
    12.704249258856));
#8890 = CARTESIAN_POINT('',(-28.64727383562,-3.068047630195,
    12.669919939796));
#8891 = CARTESIAN_POINT('',(-27.89508035973,-6.316062891206,
    12.619230334635));
#8892 = CARTESIAN_POINT('',(-26.90190461901,-9.453012118161,
    12.550517679131));
#8893 = CARTESIAN_POINT('',(-25.67888947529,-12.4443928324,
    12.460772311187));
#8894 = CARTESIAN_POINT('',(-24.24046142026,-15.25795348478,
    12.348952655345));
#8895 = CARTESIAN_POINT('',(-22.60402406929,-17.86430296109,
    12.222307113664));
#8896 = CARTESIAN_POINT('',(-18.97510785124,-22.6105695876,
    11.958082652224));
#8897 = CARTESIAN_POINT('',(-16.98262900751,-24.750486735,
    11.820520495587));
#8898 = CARTESIAN_POINT('',(-14.83211810368,-26.63118270199,
    11.686694793815));
#8899 = CARTESIAN_POINT('',(-12.54614941996,-28.23003857378,
    11.568931866292));
#8900 = CARTESIAN_POINT('',(-10.14949229886,-29.5283470015,
    11.475247578342));
#8901 = CARTESIAN_POINT('',(-7.668641061318,-30.51175443449,
    11.404199483724));
#8902 = CARTESIAN_POINT('',(-5.131268001087,-31.17058481132,
    11.35720801517));
#8903 = CARTESIAN_POINT('',(-2.56563399985,-31.4999999949,
    11.333635627256));
#8904 = CARTESIAN_POINT('',(2.56563399985,-31.4999999949,11.333635627256
    ));
#8905 = CARTESIAN_POINT('',(5.131268001086,-31.17058481131,
    11.35720801517));
#8906 = CARTESIAN_POINT('',(7.668641061318,-30.5117544345,
    11.404199483723));
#8907 = CARTESIAN_POINT('',(10.149492298863,-29.5283470015,
    11.475247578342));
#8908 = CARTESIAN_POINT('',(12.546149419963,-28.23003857379,
    11.568931866292));
#8909 = CARTESIAN_POINT('',(14.832118103683,-26.63118270198,
    11.686694793815));
#8910 = CARTESIAN_POINT('',(16.982629007513,-24.750486735,
    11.820520495587));
#8911 = CARTESIAN_POINT('',(18.975107851245,-22.6105695876,
    11.958082652224));
#8912 = CARTESIAN_POINT('',(22.604024069295,-17.86430296109,
    12.222307113664));
#8913 = CARTESIAN_POINT('',(24.240461420267,-15.25795348478,
    12.348952655345));
#8914 = CARTESIAN_POINT('',(25.678889475296,-12.4443928324,
    12.460772311188));
#8915 = CARTESIAN_POINT('',(26.901904619011,-9.453012118163,
    12.550517679131));
#8916 = CARTESIAN_POINT('',(27.895080359731,-6.316062891204,
    12.619230334635));
#8917 = CARTESIAN_POINT('',(28.647273835621,-3.068047630197,
    12.669919939797));
#8918 = CARTESIAN_POINT('',(29.150852283338,0.25493752509,
    12.704249258855));
#8919 = CARTESIAN_POINT('',(29.40184123862,3.615894170807,
    12.724949678025));
#8920 = CARTESIAN_POINT('',(29.396294576373,13.701179495699,
    12.751819980498));
#8921 = CARTESIAN_POINT('',(28.381245359609,20.427917832706,
    12.722779795967));
#8922 = CARTESIAN_POINT('',(26.352857685759,26.86058774986,
    12.663554323202));
#8923 = CARTESIAN_POINT('',(23.368740562768,32.698966541969,
    12.583942979147));
#8924 = CARTESIAN_POINT('',(19.548295371384,37.664348786091,
    12.496176928868));
#8925 = CARTESIAN_POINT('',(15.068968370203,41.523131577781,
    12.40060327383));
#8926 = CARTESIAN_POINT('',(10.157251721921,44.120179536375,
    12.3290606961));
#8927 = CARTESIAN_POINT('',(5.057040599126,45.400000000003,
    12.293830150397));
#8928 = CARTESIAN_POINT('',(1.900701818158E-13,45.4,12.293830150397));
#8929 = ORIENTED_EDGE('',*,*,#3160,.T.);
#8930 = ORIENTED_EDGE('',*,*,#8931,.F.);
#8931 = EDGE_CURVE('',#2734,#3146,#8932,.T.);
#8932 = ( BOUNDED_CURVE() B_SPLINE_CURVE(9,(#8933,#8934,#8935,#8936,
    #8937,#8938,#8939,#8940,#8941,#8942,#8943,#8944,#8945,#8946,#8947,
    #8948,#8949,#8950,#8951,#8952,#8953,#8954,#8955,#8956,#8957,#8958,
    #8959,#8960,#8961,#8962,#8963,#8964,#8965,#8966,#8967,#8968,#8969,
    #8970,#8971,#8972,#8973,#8974,#8975,#8976,#8977,#8978,#8979,#8980,
#8981,#8982),.UNSPECIFIED.,.T.,.F.) B_SPLINE_CURVE_WITH_KNOTS((10,8,8,8,
    8,8,10),(0.,53.530667459247,80.29600118887,107.06133491849,
    133.82666864811,160.59200237774,214.12266983698),.UNSPECIFIED.) 
CURVE() GEOMETRIC_REPRESENTATION_ITEM() RATIONAL_B_SPLINE_CURVE((1.,1.,
    1.,1.,1.,1.,1.,1.,1.,1.,1.,1.,1.,1.,1.,1.,1.,1.,1.,1.,1.,1.,1.,1.,1.
    ,1.,1.,1.,1.,1.,1.,1.,1.,1.,1.,1.,1.,1.,1.,1.,1.,1.,1.,1.,1.,1.,1.,
1.,1.,1.)) REPRESENTATION_ITEM('') );
#8933 = CARTESIAN_POINT('',(2.387277308915E-14,45.4,12.293830150398));
#8934 = CARTESIAN_POINT('',(-5.057040599126,45.400000000003,
    12.293830150398));
#8935 = CARTESIAN_POINT('',(-10.15725172192,44.120179536377,
    12.329060696107));
#8936 = CARTESIAN_POINT('',(-15.0689683702,41.523131577777,
    12.400603273815));
#8937 = CARTESIAN_POINT('',(-19.54829537138,37.664348786094,
    12.496176928889));
#8938 = CARTESIAN_POINT('',(-23.36874056277,32.698966541966,
    12.583942979132));
#8939 = CARTESIAN_POINT('',(-26.35285768575,26.860587749862,
    12.663554323209));
#8940 = CARTESIAN_POINT('',(-28.3812453596,20.427917832706,
    12.722779795967));
#8941 = CARTESIAN_POINT('',(-29.39629457637,13.701179495699,
    12.751819980499));
#8942 = CARTESIAN_POINT('',(-29.40184123862,3.615894170807,
    12.724949678025));
#8943 = CARTESIAN_POINT('',(-29.15085228333,0.254937525089,
    12.704249258856));
#8944 = CARTESIAN_POINT('',(-28.64727383562,-3.068047630195,
    12.669919939796));
#8945 = CARTESIAN_POINT('',(-27.89508035973,-6.316062891206,
    12.619230334635));
#8946 = CARTESIAN_POINT('',(-26.90190461901,-9.453012118161,
    12.550517679131));
#8947 = CARTESIAN_POINT('',(-25.67888947529,-12.4443928324,
    12.460772311187));
#8948 = CARTESIAN_POINT('',(-24.24046142026,-15.25795348478,
    12.348952655345));
#8949 = CARTESIAN_POINT('',(-22.60402406929,-17.86430296109,
    12.222307113664));
#8950 = CARTESIAN_POINT('',(-18.97510785124,-22.6105695876,
    11.958082652224));
#8951 = CARTESIAN_POINT('',(-16.98262900751,-24.750486735,
    11.820520495587));
#8952 = CARTESIAN_POINT('',(-14.83211810368,-26.63118270199,
    11.686694793815));
#8953 = CARTESIAN_POINT('',(-12.54614941996,-28.23003857378,
    11.568931866292));
#8954 = CARTESIAN_POINT('',(-10.14949229886,-29.5283470015,
    11.475247578342));
#8955 = CARTESIAN_POINT('',(-7.668641061318,-30.51175443449,
    11.404199483724));
#8956 = CARTESIAN_POINT('',(-5.131268001087,-31.17058481132,
    11.35720801517));
#8957 = CARTESIAN_POINT('',(-2.56563399985,-31.4999999949,
    11.333635627256));
#8958 = CARTESIAN_POINT('',(2.56563399985,-31.4999999949,11.333635627256
    ));
#8959 = CARTESIAN_POINT('',(5.131268001086,-31.17058481131,
    11.35720801517));
#8960 = CARTESIAN_POINT('',(7.668641061318,-30.5117544345,
    11.404199483723));
#8961 = CARTESIAN_POINT('',(10.149492298863,-29.5283470015,
    11.475247578342));
#8962 = CARTESIAN_POINT('',(12.546149419963,-28.23003857379,
    11.568931866292));
#8963 = CARTESIAN_POINT('',(14.832118103683,-26.63118270198,
    11.686694793815));
#8964 = CARTESIAN_POINT('',(16.982629007513,-24.750486735,
    11.820520495587));
#8965 = CARTESIAN_POINT('',(18.975107851245,-22.6105695876,
    11.958082652224));
#8966 = CARTESIAN_POINT('',(22.604024069295,-17.86430296109,
    12.222307113664));
#8967 = CARTESIAN_POINT('',(24.240461420267,-15.25795348478,
    12.348952655345));
#8968 = CARTESIAN_POINT('',(25.678889475296,-12.4443928324,
    12.460772311188));
#8969 = CARTESIAN_POINT('',(26.901904619011,-9.453012118163,
    12.550517679131));
#8970 = CARTESIAN_POINT('',(27.895080359731,-6.316062891204,
    12.619230334635));
#8971 = CARTESIAN_POINT('',(28.647273835621,-3.068047630197,
    12.669919939797));
#8972 = CARTESIAN_POINT('',(29.150852283338,0.25493752509,
    12.704249258855));
#8973 = CARTESIAN_POINT('',(29.40184123862,3.615894170807,
    12.724949678025));
#8974 = CARTESIAN_POINT('',(29.396294576373,13.701179495699,
    12.751819980498));
#8975 = CARTESIAN_POINT('',(28.381245359609,20.427917832706,
    12.722779795967));
#8976 = CARTESIAN_POINT('',(26.352857685759,26.86058774986,
    12.663554323202));
#8977 = CARTESIAN_POINT('',(23.368740562768,32.698966541969,
    12.583942979147));
#8978 = CARTESIAN_POINT('',(19.548295371384,37.664348786091,
    12.496176928868));
#8979 = CARTESIAN_POINT('',(15.068968370203,41.523131577781,
    12.40060327383));
#8980 = CARTESIAN_POINT('',(10.157251721921,44.120179536375,
    12.3290606961));
#8981 = CARTESIAN_POINT('',(5.057040599126,45.400000000003,
    12.293830150397));
#8982 = CARTESIAN_POINT('',(1.900701818158E-13,45.4,12.293830150397));
#8983 = ORIENTED_EDGE('',*,*,#2733,.T.);
#8984 = ORIENTED_EDGE('',*,*,#8646,.F.);
#8985 = ORIENTED_EDGE('',*,*,#2314,.T.);
#8986 = ORIENTED_EDGE('',*,*,#8987,.F.);
#8987 = EDGE_CURVE('',#8988,#2300,#8990,.T.);
#8988 = VERTEX_POINT('',#8989);
#8989 = CARTESIAN_POINT('',(-27.03398076802,22.062227903169,
    12.685151678312));
#8990 = ( BOUNDED_CURVE() B_SPLINE_CURVE(9,(#8991,#8992,#8993,#8994,
    #8995,#8996,#8997,#8998,#8999,#9000,#9001,#9002,#9003,#9004,#9005,
    #9006,#9007,#9008,#9009,#9010,#9011,#9012,#9013,#9014,#9015,#9016,
    #9017,#9018,#9019,#9020,#9021,#9022,#9023,#9024,#9025,#9026,#9027,
    #9028,#9029,#9030,#9031,#9032,#9033,#9034,#9035,#9036,#9037,#9038,
#9039,#9040),.UNSPECIFIED.,.T.,.F.) B_SPLINE_CURVE_WITH_KNOTS((10,8,8,8,
    8,8,10),(0.,53.530667459247,80.29600118887,107.06133491849,
    133.82666864811,160.59200237774,214.12266983698),.UNSPECIFIED.) 
CURVE() GEOMETRIC_REPRESENTATION_ITEM() RATIONAL_B_SPLINE_CURVE((1.,1.,
    1.,1.,1.,1.,1.,1.,1.,1.,1.,1.,1.,1.,1.,1.,1.,1.,1.,1.,1.,1.,1.,1.,1.
    ,1.,1.,1.,1.,1.,1.,1.,1.,1.,1.,1.,1.,1.,1.,1.,1.,1.,1.,1.,1.,1.,1.,
1.,1.,1.)) REPRESENTATION_ITEM('') );
#8991 = CARTESIAN_POINT('',(2.387277308915E-14,45.4,12.293830150398));
#8992 = CARTESIAN_POINT('',(-5.057040599126,45.400000000003,
    12.293830150398));
#8993 = CARTESIAN_POINT('',(-10.15725172192,44.120179536377,
    12.329060696107));
#8994 = CARTESIAN_POINT('',(-15.0689683702,41.523131577777,
    12.400603273815));
#8995 = CARTESIAN_POINT('',(-19.54829537138,37.664348786094,
    12.496176928889));
#8996 = CARTESIAN_POINT('',(-23.36874056277,32.698966541966,
    12.583942979132));
#8997 = CARTESIAN_POINT('',(-26.35285768575,26.860587749862,
    12.663554323209));
#8998 = CARTESIAN_POINT('',(-28.3812453596,20.427917832706,
    12.722779795967));
#8999 = CARTESIAN_POINT('',(-29.39629457637,13.701179495699,
    12.751819980499));
#9000 = CARTESIAN_POINT('',(-29.40184123862,3.615894170807,
    12.724949678025));
#9001 = CARTESIAN_POINT('',(-29.15085228333,0.254937525089,
    12.704249258856));
#9002 = CARTESIAN_POINT('',(-28.64727383562,-3.068047630195,
    12.669919939796));
#9003 = CARTESIAN_POINT('',(-27.89508035973,-6.316062891206,
    12.619230334635));
#9004 = CARTESIAN_POINT('',(-26.90190461901,-9.453012118161,
    12.550517679131));
#9005 = CARTESIAN_POINT('',(-25.67888947529,-12.4443928324,
    12.460772311187));
#9006 = CARTESIAN_POINT('',(-24.24046142026,-15.25795348478,
    12.348952655345));
#9007 = CARTESIAN_POINT('',(-22.60402406929,-17.86430296109,
    12.222307113664));
#9008 = CARTESIAN_POINT('',(-18.97510785124,-22.6105695876,
    11.958082652224));
#9009 = CARTESIAN_POINT('',(-16.98262900751,-24.750486735,
    11.820520495587));
#9010 = CARTESIAN_POINT('',(-14.83211810368,-26.63118270199,
    11.686694793815));
#9011 = CARTESIAN_POINT('',(-12.54614941996,-28.23003857378,
    11.568931866292));
#9012 = CARTESIAN_POINT('',(-10.14949229886,-29.5283470015,
    11.475247578342));
#9013 = CARTESIAN_POINT('',(-7.668641061318,-30.51175443449,
    11.404199483724));
#9014 = CARTESIAN_POINT('',(-5.131268001087,-31.17058481132,
    11.35720801517));
#9015 = CARTESIAN_POINT('',(-2.56563399985,-31.4999999949,
    11.333635627256));
#9016 = CARTESIAN_POINT('',(2.56563399985,-31.4999999949,11.333635627256
    ));
#9017 = CARTESIAN_POINT('',(5.131268001086,-31.17058481131,
    11.35720801517));
#9018 = CARTESIAN_POINT('',(7.668641061318,-30.5117544345,
    11.404199483723));
#9019 = CARTESIAN_POINT('',(10.149492298863,-29.5283470015,
    11.475247578342));
#9020 = CARTESIAN_POINT('',(12.546149419963,-28.23003857379,
    11.568931866292));
#9021 = CARTESIAN_POINT('',(14.832118103683,-26.63118270198,
    11.686694793815));
#9022 = CARTESIAN_POINT('',(16.982629007513,-24.750486735,
    11.820520495587));
#9023 = CARTESIAN_POINT('',(18.975107851245,-22.6105695876,
    11.958082652224));
#9024 = CARTESIAN_POINT('',(22.604024069295,-17.86430296109,
    12.222307113664));
#9025 = CARTESIAN_POINT('',(24.240461420267,-15.25795348478,
    12.348952655345));
#9026 = CARTESIAN_POINT('',(25.678889475296,-12.4443928324,
    12.460772311188));
#9027 = CARTESIAN_POINT('',(26.901904619011,-9.453012118163,
    12.550517679131));
#9028 = CARTESIAN_POINT('',(27.895080359731,-6.316062891204,
    12.619230334635));
#9029 = CARTESIAN_POINT('',(28.647273835621,-3.068047630197,
    12.669919939797));
#9030 = CARTESIAN_POINT('',(29.150852283338,0.25493752509,
    12.704249258855));
#9031 = CARTESIAN_POINT('',(29.40184123862,3.615894170807,
    12.724949678025));
#9032 = CARTESIAN_POINT('',(29.396294576373,13.701179495699,
    12.751819980498));
#9033 = CARTESIAN_POINT('',(28.381245359609,20.427917832706,
    12.722779795967));
#9034 = CARTESIAN_POINT('',(26.352857685759,26.86058774986,
    12.663554323202));
#9035 = CARTESIAN_POINT('',(23.368740562768,32.698966541969,
    12.583942979147));
#9036 = CARTESIAN_POINT('',(19.548295371384,37.664348786091,
    12.496176928868));
#9037 = CARTESIAN_POINT('',(15.068968370203,41.523131577781,
    12.40060327383));
#9038 = CARTESIAN_POINT('',(10.157251721921,44.120179536375,
    12.3290606961));
#9039 = CARTESIAN_POINT('',(5.057040599126,45.400000000003,
    12.293830150397));
#9040 = CARTESIAN_POINT('',(1.900701818158E-13,45.4,12.293830150397));
#9041 = ORIENTED_EDGE('',*,*,#9042,.F.);
#9042 = EDGE_CURVE('',#9043,#8988,#9045,.T.);
#9043 = VERTEX_POINT('',#9044);
#9044 = CARTESIAN_POINT('',(-27.0339807682,22.062227903449,11.));
#9045 = B_SPLINE_CURVE_WITH_KNOTS('',4,(#9046,#9047,#9048,#9049,#9050),
  .UNSPECIFIED.,.F.,.F.,(5,5),(0.,1.),.PIECEWISE_BEZIER_KNOTS.);
#9046 = CARTESIAN_POINT('',(-27.0339807682,22.062227903449,3.009994));
#9047 = CARTESIAN_POINT('',(-27.0339807682,22.062227903449,
    5.442304845168));
#9048 = CARTESIAN_POINT('',(-27.0339807682,22.062227903449,
    7.874615690336));
#9049 = CARTESIAN_POINT('',(-27.0339807682,22.062227903449,
    10.306926535504));
#9050 = CARTESIAN_POINT('',(-27.0339807682,22.062227903449,
    12.739237380673));
#9051 = ORIENTED_EDGE('',*,*,#9052,.F.);
#9052 = EDGE_CURVE('',#8857,#9043,#9053,.T.);
#9053 = B_SPLINE_CURVE_WITH_KNOTS('',4,(#9054,#9055,#9056,#9057,#9058),
  .UNSPECIFIED.,.F.,.F.,(5,5),(0.,1.),.PIECEWISE_BEZIER_KNOTS.);
#9054 = CARTESIAN_POINT('',(-27.21371748803,21.5,11.));
#9055 = CARTESIAN_POINT('',(-27.06786284798,21.966598313688,11.));
#9056 = CARTESIAN_POINT('',(-26.91537766579,22.431122914394,11.));
#9057 = CARTESIAN_POINT('',(-26.75622541894,22.893407441259,11.));
#9058 = CARTESIAN_POINT('',(-26.59036676939,23.353272061222,11.));
#9059 = FACE_BOUND('',#9060,.F.);
#9060 = EDGE_LOOP('',(#9061,#9062));
#9061 = ORIENTED_EDGE('',*,*,#4689,.T.);
#9062 = ORIENTED_EDGE('',*,*,#4777,.T.);
#9063 = FACE_BOUND('',#9064,.F.);
#9064 = EDGE_LOOP('',(#9065,#9066));
#9065 = ORIENTED_EDGE('',*,*,#4840,.T.);
#9066 = ORIENTED_EDGE('',*,*,#4913,.T.);
#9067 = FACE_BOUND('',#9068,.F.);
#9068 = EDGE_LOOP('',(#9069,#9070));
#9069 = ORIENTED_EDGE('',*,*,#4966,.T.);
#9070 = ORIENTED_EDGE('',*,*,#5024,.T.);
#9071 = B_SPLINE_SURFACE_WITH_KNOTS('',14,1,(
    (#9072,#9073)
    ,(#9074,#9075)
    ,(#9076,#9077)
    ,(#9078,#9079)
    ,(#9080,#9081)
    ,(#9082,#9083)
    ,(#9084,#9085)
    ,(#9086,#9087)
    ,(#9088,#9089)
    ,(#9090,#9091)
    ,(#9092,#9093)
    ,(#9094,#9095)
    ,(#9096,#9097)
    ,(#9098,#9099)
    ,(#9100,#9101
    )),.UNSPECIFIED.,.T.,.F.,.F.,(15,15),(2,2),(0.,6.28318530718),(0.,1.
    ),.PIECEWISE_BEZIER_KNOTS.);
#9072 = CARTESIAN_POINT('',(2.387277308915E-14,45.4,3.));
#9073 = CARTESIAN_POINT('',(2.387277308915E-14,45.4,13.));
#9074 = CARTESIAN_POINT('',(-13.19468914508,45.400000000007,3.));
#9075 = CARTESIAN_POINT('',(-13.19468914508,45.400000000007,13.));
#9076 = CARTESIAN_POINT('',(-26.38938316061,37.059642811853,
    2.999999999999));
#9077 = CARTESIAN_POINT('',(-26.38938316061,37.059642811853,13.));
#9078 = CARTESIAN_POINT('',(-36.24488878925,20.378917773348,
    3.000000000002));
#9079 = CARTESIAN_POINT('',(-36.24488878925,20.378917773348,
    12.999999999996));
#9080 = CARTESIAN_POINT('',(-39.42238931727,-2.147678136759,
    2.999999999998));
#9081 = CARTESIAN_POINT('',(-39.42238931727,-2.147678136759,
    13.000000000017));
#9082 = CARTESIAN_POINT('',(-33.77991971371,-25.53162414242,
    2.999999999999));
#9083 = CARTESIAN_POINT('',(-33.77991971371,-25.53162414242,
    12.999999999957));
#9084 = CARTESIAN_POINT('',(-19.57702621074,-43.38265342888,
    3.000000000004));
#9085 = CARTESIAN_POINT('',(-19.57702621074,-43.38265342888,
    13.000000000076));
#9086 = CARTESIAN_POINT('',(-4.214797399982E-10,-50.10320974865,
    2.999999999992));
#9087 = CARTESIAN_POINT('',(-4.214797399982E-10,-50.10320974865,
    12.9999999999));
#9088 = CARTESIAN_POINT('',(19.577026211518,-43.38265342888,
    3.000000000009));
#9089 = CARTESIAN_POINT('',(19.577026211518,-43.38265342888,
    13.000000000102));
#9090 = CARTESIAN_POINT('',(33.779919713125,-25.53162414241,
    2.999999999992));
#9091 = CARTESIAN_POINT('',(33.779919713125,-25.53162414241,
    12.999999999918));
#9092 = CARTESIAN_POINT('',(39.422389317648,-2.147678136769,
    3.000000000005));
#9093 = CARTESIAN_POINT('',(39.422389317648,-2.147678136769,
    13.000000000052));
#9094 = CARTESIAN_POINT('',(36.24488878907,20.378917773354,
    2.999999999997));
#9095 = CARTESIAN_POINT('',(36.24488878907,20.378917773354,
    12.999999999974));
#9096 = CARTESIAN_POINT('',(26.389383160681,37.05964281185,
    3.000000000001));
#9097 = CARTESIAN_POINT('',(26.389383160681,37.05964281185,
    13.000000000009));
#9098 = CARTESIAN_POINT('',(13.194689145071,45.400000000008,3.));
#9099 = CARTESIAN_POINT('',(13.194689145071,45.400000000008,
    12.999999999998));
#9100 = CARTESIAN_POINT('',(-3.458587638071E-14,45.4,3.));
#9101 = CARTESIAN_POINT('',(-3.458587638071E-14,45.4,13.));
#9102 = ADVANCED_FACE('',(#9103),#9221,.T.);
#9103 = FACE_BOUND('',#9104,.T.);
#9104 = EDGE_LOOP('',(#9105,#9162,#9168,#9169,#9170,#9171,#9181,#9213));
#9105 = ORIENTED_EDGE('',*,*,#9106,.F.);
#9106 = EDGE_CURVE('',#9107,#9109,#9111,.T.);
#9107 = VERTEX_POINT('',#9108);
#9108 = CARTESIAN_POINT('',(2.387277308915E-14,45.4,12.293830150398));
#9109 = VERTEX_POINT('',#9110);
#9110 = CARTESIAN_POINT('',(-24.84949481261,27.498336542321,
    12.629935171088));
#9111 = ( BOUNDED_CURVE() B_SPLINE_CURVE(9,(#9112,#9113,#9114,#9115,
    #9116,#9117,#9118,#9119,#9120,#9121,#9122,#9123,#9124,#9125,#9126,
    #9127,#9128,#9129,#9130,#9131,#9132,#9133,#9134,#9135,#9136,#9137,
    #9138,#9139,#9140,#9141,#9142,#9143,#9144,#9145,#9146,#9147,#9148,
    #9149,#9150,#9151,#9152,#9153,#9154,#9155,#9156,#9157,#9158,#9159,
#9160,#9161),.UNSPECIFIED.,.T.,.F.) B_SPLINE_CURVE_WITH_KNOTS((10,8,8,8,
    8,8,10),(0.,53.530667459247,80.29600118887,107.06133491849,
    133.82666864811,160.59200237774,214.12266983698),.UNSPECIFIED.) 
CURVE() GEOMETRIC_REPRESENTATION_ITEM() RATIONAL_B_SPLINE_CURVE((1.,1.,
    1.,1.,1.,1.,1.,1.,1.,1.,1.,1.,1.,1.,1.,1.,1.,1.,1.,1.,1.,1.,1.,1.,1.
    ,1.,1.,1.,1.,1.,1.,1.,1.,1.,1.,1.,1.,1.,1.,1.,1.,1.,1.,1.,1.,1.,1.,
1.,1.,1.)) REPRESENTATION_ITEM('') );
#9112 = CARTESIAN_POINT('',(2.387277308915E-14,45.4,12.293830150398));
#9113 = CARTESIAN_POINT('',(-5.057040599126,45.400000000003,
    12.293830150398));
#9114 = CARTESIAN_POINT('',(-10.15725172192,44.120179536377,
    12.329060696107));
#9115 = CARTESIAN_POINT('',(-15.0689683702,41.523131577777,
    12.400603273815));
#9116 = CARTESIAN_POINT('',(-19.54829537138,37.664348786094,
    12.496176928889));
#9117 = CARTESIAN_POINT('',(-23.36874056277,32.698966541966,
    12.583942979132));
#9118 = CARTESIAN_POINT('',(-26.35285768575,26.860587749862,
    12.663554323209));
#9119 = CARTESIAN_POINT('',(-28.3812453596,20.427917832706,
    12.722779795967));
#9120 = CARTESIAN_POINT('',(-29.39629457637,13.701179495699,
    12.751819980499));
#9121 = CARTESIAN_POINT('',(-29.40184123862,3.615894170807,
    12.724949678025));
#9122 = CARTESIAN_POINT('',(-29.15085228333,0.254937525089,
    12.704249258856));
#9123 = CARTESIAN_POINT('',(-28.64727383562,-3.068047630195,
    12.669919939796));
#9124 = CARTESIAN_POINT('',(-27.89508035973,-6.316062891206,
    12.619230334635));
#9125 = CARTESIAN_POINT('',(-26.90190461901,-9.453012118161,
    12.550517679131));
#9126 = CARTESIAN_POINT('',(-25.67888947529,-12.4443928324,
    12.460772311187));
#9127 = CARTESIAN_POINT('',(-24.24046142026,-15.25795348478,
    12.348952655345));
#9128 = CARTESIAN_POINT('',(-22.60402406929,-17.86430296109,
    12.222307113664));
#9129 = CARTESIAN_POINT('',(-18.97510785124,-22.6105695876,
    11.958082652224));
#9130 = CARTESIAN_POINT('',(-16.98262900751,-24.750486735,
    11.820520495587));
#9131 = CARTESIAN_POINT('',(-14.83211810368,-26.63118270199,
    11.686694793815));
#9132 = CARTESIAN_POINT('',(-12.54614941996,-28.23003857378,
    11.568931866292));
#9133 = CARTESIAN_POINT('',(-10.14949229886,-29.5283470015,
    11.475247578342));
#9134 = CARTESIAN_POINT('',(-7.668641061318,-30.51175443449,
    11.404199483724));
#9135 = CARTESIAN_POINT('',(-5.131268001087,-31.17058481132,
    11.35720801517));
#9136 = CARTESIAN_POINT('',(-2.56563399985,-31.4999999949,
    11.333635627256));
#9137 = CARTESIAN_POINT('',(2.56563399985,-31.4999999949,11.333635627256
    ));
#9138 = CARTESIAN_POINT('',(5.131268001086,-31.17058481131,
    11.35720801517));
#9139 = CARTESIAN_POINT('',(7.668641061318,-30.5117544345,
    11.404199483723));
#9140 = CARTESIAN_POINT('',(10.149492298863,-29.5283470015,
    11.475247578342));
#9141 = CARTESIAN_POINT('',(12.546149419963,-28.23003857379,
    11.568931866292));
#9142 = CARTESIAN_POINT('',(14.832118103683,-26.63118270198,
    11.686694793815));
#9143 = CARTESIAN_POINT('',(16.982629007513,-24.750486735,
    11.820520495587));
#9144 = CARTESIAN_POINT('',(18.975107851245,-22.6105695876,
    11.958082652224));
#9145 = CARTESIAN_POINT('',(22.604024069295,-17.86430296109,
    12.222307113664));
#9146 = CARTESIAN_POINT('',(24.240461420267,-15.25795348478,
    12.348952655345));
#9147 = CARTESIAN_POINT('',(25.678889475296,-12.4443928324,
    12.460772311188));
#9148 = CARTESIAN_POINT('',(26.901904619011,-9.453012118163,
    12.550517679131));
#9149 = CARTESIAN_POINT('',(27.895080359731,-6.316062891204,
    12.619230334635));
#9150 = CARTESIAN_POINT('',(28.647273835621,-3.068047630197,
    12.669919939797));
#9151 = CARTESIAN_POINT('',(29.150852283338,0.25493752509,
    12.704249258855));
#9152 = CARTESIAN_POINT('',(29.40184123862,3.615894170807,
    12.724949678025));
#9153 = CARTESIAN_POINT('',(29.396294576373,13.701179495699,
    12.751819980498));
#9154 = CARTESIAN_POINT('',(28.381245359609,20.427917832706,
    12.722779795967));
#9155 = CARTESIAN_POINT('',(26.352857685759,26.86058774986,
    12.663554323202));
#9156 = CARTESIAN_POINT('',(23.368740562768,32.698966541969,
    12.583942979147));
#9157 = CARTESIAN_POINT('',(19.548295371384,37.664348786091,
    12.496176928868));
#9158 = CARTESIAN_POINT('',(15.068968370203,41.523131577781,
    12.40060327383));
#9159 = CARTESIAN_POINT('',(10.157251721921,44.120179536375,
    12.3290606961));
#9160 = CARTESIAN_POINT('',(5.057040599126,45.400000000003,
    12.293830150397));
#9161 = CARTESIAN_POINT('',(1.900701818158E-13,45.4,12.293830150397));
#9162 = ORIENTED_EDGE('',*,*,#9163,.T.);
#9163 = EDGE_CURVE('',#9107,#7167,#9164,.T.);
#9164 = ( BOUNDED_CURVE() B_SPLINE_CURVE(2,(#9165,#9166,#9167),
.UNSPECIFIED.,.F.,.F.) B_SPLINE_CURVE_WITH_KNOTS((3,3),(0.,
214.12266983698),.PIECEWISE_BEZIER_KNOTS.) CURVE() 
GEOMETRIC_REPRESENTATION_ITEM() RATIONAL_B_SPLINE_CURVE((1.,
0.973396366858,1.)) REPRESENTATION_ITEM('') );
#9165 = CARTESIAN_POINT('',(2.387277308915E-14,45.4,12.293830150398));
#9166 = CARTESIAN_POINT('',(2.668308282661E-14,45.4,13.));
#9167 = CARTESIAN_POINT('',(2.376905682895E-14,45.085002922078,
    13.632022703222));
#9168 = ORIENTED_EDGE('',*,*,#7175,.T.);
#9169 = ORIENTED_EDGE('',*,*,#2299,.T.);
#9170 = ORIENTED_EDGE('',*,*,#8987,.F.);
#9171 = ORIENTED_EDGE('',*,*,#9172,.F.);
#9172 = EDGE_CURVE('',#9173,#8988,#9175,.T.);
#9173 = VERTEX_POINT('',#9174);
#9174 = CARTESIAN_POINT('',(-27.02243010341,22.04426068456,13.));
#9175 = B_SPLINE_CURVE_WITH_KNOTS('',4,(#9176,#9177,#9178,#9179,#9180),
  .UNSPECIFIED.,.F.,.F.,(5,5),(0.,1.),.PIECEWISE_BEZIER_KNOTS.);
#9176 = CARTESIAN_POINT('',(-27.02242331669,22.044250196286,
    13.000092058274));
#9177 = CARTESIAN_POINT('',(-27.0282105867,22.053193865743,
    12.92160257244));
#9178 = CARTESIAN_POINT('',(-27.03206191471,22.059223365621,
    12.842786367459));
#9179 = CARTESIAN_POINT('',(-27.03397996128,22.062226640058,
    12.7638876327));
#9180 = CARTESIAN_POINT('',(-27.03398076802,22.062227903169,
    12.685151678312));
#9181 = ORIENTED_EDGE('',*,*,#9182,.F.);
#9182 = EDGE_CURVE('',#9183,#9173,#9185,.T.);
#9183 = VERTEX_POINT('',#9184);
#9184 = CARTESIAN_POINT('',(-24.8206979247,27.505203976432,13.));
#9185 = B_SPLINE_CURVE_WITH_KNOTS('',6,(#9186,#9187,#9188,#9189,#9190,
    #9191,#9192,#9193,#9194,#9195,#9196,#9197,#9198,#9199,#9200,#9201,
    #9202,#9203,#9204,#9205,#9206,#9207,#9208,#9209,#9210,#9211,#9212),
  .UNSPECIFIED.,.F.,.F.,(7,5,5,5,5,7),(0.,4.102108205952E-02,
    0.788659417535,0.897398604117,0.948191188744,1.),.UNSPECIFIED.);
#9186 = CARTESIAN_POINT('',(-24.77450959469,27.6,13.));
#9187 = CARTESIAN_POINT('',(-24.7974591862,27.553050791071,13.));
#9188 = CARTESIAN_POINT('',(-24.82034079755,27.506060131676,13.));
#9189 = CARTESIAN_POINT('',(-24.84315558072,27.459025806979,13.));
#9190 = CARTESIAN_POINT('',(-24.86590396783,27.411947068692,13.));
#9191 = CARTESIAN_POINT('',(-24.88858567115,27.364824635077,13.));
#9192 = CARTESIAN_POINT('',(-25.32335610158,26.458064334138,13.));
#9193 = CARTESIAN_POINT('',(-25.71319790026,25.584330851427,13.));
#9194 = CARTESIAN_POINT('',(-26.08054852234,24.697616133286,13.));
#9195 = CARTESIAN_POINT('',(-26.42527504338,23.799039356194,13.));
#9196 = CARTESIAN_POINT('',(-26.74727924266,22.889679086497,13.));
#9197 = CARTESIAN_POINT('',(-27.09000657124,21.836894065224,13.));
#9198 = CARTESIAN_POINT('',(-27.13304242478,21.703009737876,13.));
#9199 = CARTESIAN_POINT('',(-27.17559584311,21.568922460956,13.));
#9200 = CARTESIAN_POINT('',(-27.21766661081,21.434635418253,13.));
#9201 = CARTESIAN_POINT('',(-27.25925452279,21.300151777598,13.));
#9202 = CARTESIAN_POINT('',(-27.31955965811,21.102566391295,13.));
#9203 = CARTESIAN_POINT('',(-27.33865784242,21.039605053262,13.));
#9204 = CARTESIAN_POINT('',(-27.35765382982,20.976591034652,13.));
#9205 = CARTESIAN_POINT('',(-27.37654751387,20.913524693793,13.));
#9206 = CARTESIAN_POINT('',(-27.39533878917,20.850406389456,13.));
#9207 = CARTESIAN_POINT('',(-27.43309022672,20.722802707787,13.));
#9208 = CARTESIAN_POINT('',(-27.4520428646,20.658326689679,13.));
#9209 = CARTESIAN_POINT('',(-27.47088566614,20.593807988965,13.));
#9210 = CARTESIAN_POINT('',(-27.48961867028,20.529246740375,13.));
#9211 = CARTESIAN_POINT('',(-27.50824175368,20.464643650942,13.));
#9212 = CARTESIAN_POINT('',(-27.52675463076,20.4,13.));
#9213 = ORIENTED_EDGE('',*,*,#9214,.T.);
#9214 = EDGE_CURVE('',#9183,#9109,#9215,.T.);
#9215 = B_SPLINE_CURVE_WITH_KNOTS('',4,(#9216,#9217,#9218,#9219,#9220),
  .UNSPECIFIED.,.F.,.F.,(5,5),(0.,1.),.PIECEWISE_BEZIER_KNOTS.);
#9216 = CARTESIAN_POINT('',(-24.8206835612,27.505207339425,
    13.000092058274));
#9217 = CARTESIAN_POINT('',(-24.83507571827,27.501837665244,
    12.907861628915));
#9218 = CARTESIAN_POINT('',(-24.84470977053,27.499498639278,
    12.815220172278));
#9219 = CARTESIAN_POINT('',(-24.84949783316,27.498335808847,
    12.722477319792));
#9220 = CARTESIAN_POINT('',(-24.84949481261,27.498336542321,
    12.629935171088));
#9221 = ( BOUNDED_SURFACE() B_SPLINE_SURFACE(2,9,(
    (#9222,#9223,#9224,#9225,#9226,#9227,#9228,#9229,#9230,#9231,#9232
      ,#9233,#9234,#9235,#9236,#9237,#9238,#9239,#9240,#9241,#9242,#9243
      ,#9244,#9245,#9246,#9247,#9248,#9249,#9250,#9251,#9252,#9253,#9254
      ,#9255,#9256,#9257,#9258,#9259,#9260,#9261,#9262,#9263,#9264,#9265
      ,#9266,#9267,#9268,#9269,#9270,#9271)
    ,(#9272,#9273,#9274,#9275,#9276,#9277,#9278,#9279,#9280,#9281,#9282
      ,#9283,#9284,#9285,#9286,#9287,#9288,#9289,#9290,#9291,#9292,#9293
      ,#9294,#9295,#9296,#9297,#9298,#9299,#9300,#9301,#9302,#9303,#9304
      ,#9305,#9306,#9307,#9308,#9309,#9310,#9311,#9312,#9313,#9314,#9315
      ,#9316,#9317,#9318,#9319,#9320,#9321)
    ,(#9322,#9323,#9324,#9325,#9326,#9327,#9328,#9329,#9330,#9331,#9332
      ,#9333,#9334,#9335,#9336,#9337,#9338,#9339,#9340,#9341,#9342,#9343
      ,#9344,#9345,#9346,#9347,#9348,#9349,#9350,#9351,#9352,#9353,#9354
      ,#9355,#9356,#9357,#9358,#9359,#9360,#9361,#9362,#9363,#9364,#9365
      ,#9366,#9367,#9368,#9369,#9370,#9371
)),.UNSPECIFIED.,.F.,.F.,.F.) B_SPLINE_SURFACE_WITH_KNOTS((3,3),(10,8,8,
    8,8,8,10),(0.,214.12266983698),(0.,53.530667459247,80.29600118887,
    107.06133491849,133.82666864811,160.59200237774,214.12266983698),
.UNSPECIFIED.) GEOMETRIC_REPRESENTATION_ITEM() RATIONAL_B_SPLINE_SURFACE
((
    (1.,1.,1.,1.,1.,1.,1.,1.,1.,1.,1.,1.,1.,1.,1.,1.,1.,1.,1.,1.,1.,1.
      ,1.,1.,1.,1.,1.,1.,1.,1.,1.,1.,1.,1.,1.,1.,1.,1.,1.,1.,1.,1.,1.,1.
      ,1.,1.,1.,1.,1.,1.)
    ,(0.973396366858,0.973396366858,0.975913147164,0.980997386712
      ,0.987446404082,0.991326499793,0.9942908672,0.995714429781
      ,0.99661479856,0.995828221304,0.995199705383,0.994178276866
      ,0.992344003845,0.989655899878,0.985337340606,0.978098844432
      ,0.967811655037,0.943457876077,0.929384486182,0.914414162761
      ,0.900774381266,0.890279999497,0.88214234332,0.876863076964
      ,0.874194669342,0.874194669342,0.876863076964,0.882142343319
      ,0.890279999498,0.900774381266,0.914414162762,0.929384486182
      ,0.943457876077,0.967811655037,0.978098844432,0.985337340606
      ,0.989655899878,0.992344003845,0.994178276866,0.995199705383
      ,0.995828221304,0.99661479856,0.995714429781,0.9942908672
      ,0.991326499793,0.987446404082,0.980997386712,0.975913147164
      ,0.973396366858,0.973396366858)
    ,(1.,1.,1.,1.,1.,1.,1.,1.,1.,1.,1.,1.,1.,1.,1.,1.,1.,1.,1.,1.,1.,1.
      ,1.,1.,1.,1.,1.,1.,1.,1.,1.,1.,1.,1.,1.,1.,1.,1.,1.,1.,1.,1.,1.,1.
,1.,1.,1.,1.,1.,1.))) REPRESENTATION_ITEM('') SURFACE() );
#9222 = CARTESIAN_POINT('',(2.387277308915E-14,45.4,12.293830150398));
#9223 = CARTESIAN_POINT('',(-5.057040599126,45.400000000003,
    12.293830150398));
#9224 = CARTESIAN_POINT('',(-10.15725172192,44.120179536377,
    12.329060696107));
#9225 = CARTESIAN_POINT('',(-15.0689683702,41.523131577777,
    12.400603273815));
#9226 = CARTESIAN_POINT('',(-19.54829537138,37.664348786094,
    12.496176928889));
#9227 = CARTESIAN_POINT('',(-23.36874056277,32.698966541966,
    12.583942979132));
#9228 = CARTESIAN_POINT('',(-26.35285768575,26.860587749862,
    12.663554323209));
#9229 = CARTESIAN_POINT('',(-28.3812453596,20.427917832706,
    12.722779795967));
#9230 = CARTESIAN_POINT('',(-29.39629457637,13.701179495699,
    12.751819980499));
#9231 = CARTESIAN_POINT('',(-29.40184123862,3.615894170807,
    12.724949678025));
#9232 = CARTESIAN_POINT('',(-29.15085228333,0.254937525089,
    12.704249258856));
#9233 = CARTESIAN_POINT('',(-28.64727383562,-3.068047630195,
    12.669919939796));
#9234 = CARTESIAN_POINT('',(-27.89508035973,-6.316062891206,
    12.619230334635));
#9235 = CARTESIAN_POINT('',(-26.90190461901,-9.453012118161,
    12.550517679131));
#9236 = CARTESIAN_POINT('',(-25.67888947529,-12.4443928324,
    12.460772311187));
#9237 = CARTESIAN_POINT('',(-24.24046142026,-15.25795348478,
    12.348952655345));
#9238 = CARTESIAN_POINT('',(-22.60402406929,-17.86430296109,
    12.222307113664));
#9239 = CARTESIAN_POINT('',(-18.97510785124,-22.6105695876,
    11.958082652224));
#9240 = CARTESIAN_POINT('',(-16.98262900751,-24.750486735,
    11.820520495587));
#9241 = CARTESIAN_POINT('',(-14.83211810368,-26.63118270199,
    11.686694793815));
#9242 = CARTESIAN_POINT('',(-12.54614941996,-28.23003857378,
    11.568931866292));
#9243 = CARTESIAN_POINT('',(-10.14949229886,-29.5283470015,
    11.475247578342));
#9244 = CARTESIAN_POINT('',(-7.668641061318,-30.51175443449,
    11.404199483724));
#9245 = CARTESIAN_POINT('',(-5.131268001087,-31.17058481132,
    11.35720801517));
#9246 = CARTESIAN_POINT('',(-2.56563399985,-31.4999999949,
    11.333635627256));
#9247 = CARTESIAN_POINT('',(2.56563399985,-31.4999999949,11.333635627256
    ));
#9248 = CARTESIAN_POINT('',(5.131268001086,-31.17058481131,
    11.35720801517));
#9249 = CARTESIAN_POINT('',(7.668641061318,-30.5117544345,
    11.404199483723));
#9250 = CARTESIAN_POINT('',(10.149492298863,-29.5283470015,
    11.475247578342));
#9251 = CARTESIAN_POINT('',(12.546149419963,-28.23003857379,
    11.568931866292));
#9252 = CARTESIAN_POINT('',(14.832118103683,-26.63118270198,
    11.686694793815));
#9253 = CARTESIAN_POINT('',(16.982629007513,-24.750486735,
    11.820520495587));
#9254 = CARTESIAN_POINT('',(18.975107851245,-22.6105695876,
    11.958082652224));
#9255 = CARTESIAN_POINT('',(22.604024069295,-17.86430296109,
    12.222307113664));
#9256 = CARTESIAN_POINT('',(24.240461420267,-15.25795348478,
    12.348952655345));
#9257 = CARTESIAN_POINT('',(25.678889475296,-12.4443928324,
    12.460772311188));
#9258 = CARTESIAN_POINT('',(26.901904619011,-9.453012118163,
    12.550517679131));
#9259 = CARTESIAN_POINT('',(27.895080359731,-6.316062891204,
    12.619230334635));
#9260 = CARTESIAN_POINT('',(28.647273835621,-3.068047630197,
    12.669919939797));
#9261 = CARTESIAN_POINT('',(29.150852283338,0.25493752509,
    12.704249258855));
#9262 = CARTESIAN_POINT('',(29.40184123862,3.615894170807,
    12.724949678025));
#9263 = CARTESIAN_POINT('',(29.396294576373,13.701179495699,
    12.751819980498));
#9264 = CARTESIAN_POINT('',(28.381245359609,20.427917832706,
    12.722779795967));
#9265 = CARTESIAN_POINT('',(26.352857685759,26.86058774986,
    12.663554323202));
#9266 = CARTESIAN_POINT('',(23.368740562768,32.698966541969,
    12.583942979147));
#9267 = CARTESIAN_POINT('',(19.548295371384,37.664348786091,
    12.496176928868));
#9268 = CARTESIAN_POINT('',(15.068968370203,41.523131577781,
    12.40060327383));
#9269 = CARTESIAN_POINT('',(10.157251721921,44.120179536375,
    12.3290606961));
#9270 = CARTESIAN_POINT('',(5.057040599126,45.400000000003,
    12.293830150397));
#9271 = CARTESIAN_POINT('',(1.900701818158E-13,45.4,12.293830150397));
#9272 = CARTESIAN_POINT('',(2.668308282661E-14,45.4,13.));
#9273 = CARTESIAN_POINT('',(-5.057040599126,45.400000000003,13.));
#9274 = CARTESIAN_POINT('',(-10.13185867358,44.123336308419,
    13.000449508991));
#9275 = CARTESIAN_POINT('',(-14.99770398601,41.553489103816,
    13.001628284168));
#9276 = CARTESIAN_POINT('',(-19.48536517639,37.74243602202,
    13.001587625717));
#9277 = CARTESIAN_POINT('',(-23.35390473778,32.744444450096,
    13.00067735286));
#9278 = CARTESIAN_POINT('',(-26.34222491209,26.887263638447,
    13.000449231003));
#9279 = CARTESIAN_POINT('',(-28.38146596739,20.440305218735,
    13.000163014911));
#9280 = CARTESIAN_POINT('',(-29.39629652201,13.697641806103,
    12.999930931521));
#9281 = CARTESIAN_POINT('',(-29.40184172541,3.615009049827,
    12.999982757563));
#9282 = CARTESIAN_POINT('',(-29.15071025259,0.251342193472,
    13.000094112149));
#9283 = CARTESIAN_POINT('',(-28.64584979843,-3.078194431205,
    13.000196458626));
#9284 = CARTESIAN_POINT('',(-27.89146605272,-6.331917810166,
    13.000817674599));
#9285 = CARTESIAN_POINT('',(-26.893916227,-9.480326224044,
    13.001483746931));
#9286 = CARTESIAN_POINT('',(-25.66152213626,-12.48664754687,
    13.003012354928));
#9287 = CARTESIAN_POINT('',(-24.2119050009,-15.30613284829,
    13.006739077504));
#9288 = CARTESIAN_POINT('',(-22.58119477627,-17.89416143813,
    13.011237457226));
#9289 = CARTESIAN_POINT('',(-18.9516892584,-22.64119881102,
    13.018619636815));
#9290 = CARTESIAN_POINT('',(-16.92871454766,-24.80792100145,
    13.021482111422));
#9291 = CARTESIAN_POINT('',(-14.74960445306,-26.69959843481,
    13.022015088841));
#9292 = CARTESIAN_POINT('',(-12.46361942074,-28.27637507868,
    13.017321809655));
#9293 = CARTESIAN_POINT('',(-10.0868131714,-29.55347811549,
    13.011436944092));
#9294 = CARTESIAN_POINT('',(-7.628411875002,-30.52088905223,
    13.006101590699));
#9295 = CARTESIAN_POINT('',(-5.115854660096,-31.17153165058,
    13.0020222211));
#9296 = CARTESIAN_POINT('',(-2.56563399985,-31.4999999949,13.));
#9297 = CARTESIAN_POINT('',(2.56563399985,-31.4999999949,13.));
#9298 = CARTESIAN_POINT('',(5.115854660096,-31.17153165058,13.0020222211
    ));
#9299 = CARTESIAN_POINT('',(7.628411875002,-30.52088905223,
    13.006101590699));
#9300 = CARTESIAN_POINT('',(10.086813171403,-29.55347811548,
    13.011436944092));
#9301 = CARTESIAN_POINT('',(12.463619420742,-28.27637507869,
    13.017321809655));
#9302 = CARTESIAN_POINT('',(14.749604453059,-26.6995984348,
    13.022015088841));
#9303 = CARTESIAN_POINT('',(16.928714547669,-24.80792100145,
    13.021482111422));
#9304 = CARTESIAN_POINT('',(18.951689258407,-22.64119881102,
    13.018619636815));
#9305 = CARTESIAN_POINT('',(22.581194776276,-17.89416143813,
    13.011237457226));
#9306 = CARTESIAN_POINT('',(24.2119050009,-15.30613284829,
    13.006739077504));
#9307 = CARTESIAN_POINT('',(25.661522136267,-12.48664754687,
    13.003012354928));
#9308 = CARTESIAN_POINT('',(26.893916227002,-9.480326224045,
    13.001483746931));
#9309 = CARTESIAN_POINT('',(27.891466052728,-6.331917810164,
    13.0008176746));
#9310 = CARTESIAN_POINT('',(28.645849798437,-3.078194431206,
    13.000196458626));
#9311 = CARTESIAN_POINT('',(29.150710252592,0.251342193472,
    13.000094112149));
#9312 = CARTESIAN_POINT('',(29.401841725415,3.615009049827,
    12.999982757563));
#9313 = CARTESIAN_POINT('',(29.396296522017,13.697641806103,
    12.999930931521));
#9314 = CARTESIAN_POINT('',(28.381465967399,20.440305218735,
    13.000163014912));
#9315 = CARTESIAN_POINT('',(26.342224912092,26.887263638448,
    13.000449230996));
#9316 = CARTESIAN_POINT('',(23.353904737783,32.744444450094,
    13.000677352873));
#9317 = CARTESIAN_POINT('',(19.485365176387,37.742436022022,
    13.001587625699));
#9318 = CARTESIAN_POINT('',(14.997703986017,41.553489103816,
    13.001628284182));
#9319 = CARTESIAN_POINT('',(10.131858673581,44.123336308418,
    13.000449508984));
#9320 = CARTESIAN_POINT('',(5.057040599126,45.400000000003,
    12.999999999999));
#9321 = CARTESIAN_POINT('',(6.711254815772E-14,45.4,13.));
#9322 = CARTESIAN_POINT('',(2.376905682895E-14,45.085002922078,
    13.632022703222));
#9323 = CARTESIAN_POINT('',(-4.986180027954,45.085002922081,
    13.632022703222));
#9324 = CARTESIAN_POINT('',(-10.0155255938,43.851992300172,
    13.608205095219));
#9325 = CARTESIAN_POINT('',(-14.88591493011,41.35380650235,
    13.560729184536));
#9326 = CARTESIAN_POINT('',(-19.41788754302,37.5932724797,13.48885404597
    ));
#9327 = CARTESIAN_POINT('',(-23.2729830951,32.650582074721,
    13.404046407854));
#9328 = CARTESIAN_POINT('',(-26.28629597338,26.841448911056,
    13.331125051645));
#9329 = CARTESIAN_POINT('',(-28.3310263865,20.416704961082,
    13.272650066005));
#9330 = CARTESIAN_POINT('',(-29.35574271604,13.694896619866,
    13.244725273926));
#9331 = CARTESIAN_POINT('',(-29.3518821902,3.618996981212,
    13.270445229817));
#9332 = CARTESIAN_POINT('',(-29.09362079494,0.261746602575,
    13.290311783231));
#9333 = CARTESIAN_POINT('',(-28.57836409354,-3.056543850784,
    13.323257651738));
#9334 = CARTESIAN_POINT('',(-27.80530473734,-6.295443805883,
    13.371672098494));
#9335 = CARTESIAN_POINT('',(-26.78271342809,-9.418434422226,
    13.435966291055));
#9336 = CARTESIAN_POINT('',(-25.51314661819,-12.385097761,
    13.518794976552));
#9337 = CARTESIAN_POINT('',(-24.00060501299,-15.14891060456,
    13.616113113332));
#9338 = CARTESIAN_POINT('',(-22.27477617987,-17.66776133965,
    13.706225386857));
#9339 = CARTESIAN_POINT('',(-18.47726407069,-22.1747307324,
    13.851999538105));
#9340 = CARTESIAN_POINT('',(-16.40559493236,-24.16269875117,
    13.907483876076));
#9341 = CARTESIAN_POINT('',(-14.19970550312,-25.86317615661,
    13.935389363861));
#9342 = CARTESIAN_POINT('',(-11.9125858994,-27.27130472809,
    13.928579526647));
#9343 = CARTESIAN_POINT('',(-9.576023316554,-28.40066288787,
    13.915315663367));
#9344 = CARTESIAN_POINT('',(-7.201734495531,-29.2426743085,
    13.899040839419));
#9345 = CARTESIAN_POINT('',(-4.808429432683,-29.80459196679,
    13.886740454209));
#9346 = CARTESIAN_POINT('',(-2.404175327179,-30.08529791433,
    13.880561324375));
#9347 = CARTESIAN_POINT('',(2.404175327179,-30.08529791433,
    13.880561324375));
#9348 = CARTESIAN_POINT('',(4.808429432683,-29.80459196679,
    13.88674045421));
#9349 = CARTESIAN_POINT('',(7.201734495531,-29.24267430849,
    13.899040839419));
#9350 = CARTESIAN_POINT('',(9.576023316554,-28.40066288787,
    13.915315663367));
#9351 = CARTESIAN_POINT('',(11.912585899404,-27.27130472809,
    13.928579526647));
#9352 = CARTESIAN_POINT('',(14.199705503125,-25.86317615661,
    13.935389363861));
#9353 = CARTESIAN_POINT('',(16.40559493237,-24.16269875117,
    13.907483876076));
#9354 = CARTESIAN_POINT('',(18.477264070697,-22.1747307324,
    13.851999538105));
#9355 = CARTESIAN_POINT('',(22.274776179874,-17.66776133965,
    13.706225386857));
#9356 = CARTESIAN_POINT('',(24.000605012999,-15.14891060456,
    13.616113113332));
#9357 = CARTESIAN_POINT('',(25.513146618196,-12.385097761,
    13.518794976552));
#9358 = CARTESIAN_POINT('',(26.782713428096,-9.418434422228,
    13.435966291055));
#9359 = CARTESIAN_POINT('',(27.805304737348,-6.295443805882,
    13.371672098494));
#9360 = CARTESIAN_POINT('',(28.578364093542,-3.056543850784,
    13.323257651739));
#9361 = CARTESIAN_POINT('',(29.093620794945,0.261746602576,
    13.29031178323));
#9362 = CARTESIAN_POINT('',(29.351882190202,3.618996981212,
    13.270445229816));
#9363 = CARTESIAN_POINT('',(29.355742716047,13.694896619866,
    13.244725273926));
#9364 = CARTESIAN_POINT('',(28.331026386507,20.416704961082,
    13.272650066006));
#9365 = CARTESIAN_POINT('',(26.286295973385,26.841448911059,
    13.331125051638));
#9366 = CARTESIAN_POINT('',(23.272983095104,32.650582074715,
    13.404046407865));
#9367 = CARTESIAN_POINT('',(19.417887543022,37.593272479708,
    13.488854045953));
#9368 = CARTESIAN_POINT('',(14.885914930122,41.353806502346,
    13.560729184548));
#9369 = CARTESIAN_POINT('',(10.015525593806,43.851992300173,
    13.608205095213));
#9370 = CARTESIAN_POINT('',(4.986180027954,45.08500292208,
    13.632022703221));
#9371 = CARTESIAN_POINT('',(-2.415845301584E-13,45.085002922078,
    13.632022703221));
#9372 = ADVANCED_FACE('',(#9373),#9379,.T.);
#9373 = FACE_BOUND('',#9374,.T.);
#9374 = EDGE_LOOP('',(#9375,#9376,#9377,#9378));
#9375 = ORIENTED_EDGE('',*,*,#8931,.F.);
#9376 = ORIENTED_EDGE('',*,*,#2780,.F.);
#9377 = ORIENTED_EDGE('',*,*,#7285,.T.);
#9378 = ORIENTED_EDGE('',*,*,#3145,.T.);
#9379 = ( BOUNDED_SURFACE() B_SPLINE_SURFACE(2,9,(
    (#9380,#9381,#9382,#9383,#9384,#9385,#9386,#9387,#9388,#9389,#9390
      ,#9391,#9392,#9393,#9394,#9395,#9396,#9397,#9398,#9399,#9400,#9401
      ,#9402,#9403,#9404,#9405,#9406,#9407,#9408,#9409,#9410,#9411,#9412
      ,#9413,#9414,#9415,#9416,#9417,#9418,#9419,#9420,#9421,#9422,#9423
      ,#9424,#9425,#9426,#9427,#9428,#9429)
    ,(#9430,#9431,#9432,#9433,#9434,#9435,#9436,#9437,#9438,#9439,#9440
      ,#9441,#9442,#9443,#9444,#9445,#9446,#9447,#9448,#9449,#9450,#9451
      ,#9452,#9453,#9454,#9455,#9456,#9457,#9458,#9459,#9460,#9461,#9462
      ,#9463,#9464,#9465,#9466,#9467,#9468,#9469,#9470,#9471,#9472,#9473
      ,#9474,#9475,#9476,#9477,#9478,#9479)
    ,(#9480,#9481,#9482,#9483,#9484,#9485,#9486,#9487,#9488,#9489,#9490
      ,#9491,#9492,#9493,#9494,#9495,#9496,#9497,#9498,#9499,#9500,#9501
      ,#9502,#9503,#9504,#9505,#9506,#9507,#9508,#9509,#9510,#9511,#9512
      ,#9513,#9514,#9515,#9516,#9517,#9518,#9519,#9520,#9521,#9522,#9523
      ,#9524,#9525,#9526,#9527,#9528,#9529
)),.UNSPECIFIED.,.F.,.F.,.F.) B_SPLINE_SURFACE_WITH_KNOTS((3,3),(10,8,8,
    8,8,8,10),(0.,214.12266983698),(0.,53.530667459247,80.29600118887,
    107.06133491849,133.82666864811,160.59200237774,214.12266983698),
.UNSPECIFIED.) GEOMETRIC_REPRESENTATION_ITEM() RATIONAL_B_SPLINE_SURFACE
((
    (1.,1.,1.,1.,1.,1.,1.,1.,1.,1.,1.,1.,1.,1.,1.,1.,1.,1.,1.,1.,1.,1.
      ,1.,1.,1.,1.,1.,1.,1.,1.,1.,1.,1.,1.,1.,1.,1.,1.,1.,1.,1.,1.,1.,1.
      ,1.,1.,1.,1.,1.,1.)
    ,(0.973396366858,0.973396366858,0.975913147164,0.980997386712
      ,0.987446404082,0.991326499793,0.9942908672,0.995714429781
      ,0.99661479856,0.995828221304,0.995199705383,0.994178276866
      ,0.992344003845,0.989655899878,0.985337340606,0.978098844432
      ,0.967811655037,0.943457876077,0.929384486182,0.914414162761
      ,0.900774381266,0.890279999497,0.88214234332,0.876863076964
      ,0.874194669342,0.874194669342,0.876863076964,0.882142343319
      ,0.890279999498,0.900774381266,0.914414162762,0.929384486182
      ,0.943457876077,0.967811655037,0.978098844432,0.985337340606
      ,0.989655899878,0.992344003845,0.994178276866,0.995199705383
      ,0.995828221304,0.99661479856,0.995714429781,0.9942908672
      ,0.991326499793,0.987446404082,0.980997386712,0.975913147164
      ,0.973396366858,0.973396366858)
    ,(1.,1.,1.,1.,1.,1.,1.,1.,1.,1.,1.,1.,1.,1.,1.,1.,1.,1.,1.,1.,1.,1.
      ,1.,1.,1.,1.,1.,1.,1.,1.,1.,1.,1.,1.,1.,1.,1.,1.,1.,1.,1.,1.,1.,1.
,1.,1.,1.,1.,1.,1.))) REPRESENTATION_ITEM('') SURFACE() );
#9380 = CARTESIAN_POINT('',(2.387277308915E-14,45.4,12.293830150398));
#9381 = CARTESIAN_POINT('',(-5.057040599126,45.400000000003,
    12.293830150398));
#9382 = CARTESIAN_POINT('',(-10.15725172192,44.120179536377,
    12.329060696107));
#9383 = CARTESIAN_POINT('',(-15.0689683702,41.523131577777,
    12.400603273815));
#9384 = CARTESIAN_POINT('',(-19.54829537138,37.664348786094,
    12.496176928889));
#9385 = CARTESIAN_POINT('',(-23.36874056277,32.698966541966,
    12.583942979132));
#9386 = CARTESIAN_POINT('',(-26.35285768575,26.860587749862,
    12.663554323209));
#9387 = CARTESIAN_POINT('',(-28.3812453596,20.427917832706,
    12.722779795967));
#9388 = CARTESIAN_POINT('',(-29.39629457637,13.701179495699,
    12.751819980499));
#9389 = CARTESIAN_POINT('',(-29.40184123862,3.615894170807,
    12.724949678025));
#9390 = CARTESIAN_POINT('',(-29.15085228333,0.254937525089,
    12.704249258856));
#9391 = CARTESIAN_POINT('',(-28.64727383562,-3.068047630195,
    12.669919939796));
#9392 = CARTESIAN_POINT('',(-27.89508035973,-6.316062891206,
    12.619230334635));
#9393 = CARTESIAN_POINT('',(-26.90190461901,-9.453012118161,
    12.550517679131));
#9394 = CARTESIAN_POINT('',(-25.67888947529,-12.4443928324,
    12.460772311187));
#9395 = CARTESIAN_POINT('',(-24.24046142026,-15.25795348478,
    12.348952655345));
#9396 = CARTESIAN_POINT('',(-22.60402406929,-17.86430296109,
    12.222307113664));
#9397 = CARTESIAN_POINT('',(-18.97510785124,-22.6105695876,
    11.958082652224));
#9398 = CARTESIAN_POINT('',(-16.98262900751,-24.750486735,
    11.820520495587));
#9399 = CARTESIAN_POINT('',(-14.83211810368,-26.63118270199,
    11.686694793815));
#9400 = CARTESIAN_POINT('',(-12.54614941996,-28.23003857378,
    11.568931866292));
#9401 = CARTESIAN_POINT('',(-10.14949229886,-29.5283470015,
    11.475247578342));
#9402 = CARTESIAN_POINT('',(-7.668641061318,-30.51175443449,
    11.404199483724));
#9403 = CARTESIAN_POINT('',(-5.131268001087,-31.17058481132,
    11.35720801517));
#9404 = CARTESIAN_POINT('',(-2.56563399985,-31.4999999949,
    11.333635627256));
#9405 = CARTESIAN_POINT('',(2.56563399985,-31.4999999949,11.333635627256
    ));
#9406 = CARTESIAN_POINT('',(5.131268001086,-31.17058481131,
    11.35720801517));
#9407 = CARTESIAN_POINT('',(7.668641061318,-30.5117544345,
    11.404199483723));
#9408 = CARTESIAN_POINT('',(10.149492298863,-29.5283470015,
    11.475247578342));
#9409 = CARTESIAN_POINT('',(12.546149419963,-28.23003857379,
    11.568931866292));
#9410 = CARTESIAN_POINT('',(14.832118103683,-26.63118270198,
    11.686694793815));
#9411 = CARTESIAN_POINT('',(16.982629007513,-24.750486735,
    11.820520495587));
#9412 = CARTESIAN_POINT('',(18.975107851245,-22.6105695876,
    11.958082652224));
#9413 = CARTESIAN_POINT('',(22.604024069295,-17.86430296109,
    12.222307113664));
#9414 = CARTESIAN_POINT('',(24.240461420267,-15.25795348478,
    12.348952655345));
#9415 = CARTESIAN_POINT('',(25.678889475296,-12.4443928324,
    12.460772311188));
#9416 = CARTESIAN_POINT('',(26.901904619011,-9.453012118163,
    12.550517679131));
#9417 = CARTESIAN_POINT('',(27.895080359731,-6.316062891204,
    12.619230334635));
#9418 = CARTESIAN_POINT('',(28.647273835621,-3.068047630197,
    12.669919939797));
#9419 = CARTESIAN_POINT('',(29.150852283338,0.25493752509,
    12.704249258855));
#9420 = CARTESIAN_POINT('',(29.40184123862,3.615894170807,
    12.724949678025));
#9421 = CARTESIAN_POINT('',(29.396294576373,13.701179495699,
    12.751819980498));
#9422 = CARTESIAN_POINT('',(28.381245359609,20.427917832706,
    12.722779795967));
#9423 = CARTESIAN_POINT('',(26.352857685759,26.86058774986,
    12.663554323202));
#9424 = CARTESIAN_POINT('',(23.368740562768,32.698966541969,
    12.583942979147));
#9425 = CARTESIAN_POINT('',(19.548295371384,37.664348786091,
    12.496176928868));
#9426 = CARTESIAN_POINT('',(15.068968370203,41.523131577781,
    12.40060327383));
#9427 = CARTESIAN_POINT('',(10.157251721921,44.120179536375,
    12.3290606961));
#9428 = CARTESIAN_POINT('',(5.057040599126,45.400000000003,
    12.293830150397));
#9429 = CARTESIAN_POINT('',(1.900701818158E-13,45.4,12.293830150397));
#9430 = CARTESIAN_POINT('',(2.668308282661E-14,45.4,13.));
#9431 = CARTESIAN_POINT('',(-5.057040599126,45.400000000003,13.));
#9432 = CARTESIAN_POINT('',(-10.13185867358,44.123336308419,
    13.000449508991));
#9433 = CARTESIAN_POINT('',(-14.99770398601,41.553489103816,
    13.001628284168));
#9434 = CARTESIAN_POINT('',(-19.48536517639,37.74243602202,
    13.001587625717));
#9435 = CARTESIAN_POINT('',(-23.35390473778,32.744444450096,
    13.00067735286));
#9436 = CARTESIAN_POINT('',(-26.34222491209,26.887263638447,
    13.000449231003));
#9437 = CARTESIAN_POINT('',(-28.38146596739,20.440305218735,
    13.000163014911));
#9438 = CARTESIAN_POINT('',(-29.39629652201,13.697641806103,
    12.999930931521));
#9439 = CARTESIAN_POINT('',(-29.40184172541,3.615009049827,
    12.999982757563));
#9440 = CARTESIAN_POINT('',(-29.15071025259,0.251342193472,
    13.000094112149));
#9441 = CARTESIAN_POINT('',(-28.64584979843,-3.078194431205,
    13.000196458626));
#9442 = CARTESIAN_POINT('',(-27.89146605272,-6.331917810166,
    13.000817674599));
#9443 = CARTESIAN_POINT('',(-26.893916227,-9.480326224044,
    13.001483746931));
#9444 = CARTESIAN_POINT('',(-25.66152213626,-12.48664754687,
    13.003012354928));
#9445 = CARTESIAN_POINT('',(-24.2119050009,-15.30613284829,
    13.006739077504));
#9446 = CARTESIAN_POINT('',(-22.58119477627,-17.89416143813,
    13.011237457226));
#9447 = CARTESIAN_POINT('',(-18.9516892584,-22.64119881102,
    13.018619636815));
#9448 = CARTESIAN_POINT('',(-16.92871454766,-24.80792100145,
    13.021482111422));
#9449 = CARTESIAN_POINT('',(-14.74960445306,-26.69959843481,
    13.022015088841));
#9450 = CARTESIAN_POINT('',(-12.46361942074,-28.27637507868,
    13.017321809655));
#9451 = CARTESIAN_POINT('',(-10.0868131714,-29.55347811549,
    13.011436944092));
#9452 = CARTESIAN_POINT('',(-7.628411875002,-30.52088905223,
    13.006101590699));
#9453 = CARTESIAN_POINT('',(-5.115854660096,-31.17153165058,
    13.0020222211));
#9454 = CARTESIAN_POINT('',(-2.56563399985,-31.4999999949,13.));
#9455 = CARTESIAN_POINT('',(2.56563399985,-31.4999999949,13.));
#9456 = CARTESIAN_POINT('',(5.115854660096,-31.17153165058,13.0020222211
    ));
#9457 = CARTESIAN_POINT('',(7.628411875002,-30.52088905223,
    13.006101590699));
#9458 = CARTESIAN_POINT('',(10.086813171403,-29.55347811548,
    13.011436944092));
#9459 = CARTESIAN_POINT('',(12.463619420742,-28.27637507869,
    13.017321809655));
#9460 = CARTESIAN_POINT('',(14.749604453059,-26.6995984348,
    13.022015088841));
#9461 = CARTESIAN_POINT('',(16.928714547669,-24.80792100145,
    13.021482111422));
#9462 = CARTESIAN_POINT('',(18.951689258407,-22.64119881102,
    13.018619636815));
#9463 = CARTESIAN_POINT('',(22.581194776276,-17.89416143813,
    13.011237457226));
#9464 = CARTESIAN_POINT('',(24.2119050009,-15.30613284829,
    13.006739077504));
#9465 = CARTESIAN_POINT('',(25.661522136267,-12.48664754687,
    13.003012354928));
#9466 = CARTESIAN_POINT('',(26.893916227002,-9.480326224045,
    13.001483746931));
#9467 = CARTESIAN_POINT('',(27.891466052728,-6.331917810164,
    13.0008176746));
#9468 = CARTESIAN_POINT('',(28.645849798437,-3.078194431206,
    13.000196458626));
#9469 = CARTESIAN_POINT('',(29.150710252592,0.251342193472,
    13.000094112149));
#9470 = CARTESIAN_POINT('',(29.401841725415,3.615009049827,
    12.999982757563));
#9471 = CARTESIAN_POINT('',(29.396296522017,13.697641806103,
    12.999930931521));
#9472 = CARTESIAN_POINT('',(28.381465967399,20.440305218735,
    13.000163014912));
#9473 = CARTESIAN_POINT('',(26.342224912092,26.887263638448,
    13.000449230996));
#9474 = CARTESIAN_POINT('',(23.353904737783,32.744444450094,
    13.000677352873));
#9475 = CARTESIAN_POINT('',(19.485365176387,37.742436022022,
    13.001587625699));
#9476 = CARTESIAN_POINT('',(14.997703986017,41.553489103816,
    13.001628284182));
#9477 = CARTESIAN_POINT('',(10.131858673581,44.123336308418,
    13.000449508984));
#9478 = CARTESIAN_POINT('',(5.057040599126,45.400000000003,
    12.999999999999));
#9479 = CARTESIAN_POINT('',(6.711254815772E-14,45.4,13.));
#9480 = CARTESIAN_POINT('',(2.376905682895E-14,45.085002922078,
    13.632022703222));
#9481 = CARTESIAN_POINT('',(-4.986180027954,45.085002922081,
    13.632022703222));
#9482 = CARTESIAN_POINT('',(-10.0155255938,43.851992300172,
    13.608205095219));
#9483 = CARTESIAN_POINT('',(-14.88591493011,41.35380650235,
    13.560729184536));
#9484 = CARTESIAN_POINT('',(-19.41788754302,37.5932724797,13.48885404597
    ));
#9485 = CARTESIAN_POINT('',(-23.2729830951,32.650582074721,
    13.404046407854));
#9486 = CARTESIAN_POINT('',(-26.28629597338,26.841448911056,
    13.331125051645));
#9487 = CARTESIAN_POINT('',(-28.3310263865,20.416704961082,
    13.272650066005));
#9488 = CARTESIAN_POINT('',(-29.35574271604,13.694896619866,
    13.244725273926));
#9489 = CARTESIAN_POINT('',(-29.3518821902,3.618996981212,
    13.270445229817));
#9490 = CARTESIAN_POINT('',(-29.09362079494,0.261746602575,
    13.290311783231));
#9491 = CARTESIAN_POINT('',(-28.57836409354,-3.056543850784,
    13.323257651738));
#9492 = CARTESIAN_POINT('',(-27.80530473734,-6.295443805883,
    13.371672098494));
#9493 = CARTESIAN_POINT('',(-26.78271342809,-9.418434422226,
    13.435966291055));
#9494 = CARTESIAN_POINT('',(-25.51314661819,-12.385097761,
    13.518794976552));
#9495 = CARTESIAN_POINT('',(-24.00060501299,-15.14891060456,
    13.616113113332));
#9496 = CARTESIAN_POINT('',(-22.27477617987,-17.66776133965,
    13.706225386857));
#9497 = CARTESIAN_POINT('',(-18.47726407069,-22.1747307324,
    13.851999538105));
#9498 = CARTESIAN_POINT('',(-16.40559493236,-24.16269875117,
    13.907483876076));
#9499 = CARTESIAN_POINT('',(-14.19970550312,-25.86317615661,
    13.935389363861));
#9500 = CARTESIAN_POINT('',(-11.9125858994,-27.27130472809,
    13.928579526647));
#9501 = CARTESIAN_POINT('',(-9.576023316554,-28.40066288787,
    13.915315663367));
#9502 = CARTESIAN_POINT('',(-7.201734495531,-29.2426743085,
    13.899040839419));
#9503 = CARTESIAN_POINT('',(-4.808429432683,-29.80459196679,
    13.886740454209));
#9504 = CARTESIAN_POINT('',(-2.404175327179,-30.08529791433,
    13.880561324375));
#9505 = CARTESIAN_POINT('',(2.404175327179,-30.08529791433,
    13.880561324375));
#9506 = CARTESIAN_POINT('',(4.808429432683,-29.80459196679,
    13.88674045421));
#9507 = CARTESIAN_POINT('',(7.201734495531,-29.24267430849,
    13.899040839419));
#9508 = CARTESIAN_POINT('',(9.576023316554,-28.40066288787,
    13.915315663367));
#9509 = CARTESIAN_POINT('',(11.912585899404,-27.27130472809,
    13.928579526647));
#9510 = CARTESIAN_POINT('',(14.199705503125,-25.86317615661,
    13.935389363861));
#9511 = CARTESIAN_POINT('',(16.40559493237,-24.16269875117,
    13.907483876076));
#9512 = CARTESIAN_POINT('',(18.477264070697,-22.1747307324,
    13.851999538105));
#9513 = CARTESIAN_POINT('',(22.274776179874,-17.66776133965,
    13.706225386857));
#9514 = CARTESIAN_POINT('',(24.000605012999,-15.14891060456,
    13.616113113332));
#9515 = CARTESIAN_POINT('',(25.513146618196,-12.385097761,
    13.518794976552));
#9516 = CARTESIAN_POINT('',(26.782713428096,-9.418434422228,
    13.435966291055));
#9517 = CARTESIAN_POINT('',(27.805304737348,-6.295443805882,
    13.371672098494));
#9518 = CARTESIAN_POINT('',(28.578364093542,-3.056543850784,
    13.323257651739));
#9519 = CARTESIAN_POINT('',(29.093620794945,0.261746602576,
    13.29031178323));
#9520 = CARTESIAN_POINT('',(29.351882190202,3.618996981212,
    13.270445229816));
#9521 = CARTESIAN_POINT('',(29.355742716047,13.694896619866,
    13.244725273926));
#9522 = CARTESIAN_POINT('',(28.331026386507,20.416704961082,
    13.272650066006));
#9523 = CARTESIAN_POINT('',(26.286295973385,26.841448911059,
    13.331125051638));
#9524 = CARTESIAN_POINT('',(23.272983095104,32.650582074715,
    13.404046407865));
#9525 = CARTESIAN_POINT('',(19.417887543022,37.593272479708,
    13.488854045953));
#9526 = CARTESIAN_POINT('',(14.885914930122,41.353806502346,
    13.560729184548));
#9527 = CARTESIAN_POINT('',(10.015525593806,43.851992300173,
    13.608205095213));
#9528 = CARTESIAN_POINT('',(4.986180027954,45.08500292208,
    13.632022703221));
#9529 = CARTESIAN_POINT('',(-2.415845301584E-13,45.085002922078,
    13.632022703221));
#9530 = ADVANCED_FACE('',(#9531),#9760,.T.);
#9531 = FACE_BOUND('',#9532,.T.);
#9532 = EDGE_LOOP('',(#9533,#9534,#9535,#9536,#9591,#9602,#9634,#9646,
    #9701,#9713,#9750,#9759));
#9533 = ORIENTED_EDGE('',*,*,#3203,.F.);
#9534 = ORIENTED_EDGE('',*,*,#7340,.T.);
#9535 = ORIENTED_EDGE('',*,*,#3615,.T.);
#9536 = ORIENTED_EDGE('',*,*,#9537,.F.);
#9537 = EDGE_CURVE('',#9538,#3471,#9540,.T.);
#9538 = VERTEX_POINT('',#9539);
#9539 = CARTESIAN_POINT('',(25.997600351267,-11.00507214834,
    12.480563270223));
#9540 = ( BOUNDED_CURVE() B_SPLINE_CURVE(9,(#9541,#9542,#9543,#9544,
    #9545,#9546,#9547,#9548,#9549,#9550,#9551,#9552,#9553,#9554,#9555,
    #9556,#9557,#9558,#9559,#9560,#9561,#9562,#9563,#9564,#9565,#9566,
    #9567,#9568,#9569,#9570,#9571,#9572,#9573,#9574,#9575,#9576,#9577,
    #9578,#9579,#9580,#9581,#9582,#9583,#9584,#9585,#9586,#9587,#9588,
#9589,#9590),.UNSPECIFIED.,.T.,.F.) B_SPLINE_CURVE_WITH_KNOTS((10,8,8,8,
    8,8,10),(0.,53.530667459247,80.29600118887,107.06133491849,
    133.82666864811,160.59200237774,214.12266983698),.UNSPECIFIED.) 
CURVE() GEOMETRIC_REPRESENTATION_ITEM() RATIONAL_B_SPLINE_CURVE((1.,1.,
    1.,1.,1.,1.,1.,1.,1.,1.,1.,1.,1.,1.,1.,1.,1.,1.,1.,1.,1.,1.,1.,1.,1.
    ,1.,1.,1.,1.,1.,1.,1.,1.,1.,1.,1.,1.,1.,1.,1.,1.,1.,1.,1.,1.,1.,1.,
1.,1.,1.)) REPRESENTATION_ITEM('') );
#9541 = CARTESIAN_POINT('',(2.387277308915E-14,45.4,12.293830150398));
#9542 = CARTESIAN_POINT('',(-5.057040599126,45.400000000003,
    12.293830150398));
#9543 = CARTESIAN_POINT('',(-10.15725172192,44.120179536377,
    12.329060696107));
#9544 = CARTESIAN_POINT('',(-15.0689683702,41.523131577777,
    12.400603273815));
#9545 = CARTESIAN_POINT('',(-19.54829537138,37.664348786094,
    12.496176928889));
#9546 = CARTESIAN_POINT('',(-23.36874056277,32.698966541966,
    12.583942979132));
#9547 = CARTESIAN_POINT('',(-26.35285768575,26.860587749862,
    12.663554323209));
#9548 = CARTESIAN_POINT('',(-28.3812453596,20.427917832706,
    12.722779795967));
#9549 = CARTESIAN_POINT('',(-29.39629457637,13.701179495699,
    12.751819980499));
#9550 = CARTESIAN_POINT('',(-29.40184123862,3.615894170807,
    12.724949678025));
#9551 = CARTESIAN_POINT('',(-29.15085228333,0.254937525089,
    12.704249258856));
#9552 = CARTESIAN_POINT('',(-28.64727383562,-3.068047630195,
    12.669919939796));
#9553 = CARTESIAN_POINT('',(-27.89508035973,-6.316062891206,
    12.619230334635));
#9554 = CARTESIAN_POINT('',(-26.90190461901,-9.453012118161,
    12.550517679131));
#9555 = CARTESIAN_POINT('',(-25.67888947529,-12.4443928324,
    12.460772311187));
#9556 = CARTESIAN_POINT('',(-24.24046142026,-15.25795348478,
    12.348952655345));
#9557 = CARTESIAN_POINT('',(-22.60402406929,-17.86430296109,
    12.222307113664));
#9558 = CARTESIAN_POINT('',(-18.97510785124,-22.6105695876,
    11.958082652224));
#9559 = CARTESIAN_POINT('',(-16.98262900751,-24.750486735,
    11.820520495587));
#9560 = CARTESIAN_POINT('',(-14.83211810368,-26.63118270199,
    11.686694793815));
#9561 = CARTESIAN_POINT('',(-12.54614941996,-28.23003857378,
    11.568931866292));
#9562 = CARTESIAN_POINT('',(-10.14949229886,-29.5283470015,
    11.475247578342));
#9563 = CARTESIAN_POINT('',(-7.668641061318,-30.51175443449,
    11.404199483724));
#9564 = CARTESIAN_POINT('',(-5.131268001087,-31.17058481132,
    11.35720801517));
#9565 = CARTESIAN_POINT('',(-2.56563399985,-31.4999999949,
    11.333635627256));
#9566 = CARTESIAN_POINT('',(2.56563399985,-31.4999999949,11.333635627256
    ));
#9567 = CARTESIAN_POINT('',(5.131268001086,-31.17058481131,
    11.35720801517));
#9568 = CARTESIAN_POINT('',(7.668641061318,-30.5117544345,
    11.404199483723));
#9569 = CARTESIAN_POINT('',(10.149492298863,-29.5283470015,
    11.475247578342));
#9570 = CARTESIAN_POINT('',(12.546149419963,-28.23003857379,
    11.568931866292));
#9571 = CARTESIAN_POINT('',(14.832118103683,-26.63118270198,
    11.686694793815));
#9572 = CARTESIAN_POINT('',(16.982629007513,-24.750486735,
    11.820520495587));
#9573 = CARTESIAN_POINT('',(18.975107851245,-22.6105695876,
    11.958082652224));
#9574 = CARTESIAN_POINT('',(22.604024069295,-17.86430296109,
    12.222307113664));
#9575 = CARTESIAN_POINT('',(24.240461420267,-15.25795348478,
    12.348952655345));
#9576 = CARTESIAN_POINT('',(25.678889475296,-12.4443928324,
    12.460772311188));
#9577 = CARTESIAN_POINT('',(26.901904619011,-9.453012118163,
    12.550517679131));
#9578 = CARTESIAN_POINT('',(27.895080359731,-6.316062891204,
    12.619230334635));
#9579 = CARTESIAN_POINT('',(28.647273835621,-3.068047630197,
    12.669919939797));
#9580 = CARTESIAN_POINT('',(29.150852283338,0.25493752509,
    12.704249258855));
#9581 = CARTESIAN_POINT('',(29.40184123862,3.615894170807,
    12.724949678025));
#9582 = CARTESIAN_POINT('',(29.396294576373,13.701179495699,
    12.751819980498));
#9583 = CARTESIAN_POINT('',(28.381245359609,20.427917832706,
    12.722779795967));
#9584 = CARTESIAN_POINT('',(26.352857685759,26.86058774986,
    12.663554323202));
#9585 = CARTESIAN_POINT('',(23.368740562768,32.698966541969,
    12.583942979147));
#9586 = CARTESIAN_POINT('',(19.548295371384,37.664348786091,
    12.496176928868));
#9587 = CARTESIAN_POINT('',(15.068968370203,41.523131577781,
    12.40060327383));
#9588 = CARTESIAN_POINT('',(10.157251721921,44.120179536375,
    12.3290606961));
#9589 = CARTESIAN_POINT('',(5.057040599126,45.400000000003,
    12.293830150397));
#9590 = CARTESIAN_POINT('',(1.900701818158E-13,45.4,12.293830150397));
#9591 = ORIENTED_EDGE('',*,*,#9592,.F.);
#9592 = EDGE_CURVE('',#9593,#9538,#9595,.T.);
#9593 = VERTEX_POINT('',#9594);
#9594 = CARTESIAN_POINT('',(25.959027921911,-10.97970041201,13.));
#9595 = B_SPLINE_CURVE_WITH_KNOTS('',5,(#9596,#9597,#9598,#9599,#9600,
    #9601),.UNSPECIFIED.,.F.,.F.,(6,6),(0.,1.),
  .PIECEWISE_BEZIER_KNOTS.);
#9596 = CARTESIAN_POINT('',(25.959014109472,-10.97969145303,
    13.000092058274));
#9597 = CARTESIAN_POINT('',(25.974478749625,-10.9897220336,
    12.897031565186));
#9598 = CARTESIAN_POINT('',(25.98607603703,-10.99738496418,
    12.79313163873));
#9599 = CARTESIAN_POINT('',(25.993778149799,-11.0025229158,
    12.688801637295));
#9600 = CARTESIAN_POINT('',(25.997600403109,-11.00507218292,
    12.584474961074));
#9601 = CARTESIAN_POINT('',(25.997600351267,-11.00507214834,
    12.480563270223));
#9602 = ORIENTED_EDGE('',*,*,#9603,.F.);
#9603 = EDGE_CURVE('',#9604,#9593,#9606,.T.);
#9604 = VERTEX_POINT('',#9605);
#9605 = CARTESIAN_POINT('',(22.670586232826,-17.34554316003,13.));
#9606 = B_SPLINE_CURVE_WITH_KNOTS('',6,(#9607,#9608,#9609,#9610,#9611,
    #9612,#9613,#9614,#9615,#9616,#9617,#9618,#9619,#9620,#9621,#9622,
    #9623,#9624,#9625,#9626,#9627,#9628,#9629,#9630,#9631,#9632,#9633),
  .UNSPECIFIED.,.F.,.F.,(7,5,5,5,5,7),(0.,7.584099319215E-02,
    0.660884228964,0.83362342106,0.914350513065,1.),.UNSPECIFIED.);
#9607 = CARTESIAN_POINT('',(22.506146692962,-17.6,13.));
#9608 = CARTESIAN_POINT('',(22.560662904247,-17.51640154439,13.));
#9609 = CARTESIAN_POINT('',(22.614955943884,-17.43254623354,13.));
#9610 = CARTESIAN_POINT('',(22.669035621794,-17.34841856737,13.));
#9611 = CARTESIAN_POINT('',(22.722904478404,-17.2640142778,13.));
#9612 = CARTESIAN_POINT('',(22.776557784647,-17.17934032879,13.));
#9613 = CARTESIAN_POINT('',(23.242113929765,-16.43929377364,13.));
#9614 = CARTESIAN_POINT('',(23.641025563484,-15.76871517222,13.));
#9615 = CARTESIAN_POINT('',(24.02582979914,-15.08395266786,13.));
#9616 = CARTESIAN_POINT('',(24.395860467132,-14.38627767397,13.));
#9617 = CARTESIAN_POINT('',(24.750665313659,-13.67685121889,13.));
#9618 = CARTESIAN_POINT('',(25.190128824168,-12.74401582183,13.));
#9619 = CARTESIAN_POINT('',(25.288953096592,-12.5304343453,13.));
#9620 = CARTESIAN_POINT('',(25.386416743202,-12.3159402963,13.));
#9621 = CARTESIAN_POINT('',(25.482513046321,-12.10055852919,13.));
#9622 = CARTESIAN_POINT('',(25.577236202947,-11.88431298597,13.));
#9623 = CARTESIAN_POINT('',(25.714204778959,-11.56577464784,13.));
#9624 = CARTESIAN_POINT('',(25.757539455904,-11.46411062009,13.));
#9625 = CARTESIAN_POINT('',(25.800584692567,-11.36223640183,13.));
#9626 = CARTESIAN_POINT('',(25.843339835022,-11.26015378623,13.));
#9627 = CARTESIAN_POINT('',(25.885804238431,-11.15786457076,13.));
#9628 = CARTESIAN_POINT('',(25.972721827693,-10.94662689444,13.));
#9629 = CARTESIAN_POINT('',(26.017123212104,-10.83768979523,13.));
#9630 = CARTESIAN_POINT('',(26.061183555117,-10.7285551902,13.));
#9631 = CARTESIAN_POINT('',(26.104903087975,-10.61922396689,13.));
#9632 = CARTESIAN_POINT('',(26.148280138329,-10.50970196971,13.));
#9633 = CARTESIAN_POINT('',(26.19131113024,-10.4,13.));
#9634 = ORIENTED_EDGE('',*,*,#9635,.T.);
#9635 = EDGE_CURVE('',#9604,#9636,#9638,.T.);
#9636 = VERTEX_POINT('',#9637);
#9637 = CARTESIAN_POINT('',(22.764703185962,-17.38142599818,
    12.237104144613));
#9638 = B_SPLINE_CURVE_WITH_KNOTS('',6,(#9639,#9640,#9641,#9642,#9643,
    #9644,#9645),.UNSPECIFIED.,.F.,.F.,(7,7),(0.,1.),
  .PIECEWISE_BEZIER_KNOTS.);
#9639 = CARTESIAN_POINT('',(22.670563294624,-17.34553404502,
    13.000092058274));
#9640 = CARTESIAN_POINT('',(22.701739373003,-17.35792268686,
    12.87498042306));
#9641 = CARTESIAN_POINT('',(22.726949142646,-17.36753678218,
    12.748234308792));
#9642 = CARTESIAN_POINT('',(22.7459110435,-17.37456086115,
    12.620465136518));
#9643 = CARTESIAN_POINT('',(22.758489543225,-17.37915604567,
    12.492292072832));
#9644 = CARTESIAN_POINT('',(22.764703526052,-17.38142612243,
    12.364315051865));
#9645 = CARTESIAN_POINT('',(22.764703185962,-17.38142599818,
    12.237104144613));
#9646 = ORIENTED_EDGE('',*,*,#9647,.F.);
#9647 = EDGE_CURVE('',#9648,#9636,#9650,.T.);
#9648 = VERTEX_POINT('',#9649);
#9649 = CARTESIAN_POINT('',(-22.76470318596,-17.38142599818,
    12.237104144613));
#9650 = ( BOUNDED_CURVE() B_SPLINE_CURVE(9,(#9651,#9652,#9653,#9654,
    #9655,#9656,#9657,#9658,#9659,#9660,#9661,#9662,#9663,#9664,#9665,
    #9666,#9667,#9668,#9669,#9670,#9671,#9672,#9673,#9674,#9675,#9676,
    #9677,#9678,#9679,#9680,#9681,#9682,#9683,#9684,#9685,#9686,#9687,
    #9688,#9689,#9690,#9691,#9692,#9693,#9694,#9695,#9696,#9697,#9698,
#9699,#9700),.UNSPECIFIED.,.T.,.F.) B_SPLINE_CURVE_WITH_KNOTS((10,8,8,8,
    8,8,10),(0.,53.530667459247,80.29600118887,107.06133491849,
    133.82666864811,160.59200237774,214.12266983698),.UNSPECIFIED.) 
CURVE() GEOMETRIC_REPRESENTATION_ITEM() RATIONAL_B_SPLINE_CURVE((1.,1.,
    1.,1.,1.,1.,1.,1.,1.,1.,1.,1.,1.,1.,1.,1.,1.,1.,1.,1.,1.,1.,1.,1.,1.
    ,1.,1.,1.,1.,1.,1.,1.,1.,1.,1.,1.,1.,1.,1.,1.,1.,1.,1.,1.,1.,1.,1.,
1.,1.,1.)) REPRESENTATION_ITEM('') );
#9651 = CARTESIAN_POINT('',(2.387277308915E-14,45.4,12.293830150398));
#9652 = CARTESIAN_POINT('',(-5.057040599126,45.400000000003,
    12.293830150398));
#9653 = CARTESIAN_POINT('',(-10.15725172192,44.120179536377,
    12.329060696107));
#9654 = CARTESIAN_POINT('',(-15.0689683702,41.523131577777,
    12.400603273815));
#9655 = CARTESIAN_POINT('',(-19.54829537138,37.664348786094,
    12.496176928889));
#9656 = CARTESIAN_POINT('',(-23.36874056277,32.698966541966,
    12.583942979132));
#9657 = CARTESIAN_POINT('',(-26.35285768575,26.860587749862,
    12.663554323209));
#9658 = CARTESIAN_POINT('',(-28.3812453596,20.427917832706,
    12.722779795967));
#9659 = CARTESIAN_POINT('',(-29.39629457637,13.701179495699,
    12.751819980499));
#9660 = CARTESIAN_POINT('',(-29.40184123862,3.615894170807,
    12.724949678025));
#9661 = CARTESIAN_POINT('',(-29.15085228333,0.254937525089,
    12.704249258856));
#9662 = CARTESIAN_POINT('',(-28.64727383562,-3.068047630195,
    12.669919939796));
#9663 = CARTESIAN_POINT('',(-27.89508035973,-6.316062891206,
    12.619230334635));
#9664 = CARTESIAN_POINT('',(-26.90190461901,-9.453012118161,
    12.550517679131));
#9665 = CARTESIAN_POINT('',(-25.67888947529,-12.4443928324,
    12.460772311187));
#9666 = CARTESIAN_POINT('',(-24.24046142026,-15.25795348478,
    12.348952655345));
#9667 = CARTESIAN_POINT('',(-22.60402406929,-17.86430296109,
    12.222307113664));
#9668 = CARTESIAN_POINT('',(-18.97510785124,-22.6105695876,
    11.958082652224));
#9669 = CARTESIAN_POINT('',(-16.98262900751,-24.750486735,
    11.820520495587));
#9670 = CARTESIAN_POINT('',(-14.83211810368,-26.63118270199,
    11.686694793815));
#9671 = CARTESIAN_POINT('',(-12.54614941996,-28.23003857378,
    11.568931866292));
#9672 = CARTESIAN_POINT('',(-10.14949229886,-29.5283470015,
    11.475247578342));
#9673 = CARTESIAN_POINT('',(-7.668641061318,-30.51175443449,
    11.404199483724));
#9674 = CARTESIAN_POINT('',(-5.131268001087,-31.17058481132,
    11.35720801517));
#9675 = CARTESIAN_POINT('',(-2.56563399985,-31.4999999949,
    11.333635627256));
#9676 = CARTESIAN_POINT('',(2.56563399985,-31.4999999949,11.333635627256
    ));
#9677 = CARTESIAN_POINT('',(5.131268001086,-31.17058481131,
    11.35720801517));
#9678 = CARTESIAN_POINT('',(7.668641061318,-30.5117544345,
    11.404199483723));
#9679 = CARTESIAN_POINT('',(10.149492298863,-29.5283470015,
    11.475247578342));
#9680 = CARTESIAN_POINT('',(12.546149419963,-28.23003857379,
    11.568931866292));
#9681 = CARTESIAN_POINT('',(14.832118103683,-26.63118270198,
    11.686694793815));
#9682 = CARTESIAN_POINT('',(16.982629007513,-24.750486735,
    11.820520495587));
#9683 = CARTESIAN_POINT('',(18.975107851245,-22.6105695876,
    11.958082652224));
#9684 = CARTESIAN_POINT('',(22.604024069295,-17.86430296109,
    12.222307113664));
#9685 = CARTESIAN_POINT('',(24.240461420267,-15.25795348478,
    12.348952655345));
#9686 = CARTESIAN_POINT('',(25.678889475296,-12.4443928324,
    12.460772311188));
#9687 = CARTESIAN_POINT('',(26.901904619011,-9.453012118163,
    12.550517679131));
#9688 = CARTESIAN_POINT('',(27.895080359731,-6.316062891204,
    12.619230334635));
#9689 = CARTESIAN_POINT('',(28.647273835621,-3.068047630197,
    12.669919939797));
#9690 = CARTESIAN_POINT('',(29.150852283338,0.25493752509,
    12.704249258855));
#9691 = CARTESIAN_POINT('',(29.40184123862,3.615894170807,
    12.724949678025));
#9692 = CARTESIAN_POINT('',(29.396294576373,13.701179495699,
    12.751819980498));
#9693 = CARTESIAN_POINT('',(28.381245359609,20.427917832706,
    12.722779795967));
#9694 = CARTESIAN_POINT('',(26.352857685759,26.86058774986,
    12.663554323202));
#9695 = CARTESIAN_POINT('',(23.368740562768,32.698966541969,
    12.583942979147));
#9696 = CARTESIAN_POINT('',(19.548295371384,37.664348786091,
    12.496176928868));
#9697 = CARTESIAN_POINT('',(15.068968370203,41.523131577781,
    12.40060327383));
#9698 = CARTESIAN_POINT('',(10.157251721921,44.120179536375,
    12.3290606961));
#9699 = CARTESIAN_POINT('',(5.057040599126,45.400000000003,
    12.293830150397));
#9700 = CARTESIAN_POINT('',(1.900701818158E-13,45.4,12.293830150397));
#9701 = ORIENTED_EDGE('',*,*,#9702,.F.);
#9702 = EDGE_CURVE('',#9703,#9648,#9705,.T.);
#9703 = VERTEX_POINT('',#9704);
#9704 = CARTESIAN_POINT('',(-22.67058623282,-17.34554316003,13.));
#9705 = B_SPLINE_CURVE_WITH_KNOTS('',6,(#9706,#9707,#9708,#9709,#9710,
    #9711,#9712),.UNSPECIFIED.,.F.,.F.,(7,7),(0.,1.),
  .PIECEWISE_BEZIER_KNOTS.);
#9706 = CARTESIAN_POINT('',(-22.67056329462,-17.34553404502,
    13.000092058274));
#9707 = CARTESIAN_POINT('',(-22.701739373,-17.35792268686,12.87498042306
    ));
#9708 = CARTESIAN_POINT('',(-22.72694914264,-17.36753678218,
    12.748234308792));
#9709 = CARTESIAN_POINT('',(-22.7459110435,-17.37456086115,
    12.620465136518));
#9710 = CARTESIAN_POINT('',(-22.75848954322,-17.37915604567,
    12.492292072832));
#9711 = CARTESIAN_POINT('',(-22.76470352605,-17.38142612243,
    12.364315051865));
#9712 = CARTESIAN_POINT('',(-22.76470318596,-17.38142599818,
    12.237104144613));
#9713 = ORIENTED_EDGE('',*,*,#9714,.F.);
#9714 = EDGE_CURVE('',#9715,#9703,#9717,.T.);
#9715 = VERTEX_POINT('',#9716);
#9716 = CARTESIAN_POINT('',(-25.95902792191,-10.97970041201,13.));
#9717 = B_SPLINE_CURVE_WITH_KNOTS('',7,(#9718,#9719,#9720,#9721,#9722,
    #9723,#9724,#9725,#9726,#9727,#9728,#9729,#9730,#9731,#9732,#9733,
    #9734,#9735,#9736,#9737,#9738,#9739,#9740,#9741,#9742,#9743,#9744,
    #9745,#9746,#9747,#9748,#9749),.UNSPECIFIED.,.F.,.F.,(8,6,6,6,6,8),(
    0.,6.353748450095E-02,0.538596880744,0.769189026845,0.890511966212,
    1.),.UNSPECIFIED.);
#9718 = CARTESIAN_POINT('',(-26.19131113024,-10.4,13.));
#9719 = CARTESIAN_POINT('',(-26.18265362986,-10.42207120127,13.));
#9720 = CARTESIAN_POINT('',(-26.11970863121,-10.58265722327,13.));
#9721 = CARTESIAN_POINT('',(-26.04485737149,-10.77156144828,13.));
#9722 = CARTESIAN_POINT('',(-25.97174980684,-10.95031559621,13.));
#9723 = CARTESIAN_POINT('',(-25.90799841299,-11.10473555381,13.));
#9724 = CARTESIAN_POINT('',(-25.85964752901,-11.22059696878,13.));
#9725 = CARTESIAN_POINT('',(-25.62923300946,-11.77134284337,13.));
#9726 = CARTESIAN_POINT('',(-25.41934058579,-12.25319507592,13.));
#9727 = CARTESIAN_POINT('',(-25.20282970072,-12.73090685712,13.));
#9728 = CARTESIAN_POINT('',(-24.97975737556,-13.20423757499,13.));
#9729 = CARTESIAN_POINT('',(-24.75020003993,-13.67292619767,13.));
#9730 = CARTESIAN_POINT('',(-24.51425661036,-14.13669485342,13.));
#9731 = CARTESIAN_POINT('',(-24.15448548546,-14.81783593074,13.));
#9732 = CARTESIAN_POINT('',(-24.03544492766,-15.03919003553,13.));
#9733 = CARTESIAN_POINT('',(-23.91494403408,-15.2592817767,13.));
#9734 = CARTESIAN_POINT('',(-23.79299902229,-15.47807620904,13.));
#9735 = CARTESIAN_POINT('',(-23.66962783843,-15.69553746428,13.));
#9736 = CARTESIAN_POINT('',(-23.5448502211,-15.91162894421,13.));
#9737 = CARTESIAN_POINT('',(-23.35230909508,-16.23926689711,13.));
#9738 = CARTESIAN_POINT('',(-23.28554658753,-16.35183164895,13.));
#9739 = CARTESIAN_POINT('',(-23.21840184664,-16.46400495359,13.));
#9740 = CARTESIAN_POINT('',(-23.15087650008,-16.57578401292,13.));
#9741 = CARTESIAN_POINT('',(-23.08297219908,-16.68716604652,13.));
#9742 = CARTESIAN_POINT('',(-23.01469061841,-16.79814829173,13.));
#9743 = CARTESIAN_POINT('',(-22.88407371723,-17.00852079871,13.));
#9744 = CARTESIAN_POINT('',(-22.82181447021,-17.10797542544,13.));
#9745 = CARTESIAN_POINT('',(-22.75926278765,-17.20708116987,13.));
#9746 = CARTESIAN_POINT('',(-22.69641504611,-17.30584385478,13.));
#9747 = CARTESIAN_POINT('',(-22.63327551715,-17.40425735651,13.));
#9748 = CARTESIAN_POINT('',(-22.56985459956,-17.50230630971,13.));
#9749 = CARTESIAN_POINT('',(-22.50614669296,-17.6,13.));
#9750 = ORIENTED_EDGE('',*,*,#9751,.T.);
#9751 = EDGE_CURVE('',#9715,#8868,#9752,.T.);
#9752 = B_SPLINE_CURVE_WITH_KNOTS('',5,(#9753,#9754,#9755,#9756,#9757,
    #9758),.UNSPECIFIED.,.F.,.F.,(6,6),(0.,1.),
  .PIECEWISE_BEZIER_KNOTS.);
#9753 = CARTESIAN_POINT('',(-25.95901410947,-10.97969145303,
    13.000092058274));
#9754 = CARTESIAN_POINT('',(-25.97447874962,-10.9897220336,
    12.897031565186));
#9755 = CARTESIAN_POINT('',(-25.98607603703,-10.99738496418,
    12.79313163873));
#9756 = CARTESIAN_POINT('',(-25.99377814979,-11.0025229158,
    12.688801637295));
#9757 = CARTESIAN_POINT('',(-25.9976004031,-11.00507218292,
    12.584474961074));
#9758 = CARTESIAN_POINT('',(-25.99760035126,-11.00507214834,
    12.480563270223));
#9759 = ORIENTED_EDGE('',*,*,#8877,.F.);
#9760 = ( BOUNDED_SURFACE() B_SPLINE_SURFACE(2,9,(
    (#9761,#9762,#9763,#9764,#9765,#9766,#9767,#9768,#9769,#9770,#9771
      ,#9772,#9773,#9774,#9775,#9776,#9777,#9778,#9779,#9780,#9781,#9782
      ,#9783,#9784,#9785,#9786,#9787,#9788,#9789,#9790,#9791,#9792,#9793
      ,#9794,#9795,#9796,#9797,#9798,#9799,#9800,#9801,#9802,#9803,#9804
      ,#9805,#9806,#9807,#9808,#9809,#9810)
    ,(#9811,#9812,#9813,#9814,#9815,#9816,#9817,#9818,#9819,#9820,#9821
      ,#9822,#9823,#9824,#9825,#9826,#9827,#9828,#9829,#9830,#9831,#9832
      ,#9833,#9834,#9835,#9836,#9837,#9838,#9839,#9840,#9841,#9842,#9843
      ,#9844,#9845,#9846,#9847,#9848,#9849,#9850,#9851,#9852,#9853,#9854
      ,#9855,#9856,#9857,#9858,#9859,#9860)
    ,(#9861,#9862,#9863,#9864,#9865,#9866,#9867,#9868,#9869,#9870,#9871
      ,#9872,#9873,#9874,#9875,#9876,#9877,#9878,#9879,#9880,#9881,#9882
      ,#9883,#9884,#9885,#9886,#9887,#9888,#9889,#9890,#9891,#9892,#9893
      ,#9894,#9895,#9896,#9897,#9898,#9899,#9900,#9901,#9902,#9903,#9904
      ,#9905,#9906,#9907,#9908,#9909,#9910
)),.UNSPECIFIED.,.F.,.F.,.F.) B_SPLINE_SURFACE_WITH_KNOTS((3,3),(10,8,8,
    8,8,8,10),(0.,214.12266983698),(0.,53.530667459247,80.29600118887,
    107.06133491849,133.82666864811,160.59200237774,214.12266983698),
.UNSPECIFIED.) GEOMETRIC_REPRESENTATION_ITEM() RATIONAL_B_SPLINE_SURFACE
((
    (1.,1.,1.,1.,1.,1.,1.,1.,1.,1.,1.,1.,1.,1.,1.,1.,1.,1.,1.,1.,1.,1.
      ,1.,1.,1.,1.,1.,1.,1.,1.,1.,1.,1.,1.,1.,1.,1.,1.,1.,1.,1.,1.,1.,1.
      ,1.,1.,1.,1.,1.,1.)
    ,(0.973396366858,0.973396366858,0.975913147164,0.980997386712
      ,0.987446404082,0.991326499793,0.9942908672,0.995714429781
      ,0.99661479856,0.995828221304,0.995199705383,0.994178276866
      ,0.992344003845,0.989655899878,0.985337340606,0.978098844432
      ,0.967811655037,0.943457876077,0.929384486182,0.914414162761
      ,0.900774381266,0.890279999497,0.88214234332,0.876863076964
      ,0.874194669342,0.874194669342,0.876863076964,0.882142343319
      ,0.890279999498,0.900774381266,0.914414162762,0.929384486182
      ,0.943457876077,0.967811655037,0.978098844432,0.985337340606
      ,0.989655899878,0.992344003845,0.994178276866,0.995199705383
      ,0.995828221304,0.99661479856,0.995714429781,0.9942908672
      ,0.991326499793,0.987446404082,0.980997386712,0.975913147164
      ,0.973396366858,0.973396366858)
    ,(1.,1.,1.,1.,1.,1.,1.,1.,1.,1.,1.,1.,1.,1.,1.,1.,1.,1.,1.,1.,1.,1.
      ,1.,1.,1.,1.,1.,1.,1.,1.,1.,1.,1.,1.,1.,1.,1.,1.,1.,1.,1.,1.,1.,1.
,1.,1.,1.,1.,1.,1.))) REPRESENTATION_ITEM('') SURFACE() );
#9761 = CARTESIAN_POINT('',(2.387277308915E-14,45.4,12.293830150398));
#9762 = CARTESIAN_POINT('',(-5.057040599126,45.400000000003,
    12.293830150398));
#9763 = CARTESIAN_POINT('',(-10.15725172192,44.120179536377,
    12.329060696107));
#9764 = CARTESIAN_POINT('',(-15.0689683702,41.523131577777,
    12.400603273815));
#9765 = CARTESIAN_POINT('',(-19.54829537138,37.664348786094,
    12.496176928889));
#9766 = CARTESIAN_POINT('',(-23.36874056277,32.698966541966,
    12.583942979132));
#9767 = CARTESIAN_POINT('',(-26.35285768575,26.860587749862,
    12.663554323209));
#9768 = CARTESIAN_POINT('',(-28.3812453596,20.427917832706,
    12.722779795967));
#9769 = CARTESIAN_POINT('',(-29.39629457637,13.701179495699,
    12.751819980499));
#9770 = CARTESIAN_POINT('',(-29.40184123862,3.615894170807,
    12.724949678025));
#9771 = CARTESIAN_POINT('',(-29.15085228333,0.254937525089,
    12.704249258856));
#9772 = CARTESIAN_POINT('',(-28.64727383562,-3.068047630195,
    12.669919939796));
#9773 = CARTESIAN_POINT('',(-27.89508035973,-6.316062891206,
    12.619230334635));
#9774 = CARTESIAN_POINT('',(-26.90190461901,-9.453012118161,
    12.550517679131));
#9775 = CARTESIAN_POINT('',(-25.67888947529,-12.4443928324,
    12.460772311187));
#9776 = CARTESIAN_POINT('',(-24.24046142026,-15.25795348478,
    12.348952655345));
#9777 = CARTESIAN_POINT('',(-22.60402406929,-17.86430296109,
    12.222307113664));
#9778 = CARTESIAN_POINT('',(-18.97510785124,-22.6105695876,
    11.958082652224));
#9779 = CARTESIAN_POINT('',(-16.98262900751,-24.750486735,
    11.820520495587));
#9780 = CARTESIAN_POINT('',(-14.83211810368,-26.63118270199,
    11.686694793815));
#9781 = CARTESIAN_POINT('',(-12.54614941996,-28.23003857378,
    11.568931866292));
#9782 = CARTESIAN_POINT('',(-10.14949229886,-29.5283470015,
    11.475247578342));
#9783 = CARTESIAN_POINT('',(-7.668641061318,-30.51175443449,
    11.404199483724));
#9784 = CARTESIAN_POINT('',(-5.131268001087,-31.17058481132,
    11.35720801517));
#9785 = CARTESIAN_POINT('',(-2.56563399985,-31.4999999949,
    11.333635627256));
#9786 = CARTESIAN_POINT('',(2.56563399985,-31.4999999949,11.333635627256
    ));
#9787 = CARTESIAN_POINT('',(5.131268001086,-31.17058481131,
    11.35720801517));
#9788 = CARTESIAN_POINT('',(7.668641061318,-30.5117544345,
    11.404199483723));
#9789 = CARTESIAN_POINT('',(10.149492298863,-29.5283470015,
    11.475247578342));
#9790 = CARTESIAN_POINT('',(12.546149419963,-28.23003857379,
    11.568931866292));
#9791 = CARTESIAN_POINT('',(14.832118103683,-26.63118270198,
    11.686694793815));
#9792 = CARTESIAN_POINT('',(16.982629007513,-24.750486735,
    11.820520495587));
#9793 = CARTESIAN_POINT('',(18.975107851245,-22.6105695876,
    11.958082652224));
#9794 = CARTESIAN_POINT('',(22.604024069295,-17.86430296109,
    12.222307113664));
#9795 = CARTESIAN_POINT('',(24.240461420267,-15.25795348478,
    12.348952655345));
#9796 = CARTESIAN_POINT('',(25.678889475296,-12.4443928324,
    12.460772311188));
#9797 = CARTESIAN_POINT('',(26.901904619011,-9.453012118163,
    12.550517679131));
#9798 = CARTESIAN_POINT('',(27.895080359731,-6.316062891204,
    12.619230334635));
#9799 = CARTESIAN_POINT('',(28.647273835621,-3.068047630197,
    12.669919939797));
#9800 = CARTESIAN_POINT('',(29.150852283338,0.25493752509,
    12.704249258855));
#9801 = CARTESIAN_POINT('',(29.40184123862,3.615894170807,
    12.724949678025));
#9802 = CARTESIAN_POINT('',(29.396294576373,13.701179495699,
    12.751819980498));
#9803 = CARTESIAN_POINT('',(28.381245359609,20.427917832706,
    12.722779795967));
#9804 = CARTESIAN_POINT('',(26.352857685759,26.86058774986,
    12.663554323202));
#9805 = CARTESIAN_POINT('',(23.368740562768,32.698966541969,
    12.583942979147));
#9806 = CARTESIAN_POINT('',(19.548295371384,37.664348786091,
    12.496176928868));
#9807 = CARTESIAN_POINT('',(15.068968370203,41.523131577781,
    12.40060327383));
#9808 = CARTESIAN_POINT('',(10.157251721921,44.120179536375,
    12.3290606961));
#9809 = CARTESIAN_POINT('',(5.057040599126,45.400000000003,
    12.293830150397));
#9810 = CARTESIAN_POINT('',(1.900701818158E-13,45.4,12.293830150397));
#9811 = CARTESIAN_POINT('',(2.668308282661E-14,45.4,13.));
#9812 = CARTESIAN_POINT('',(-5.057040599126,45.400000000003,13.));
#9813 = CARTESIAN_POINT('',(-10.13185867358,44.123336308419,
    13.000449508991));
#9814 = CARTESIAN_POINT('',(-14.99770398601,41.553489103816,
    13.001628284168));
#9815 = CARTESIAN_POINT('',(-19.48536517639,37.74243602202,
    13.001587625717));
#9816 = CARTESIAN_POINT('',(-23.35390473778,32.744444450096,
    13.00067735286));
#9817 = CARTESIAN_POINT('',(-26.34222491209,26.887263638447,
    13.000449231003));
#9818 = CARTESIAN_POINT('',(-28.38146596739,20.440305218735,
    13.000163014911));
#9819 = CARTESIAN_POINT('',(-29.39629652201,13.697641806103,
    12.999930931521));
#9820 = CARTESIAN_POINT('',(-29.40184172541,3.615009049827,
    12.999982757563));
#9821 = CARTESIAN_POINT('',(-29.15071025259,0.251342193472,
    13.000094112149));
#9822 = CARTESIAN_POINT('',(-28.64584979843,-3.078194431205,
    13.000196458626));
#9823 = CARTESIAN_POINT('',(-27.89146605272,-6.331917810166,
    13.000817674599));
#9824 = CARTESIAN_POINT('',(-26.893916227,-9.480326224044,
    13.001483746931));
#9825 = CARTESIAN_POINT('',(-25.66152213626,-12.48664754687,
    13.003012354928));
#9826 = CARTESIAN_POINT('',(-24.2119050009,-15.30613284829,
    13.006739077504));
#9827 = CARTESIAN_POINT('',(-22.58119477627,-17.89416143813,
    13.011237457226));
#9828 = CARTESIAN_POINT('',(-18.9516892584,-22.64119881102,
    13.018619636815));
#9829 = CARTESIAN_POINT('',(-16.92871454766,-24.80792100145,
    13.021482111422));
#9830 = CARTESIAN_POINT('',(-14.74960445306,-26.69959843481,
    13.022015088841));
#9831 = CARTESIAN_POINT('',(-12.46361942074,-28.27637507868,
    13.017321809655));
#9832 = CARTESIAN_POINT('',(-10.0868131714,-29.55347811549,
    13.011436944092));
#9833 = CARTESIAN_POINT('',(-7.628411875002,-30.52088905223,
    13.006101590699));
#9834 = CARTESIAN_POINT('',(-5.115854660096,-31.17153165058,
    13.0020222211));
#9835 = CARTESIAN_POINT('',(-2.56563399985,-31.4999999949,13.));
#9836 = CARTESIAN_POINT('',(2.56563399985,-31.4999999949,13.));
#9837 = CARTESIAN_POINT('',(5.115854660096,-31.17153165058,13.0020222211
    ));
#9838 = CARTESIAN_POINT('',(7.628411875002,-30.52088905223,
    13.006101590699));
#9839 = CARTESIAN_POINT('',(10.086813171403,-29.55347811548,
    13.011436944092));
#9840 = CARTESIAN_POINT('',(12.463619420742,-28.27637507869,
    13.017321809655));
#9841 = CARTESIAN_POINT('',(14.749604453059,-26.6995984348,
    13.022015088841));
#9842 = CARTESIAN_POINT('',(16.928714547669,-24.80792100145,
    13.021482111422));
#9843 = CARTESIAN_POINT('',(18.951689258407,-22.64119881102,
    13.018619636815));
#9844 = CARTESIAN_POINT('',(22.581194776276,-17.89416143813,
    13.011237457226));
#9845 = CARTESIAN_POINT('',(24.2119050009,-15.30613284829,
    13.006739077504));
#9846 = CARTESIAN_POINT('',(25.661522136267,-12.48664754687,
    13.003012354928));
#9847 = CARTESIAN_POINT('',(26.893916227002,-9.480326224045,
    13.001483746931));
#9848 = CARTESIAN_POINT('',(27.891466052728,-6.331917810164,
    13.0008176746));
#9849 = CARTESIAN_POINT('',(28.645849798437,-3.078194431206,
    13.000196458626));
#9850 = CARTESIAN_POINT('',(29.150710252592,0.251342193472,
    13.000094112149));
#9851 = CARTESIAN_POINT('',(29.401841725415,3.615009049827,
    12.999982757563));
#9852 = CARTESIAN_POINT('',(29.396296522017,13.697641806103,
    12.999930931521));
#9853 = CARTESIAN_POINT('',(28.381465967399,20.440305218735,
    13.000163014912));
#9854 = CARTESIAN_POINT('',(26.342224912092,26.887263638448,
    13.000449230996));
#9855 = CARTESIAN_POINT('',(23.353904737783,32.744444450094,
    13.000677352873));
#9856 = CARTESIAN_POINT('',(19.485365176387,37.742436022022,
    13.001587625699));
#9857 = CARTESIAN_POINT('',(14.997703986017,41.553489103816,
    13.001628284182));
#9858 = CARTESIAN_POINT('',(10.131858673581,44.123336308418,
    13.000449508984));
#9859 = CARTESIAN_POINT('',(5.057040599126,45.400000000003,
    12.999999999999));
#9860 = CARTESIAN_POINT('',(6.711254815772E-14,45.4,13.));
#9861 = CARTESIAN_POINT('',(2.376905682895E-14,45.085002922078,
    13.632022703222));
#9862 = CARTESIAN_POINT('',(-4.986180027954,45.085002922081,
    13.632022703222));
#9863 = CARTESIAN_POINT('',(-10.0155255938,43.851992300172,
    13.608205095219));
#9864 = CARTESIAN_POINT('',(-14.88591493011,41.35380650235,
    13.560729184536));
#9865 = CARTESIAN_POINT('',(-19.41788754302,37.5932724797,13.48885404597
    ));
#9866 = CARTESIAN_POINT('',(-23.2729830951,32.650582074721,
    13.404046407854));
#9867 = CARTESIAN_POINT('',(-26.28629597338,26.841448911056,
    13.331125051645));
#9868 = CARTESIAN_POINT('',(-28.3310263865,20.416704961082,
    13.272650066005));
#9869 = CARTESIAN_POINT('',(-29.35574271604,13.694896619866,
    13.244725273926));
#9870 = CARTESIAN_POINT('',(-29.3518821902,3.618996981212,
    13.270445229817));
#9871 = CARTESIAN_POINT('',(-29.09362079494,0.261746602575,
    13.290311783231));
#9872 = CARTESIAN_POINT('',(-28.57836409354,-3.056543850784,
    13.323257651738));
#9873 = CARTESIAN_POINT('',(-27.80530473734,-6.295443805883,
    13.371672098494));
#9874 = CARTESIAN_POINT('',(-26.78271342809,-9.418434422226,
    13.435966291055));
#9875 = CARTESIAN_POINT('',(-25.51314661819,-12.385097761,
    13.518794976552));
#9876 = CARTESIAN_POINT('',(-24.00060501299,-15.14891060456,
    13.616113113332));
#9877 = CARTESIAN_POINT('',(-22.27477617987,-17.66776133965,
    13.706225386857));
#9878 = CARTESIAN_POINT('',(-18.47726407069,-22.1747307324,
    13.851999538105));
#9879 = CARTESIAN_POINT('',(-16.40559493236,-24.16269875117,
    13.907483876076));
#9880 = CARTESIAN_POINT('',(-14.19970550312,-25.86317615661,
    13.935389363861));
#9881 = CARTESIAN_POINT('',(-11.9125858994,-27.27130472809,
    13.928579526647));
#9882 = CARTESIAN_POINT('',(-9.576023316554,-28.40066288787,
    13.915315663367));
#9883 = CARTESIAN_POINT('',(-7.201734495531,-29.2426743085,
    13.899040839419));
#9884 = CARTESIAN_POINT('',(-4.808429432683,-29.80459196679,
    13.886740454209));
#9885 = CARTESIAN_POINT('',(-2.404175327179,-30.08529791433,
    13.880561324375));
#9886 = CARTESIAN_POINT('',(2.404175327179,-30.08529791433,
    13.880561324375));
#9887 = CARTESIAN_POINT('',(4.808429432683,-29.80459196679,
    13.88674045421));
#9888 = CARTESIAN_POINT('',(7.201734495531,-29.24267430849,
    13.899040839419));
#9889 = CARTESIAN_POINT('',(9.576023316554,-28.40066288787,
    13.915315663367));
#9890 = CARTESIAN_POINT('',(11.912585899404,-27.27130472809,
    13.928579526647));
#9891 = CARTESIAN_POINT('',(14.199705503125,-25.86317615661,
    13.935389363861));
#9892 = CARTESIAN_POINT('',(16.40559493237,-24.16269875117,
    13.907483876076));
#9893 = CARTESIAN_POINT('',(18.477264070697,-22.1747307324,
    13.851999538105));
#9894 = CARTESIAN_POINT('',(22.274776179874,-17.66776133965,
    13.706225386857));
#9895 = CARTESIAN_POINT('',(24.000605012999,-15.14891060456,
    13.616113113332));
#9896 = CARTESIAN_POINT('',(25.513146618196,-12.385097761,
    13.518794976552));
#9897 = CARTESIAN_POINT('',(26.782713428096,-9.418434422228,
    13.435966291055));
#9898 = CARTESIAN_POINT('',(27.805304737348,-6.295443805882,
    13.371672098494));
#9899 = CARTESIAN_POINT('',(28.578364093542,-3.056543850784,
    13.323257651739));
#9900 = CARTESIAN_POINT('',(29.093620794945,0.261746602576,
    13.29031178323));
#9901 = CARTESIAN_POINT('',(29.351882190202,3.618996981212,
    13.270445229816));
#9902 = CARTESIAN_POINT('',(29.355742716047,13.694896619866,
    13.244725273926));
#9903 = CARTESIAN_POINT('',(28.331026386507,20.416704961082,
    13.272650066006));
#9904 = CARTESIAN_POINT('',(26.286295973385,26.841448911059,
    13.331125051638));
#9905 = CARTESIAN_POINT('',(23.272983095104,32.650582074715,
    13.404046407865));
#9906 = CARTESIAN_POINT('',(19.417887543022,37.593272479708,
    13.488854045953));
#9907 = CARTESIAN_POINT('',(14.885914930122,41.353806502346,
    13.560729184548));
#9908 = CARTESIAN_POINT('',(10.015525593806,43.851992300173,
    13.608205095213));
#9909 = CARTESIAN_POINT('',(4.986180027954,45.08500292208,
    13.632022703221));
#9910 = CARTESIAN_POINT('',(-2.415845301584E-13,45.085002922078,
    13.632022703221));
#9911 = ADVANCED_FACE('',(#9912,#10119,#10123,#10127),#10131,.F.);
#9912 = FACE_BOUND('',#9913,.F.);
#9913 = EDGE_LOOP('',(#9914,#9922,#9923,#9933,#9943,#9953,#10006,#10007,
    #10008,#10061,#10062,#10063,#10116,#10117,#10118));
#9914 = ORIENTED_EDGE('',*,*,#9915,.F.);
#9915 = EDGE_CURVE('',#5779,#9538,#9916,.T.);
#9916 = B_SPLINE_CURVE_WITH_KNOTS('',4,(#9917,#9918,#9919,#9920,#9921),
  .UNSPECIFIED.,.F.,.F.,(5,5),(0.,1.),.PIECEWISE_BEZIER_KNOTS.);
#9917 = CARTESIAN_POINT('',(25.997600351725,-11.00507214865,3.009994));
#9918 = CARTESIAN_POINT('',(25.997600351725,-11.00507214865,
    5.442304845168));
#9919 = CARTESIAN_POINT('',(25.997600351725,-11.00507214865,
    7.874615690336));
#9920 = CARTESIAN_POINT('',(25.997600351725,-11.00507214865,
    10.306926535504));
#9921 = CARTESIAN_POINT('',(25.997600351725,-11.00507214865,
    12.739237380672));
#9922 = ORIENTED_EDGE('',*,*,#5799,.T.);
#9923 = ORIENTED_EDGE('',*,*,#9924,.T.);
#9924 = EDGE_CURVE('',#5790,#9925,#9927,.T.);
#9925 = VERTEX_POINT('',#9926);
#9926 = CARTESIAN_POINT('',(27.213717488032,21.5,11.));
#9927 = B_SPLINE_CURVE_WITH_KNOTS('',4,(#9928,#9929,#9930,#9931,#9932),
  .UNSPECIFIED.,.F.,.F.,(5,5),(0.,1.),.PIECEWISE_BEZIER_KNOTS.);
#9928 = CARTESIAN_POINT('',(27.213717488032,21.5,3.009994));
#9929 = CARTESIAN_POINT('',(27.213717488032,21.5,5.0074955));
#9930 = CARTESIAN_POINT('',(27.213717488032,21.5,7.004997));
#9931 = CARTESIAN_POINT('',(27.213717488032,21.5,9.0024985));
#9932 = CARTESIAN_POINT('',(27.213717488032,21.5,11.));
#9933 = ORIENTED_EDGE('',*,*,#9934,.F.);
#9934 = EDGE_CURVE('',#9935,#9925,#9937,.T.);
#9935 = VERTEX_POINT('',#9936);
#9936 = CARTESIAN_POINT('',(27.033980768204,22.062227903449,11.));
#9937 = B_SPLINE_CURVE_WITH_KNOTS('',4,(#9938,#9939,#9940,#9941,#9942),
  .UNSPECIFIED.,.F.,.F.,(5,5),(0.,1.),.PIECEWISE_BEZIER_KNOTS.);
#9938 = CARTESIAN_POINT('',(26.590366769398,23.353272061222,11.));
#9939 = CARTESIAN_POINT('',(26.756225418945,22.893407441259,11.));
#9940 = CARTESIAN_POINT('',(26.915377665799,22.431122914394,11.));
#9941 = CARTESIAN_POINT('',(27.06786284798,21.966598313688,11.));
#9942 = CARTESIAN_POINT('',(27.213717488032,21.5,11.));
#9943 = ORIENTED_EDGE('',*,*,#9944,.T.);
#9944 = EDGE_CURVE('',#9935,#9945,#9947,.T.);
#9945 = VERTEX_POINT('',#9946);
#9946 = CARTESIAN_POINT('',(27.033980768024,22.062227903169,
    12.685151678312));
#9947 = B_SPLINE_CURVE_WITH_KNOTS('',4,(#9948,#9949,#9950,#9951,#9952),
  .UNSPECIFIED.,.F.,.F.,(5,5),(0.,1.),.PIECEWISE_BEZIER_KNOTS.);
#9948 = CARTESIAN_POINT('',(27.033980768204,22.062227903449,3.009994));
#9949 = CARTESIAN_POINT('',(27.033980768204,22.062227903449,
    5.442304845168));
#9950 = CARTESIAN_POINT('',(27.033980768204,22.062227903449,
    7.874615690336));
#9951 = CARTESIAN_POINT('',(27.033980768204,22.062227903449,
    10.306926535504));
#9952 = CARTESIAN_POINT('',(27.033980768204,22.062227903449,
    12.739237380672));
#9953 = ORIENTED_EDGE('',*,*,#9954,.F.);
#9954 = EDGE_CURVE('',#4367,#9945,#9955,.T.);
#9955 = ( BOUNDED_CURVE() B_SPLINE_CURVE(9,(#9956,#9957,#9958,#9959,
    #9960,#9961,#9962,#9963,#9964,#9965,#9966,#9967,#9968,#9969,#9970,
    #9971,#9972,#9973,#9974,#9975,#9976,#9977,#9978,#9979,#9980,#9981,
    #9982,#9983,#9984,#9985,#9986,#9987,#9988,#9989,#9990,#9991,#9992,
    #9993,#9994,#9995,#9996,#9997,#9998,#9999,#10000,#10001,#10002,
    #10003,#10004,#10005),.UNSPECIFIED.,.T.,.F.) 
B_SPLINE_CURVE_WITH_KNOTS((10,8,8,8,8,8,10),(0.,53.530667459247,
    80.29600118887,107.06133491849,133.82666864811,160.59200237774,
214.12266983698),.UNSPECIFIED.) CURVE() GEOMETRIC_REPRESENTATION_ITEM() 
RATIONAL_B_SPLINE_CURVE((1.,1.,1.,1.,1.,1.,1.,1.,1.,1.,1.,1.,1.,1.,1.,1.
    ,1.,1.,1.,1.,1.,1.,1.,1.,1.,1.,1.,1.,1.,1.,1.,1.,1.,1.,1.,1.,1.,1.,
1.,1.,1.,1.,1.,1.,1.,1.,1.,1.,1.,1.)) REPRESENTATION_ITEM('') );
#9956 = CARTESIAN_POINT('',(2.387277308915E-14,45.4,12.293830150398));
#9957 = CARTESIAN_POINT('',(-5.057040599126,45.400000000003,
    12.293830150398));
#9958 = CARTESIAN_POINT('',(-10.15725172192,44.120179536377,
    12.329060696107));
#9959 = CARTESIAN_POINT('',(-15.0689683702,41.523131577777,
    12.400603273815));
#9960 = CARTESIAN_POINT('',(-19.54829537138,37.664348786094,
    12.496176928889));
#9961 = CARTESIAN_POINT('',(-23.36874056277,32.698966541966,
    12.583942979132));
#9962 = CARTESIAN_POINT('',(-26.35285768575,26.860587749862,
    12.663554323209));
#9963 = CARTESIAN_POINT('',(-28.3812453596,20.427917832706,
    12.722779795967));
#9964 = CARTESIAN_POINT('',(-29.39629457637,13.701179495699,
    12.751819980499));
#9965 = CARTESIAN_POINT('',(-29.40184123862,3.615894170807,
    12.724949678025));
#9966 = CARTESIAN_POINT('',(-29.15085228333,0.254937525089,
    12.704249258856));
#9967 = CARTESIAN_POINT('',(-28.64727383562,-3.068047630195,
    12.669919939796));
#9968 = CARTESIAN_POINT('',(-27.89508035973,-6.316062891206,
    12.619230334635));
#9969 = CARTESIAN_POINT('',(-26.90190461901,-9.453012118161,
    12.550517679131));
#9970 = CARTESIAN_POINT('',(-25.67888947529,-12.4443928324,
    12.460772311187));
#9971 = CARTESIAN_POINT('',(-24.24046142026,-15.25795348478,
    12.348952655345));
#9972 = CARTESIAN_POINT('',(-22.60402406929,-17.86430296109,
    12.222307113664));
#9973 = CARTESIAN_POINT('',(-18.97510785124,-22.6105695876,
    11.958082652224));
#9974 = CARTESIAN_POINT('',(-16.98262900751,-24.750486735,
    11.820520495587));
#9975 = CARTESIAN_POINT('',(-14.83211810368,-26.63118270199,
    11.686694793815));
#9976 = CARTESIAN_POINT('',(-12.54614941996,-28.23003857378,
    11.568931866292));
#9977 = CARTESIAN_POINT('',(-10.14949229886,-29.5283470015,
    11.475247578342));
#9978 = CARTESIAN_POINT('',(-7.668641061318,-30.51175443449,
    11.404199483724));
#9979 = CARTESIAN_POINT('',(-5.131268001087,-31.17058481132,
    11.35720801517));
#9980 = CARTESIAN_POINT('',(-2.56563399985,-31.4999999949,
    11.333635627256));
#9981 = CARTESIAN_POINT('',(2.56563399985,-31.4999999949,11.333635627256
    ));
#9982 = CARTESIAN_POINT('',(5.131268001086,-31.17058481131,
    11.35720801517));
#9983 = CARTESIAN_POINT('',(7.668641061318,-30.5117544345,
    11.404199483723));
#9984 = CARTESIAN_POINT('',(10.149492298863,-29.5283470015,
    11.475247578342));
#9985 = CARTESIAN_POINT('',(12.546149419963,-28.23003857379,
    11.568931866292));
#9986 = CARTESIAN_POINT('',(14.832118103683,-26.63118270198,
    11.686694793815));
#9987 = CARTESIAN_POINT('',(16.982629007513,-24.750486735,
    11.820520495587));
#9988 = CARTESIAN_POINT('',(18.975107851245,-22.6105695876,
    11.958082652224));
#9989 = CARTESIAN_POINT('',(22.604024069295,-17.86430296109,
    12.222307113664));
#9990 = CARTESIAN_POINT('',(24.240461420267,-15.25795348478,
    12.348952655345));
#9991 = CARTESIAN_POINT('',(25.678889475296,-12.4443928324,
    12.460772311188));
#9992 = CARTESIAN_POINT('',(26.901904619011,-9.453012118163,
    12.550517679131));
#9993 = CARTESIAN_POINT('',(27.895080359731,-6.316062891204,
    12.619230334635));
#9994 = CARTESIAN_POINT('',(28.647273835621,-3.068047630197,
    12.669919939797));
#9995 = CARTESIAN_POINT('',(29.150852283338,0.25493752509,
    12.704249258855));
#9996 = CARTESIAN_POINT('',(29.40184123862,3.615894170807,
    12.724949678025));
#9997 = CARTESIAN_POINT('',(29.396294576373,13.701179495699,
    12.751819980498));
#9998 = CARTESIAN_POINT('',(28.381245359609,20.427917832706,
    12.722779795967));
#9999 = CARTESIAN_POINT('',(26.352857685759,26.86058774986,
    12.663554323202));
#10000 = CARTESIAN_POINT('',(23.368740562768,32.698966541969,
    12.583942979147));
#10001 = CARTESIAN_POINT('',(19.548295371384,37.664348786091,
    12.496176928868));
#10002 = CARTESIAN_POINT('',(15.068968370203,41.523131577781,
    12.40060327383));
#10003 = CARTESIAN_POINT('',(10.157251721921,44.120179536375,
    12.3290606961));
#10004 = CARTESIAN_POINT('',(5.057040599126,45.400000000003,
    12.293830150397));
#10005 = CARTESIAN_POINT('',(1.900701818158E-13,45.4,12.293830150397));
#10006 = ORIENTED_EDGE('',*,*,#4366,.T.);
#10007 = ORIENTED_EDGE('',*,*,#4295,.T.);
#10008 = ORIENTED_EDGE('',*,*,#10009,.F.);
#10009 = EDGE_CURVE('',#3960,#4298,#10010,.T.);
#10010 = ( BOUNDED_CURVE() B_SPLINE_CURVE(9,(#10011,#10012,#10013,#10014
    ,#10015,#10016,#10017,#10018,#10019,#10020,#10021,#10022,#10023,
    #10024,#10025,#10026,#10027,#10028,#10029,#10030,#10031,#10032,
    #10033,#10034,#10035,#10036,#10037,#10038,#10039,#10040,#10041,
    #10042,#10043,#10044,#10045,#10046,#10047,#10048,#10049,#10050,
    #10051,#10052,#10053,#10054,#10055,#10056,#10057,#10058,#10059,
#10060),.UNSPECIFIED.,.T.,.F.) B_SPLINE_CURVE_WITH_KNOTS((10,8,8,8,8,8,
    10),(0.,53.530667459247,80.29600118887,107.06133491849,
    133.82666864811,160.59200237774,214.12266983698),.UNSPECIFIED.) 
CURVE() GEOMETRIC_REPRESENTATION_ITEM() RATIONAL_B_SPLINE_CURVE((1.,1.,
    1.,1.,1.,1.,1.,1.,1.,1.,1.,1.,1.,1.,1.,1.,1.,1.,1.,1.,1.,1.,1.,1.,1.
    ,1.,1.,1.,1.,1.,1.,1.,1.,1.,1.,1.,1.,1.,1.,1.,1.,1.,1.,1.,1.,1.,1.,
1.,1.,1.)) REPRESENTATION_ITEM('') );
#10011 = CARTESIAN_POINT('',(2.387277308915E-14,45.4,12.293830150398));
#10012 = CARTESIAN_POINT('',(-5.057040599126,45.400000000003,
    12.293830150398));
#10013 = CARTESIAN_POINT('',(-10.15725172192,44.120179536377,
    12.329060696107));
#10014 = CARTESIAN_POINT('',(-15.0689683702,41.523131577777,
    12.400603273815));
#10015 = CARTESIAN_POINT('',(-19.54829537138,37.664348786094,
    12.496176928889));
#10016 = CARTESIAN_POINT('',(-23.36874056277,32.698966541966,
    12.583942979132));
#10017 = CARTESIAN_POINT('',(-26.35285768575,26.860587749862,
    12.663554323209));
#10018 = CARTESIAN_POINT('',(-28.3812453596,20.427917832706,
    12.722779795967));
#10019 = CARTESIAN_POINT('',(-29.39629457637,13.701179495699,
    12.751819980499));
#10020 = CARTESIAN_POINT('',(-29.40184123862,3.615894170807,
    12.724949678025));
#10021 = CARTESIAN_POINT('',(-29.15085228333,0.254937525089,
    12.704249258856));
#10022 = CARTESIAN_POINT('',(-28.64727383562,-3.068047630195,
    12.669919939796));
#10023 = CARTESIAN_POINT('',(-27.89508035973,-6.316062891206,
    12.619230334635));
#10024 = CARTESIAN_POINT('',(-26.90190461901,-9.453012118161,
    12.550517679131));
#10025 = CARTESIAN_POINT('',(-25.67888947529,-12.4443928324,
    12.460772311187));
#10026 = CARTESIAN_POINT('',(-24.24046142026,-15.25795348478,
    12.348952655345));
#10027 = CARTESIAN_POINT('',(-22.60402406929,-17.86430296109,
    12.222307113664));
#10028 = CARTESIAN_POINT('',(-18.97510785124,-22.6105695876,
    11.958082652224));
#10029 = CARTESIAN_POINT('',(-16.98262900751,-24.750486735,
    11.820520495587));
#10030 = CARTESIAN_POINT('',(-14.83211810368,-26.63118270199,
    11.686694793815));
#10031 = CARTESIAN_POINT('',(-12.54614941996,-28.23003857378,
    11.568931866292));
#10032 = CARTESIAN_POINT('',(-10.14949229886,-29.5283470015,
    11.475247578342));
#10033 = CARTESIAN_POINT('',(-7.668641061318,-30.51175443449,
    11.404199483724));
#10034 = CARTESIAN_POINT('',(-5.131268001087,-31.17058481132,
    11.35720801517));
#10035 = CARTESIAN_POINT('',(-2.56563399985,-31.4999999949,
    11.333635627256));
#10036 = CARTESIAN_POINT('',(2.56563399985,-31.4999999949,
    11.333635627256));
#10037 = CARTESIAN_POINT('',(5.131268001086,-31.17058481131,
    11.35720801517));
#10038 = CARTESIAN_POINT('',(7.668641061318,-30.5117544345,
    11.404199483723));
#10039 = CARTESIAN_POINT('',(10.149492298863,-29.5283470015,
    11.475247578342));
#10040 = CARTESIAN_POINT('',(12.546149419963,-28.23003857379,
    11.568931866292));
#10041 = CARTESIAN_POINT('',(14.832118103683,-26.63118270198,
    11.686694793815));
#10042 = CARTESIAN_POINT('',(16.982629007513,-24.750486735,
    11.820520495587));
#10043 = CARTESIAN_POINT('',(18.975107851245,-22.6105695876,
    11.958082652224));
#10044 = CARTESIAN_POINT('',(22.604024069295,-17.86430296109,
    12.222307113664));
#10045 = CARTESIAN_POINT('',(24.240461420267,-15.25795348478,
    12.348952655345));
#10046 = CARTESIAN_POINT('',(25.678889475296,-12.4443928324,
    12.460772311188));
#10047 = CARTESIAN_POINT('',(26.901904619011,-9.453012118163,
    12.550517679131));
#10048 = CARTESIAN_POINT('',(27.895080359731,-6.316062891204,
    12.619230334635));
#10049 = CARTESIAN_POINT('',(28.647273835621,-3.068047630197,
    12.669919939797));
#10050 = CARTESIAN_POINT('',(29.150852283338,0.25493752509,
    12.704249258855));
#10051 = CARTESIAN_POINT('',(29.40184123862,3.615894170807,
    12.724949678025));
#10052 = CARTESIAN_POINT('',(29.396294576373,13.701179495699,
    12.751819980498));
#10053 = CARTESIAN_POINT('',(28.381245359609,20.427917832706,
    12.722779795967));
#10054 = CARTESIAN_POINT('',(26.352857685759,26.86058774986,
    12.663554323202));
#10055 = CARTESIAN_POINT('',(23.368740562768,32.698966541969,
    12.583942979147));
#10056 = CARTESIAN_POINT('',(19.548295371384,37.664348786091,
    12.496176928868));
#10057 = CARTESIAN_POINT('',(15.068968370203,41.523131577781,
    12.40060327383));
#10058 = CARTESIAN_POINT('',(10.157251721921,44.120179536375,
    12.3290606961));
#10059 = CARTESIAN_POINT('',(5.057040599126,45.400000000003,
    12.293830150397));
#10060 = CARTESIAN_POINT('',(1.900701818158E-13,45.4,12.293830150397));
#10061 = ORIENTED_EDGE('',*,*,#3959,.T.);
#10062 = ORIENTED_EDGE('',*,*,#3880,.T.);
#10063 = ORIENTED_EDGE('',*,*,#10064,.F.);
#10064 = EDGE_CURVE('',#3547,#3883,#10065,.T.);
#10065 = ( BOUNDED_CURVE() B_SPLINE_CURVE(9,(#10066,#10067,#10068,#10069
    ,#10070,#10071,#10072,#10073,#10074,#10075,#10076,#10077,#10078,
    #10079,#10080,#10081,#10082,#10083,#10084,#10085,#10086,#10087,
    #10088,#10089,#10090,#10091,#10092,#10093,#10094,#10095,#10096,
    #10097,#10098,#10099,#10100,#10101,#10102,#10103,#10104,#10105,
    #10106,#10107,#10108,#10109,#10110,#10111,#10112,#10113,#10114,
#10115),.UNSPECIFIED.,.T.,.F.) B_SPLINE_CURVE_WITH_KNOTS((10,8,8,8,8,8,
    10),(0.,53.530667459247,80.29600118887,107.06133491849,
    133.82666864811,160.59200237774,214.12266983698),.UNSPECIFIED.) 
CURVE() GEOMETRIC_REPRESENTATION_ITEM() RATIONAL_B_SPLINE_CURVE((1.,1.,
    1.,1.,1.,1.,1.,1.,1.,1.,1.,1.,1.,1.,1.,1.,1.,1.,1.,1.,1.,1.,1.,1.,1.
    ,1.,1.,1.,1.,1.,1.,1.,1.,1.,1.,1.,1.,1.,1.,1.,1.,1.,1.,1.,1.,1.,1.,
1.,1.,1.)) REPRESENTATION_ITEM('') );
#10066 = CARTESIAN_POINT('',(2.387277308915E-14,45.4,12.293830150398));
#10067 = CARTESIAN_POINT('',(-5.057040599126,45.400000000003,
    12.293830150398));
#10068 = CARTESIAN_POINT('',(-10.15725172192,44.120179536377,
    12.329060696107));
#10069 = CARTESIAN_POINT('',(-15.0689683702,41.523131577777,
    12.400603273815));
#10070 = CARTESIAN_POINT('',(-19.54829537138,37.664348786094,
    12.496176928889));
#10071 = CARTESIAN_POINT('',(-23.36874056277,32.698966541966,
    12.583942979132));
#10072 = CARTESIAN_POINT('',(-26.35285768575,26.860587749862,
    12.663554323209));
#10073 = CARTESIAN_POINT('',(-28.3812453596,20.427917832706,
    12.722779795967));
#10074 = CARTESIAN_POINT('',(-29.39629457637,13.701179495699,
    12.751819980499));
#10075 = CARTESIAN_POINT('',(-29.40184123862,3.615894170807,
    12.724949678025));
#10076 = CARTESIAN_POINT('',(-29.15085228333,0.254937525089,
    12.704249258856));
#10077 = CARTESIAN_POINT('',(-28.64727383562,-3.068047630195,
    12.669919939796));
#10078 = CARTESIAN_POINT('',(-27.89508035973,-6.316062891206,
    12.619230334635));
#10079 = CARTESIAN_POINT('',(-26.90190461901,-9.453012118161,
    12.550517679131));
#10080 = CARTESIAN_POINT('',(-25.67888947529,-12.4443928324,
    12.460772311187));
#10081 = CARTESIAN_POINT('',(-24.24046142026,-15.25795348478,
    12.348952655345));
#10082 = CARTESIAN_POINT('',(-22.60402406929,-17.86430296109,
    12.222307113664));
#10083 = CARTESIAN_POINT('',(-18.97510785124,-22.6105695876,
    11.958082652224));
#10084 = CARTESIAN_POINT('',(-16.98262900751,-24.750486735,
    11.820520495587));
#10085 = CARTESIAN_POINT('',(-14.83211810368,-26.63118270199,
    11.686694793815));
#10086 = CARTESIAN_POINT('',(-12.54614941996,-28.23003857378,
    11.568931866292));
#10087 = CARTESIAN_POINT('',(-10.14949229886,-29.5283470015,
    11.475247578342));
#10088 = CARTESIAN_POINT('',(-7.668641061318,-30.51175443449,
    11.404199483724));
#10089 = CARTESIAN_POINT('',(-5.131268001087,-31.17058481132,
    11.35720801517));
#10090 = CARTESIAN_POINT('',(-2.56563399985,-31.4999999949,
    11.333635627256));
#10091 = CARTESIAN_POINT('',(2.56563399985,-31.4999999949,
    11.333635627256));
#10092 = CARTESIAN_POINT('',(5.131268001086,-31.17058481131,
    11.35720801517));
#10093 = CARTESIAN_POINT('',(7.668641061318,-30.5117544345,
    11.404199483723));
#10094 = CARTESIAN_POINT('',(10.149492298863,-29.5283470015,
    11.475247578342));
#10095 = CARTESIAN_POINT('',(12.546149419963,-28.23003857379,
    11.568931866292));
#10096 = CARTESIAN_POINT('',(14.832118103683,-26.63118270198,
    11.686694793815));
#10097 = CARTESIAN_POINT('',(16.982629007513,-24.750486735,
    11.820520495587));
#10098 = CARTESIAN_POINT('',(18.975107851245,-22.6105695876,
    11.958082652224));
#10099 = CARTESIAN_POINT('',(22.604024069295,-17.86430296109,
    12.222307113664));
#10100 = CARTESIAN_POINT('',(24.240461420267,-15.25795348478,
    12.348952655345));
#10101 = CARTESIAN_POINT('',(25.678889475296,-12.4443928324,
    12.460772311188));
#10102 = CARTESIAN_POINT('',(26.901904619011,-9.453012118163,
    12.550517679131));
#10103 = CARTESIAN_POINT('',(27.895080359731,-6.316062891204,
    12.619230334635));
#10104 = CARTESIAN_POINT('',(28.647273835621,-3.068047630197,
    12.669919939797));
#10105 = CARTESIAN_POINT('',(29.150852283338,0.25493752509,
    12.704249258855));
#10106 = CARTESIAN_POINT('',(29.40184123862,3.615894170807,
    12.724949678025));
#10107 = CARTESIAN_POINT('',(29.396294576373,13.701179495699,
    12.751819980498));
#10108 = CARTESIAN_POINT('',(28.381245359609,20.427917832706,
    12.722779795967));
#10109 = CARTESIAN_POINT('',(26.352857685759,26.86058774986,
    12.663554323202));
#10110 = CARTESIAN_POINT('',(23.368740562768,32.698966541969,
    12.583942979147));
#10111 = CARTESIAN_POINT('',(19.548295371384,37.664348786091,
    12.496176928868));
#10112 = CARTESIAN_POINT('',(15.068968370203,41.523131577781,
    12.40060327383));
#10113 = CARTESIAN_POINT('',(10.157251721921,44.120179536375,
    12.3290606961));
#10114 = CARTESIAN_POINT('',(5.057040599126,45.400000000003,
    12.293830150397));
#10115 = CARTESIAN_POINT('',(1.900701818158E-13,45.4,12.293830150397));
#10116 = ORIENTED_EDGE('',*,*,#3546,.T.);
#10117 = ORIENTED_EDGE('',*,*,#3468,.T.);
#10118 = ORIENTED_EDGE('',*,*,#9537,.F.);
#10119 = FACE_BOUND('',#10120,.F.);
#10120 = EDGE_LOOP('',(#10121,#10122));
#10121 = ORIENTED_EDGE('',*,*,#5097,.T.);
#10122 = ORIENTED_EDGE('',*,*,#5120,.T.);
#10123 = FACE_BOUND('',#10124,.F.);
#10124 = EDGE_LOOP('',(#10125,#10126));
#10125 = ORIENTED_EDGE('',*,*,#5374,.T.);
#10126 = ORIENTED_EDGE('',*,*,#5518,.T.);
#10127 = FACE_BOUND('',#10128,.F.);
#10128 = EDGE_LOOP('',(#10129,#10130));
#10129 = ORIENTED_EDGE('',*,*,#5241,.T.);
#10130 = ORIENTED_EDGE('',*,*,#5259,.T.);
#10131 = B_SPLINE_SURFACE_WITH_KNOTS('',14,1,(
    (#10132,#10133)
    ,(#10134,#10135)
    ,(#10136,#10137)
    ,(#10138,#10139)
    ,(#10140,#10141)
    ,(#10142,#10143)
    ,(#10144,#10145)
    ,(#10146,#10147)
    ,(#10148,#10149)
    ,(#10150,#10151)
    ,(#10152,#10153)
    ,(#10154,#10155)
    ,(#10156,#10157)
    ,(#10158,#10159)
    ,(#10160,#10161
    )),.UNSPECIFIED.,.T.,.F.,.F.,(15,15),(2,2),(0.,6.28318530718),(0.,1.
    ),.PIECEWISE_BEZIER_KNOTS.);
#10132 = CARTESIAN_POINT('',(2.387277308915E-14,45.4,3.));
#10133 = CARTESIAN_POINT('',(2.387277308915E-14,45.4,13.));
#10134 = CARTESIAN_POINT('',(-13.19468914508,45.400000000007,3.));
#10135 = CARTESIAN_POINT('',(-13.19468914508,45.400000000007,13.));
#10136 = CARTESIAN_POINT('',(-26.38938316061,37.059642811853,
    2.999999999999));
#10137 = CARTESIAN_POINT('',(-26.38938316061,37.059642811853,13.));
#10138 = CARTESIAN_POINT('',(-36.24488878925,20.378917773348,
    3.000000000002));
#10139 = CARTESIAN_POINT('',(-36.24488878925,20.378917773348,
    12.999999999996));
#10140 = CARTESIAN_POINT('',(-39.42238931727,-2.147678136759,
    2.999999999998));
#10141 = CARTESIAN_POINT('',(-39.42238931727,-2.147678136759,
    13.000000000017));
#10142 = CARTESIAN_POINT('',(-33.77991971371,-25.53162414242,
    2.999999999999));
#10143 = CARTESIAN_POINT('',(-33.77991971371,-25.53162414242,
    12.999999999957));
#10144 = CARTESIAN_POINT('',(-19.57702621074,-43.38265342888,
    3.000000000004));
#10145 = CARTESIAN_POINT('',(-19.57702621074,-43.38265342888,
    13.000000000076));
#10146 = CARTESIAN_POINT('',(-4.214797399982E-10,-50.10320974865,
    2.999999999992));
#10147 = CARTESIAN_POINT('',(-4.214797399982E-10,-50.10320974865,
    12.9999999999));
#10148 = CARTESIAN_POINT('',(19.577026211518,-43.38265342888,
    3.000000000009));
#10149 = CARTESIAN_POINT('',(19.577026211518,-43.38265342888,
    13.000000000102));
#10150 = CARTESIAN_POINT('',(33.779919713125,-25.53162414241,
    2.999999999992));
#10151 = CARTESIAN_POINT('',(33.779919713125,-25.53162414241,
    12.999999999918));
#10152 = CARTESIAN_POINT('',(39.422389317648,-2.147678136769,
    3.000000000005));
#10153 = CARTESIAN_POINT('',(39.422389317648,-2.147678136769,
    13.000000000052));
#10154 = CARTESIAN_POINT('',(36.24488878907,20.378917773354,
    2.999999999997));
#10155 = CARTESIAN_POINT('',(36.24488878907,20.378917773354,
    12.999999999974));
#10156 = CARTESIAN_POINT('',(26.389383160681,37.05964281185,
    3.000000000001));
#10157 = CARTESIAN_POINT('',(26.389383160681,37.05964281185,
    13.000000000009));
#10158 = CARTESIAN_POINT('',(13.194689145071,45.400000000008,3.));
#10159 = CARTESIAN_POINT('',(13.194689145071,45.400000000008,
    12.999999999998));
#10160 = CARTESIAN_POINT('',(-3.458587638071E-14,45.4,3.));
#10161 = CARTESIAN_POINT('',(-3.458587638071E-14,45.4,13.));
#10162 = ADVANCED_FACE('',(#10163),#10169,.T.);
#10163 = FACE_BOUND('',#10164,.T.);
#10164 = EDGE_LOOP('',(#10165,#10166,#10167,#10168));
#10165 = ORIENTED_EDGE('',*,*,#4030,.T.);
#10166 = ORIENTED_EDGE('',*,*,#10064,.F.);
#10167 = ORIENTED_EDGE('',*,*,#3565,.F.);
#10168 = ORIENTED_EDGE('',*,*,#7394,.T.);
#10169 = ( BOUNDED_SURFACE() B_SPLINE_SURFACE(2,9,(
    (#10170,#10171,#10172,#10173,#10174,#10175,#10176,#10177,#10178
      ,#10179,#10180,#10181,#10182,#10183,#10184,#10185,#10186,#10187
      ,#10188,#10189,#10190,#10191,#10192,#10193,#10194,#10195,#10196
      ,#10197,#10198,#10199,#10200,#10201,#10202,#10203,#10204,#10205
      ,#10206,#10207,#10208,#10209,#10210,#10211,#10212,#10213,#10214
      ,#10215,#10216,#10217,#10218,#10219)
    ,(#10220,#10221,#10222,#10223,#10224,#10225,#10226,#10227,#10228
      ,#10229,#10230,#10231,#10232,#10233,#10234,#10235,#10236,#10237
      ,#10238,#10239,#10240,#10241,#10242,#10243,#10244,#10245,#10246
      ,#10247,#10248,#10249,#10250,#10251,#10252,#10253,#10254,#10255
      ,#10256,#10257,#10258,#10259,#10260,#10261,#10262,#10263,#10264
      ,#10265,#10266,#10267,#10268,#10269)
    ,(#10270,#10271,#10272,#10273,#10274,#10275,#10276,#10277,#10278
      ,#10279,#10280,#10281,#10282,#10283,#10284,#10285,#10286,#10287
      ,#10288,#10289,#10290,#10291,#10292,#10293,#10294,#10295,#10296
      ,#10297,#10298,#10299,#10300,#10301,#10302,#10303,#10304,#10305
      ,#10306,#10307,#10308,#10309,#10310,#10311,#10312,#10313,#10314
      ,#10315,#10316,#10317,#10318,#10319
)),.UNSPECIFIED.,.F.,.F.,.F.) B_SPLINE_SURFACE_WITH_KNOTS((3,3),(10,8,8,
    8,8,8,10),(0.,214.12266983698),(0.,53.530667459247,80.29600118887,
    107.06133491849,133.82666864811,160.59200237774,214.12266983698),
.UNSPECIFIED.) GEOMETRIC_REPRESENTATION_ITEM() RATIONAL_B_SPLINE_SURFACE
((
    (1.,1.,1.,1.,1.,1.,1.,1.,1.,1.,1.,1.,1.,1.,1.,1.,1.,1.,1.,1.,1.,1.
      ,1.,1.,1.,1.,1.,1.,1.,1.,1.,1.,1.,1.,1.,1.,1.,1.,1.,1.,1.,1.,1.,1.
      ,1.,1.,1.,1.,1.,1.)
    ,(0.973396366858,0.973396366858,0.975913147164,0.980997386712
      ,0.987446404082,0.991326499793,0.9942908672,0.995714429781
      ,0.99661479856,0.995828221304,0.995199705383,0.994178276866
      ,0.992344003845,0.989655899878,0.985337340606,0.978098844432
      ,0.967811655037,0.943457876077,0.929384486182,0.914414162761
      ,0.900774381266,0.890279999497,0.88214234332,0.876863076964
      ,0.874194669342,0.874194669342,0.876863076964,0.882142343319
      ,0.890279999498,0.900774381266,0.914414162762,0.929384486182
      ,0.943457876077,0.967811655037,0.978098844432,0.985337340606
      ,0.989655899878,0.992344003845,0.994178276866,0.995199705383
      ,0.995828221304,0.99661479856,0.995714429781,0.9942908672
      ,0.991326499793,0.987446404082,0.980997386712,0.975913147164
      ,0.973396366858,0.973396366858)
    ,(1.,1.,1.,1.,1.,1.,1.,1.,1.,1.,1.,1.,1.,1.,1.,1.,1.,1.,1.,1.,1.,1.
      ,1.,1.,1.,1.,1.,1.,1.,1.,1.,1.,1.,1.,1.,1.,1.,1.,1.,1.,1.,1.,1.,1.
,1.,1.,1.,1.,1.,1.))) REPRESENTATION_ITEM('') SURFACE() );
#10170 = CARTESIAN_POINT('',(2.387277308915E-14,45.4,12.293830150398));
#10171 = CARTESIAN_POINT('',(-5.057040599126,45.400000000003,
    12.293830150398));
#10172 = CARTESIAN_POINT('',(-10.15725172192,44.120179536377,
    12.329060696107));
#10173 = CARTESIAN_POINT('',(-15.0689683702,41.523131577777,
    12.400603273815));
#10174 = CARTESIAN_POINT('',(-19.54829537138,37.664348786094,
    12.496176928889));
#10175 = CARTESIAN_POINT('',(-23.36874056277,32.698966541966,
    12.583942979132));
#10176 = CARTESIAN_POINT('',(-26.35285768575,26.860587749862,
    12.663554323209));
#10177 = CARTESIAN_POINT('',(-28.3812453596,20.427917832706,
    12.722779795967));
#10178 = CARTESIAN_POINT('',(-29.39629457637,13.701179495699,
    12.751819980499));
#10179 = CARTESIAN_POINT('',(-29.40184123862,3.615894170807,
    12.724949678025));
#10180 = CARTESIAN_POINT('',(-29.15085228333,0.254937525089,
    12.704249258856));
#10181 = CARTESIAN_POINT('',(-28.64727383562,-3.068047630195,
    12.669919939796));
#10182 = CARTESIAN_POINT('',(-27.89508035973,-6.316062891206,
    12.619230334635));
#10183 = CARTESIAN_POINT('',(-26.90190461901,-9.453012118161,
    12.550517679131));
#10184 = CARTESIAN_POINT('',(-25.67888947529,-12.4443928324,
    12.460772311187));
#10185 = CARTESIAN_POINT('',(-24.24046142026,-15.25795348478,
    12.348952655345));
#10186 = CARTESIAN_POINT('',(-22.60402406929,-17.86430296109,
    12.222307113664));
#10187 = CARTESIAN_POINT('',(-18.97510785124,-22.6105695876,
    11.958082652224));
#10188 = CARTESIAN_POINT('',(-16.98262900751,-24.750486735,
    11.820520495587));
#10189 = CARTESIAN_POINT('',(-14.83211810368,-26.63118270199,
    11.686694793815));
#10190 = CARTESIAN_POINT('',(-12.54614941996,-28.23003857378,
    11.568931866292));
#10191 = CARTESIAN_POINT('',(-10.14949229886,-29.5283470015,
    11.475247578342));
#10192 = CARTESIAN_POINT('',(-7.668641061318,-30.51175443449,
    11.404199483724));
#10193 = CARTESIAN_POINT('',(-5.131268001087,-31.17058481132,
    11.35720801517));
#10194 = CARTESIAN_POINT('',(-2.56563399985,-31.4999999949,
    11.333635627256));
#10195 = CARTESIAN_POINT('',(2.56563399985,-31.4999999949,
    11.333635627256));
#10196 = CARTESIAN_POINT('',(5.131268001086,-31.17058481131,
    11.35720801517));
#10197 = CARTESIAN_POINT('',(7.668641061318,-30.5117544345,
    11.404199483723));
#10198 = CARTESIAN_POINT('',(10.149492298863,-29.5283470015,
    11.475247578342));
#10199 = CARTESIAN_POINT('',(12.546149419963,-28.23003857379,
    11.568931866292));
#10200 = CARTESIAN_POINT('',(14.832118103683,-26.63118270198,
    11.686694793815));
#10201 = CARTESIAN_POINT('',(16.982629007513,-24.750486735,
    11.820520495587));
#10202 = CARTESIAN_POINT('',(18.975107851245,-22.6105695876,
    11.958082652224));
#10203 = CARTESIAN_POINT('',(22.604024069295,-17.86430296109,
    12.222307113664));
#10204 = CARTESIAN_POINT('',(24.240461420267,-15.25795348478,
    12.348952655345));
#10205 = CARTESIAN_POINT('',(25.678889475296,-12.4443928324,
    12.460772311188));
#10206 = CARTESIAN_POINT('',(26.901904619011,-9.453012118163,
    12.550517679131));
#10207 = CARTESIAN_POINT('',(27.895080359731,-6.316062891204,
    12.619230334635));
#10208 = CARTESIAN_POINT('',(28.647273835621,-3.068047630197,
    12.669919939797));
#10209 = CARTESIAN_POINT('',(29.150852283338,0.25493752509,
    12.704249258855));
#10210 = CARTESIAN_POINT('',(29.40184123862,3.615894170807,
    12.724949678025));
#10211 = CARTESIAN_POINT('',(29.396294576373,13.701179495699,
    12.751819980498));
#10212 = CARTESIAN_POINT('',(28.381245359609,20.427917832706,
    12.722779795967));
#10213 = CARTESIAN_POINT('',(26.352857685759,26.86058774986,
    12.663554323202));
#10214 = CARTESIAN_POINT('',(23.368740562768,32.698966541969,
    12.583942979147));
#10215 = CARTESIAN_POINT('',(19.548295371384,37.664348786091,
    12.496176928868));
#10216 = CARTESIAN_POINT('',(15.068968370203,41.523131577781,
    12.40060327383));
#10217 = CARTESIAN_POINT('',(10.157251721921,44.120179536375,
    12.3290606961));
#10218 = CARTESIAN_POINT('',(5.057040599126,45.400000000003,
    12.293830150397));
#10219 = CARTESIAN_POINT('',(1.900701818158E-13,45.4,12.293830150397));
#10220 = CARTESIAN_POINT('',(2.668308282661E-14,45.4,13.));
#10221 = CARTESIAN_POINT('',(-5.057040599126,45.400000000003,13.));
#10222 = CARTESIAN_POINT('',(-10.13185867358,44.123336308419,
    13.000449508991));
#10223 = CARTESIAN_POINT('',(-14.99770398601,41.553489103816,
    13.001628284168));
#10224 = CARTESIAN_POINT('',(-19.48536517639,37.74243602202,
    13.001587625717));
#10225 = CARTESIAN_POINT('',(-23.35390473778,32.744444450096,
    13.00067735286));
#10226 = CARTESIAN_POINT('',(-26.34222491209,26.887263638447,
    13.000449231003));
#10227 = CARTESIAN_POINT('',(-28.38146596739,20.440305218735,
    13.000163014911));
#10228 = CARTESIAN_POINT('',(-29.39629652201,13.697641806103,
    12.999930931521));
#10229 = CARTESIAN_POINT('',(-29.40184172541,3.615009049827,
    12.999982757563));
#10230 = CARTESIAN_POINT('',(-29.15071025259,0.251342193472,
    13.000094112149));
#10231 = CARTESIAN_POINT('',(-28.64584979843,-3.078194431205,
    13.000196458626));
#10232 = CARTESIAN_POINT('',(-27.89146605272,-6.331917810166,
    13.000817674599));
#10233 = CARTESIAN_POINT('',(-26.893916227,-9.480326224044,
    13.001483746931));
#10234 = CARTESIAN_POINT('',(-25.66152213626,-12.48664754687,
    13.003012354928));
#10235 = CARTESIAN_POINT('',(-24.2119050009,-15.30613284829,
    13.006739077504));
#10236 = CARTESIAN_POINT('',(-22.58119477627,-17.89416143813,
    13.011237457226));
#10237 = CARTESIAN_POINT('',(-18.9516892584,-22.64119881102,
    13.018619636815));
#10238 = CARTESIAN_POINT('',(-16.92871454766,-24.80792100145,
    13.021482111422));
#10239 = CARTESIAN_POINT('',(-14.74960445306,-26.69959843481,
    13.022015088841));
#10240 = CARTESIAN_POINT('',(-12.46361942074,-28.27637507868,
    13.017321809655));
#10241 = CARTESIAN_POINT('',(-10.0868131714,-29.55347811549,
    13.011436944092));
#10242 = CARTESIAN_POINT('',(-7.628411875002,-30.52088905223,
    13.006101590699));
#10243 = CARTESIAN_POINT('',(-5.115854660096,-31.17153165058,
    13.0020222211));
#10244 = CARTESIAN_POINT('',(-2.56563399985,-31.4999999949,13.));
#10245 = CARTESIAN_POINT('',(2.56563399985,-31.4999999949,13.));
#10246 = CARTESIAN_POINT('',(5.115854660096,-31.17153165058,
    13.0020222211));
#10247 = CARTESIAN_POINT('',(7.628411875002,-30.52088905223,
    13.006101590699));
#10248 = CARTESIAN_POINT('',(10.086813171403,-29.55347811548,
    13.011436944092));
#10249 = CARTESIAN_POINT('',(12.463619420742,-28.27637507869,
    13.017321809655));
#10250 = CARTESIAN_POINT('',(14.749604453059,-26.6995984348,
    13.022015088841));
#10251 = CARTESIAN_POINT('',(16.928714547669,-24.80792100145,
    13.021482111422));
#10252 = CARTESIAN_POINT('',(18.951689258407,-22.64119881102,
    13.018619636815));
#10253 = CARTESIAN_POINT('',(22.581194776276,-17.89416143813,
    13.011237457226));
#10254 = CARTESIAN_POINT('',(24.2119050009,-15.30613284829,
    13.006739077504));
#10255 = CARTESIAN_POINT('',(25.661522136267,-12.48664754687,
    13.003012354928));
#10256 = CARTESIAN_POINT('',(26.893916227002,-9.480326224045,
    13.001483746931));
#10257 = CARTESIAN_POINT('',(27.891466052728,-6.331917810164,
    13.0008176746));
#10258 = CARTESIAN_POINT('',(28.645849798437,-3.078194431206,
    13.000196458626));
#10259 = CARTESIAN_POINT('',(29.150710252592,0.251342193472,
    13.000094112149));
#10260 = CARTESIAN_POINT('',(29.401841725415,3.615009049827,
    12.999982757563));
#10261 = CARTESIAN_POINT('',(29.396296522017,13.697641806103,
    12.999930931521));
#10262 = CARTESIAN_POINT('',(28.381465967399,20.440305218735,
    13.000163014912));
#10263 = CARTESIAN_POINT('',(26.342224912092,26.887263638448,
    13.000449230996));
#10264 = CARTESIAN_POINT('',(23.353904737783,32.744444450094,
    13.000677352873));
#10265 = CARTESIAN_POINT('',(19.485365176387,37.742436022022,
    13.001587625699));
#10266 = CARTESIAN_POINT('',(14.997703986017,41.553489103816,
    13.001628284182));
#10267 = CARTESIAN_POINT('',(10.131858673581,44.123336308418,
    13.000449508984));
#10268 = CARTESIAN_POINT('',(5.057040599126,45.400000000003,
    12.999999999999));
#10269 = CARTESIAN_POINT('',(6.711254815772E-14,45.4,13.));
#10270 = CARTESIAN_POINT('',(2.376905682895E-14,45.085002922078,
    13.632022703222));
#10271 = CARTESIAN_POINT('',(-4.986180027954,45.085002922081,
    13.632022703222));
#10272 = CARTESIAN_POINT('',(-10.0155255938,43.851992300172,
    13.608205095219));
#10273 = CARTESIAN_POINT('',(-14.88591493011,41.35380650235,
    13.560729184536));
#10274 = CARTESIAN_POINT('',(-19.41788754302,37.5932724797,
    13.48885404597));
#10275 = CARTESIAN_POINT('',(-23.2729830951,32.650582074721,
    13.404046407854));
#10276 = CARTESIAN_POINT('',(-26.28629597338,26.841448911056,
    13.331125051645));
#10277 = CARTESIAN_POINT('',(-28.3310263865,20.416704961082,
    13.272650066005));
#10278 = CARTESIAN_POINT('',(-29.35574271604,13.694896619866,
    13.244725273926));
#10279 = CARTESIAN_POINT('',(-29.3518821902,3.618996981212,
    13.270445229817));
#10280 = CARTESIAN_POINT('',(-29.09362079494,0.261746602575,
    13.290311783231));
#10281 = CARTESIAN_POINT('',(-28.57836409354,-3.056543850784,
    13.323257651738));
#10282 = CARTESIAN_POINT('',(-27.80530473734,-6.295443805883,
    13.371672098494));
#10283 = CARTESIAN_POINT('',(-26.78271342809,-9.418434422226,
    13.435966291055));
#10284 = CARTESIAN_POINT('',(-25.51314661819,-12.385097761,
    13.518794976552));
#10285 = CARTESIAN_POINT('',(-24.00060501299,-15.14891060456,
    13.616113113332));
#10286 = CARTESIAN_POINT('',(-22.27477617987,-17.66776133965,
    13.706225386857));
#10287 = CARTESIAN_POINT('',(-18.47726407069,-22.1747307324,
    13.851999538105));
#10288 = CARTESIAN_POINT('',(-16.40559493236,-24.16269875117,
    13.907483876076));
#10289 = CARTESIAN_POINT('',(-14.19970550312,-25.86317615661,
    13.935389363861));
#10290 = CARTESIAN_POINT('',(-11.9125858994,-27.27130472809,
    13.928579526647));
#10291 = CARTESIAN_POINT('',(-9.576023316554,-28.40066288787,
    13.915315663367));
#10292 = CARTESIAN_POINT('',(-7.201734495531,-29.2426743085,
    13.899040839419));
#10293 = CARTESIAN_POINT('',(-4.808429432683,-29.80459196679,
    13.886740454209));
#10294 = CARTESIAN_POINT('',(-2.404175327179,-30.08529791433,
    13.880561324375));
#10295 = CARTESIAN_POINT('',(2.404175327179,-30.08529791433,
    13.880561324375));
#10296 = CARTESIAN_POINT('',(4.808429432683,-29.80459196679,
    13.88674045421));
#10297 = CARTESIAN_POINT('',(7.201734495531,-29.24267430849,
    13.899040839419));
#10298 = CARTESIAN_POINT('',(9.576023316554,-28.40066288787,
    13.915315663367));
#10299 = CARTESIAN_POINT('',(11.912585899404,-27.27130472809,
    13.928579526647));
#10300 = CARTESIAN_POINT('',(14.199705503125,-25.86317615661,
    13.935389363861));
#10301 = CARTESIAN_POINT('',(16.40559493237,-24.16269875117,
    13.907483876076));
#10302 = CARTESIAN_POINT('',(18.477264070697,-22.1747307324,
    13.851999538105));
#10303 = CARTESIAN_POINT('',(22.274776179874,-17.66776133965,
    13.706225386857));
#10304 = CARTESIAN_POINT('',(24.000605012999,-15.14891060456,
    13.616113113332));
#10305 = CARTESIAN_POINT('',(25.513146618196,-12.385097761,
    13.518794976552));
#10306 = CARTESIAN_POINT('',(26.782713428096,-9.418434422228,
    13.435966291055));
#10307 = CARTESIAN_POINT('',(27.805304737348,-6.295443805882,
    13.371672098494));
#10308 = CARTESIAN_POINT('',(28.578364093542,-3.056543850784,
    13.323257651739));
#10309 = CARTESIAN_POINT('',(29.093620794945,0.261746602576,
    13.29031178323));
#10310 = CARTESIAN_POINT('',(29.351882190202,3.618996981212,
    13.270445229816));
#10311 = CARTESIAN_POINT('',(29.355742716047,13.694896619866,
    13.244725273926));
#10312 = CARTESIAN_POINT('',(28.331026386507,20.416704961082,
    13.272650066006));
#10313 = CARTESIAN_POINT('',(26.286295973385,26.841448911059,
    13.331125051638));
#10314 = CARTESIAN_POINT('',(23.272983095104,32.650582074715,
    13.404046407865));
#10315 = CARTESIAN_POINT('',(19.417887543022,37.593272479708,
    13.488854045953));
#10316 = CARTESIAN_POINT('',(14.885914930122,41.353806502346,
    13.560729184548));
#10317 = CARTESIAN_POINT('',(10.015525593806,43.851992300173,
    13.608205095213));
#10318 = CARTESIAN_POINT('',(4.986180027954,45.08500292208,
    13.632022703221));
#10319 = CARTESIAN_POINT('',(-2.415845301584E-13,45.085002922078,
    13.632022703221));
#10320 = ADVANCED_FACE('',(#10321),#10327,.T.);
#10321 = FACE_BOUND('',#10322,.T.);
#10322 = EDGE_LOOP('',(#10323,#10324,#10325,#10326));
#10323 = ORIENTED_EDGE('',*,*,#4434,.T.);
#10324 = ORIENTED_EDGE('',*,*,#10009,.F.);
#10325 = ORIENTED_EDGE('',*,*,#3980,.F.);
#10326 = ORIENTED_EDGE('',*,*,#7448,.T.);
#10327 = ( BOUNDED_SURFACE() B_SPLINE_SURFACE(2,9,(
    (#10328,#10329,#10330,#10331,#10332,#10333,#10334,#10335,#10336
      ,#10337,#10338,#10339,#10340,#10341,#10342,#10343,#10344,#10345
      ,#10346,#10347,#10348,#10349,#10350,#10351,#10352,#10353,#10354
      ,#10355,#10356,#10357,#10358,#10359,#10360,#10361,#10362,#10363
      ,#10364,#10365,#10366,#10367,#10368,#10369,#10370,#10371,#10372
      ,#10373,#10374,#10375,#10376,#10377)
    ,(#10378,#10379,#10380,#10381,#10382,#10383,#10384,#10385,#10386
      ,#10387,#10388,#10389,#10390,#10391,#10392,#10393,#10394,#10395
      ,#10396,#10397,#10398,#10399,#10400,#10401,#10402,#10403,#10404
      ,#10405,#10406,#10407,#10408,#10409,#10410,#10411,#10412,#10413
      ,#10414,#10415,#10416,#10417,#10418,#10419,#10420,#10421,#10422
      ,#10423,#10424,#10425,#10426,#10427)
    ,(#10428,#10429,#10430,#10431,#10432,#10433,#10434,#10435,#10436
      ,#10437,#10438,#10439,#10440,#10441,#10442,#10443,#10444,#10445
      ,#10446,#10447,#10448,#10449,#10450,#10451,#10452,#10453,#10454
      ,#10455,#10456,#10457,#10458,#10459,#10460,#10461,#10462,#10463
      ,#10464,#10465,#10466,#10467,#10468,#10469,#10470,#10471,#10472
      ,#10473,#10474,#10475,#10476,#10477
)),.UNSPECIFIED.,.F.,.F.,.F.) B_SPLINE_SURFACE_WITH_KNOTS((3,3),(10,8,8,
    8,8,8,10),(0.,214.12266983698),(0.,53.530667459247,80.29600118887,
    107.06133491849,133.82666864811,160.59200237774,214.12266983698),
.UNSPECIFIED.) GEOMETRIC_REPRESENTATION_ITEM() RATIONAL_B_SPLINE_SURFACE
((
    (1.,1.,1.,1.,1.,1.,1.,1.,1.,1.,1.,1.,1.,1.,1.,1.,1.,1.,1.,1.,1.,1.
      ,1.,1.,1.,1.,1.,1.,1.,1.,1.,1.,1.,1.,1.,1.,1.,1.,1.,1.,1.,1.,1.,1.
      ,1.,1.,1.,1.,1.,1.)
    ,(0.973396366858,0.973396366858,0.975913147164,0.980997386712
      ,0.987446404082,0.991326499793,0.9942908672,0.995714429781
      ,0.99661479856,0.995828221304,0.995199705383,0.994178276866
      ,0.992344003845,0.989655899878,0.985337340606,0.978098844432
      ,0.967811655037,0.943457876077,0.929384486182,0.914414162761
      ,0.900774381266,0.890279999497,0.88214234332,0.876863076964
      ,0.874194669342,0.874194669342,0.876863076964,0.882142343319
      ,0.890279999498,0.900774381266,0.914414162762,0.929384486182
      ,0.943457876077,0.967811655037,0.978098844432,0.985337340606
      ,0.989655899878,0.992344003845,0.994178276866,0.995199705383
      ,0.995828221304,0.99661479856,0.995714429781,0.9942908672
      ,0.991326499793,0.987446404082,0.980997386712,0.975913147164
      ,0.973396366858,0.973396366858)
    ,(1.,1.,1.,1.,1.,1.,1.,1.,1.,1.,1.,1.,1.,1.,1.,1.,1.,1.,1.,1.,1.,1.
      ,1.,1.,1.,1.,1.,1.,1.,1.,1.,1.,1.,1.,1.,1.,1.,1.,1.,1.,1.,1.,1.,1.
,1.,1.,1.,1.,1.,1.))) REPRESENTATION_ITEM('') SURFACE() );
#10328 = CARTESIAN_POINT('',(2.387277308915E-14,45.4,12.293830150398));
#10329 = CARTESIAN_POINT('',(-5.057040599126,45.400000000003,
    12.293830150398));
#10330 = CARTESIAN_POINT('',(-10.15725172192,44.120179536377,
    12.329060696107));
#10331 = CARTESIAN_POINT('',(-15.0689683702,41.523131577777,
    12.400603273815));
#10332 = CARTESIAN_POINT('',(-19.54829537138,37.664348786094,
    12.496176928889));
#10333 = CARTESIAN_POINT('',(-23.36874056277,32.698966541966,
    12.583942979132));
#10334 = CARTESIAN_POINT('',(-26.35285768575,26.860587749862,
    12.663554323209));
#10335 = CARTESIAN_POINT('',(-28.3812453596,20.427917832706,
    12.722779795967));
#10336 = CARTESIAN_POINT('',(-29.39629457637,13.701179495699,
    12.751819980499));
#10337 = CARTESIAN_POINT('',(-29.40184123862,3.615894170807,
    12.724949678025));
#10338 = CARTESIAN_POINT('',(-29.15085228333,0.254937525089,
    12.704249258856));
#10339 = CARTESIAN_POINT('',(-28.64727383562,-3.068047630195,
    12.669919939796));
#10340 = CARTESIAN_POINT('',(-27.89508035973,-6.316062891206,
    12.619230334635));
#10341 = CARTESIAN_POINT('',(-26.90190461901,-9.453012118161,
    12.550517679131));
#10342 = CARTESIAN_POINT('',(-25.67888947529,-12.4443928324,
    12.460772311187));
#10343 = CARTESIAN_POINT('',(-24.24046142026,-15.25795348478,
    12.348952655345));
#10344 = CARTESIAN_POINT('',(-22.60402406929,-17.86430296109,
    12.222307113664));
#10345 = CARTESIAN_POINT('',(-18.97510785124,-22.6105695876,
    11.958082652224));
#10346 = CARTESIAN_POINT('',(-16.98262900751,-24.750486735,
    11.820520495587));
#10347 = CARTESIAN_POINT('',(-14.83211810368,-26.63118270199,
    11.686694793815));
#10348 = CARTESIAN_POINT('',(-12.54614941996,-28.23003857378,
    11.568931866292));
#10349 = CARTESIAN_POINT('',(-10.14949229886,-29.5283470015,
    11.475247578342));
#10350 = CARTESIAN_POINT('',(-7.668641061318,-30.51175443449,
    11.404199483724));
#10351 = CARTESIAN_POINT('',(-5.131268001087,-31.17058481132,
    11.35720801517));
#10352 = CARTESIAN_POINT('',(-2.56563399985,-31.4999999949,
    11.333635627256));
#10353 = CARTESIAN_POINT('',(2.56563399985,-31.4999999949,
    11.333635627256));
#10354 = CARTESIAN_POINT('',(5.131268001086,-31.17058481131,
    11.35720801517));
#10355 = CARTESIAN_POINT('',(7.668641061318,-30.5117544345,
    11.404199483723));
#10356 = CARTESIAN_POINT('',(10.149492298863,-29.5283470015,
    11.475247578342));
#10357 = CARTESIAN_POINT('',(12.546149419963,-28.23003857379,
    11.568931866292));
#10358 = CARTESIAN_POINT('',(14.832118103683,-26.63118270198,
    11.686694793815));
#10359 = CARTESIAN_POINT('',(16.982629007513,-24.750486735,
    11.820520495587));
#10360 = CARTESIAN_POINT('',(18.975107851245,-22.6105695876,
    11.958082652224));
#10361 = CARTESIAN_POINT('',(22.604024069295,-17.86430296109,
    12.222307113664));
#10362 = CARTESIAN_POINT('',(24.240461420267,-15.25795348478,
    12.348952655345));
#10363 = CARTESIAN_POINT('',(25.678889475296,-12.4443928324,
    12.460772311188));
#10364 = CARTESIAN_POINT('',(26.901904619011,-9.453012118163,
    12.550517679131));
#10365 = CARTESIAN_POINT('',(27.895080359731,-6.316062891204,
    12.619230334635));
#10366 = CARTESIAN_POINT('',(28.647273835621,-3.068047630197,
    12.669919939797));
#10367 = CARTESIAN_POINT('',(29.150852283338,0.25493752509,
    12.704249258855));
#10368 = CARTESIAN_POINT('',(29.40184123862,3.615894170807,
    12.724949678025));
#10369 = CARTESIAN_POINT('',(29.396294576373,13.701179495699,
    12.751819980498));
#10370 = CARTESIAN_POINT('',(28.381245359609,20.427917832706,
    12.722779795967));
#10371 = CARTESIAN_POINT('',(26.352857685759,26.86058774986,
    12.663554323202));
#10372 = CARTESIAN_POINT('',(23.368740562768,32.698966541969,
    12.583942979147));
#10373 = CARTESIAN_POINT('',(19.548295371384,37.664348786091,
    12.496176928868));
#10374 = CARTESIAN_POINT('',(15.068968370203,41.523131577781,
    12.40060327383));
#10375 = CARTESIAN_POINT('',(10.157251721921,44.120179536375,
    12.3290606961));
#10376 = CARTESIAN_POINT('',(5.057040599126,45.400000000003,
    12.293830150397));
#10377 = CARTESIAN_POINT('',(1.900701818158E-13,45.4,12.293830150397));
#10378 = CARTESIAN_POINT('',(2.668308282661E-14,45.4,13.));
#10379 = CARTESIAN_POINT('',(-5.057040599126,45.400000000003,13.));
#10380 = CARTESIAN_POINT('',(-10.13185867358,44.123336308419,
    13.000449508991));
#10381 = CARTESIAN_POINT('',(-14.99770398601,41.553489103816,
    13.001628284168));
#10382 = CARTESIAN_POINT('',(-19.48536517639,37.74243602202,
    13.001587625717));
#10383 = CARTESIAN_POINT('',(-23.35390473778,32.744444450096,
    13.00067735286));
#10384 = CARTESIAN_POINT('',(-26.34222491209,26.887263638447,
    13.000449231003));
#10385 = CARTESIAN_POINT('',(-28.38146596739,20.440305218735,
    13.000163014911));
#10386 = CARTESIAN_POINT('',(-29.39629652201,13.697641806103,
    12.999930931521));
#10387 = CARTESIAN_POINT('',(-29.40184172541,3.615009049827,
    12.999982757563));
#10388 = CARTESIAN_POINT('',(-29.15071025259,0.251342193472,
    13.000094112149));
#10389 = CARTESIAN_POINT('',(-28.64584979843,-3.078194431205,
    13.000196458626));
#10390 = CARTESIAN_POINT('',(-27.89146605272,-6.331917810166,
    13.000817674599));
#10391 = CARTESIAN_POINT('',(-26.893916227,-9.480326224044,
    13.001483746931));
#10392 = CARTESIAN_POINT('',(-25.66152213626,-12.48664754687,
    13.003012354928));
#10393 = CARTESIAN_POINT('',(-24.2119050009,-15.30613284829,
    13.006739077504));
#10394 = CARTESIAN_POINT('',(-22.58119477627,-17.89416143813,
    13.011237457226));
#10395 = CARTESIAN_POINT('',(-18.9516892584,-22.64119881102,
    13.018619636815));
#10396 = CARTESIAN_POINT('',(-16.92871454766,-24.80792100145,
    13.021482111422));
#10397 = CARTESIAN_POINT('',(-14.74960445306,-26.69959843481,
    13.022015088841));
#10398 = CARTESIAN_POINT('',(-12.46361942074,-28.27637507868,
    13.017321809655));
#10399 = CARTESIAN_POINT('',(-10.0868131714,-29.55347811549,
    13.011436944092));
#10400 = CARTESIAN_POINT('',(-7.628411875002,-30.52088905223,
    13.006101590699));
#10401 = CARTESIAN_POINT('',(-5.115854660096,-31.17153165058,
    13.0020222211));
#10402 = CARTESIAN_POINT('',(-2.56563399985,-31.4999999949,13.));
#10403 = CARTESIAN_POINT('',(2.56563399985,-31.4999999949,13.));
#10404 = CARTESIAN_POINT('',(5.115854660096,-31.17153165058,
    13.0020222211));
#10405 = CARTESIAN_POINT('',(7.628411875002,-30.52088905223,
    13.006101590699));
#10406 = CARTESIAN_POINT('',(10.086813171403,-29.55347811548,
    13.011436944092));
#10407 = CARTESIAN_POINT('',(12.463619420742,-28.27637507869,
    13.017321809655));
#10408 = CARTESIAN_POINT('',(14.749604453059,-26.6995984348,
    13.022015088841));
#10409 = CARTESIAN_POINT('',(16.928714547669,-24.80792100145,
    13.021482111422));
#10410 = CARTESIAN_POINT('',(18.951689258407,-22.64119881102,
    13.018619636815));
#10411 = CARTESIAN_POINT('',(22.581194776276,-17.89416143813,
    13.011237457226));
#10412 = CARTESIAN_POINT('',(24.2119050009,-15.30613284829,
    13.006739077504));
#10413 = CARTESIAN_POINT('',(25.661522136267,-12.48664754687,
    13.003012354928));
#10414 = CARTESIAN_POINT('',(26.893916227002,-9.480326224045,
    13.001483746931));
#10415 = CARTESIAN_POINT('',(27.891466052728,-6.331917810164,
    13.0008176746));
#10416 = CARTESIAN_POINT('',(28.645849798437,-3.078194431206,
    13.000196458626));
#10417 = CARTESIAN_POINT('',(29.150710252592,0.251342193472,
    13.000094112149));
#10418 = CARTESIAN_POINT('',(29.401841725415,3.615009049827,
    12.999982757563));
#10419 = CARTESIAN_POINT('',(29.396296522017,13.697641806103,
    12.999930931521));
#10420 = CARTESIAN_POINT('',(28.381465967399,20.440305218735,
    13.000163014912));
#10421 = CARTESIAN_POINT('',(26.342224912092,26.887263638448,
    13.000449230996));
#10422 = CARTESIAN_POINT('',(23.353904737783,32.744444450094,
    13.000677352873));
#10423 = CARTESIAN_POINT('',(19.485365176387,37.742436022022,
    13.001587625699));
#10424 = CARTESIAN_POINT('',(14.997703986017,41.553489103816,
    13.001628284182));
#10425 = CARTESIAN_POINT('',(10.131858673581,44.123336308418,
    13.000449508984));
#10426 = CARTESIAN_POINT('',(5.057040599126,45.400000000003,
    12.999999999999));
#10427 = CARTESIAN_POINT('',(6.711254815772E-14,45.4,13.));
#10428 = CARTESIAN_POINT('',(2.376905682895E-14,45.085002922078,
    13.632022703222));
#10429 = CARTESIAN_POINT('',(-4.986180027954,45.085002922081,
    13.632022703222));
#10430 = CARTESIAN_POINT('',(-10.0155255938,43.851992300172,
    13.608205095219));
#10431 = CARTESIAN_POINT('',(-14.88591493011,41.35380650235,
    13.560729184536));
#10432 = CARTESIAN_POINT('',(-19.41788754302,37.5932724797,
    13.48885404597));
#10433 = CARTESIAN_POINT('',(-23.2729830951,32.650582074721,
    13.404046407854));
#10434 = CARTESIAN_POINT('',(-26.28629597338,26.841448911056,
    13.331125051645));
#10435 = CARTESIAN_POINT('',(-28.3310263865,20.416704961082,
    13.272650066005));
#10436 = CARTESIAN_POINT('',(-29.35574271604,13.694896619866,
    13.244725273926));
#10437 = CARTESIAN_POINT('',(-29.3518821902,3.618996981212,
    13.270445229817));
#10438 = CARTESIAN_POINT('',(-29.09362079494,0.261746602575,
    13.290311783231));
#10439 = CARTESIAN_POINT('',(-28.57836409354,-3.056543850784,
    13.323257651738));
#10440 = CARTESIAN_POINT('',(-27.80530473734,-6.295443805883,
    13.371672098494));
#10441 = CARTESIAN_POINT('',(-26.78271342809,-9.418434422226,
    13.435966291055));
#10442 = CARTESIAN_POINT('',(-25.51314661819,-12.385097761,
    13.518794976552));
#10443 = CARTESIAN_POINT('',(-24.00060501299,-15.14891060456,
    13.616113113332));
#10444 = CARTESIAN_POINT('',(-22.27477617987,-17.66776133965,
    13.706225386857));
#10445 = CARTESIAN_POINT('',(-18.47726407069,-22.1747307324,
    13.851999538105));
#10446 = CARTESIAN_POINT('',(-16.40559493236,-24.16269875117,
    13.907483876076));
#10447 = CARTESIAN_POINT('',(-14.19970550312,-25.86317615661,
    13.935389363861));
#10448 = CARTESIAN_POINT('',(-11.9125858994,-27.27130472809,
    13.928579526647));
#10449 = CARTESIAN_POINT('',(-9.576023316554,-28.40066288787,
    13.915315663367));
#10450 = CARTESIAN_POINT('',(-7.201734495531,-29.2426743085,
    13.899040839419));
#10451 = CARTESIAN_POINT('',(-4.808429432683,-29.80459196679,
    13.886740454209));
#10452 = CARTESIAN_POINT('',(-2.404175327179,-30.08529791433,
    13.880561324375));
#10453 = CARTESIAN_POINT('',(2.404175327179,-30.08529791433,
    13.880561324375));
#10454 = CARTESIAN_POINT('',(4.808429432683,-29.80459196679,
    13.88674045421));
#10455 = CARTESIAN_POINT('',(7.201734495531,-29.24267430849,
    13.899040839419));
#10456 = CARTESIAN_POINT('',(9.576023316554,-28.40066288787,
    13.915315663367));
#10457 = CARTESIAN_POINT('',(11.912585899404,-27.27130472809,
    13.928579526647));
#10458 = CARTESIAN_POINT('',(14.199705503125,-25.86317615661,
    13.935389363861));
#10459 = CARTESIAN_POINT('',(16.40559493237,-24.16269875117,
    13.907483876076));
#10460 = CARTESIAN_POINT('',(18.477264070697,-22.1747307324,
    13.851999538105));
#10461 = CARTESIAN_POINT('',(22.274776179874,-17.66776133965,
    13.706225386857));
#10462 = CARTESIAN_POINT('',(24.000605012999,-15.14891060456,
    13.616113113332));
#10463 = CARTESIAN_POINT('',(25.513146618196,-12.385097761,
    13.518794976552));
#10464 = CARTESIAN_POINT('',(26.782713428096,-9.418434422228,
    13.435966291055));
#10465 = CARTESIAN_POINT('',(27.805304737348,-6.295443805882,
    13.371672098494));
#10466 = CARTESIAN_POINT('',(28.578364093542,-3.056543850784,
    13.323257651739));
#10467 = CARTESIAN_POINT('',(29.093620794945,0.261746602576,
    13.29031178323));
#10468 = CARTESIAN_POINT('',(29.351882190202,3.618996981212,
    13.270445229816));
#10469 = CARTESIAN_POINT('',(29.355742716047,13.694896619866,
    13.244725273926));
#10470 = CARTESIAN_POINT('',(28.331026386507,20.416704961082,
    13.272650066006));
#10471 = CARTESIAN_POINT('',(26.286295973385,26.841448911059,
    13.331125051638));
#10472 = CARTESIAN_POINT('',(23.272983095104,32.650582074715,
    13.404046407865));
#10473 = CARTESIAN_POINT('',(19.417887543022,37.593272479708,
    13.488854045953));
#10474 = CARTESIAN_POINT('',(14.885914930122,41.353806502346,
    13.560729184548));
#10475 = CARTESIAN_POINT('',(10.015525593806,43.851992300173,
    13.608205095213));
#10476 = CARTESIAN_POINT('',(4.986180027954,45.08500292208,
    13.632022703221));
#10477 = CARTESIAN_POINT('',(-2.415845301584E-13,45.085002922078,
    13.632022703221));
#10478 = ADVANCED_FACE('',(#10479),#10589,.T.);
#10479 = FACE_BOUND('',#10480,.T.);
#10480 = EDGE_LOOP('',(#10481,#10482,#10537,#10547,#10578,#10586,#10587,
    #10588));
#10481 = ORIENTED_EDGE('',*,*,#9163,.F.);
#10482 = ORIENTED_EDGE('',*,*,#10483,.F.);
#10483 = EDGE_CURVE('',#10484,#9107,#10486,.T.);
#10484 = VERTEX_POINT('',#10485);
#10485 = CARTESIAN_POINT('',(24.849494812616,27.498336542321,
    12.629935171088));
#10486 = ( BOUNDED_CURVE() B_SPLINE_CURVE(9,(#10487,#10488,#10489,#10490
    ,#10491,#10492,#10493,#10494,#10495,#10496,#10497,#10498,#10499,
    #10500,#10501,#10502,#10503,#10504,#10505,#10506,#10507,#10508,
    #10509,#10510,#10511,#10512,#10513,#10514,#10515,#10516,#10517,
    #10518,#10519,#10520,#10521,#10522,#10523,#10524,#10525,#10526,
    #10527,#10528,#10529,#10530,#10531,#10532,#10533,#10534,#10535,
#10536),.UNSPECIFIED.,.T.,.F.) B_SPLINE_CURVE_WITH_KNOTS((10,8,8,8,8,8,
    10),(0.,53.530667459247,80.29600118887,107.06133491849,
    133.82666864811,160.59200237774,214.12266983698),.UNSPECIFIED.) 
CURVE() GEOMETRIC_REPRESENTATION_ITEM() RATIONAL_B_SPLINE_CURVE((1.,1.,
    1.,1.,1.,1.,1.,1.,1.,1.,1.,1.,1.,1.,1.,1.,1.,1.,1.,1.,1.,1.,1.,1.,1.
    ,1.,1.,1.,1.,1.,1.,1.,1.,1.,1.,1.,1.,1.,1.,1.,1.,1.,1.,1.,1.,1.,1.,
1.,1.,1.)) REPRESENTATION_ITEM('') );
#10487 = CARTESIAN_POINT('',(2.387277308915E-14,45.4,12.293830150398));
#10488 = CARTESIAN_POINT('',(-5.057040599126,45.400000000003,
    12.293830150398));
#10489 = CARTESIAN_POINT('',(-10.15725172192,44.120179536377,
    12.329060696107));
#10490 = CARTESIAN_POINT('',(-15.0689683702,41.523131577777,
    12.400603273815));
#10491 = CARTESIAN_POINT('',(-19.54829537138,37.664348786094,
    12.496176928889));
#10492 = CARTESIAN_POINT('',(-23.36874056277,32.698966541966,
    12.583942979132));
#10493 = CARTESIAN_POINT('',(-26.35285768575,26.860587749862,
    12.663554323209));
#10494 = CARTESIAN_POINT('',(-28.3812453596,20.427917832706,
    12.722779795967));
#10495 = CARTESIAN_POINT('',(-29.39629457637,13.701179495699,
    12.751819980499));
#10496 = CARTESIAN_POINT('',(-29.40184123862,3.615894170807,
    12.724949678025));
#10497 = CARTESIAN_POINT('',(-29.15085228333,0.254937525089,
    12.704249258856));
#10498 = CARTESIAN_POINT('',(-28.64727383562,-3.068047630195,
    12.669919939796));
#10499 = CARTESIAN_POINT('',(-27.89508035973,-6.316062891206,
    12.619230334635));
#10500 = CARTESIAN_POINT('',(-26.90190461901,-9.453012118161,
    12.550517679131));
#10501 = CARTESIAN_POINT('',(-25.67888947529,-12.4443928324,
    12.460772311187));
#10502 = CARTESIAN_POINT('',(-24.24046142026,-15.25795348478,
    12.348952655345));
#10503 = CARTESIAN_POINT('',(-22.60402406929,-17.86430296109,
    12.222307113664));
#10504 = CARTESIAN_POINT('',(-18.97510785124,-22.6105695876,
    11.958082652224));
#10505 = CARTESIAN_POINT('',(-16.98262900751,-24.750486735,
    11.820520495587));
#10506 = CARTESIAN_POINT('',(-14.83211810368,-26.63118270199,
    11.686694793815));
#10507 = CARTESIAN_POINT('',(-12.54614941996,-28.23003857378,
    11.568931866292));
#10508 = CARTESIAN_POINT('',(-10.14949229886,-29.5283470015,
    11.475247578342));
#10509 = CARTESIAN_POINT('',(-7.668641061318,-30.51175443449,
    11.404199483724));
#10510 = CARTESIAN_POINT('',(-5.131268001087,-31.17058481132,
    11.35720801517));
#10511 = CARTESIAN_POINT('',(-2.56563399985,-31.4999999949,
    11.333635627256));
#10512 = CARTESIAN_POINT('',(2.56563399985,-31.4999999949,
    11.333635627256));
#10513 = CARTESIAN_POINT('',(5.131268001086,-31.17058481131,
    11.35720801517));
#10514 = CARTESIAN_POINT('',(7.668641061318,-30.5117544345,
    11.404199483723));
#10515 = CARTESIAN_POINT('',(10.149492298863,-29.5283470015,
    11.475247578342));
#10516 = CARTESIAN_POINT('',(12.546149419963,-28.23003857379,
    11.568931866292));
#10517 = CARTESIAN_POINT('',(14.832118103683,-26.63118270198,
    11.686694793815));
#10518 = CARTESIAN_POINT('',(16.982629007513,-24.750486735,
    11.820520495587));
#10519 = CARTESIAN_POINT('',(18.975107851245,-22.6105695876,
    11.958082652224));
#10520 = CARTESIAN_POINT('',(22.604024069295,-17.86430296109,
    12.222307113664));
#10521 = CARTESIAN_POINT('',(24.240461420267,-15.25795348478,
    12.348952655345));
#10522 = CARTESIAN_POINT('',(25.678889475296,-12.4443928324,
    12.460772311188));
#10523 = CARTESIAN_POINT('',(26.901904619011,-9.453012118163,
    12.550517679131));
#10524 = CARTESIAN_POINT('',(27.895080359731,-6.316062891204,
    12.619230334635));
#10525 = CARTESIAN_POINT('',(28.647273835621,-3.068047630197,
    12.669919939797));
#10526 = CARTESIAN_POINT('',(29.150852283338,0.25493752509,
    12.704249258855));
#10527 = CARTESIAN_POINT('',(29.40184123862,3.615894170807,
    12.724949678025));
#10528 = CARTESIAN_POINT('',(29.396294576373,13.701179495699,
    12.751819980498));
#10529 = CARTESIAN_POINT('',(28.381245359609,20.427917832706,
    12.722779795967));
#10530 = CARTESIAN_POINT('',(26.352857685759,26.86058774986,
    12.663554323202));
#10531 = CARTESIAN_POINT('',(23.368740562768,32.698966541969,
    12.583942979147));
#10532 = CARTESIAN_POINT('',(19.548295371384,37.664348786091,
    12.496176928868));
#10533 = CARTESIAN_POINT('',(15.068968370203,41.523131577781,
    12.40060327383));
#10534 = CARTESIAN_POINT('',(10.157251721921,44.120179536375,
    12.3290606961));
#10535 = CARTESIAN_POINT('',(5.057040599126,45.400000000003,
    12.293830150397));
#10536 = CARTESIAN_POINT('',(1.900701818158E-13,45.4,12.293830150397));
#10537 = ORIENTED_EDGE('',*,*,#10538,.F.);
#10538 = EDGE_CURVE('',#10539,#10484,#10541,.T.);
#10539 = VERTEX_POINT('',#10540);
#10540 = CARTESIAN_POINT('',(24.8206979247,27.505203976432,13.));
#10541 = B_SPLINE_CURVE_WITH_KNOTS('',4,(#10542,#10543,#10544,#10545,
    #10546),.UNSPECIFIED.,.F.,.F.,(5,5),(0.,1.),
  .PIECEWISE_BEZIER_KNOTS.);
#10542 = CARTESIAN_POINT('',(24.820683561209,27.505207339425,
    13.000092058274));
#10543 = CARTESIAN_POINT('',(24.835075718278,27.501837665244,
    12.907861628915));
#10544 = CARTESIAN_POINT('',(24.844709770536,27.499498639278,
    12.815220172278));
#10545 = CARTESIAN_POINT('',(24.849497833162,27.498335808847,
    12.722477319792));
#10546 = CARTESIAN_POINT('',(24.849494812616,27.498336542321,
    12.629935171088));
#10547 = ORIENTED_EDGE('',*,*,#10548,.F.);
#10548 = EDGE_CURVE('',#10549,#10539,#10551,.T.);
#10549 = VERTEX_POINT('',#10550);
#10550 = CARTESIAN_POINT('',(27.022430103417,22.04426068456,13.));
#10551 = B_SPLINE_CURVE_WITH_KNOTS('',5,(#10552,#10553,#10554,#10555,
    #10556,#10557,#10558,#10559,#10560,#10561,#10562,#10563,#10564,
    #10565,#10566,#10567,#10568,#10569,#10570,#10571,#10572,#10573,
    #10574,#10575,#10576,#10577),.UNSPECIFIED.,.F.,.F.,(6,4,4,4,4,4,6),(
    0.,5.221310579933E-02,0.525884580823,0.761056036445,0.874642027603,
    0.93136143907,1.),.UNSPECIFIED.);
#10552 = CARTESIAN_POINT('',(27.526754630765,20.4,13.));
#10553 = CARTESIAN_POINT('',(27.504215250944,20.478703470676,13.));
#10554 = CARTESIAN_POINT('',(27.481505543279,20.557344886587,13.));
#10555 = CARTESIAN_POINT('',(27.458626373572,20.635920625687,13.));
#10556 = CARTESIAN_POINT('',(27.435577853354,20.714429725551,13.));
#10557 = CARTESIAN_POINT('',(27.201723574172,21.504510538082,13.));
#10558 = CARTESIAN_POINT('',(26.977119991809,22.210724378211,13.));
#10559 = CARTESIAN_POINT('',(26.738578172536,22.910986602762,13.));
#10560 = CARTESIAN_POINT('',(26.486140890932,23.604749862567,13.));
#10561 = CARTESIAN_POINT('',(26.087661313506,24.632384690461,13.));
#10562 = CARTESIAN_POINT('',(25.952047191744,24.971579577361,13.));
#10563 = CARTESIAN_POINT('',(25.813028718956,25.308963597552,13.));
#10564 = CARTESIAN_POINT('',(25.670613968943,25.644466202941,13.));
#10565 = CARTESIAN_POINT('',(25.454390958723,26.139117405549,13.));
#10566 = CARTESIAN_POINT('',(25.383179651896,26.299763546603,13.));
#10567 = CARTESIAN_POINT('',(25.3111792392,26.45994595612,13.));
#10568 = CARTESIAN_POINT('',(25.238390828012,26.6196564787,13.));
#10569 = CARTESIAN_POINT('',(25.128075642395,26.858398943878,13.));
#10570 = CARTESIAN_POINT('',(25.091151525798,26.937765240442,13.));
#10571 = CARTESIAN_POINT('',(25.054043705657,27.016984790865,13.));
#10572 = CARTESIAN_POINT('',(25.01675264761,27.096056608538,13.));
#10573 = CARTESIAN_POINT('',(24.933930160093,27.270487897104,13.));
#10574 = CARTESIAN_POINT('',(24.899706999692,27.341802510394,13.));
#10575 = CARTESIAN_POINT('',(24.8536276353,27.437977735679,13.));
#10576 = CARTESIAN_POINT('',(24.799926413878,27.548003454779,13.));
#10577 = CARTESIAN_POINT('',(24.774509594694,27.6,13.));
#10578 = ORIENTED_EDGE('',*,*,#10579,.T.);
#10579 = EDGE_CURVE('',#10549,#9945,#10580,.T.);
#10580 = B_SPLINE_CURVE_WITH_KNOTS('',4,(#10581,#10582,#10583,#10584,
    #10585),.UNSPECIFIED.,.F.,.F.,(5,5),(0.,1.),
  .PIECEWISE_BEZIER_KNOTS.);
#10581 = CARTESIAN_POINT('',(27.02242331669,22.044250196286,
    13.000092058274));
#10582 = CARTESIAN_POINT('',(27.028210586704,22.053193865743,
    12.92160257244));
#10583 = CARTESIAN_POINT('',(27.032061914719,22.059223365621,
    12.842786367459));
#10584 = CARTESIAN_POINT('',(27.033979961289,22.062226640058,
    12.7638876327));
#10585 = CARTESIAN_POINT('',(27.033980768024,22.062227903169,
    12.685151678312));
#10586 = ORIENTED_EDGE('',*,*,#9954,.F.);
#10587 = ORIENTED_EDGE('',*,*,#4388,.F.);
#10588 = ORIENTED_EDGE('',*,*,#7502,.T.);
#10589 = ( BOUNDED_SURFACE() B_SPLINE_SURFACE(2,9,(
    (#10590,#10591,#10592,#10593,#10594,#10595,#10596,#10597,#10598
      ,#10599,#10600,#10601,#10602,#10603,#10604,#10605,#10606,#10607
      ,#10608,#10609,#10610,#10611,#10612,#10613,#10614,#10615,#10616
      ,#10617,#10618,#10619,#10620,#10621,#10622,#10623,#10624,#10625
      ,#10626,#10627,#10628,#10629,#10630,#10631,#10632,#10633,#10634
      ,#10635,#10636,#10637,#10638,#10639)
    ,(#10640,#10641,#10642,#10643,#10644,#10645,#10646,#10647,#10648
      ,#10649,#10650,#10651,#10652,#10653,#10654,#10655,#10656,#10657
      ,#10658,#10659,#10660,#10661,#10662,#10663,#10664,#10665,#10666
      ,#10667,#10668,#10669,#10670,#10671,#10672,#10673,#10674,#10675
      ,#10676,#10677,#10678,#10679,#10680,#10681,#10682,#10683,#10684
      ,#10685,#10686,#10687,#10688,#10689)
    ,(#10690,#10691,#10692,#10693,#10694,#10695,#10696,#10697,#10698
      ,#10699,#10700,#10701,#10702,#10703,#10704,#10705,#10706,#10707
      ,#10708,#10709,#10710,#10711,#10712,#10713,#10714,#10715,#10716
      ,#10717,#10718,#10719,#10720,#10721,#10722,#10723,#10724,#10725
      ,#10726,#10727,#10728,#10729,#10730,#10731,#10732,#10733,#10734
      ,#10735,#10736,#10737,#10738,#10739
)),.UNSPECIFIED.,.F.,.F.,.F.) B_SPLINE_SURFACE_WITH_KNOTS((3,3),(10,8,8,
    8,8,8,10),(0.,214.12266983698),(0.,53.530667459247,80.29600118887,
    107.06133491849,133.82666864811,160.59200237774,214.12266983698),
.UNSPECIFIED.) GEOMETRIC_REPRESENTATION_ITEM() RATIONAL_B_SPLINE_SURFACE
((
    (1.,1.,1.,1.,1.,1.,1.,1.,1.,1.,1.,1.,1.,1.,1.,1.,1.,1.,1.,1.,1.,1.
      ,1.,1.,1.,1.,1.,1.,1.,1.,1.,1.,1.,1.,1.,1.,1.,1.,1.,1.,1.,1.,1.,1.
      ,1.,1.,1.,1.,1.,1.)
    ,(0.973396366858,0.973396366858,0.975913147164,0.980997386712
      ,0.987446404082,0.991326499793,0.9942908672,0.995714429781
      ,0.99661479856,0.995828221304,0.995199705383,0.994178276866
      ,0.992344003845,0.989655899878,0.985337340606,0.978098844432
      ,0.967811655037,0.943457876077,0.929384486182,0.914414162761
      ,0.900774381266,0.890279999497,0.88214234332,0.876863076964
      ,0.874194669342,0.874194669342,0.876863076964,0.882142343319
      ,0.890279999498,0.900774381266,0.914414162762,0.929384486182
      ,0.943457876077,0.967811655037,0.978098844432,0.985337340606
      ,0.989655899878,0.992344003845,0.994178276866,0.995199705383
      ,0.995828221304,0.99661479856,0.995714429781,0.9942908672
      ,0.991326499793,0.987446404082,0.980997386712,0.975913147164
      ,0.973396366858,0.973396366858)
    ,(1.,1.,1.,1.,1.,1.,1.,1.,1.,1.,1.,1.,1.,1.,1.,1.,1.,1.,1.,1.,1.,1.
      ,1.,1.,1.,1.,1.,1.,1.,1.,1.,1.,1.,1.,1.,1.,1.,1.,1.,1.,1.,1.,1.,1.
,1.,1.,1.,1.,1.,1.))) REPRESENTATION_ITEM('') SURFACE() );
#10590 = CARTESIAN_POINT('',(2.387277308915E-14,45.4,12.293830150398));
#10591 = CARTESIAN_POINT('',(-5.057040599126,45.400000000003,
    12.293830150398));
#10592 = CARTESIAN_POINT('',(-10.15725172192,44.120179536377,
    12.329060696107));
#10593 = CARTESIAN_POINT('',(-15.0689683702,41.523131577777,
    12.400603273815));
#10594 = CARTESIAN_POINT('',(-19.54829537138,37.664348786094,
    12.496176928889));
#10595 = CARTESIAN_POINT('',(-23.36874056277,32.698966541966,
    12.583942979132));
#10596 = CARTESIAN_POINT('',(-26.35285768575,26.860587749862,
    12.663554323209));
#10597 = CARTESIAN_POINT('',(-28.3812453596,20.427917832706,
    12.722779795967));
#10598 = CARTESIAN_POINT('',(-29.39629457637,13.701179495699,
    12.751819980499));
#10599 = CARTESIAN_POINT('',(-29.40184123862,3.615894170807,
    12.724949678025));
#10600 = CARTESIAN_POINT('',(-29.15085228333,0.254937525089,
    12.704249258856));
#10601 = CARTESIAN_POINT('',(-28.64727383562,-3.068047630195,
    12.669919939796));
#10602 = CARTESIAN_POINT('',(-27.89508035973,-6.316062891206,
    12.619230334635));
#10603 = CARTESIAN_POINT('',(-26.90190461901,-9.453012118161,
    12.550517679131));
#10604 = CARTESIAN_POINT('',(-25.67888947529,-12.4443928324,
    12.460772311187));
#10605 = CARTESIAN_POINT('',(-24.24046142026,-15.25795348478,
    12.348952655345));
#10606 = CARTESIAN_POINT('',(-22.60402406929,-17.86430296109,
    12.222307113664));
#10607 = CARTESIAN_POINT('',(-18.97510785124,-22.6105695876,
    11.958082652224));
#10608 = CARTESIAN_POINT('',(-16.98262900751,-24.750486735,
    11.820520495587));
#10609 = CARTESIAN_POINT('',(-14.83211810368,-26.63118270199,
    11.686694793815));
#10610 = CARTESIAN_POINT('',(-12.54614941996,-28.23003857378,
    11.568931866292));
#10611 = CARTESIAN_POINT('',(-10.14949229886,-29.5283470015,
    11.475247578342));
#10612 = CARTESIAN_POINT('',(-7.668641061318,-30.51175443449,
    11.404199483724));
#10613 = CARTESIAN_POINT('',(-5.131268001087,-31.17058481132,
    11.35720801517));
#10614 = CARTESIAN_POINT('',(-2.56563399985,-31.4999999949,
    11.333635627256));
#10615 = CARTESIAN_POINT('',(2.56563399985,-31.4999999949,
    11.333635627256));
#10616 = CARTESIAN_POINT('',(5.131268001086,-31.17058481131,
    11.35720801517));
#10617 = CARTESIAN_POINT('',(7.668641061318,-30.5117544345,
    11.404199483723));
#10618 = CARTESIAN_POINT('',(10.149492298863,-29.5283470015,
    11.475247578342));
#10619 = CARTESIAN_POINT('',(12.546149419963,-28.23003857379,
    11.568931866292));
#10620 = CARTESIAN_POINT('',(14.832118103683,-26.63118270198,
    11.686694793815));
#10621 = CARTESIAN_POINT('',(16.982629007513,-24.750486735,
    11.820520495587));
#10622 = CARTESIAN_POINT('',(18.975107851245,-22.6105695876,
    11.958082652224));
#10623 = CARTESIAN_POINT('',(22.604024069295,-17.86430296109,
    12.222307113664));
#10624 = CARTESIAN_POINT('',(24.240461420267,-15.25795348478,
    12.348952655345));
#10625 = CARTESIAN_POINT('',(25.678889475296,-12.4443928324,
    12.460772311188));
#10626 = CARTESIAN_POINT('',(26.901904619011,-9.453012118163,
    12.550517679131));
#10627 = CARTESIAN_POINT('',(27.895080359731,-6.316062891204,
    12.619230334635));
#10628 = CARTESIAN_POINT('',(28.647273835621,-3.068047630197,
    12.669919939797));
#10629 = CARTESIAN_POINT('',(29.150852283338,0.25493752509,
    12.704249258855));
#10630 = CARTESIAN_POINT('',(29.40184123862,3.615894170807,
    12.724949678025));
#10631 = CARTESIAN_POINT('',(29.396294576373,13.701179495699,
    12.751819980498));
#10632 = CARTESIAN_POINT('',(28.381245359609,20.427917832706,
    12.722779795967));
#10633 = CARTESIAN_POINT('',(26.352857685759,26.86058774986,
    12.663554323202));
#10634 = CARTESIAN_POINT('',(23.368740562768,32.698966541969,
    12.583942979147));
#10635 = CARTESIAN_POINT('',(19.548295371384,37.664348786091,
    12.496176928868));
#10636 = CARTESIAN_POINT('',(15.068968370203,41.523131577781,
    12.40060327383));
#10637 = CARTESIAN_POINT('',(10.157251721921,44.120179536375,
    12.3290606961));
#10638 = CARTESIAN_POINT('',(5.057040599126,45.400000000003,
    12.293830150397));
#10639 = CARTESIAN_POINT('',(1.900701818158E-13,45.4,12.293830150397));
#10640 = CARTESIAN_POINT('',(2.668308282661E-14,45.4,13.));
#10641 = CARTESIAN_POINT('',(-5.057040599126,45.400000000003,13.));
#10642 = CARTESIAN_POINT('',(-10.13185867358,44.123336308419,
    13.000449508991));
#10643 = CARTESIAN_POINT('',(-14.99770398601,41.553489103816,
    13.001628284168));
#10644 = CARTESIAN_POINT('',(-19.48536517639,37.74243602202,
    13.001587625717));
#10645 = CARTESIAN_POINT('',(-23.35390473778,32.744444450096,
    13.00067735286));
#10646 = CARTESIAN_POINT('',(-26.34222491209,26.887263638447,
    13.000449231003));
#10647 = CARTESIAN_POINT('',(-28.38146596739,20.440305218735,
    13.000163014911));
#10648 = CARTESIAN_POINT('',(-29.39629652201,13.697641806103,
    12.999930931521));
#10649 = CARTESIAN_POINT('',(-29.40184172541,3.615009049827,
    12.999982757563));
#10650 = CARTESIAN_POINT('',(-29.15071025259,0.251342193472,
    13.000094112149));
#10651 = CARTESIAN_POINT('',(-28.64584979843,-3.078194431205,
    13.000196458626));
#10652 = CARTESIAN_POINT('',(-27.89146605272,-6.331917810166,
    13.000817674599));
#10653 = CARTESIAN_POINT('',(-26.893916227,-9.480326224044,
    13.001483746931));
#10654 = CARTESIAN_POINT('',(-25.66152213626,-12.48664754687,
    13.003012354928));
#10655 = CARTESIAN_POINT('',(-24.2119050009,-15.30613284829,
    13.006739077504));
#10656 = CARTESIAN_POINT('',(-22.58119477627,-17.89416143813,
    13.011237457226));
#10657 = CARTESIAN_POINT('',(-18.9516892584,-22.64119881102,
    13.018619636815));
#10658 = CARTESIAN_POINT('',(-16.92871454766,-24.80792100145,
    13.021482111422));
#10659 = CARTESIAN_POINT('',(-14.74960445306,-26.69959843481,
    13.022015088841));
#10660 = CARTESIAN_POINT('',(-12.46361942074,-28.27637507868,
    13.017321809655));
#10661 = CARTESIAN_POINT('',(-10.0868131714,-29.55347811549,
    13.011436944092));
#10662 = CARTESIAN_POINT('',(-7.628411875002,-30.52088905223,
    13.006101590699));
#10663 = CARTESIAN_POINT('',(-5.115854660096,-31.17153165058,
    13.0020222211));
#10664 = CARTESIAN_POINT('',(-2.56563399985,-31.4999999949,13.));
#10665 = CARTESIAN_POINT('',(2.56563399985,-31.4999999949,13.));
#10666 = CARTESIAN_POINT('',(5.115854660096,-31.17153165058,
    13.0020222211));
#10667 = CARTESIAN_POINT('',(7.628411875002,-30.52088905223,
    13.006101590699));
#10668 = CARTESIAN_POINT('',(10.086813171403,-29.55347811548,
    13.011436944092));
#10669 = CARTESIAN_POINT('',(12.463619420742,-28.27637507869,
    13.017321809655));
#10670 = CARTESIAN_POINT('',(14.749604453059,-26.6995984348,
    13.022015088841));
#10671 = CARTESIAN_POINT('',(16.928714547669,-24.80792100145,
    13.021482111422));
#10672 = CARTESIAN_POINT('',(18.951689258407,-22.64119881102,
    13.018619636815));
#10673 = CARTESIAN_POINT('',(22.581194776276,-17.89416143813,
    13.011237457226));
#10674 = CARTESIAN_POINT('',(24.2119050009,-15.30613284829,
    13.006739077504));
#10675 = CARTESIAN_POINT('',(25.661522136267,-12.48664754687,
    13.003012354928));
#10676 = CARTESIAN_POINT('',(26.893916227002,-9.480326224045,
    13.001483746931));
#10677 = CARTESIAN_POINT('',(27.891466052728,-6.331917810164,
    13.0008176746));
#10678 = CARTESIAN_POINT('',(28.645849798437,-3.078194431206,
    13.000196458626));
#10679 = CARTESIAN_POINT('',(29.150710252592,0.251342193472,
    13.000094112149));
#10680 = CARTESIAN_POINT('',(29.401841725415,3.615009049827,
    12.999982757563));
#10681 = CARTESIAN_POINT('',(29.396296522017,13.697641806103,
    12.999930931521));
#10682 = CARTESIAN_POINT('',(28.381465967399,20.440305218735,
    13.000163014912));
#10683 = CARTESIAN_POINT('',(26.342224912092,26.887263638448,
    13.000449230996));
#10684 = CARTESIAN_POINT('',(23.353904737783,32.744444450094,
    13.000677352873));
#10685 = CARTESIAN_POINT('',(19.485365176387,37.742436022022,
    13.001587625699));
#10686 = CARTESIAN_POINT('',(14.997703986017,41.553489103816,
    13.001628284182));
#10687 = CARTESIAN_POINT('',(10.131858673581,44.123336308418,
    13.000449508984));
#10688 = CARTESIAN_POINT('',(5.057040599126,45.400000000003,
    12.999999999999));
#10689 = CARTESIAN_POINT('',(6.711254815772E-14,45.4,13.));
#10690 = CARTESIAN_POINT('',(2.376905682895E-14,45.085002922078,
    13.632022703222));
#10691 = CARTESIAN_POINT('',(-4.986180027954,45.085002922081,
    13.632022703222));
#10692 = CARTESIAN_POINT('',(-10.0155255938,43.851992300172,
    13.608205095219));
#10693 = CARTESIAN_POINT('',(-14.88591493011,41.35380650235,
    13.560729184536));
#10694 = CARTESIAN_POINT('',(-19.41788754302,37.5932724797,
    13.48885404597));
#10695 = CARTESIAN_POINT('',(-23.2729830951,32.650582074721,
    13.404046407854));
#10696 = CARTESIAN_POINT('',(-26.28629597338,26.841448911056,
    13.331125051645));
#10697 = CARTESIAN_POINT('',(-28.3310263865,20.416704961082,
    13.272650066005));
#10698 = CARTESIAN_POINT('',(-29.35574271604,13.694896619866,
    13.244725273926));
#10699 = CARTESIAN_POINT('',(-29.3518821902,3.618996981212,
    13.270445229817));
#10700 = CARTESIAN_POINT('',(-29.09362079494,0.261746602575,
    13.290311783231));
#10701 = CARTESIAN_POINT('',(-28.57836409354,-3.056543850784,
    13.323257651738));
#10702 = CARTESIAN_POINT('',(-27.80530473734,-6.295443805883,
    13.371672098494));
#10703 = CARTESIAN_POINT('',(-26.78271342809,-9.418434422226,
    13.435966291055));
#10704 = CARTESIAN_POINT('',(-25.51314661819,-12.385097761,
    13.518794976552));
#10705 = CARTESIAN_POINT('',(-24.00060501299,-15.14891060456,
    13.616113113332));
#10706 = CARTESIAN_POINT('',(-22.27477617987,-17.66776133965,
    13.706225386857));
#10707 = CARTESIAN_POINT('',(-18.47726407069,-22.1747307324,
    13.851999538105));
#10708 = CARTESIAN_POINT('',(-16.40559493236,-24.16269875117,
    13.907483876076));
#10709 = CARTESIAN_POINT('',(-14.19970550312,-25.86317615661,
    13.935389363861));
#10710 = CARTESIAN_POINT('',(-11.9125858994,-27.27130472809,
    13.928579526647));
#10711 = CARTESIAN_POINT('',(-9.576023316554,-28.40066288787,
    13.915315663367));
#10712 = CARTESIAN_POINT('',(-7.201734495531,-29.2426743085,
    13.899040839419));
#10713 = CARTESIAN_POINT('',(-4.808429432683,-29.80459196679,
    13.886740454209));
#10714 = CARTESIAN_POINT('',(-2.404175327179,-30.08529791433,
    13.880561324375));
#10715 = CARTESIAN_POINT('',(2.404175327179,-30.08529791433,
    13.880561324375));
#10716 = CARTESIAN_POINT('',(4.808429432683,-29.80459196679,
    13.88674045421));
#10717 = CARTESIAN_POINT('',(7.201734495531,-29.24267430849,
    13.899040839419));
#10718 = CARTESIAN_POINT('',(9.576023316554,-28.40066288787,
    13.915315663367));
#10719 = CARTESIAN_POINT('',(11.912585899404,-27.27130472809,
    13.928579526647));
#10720 = CARTESIAN_POINT('',(14.199705503125,-25.86317615661,
    13.935389363861));
#10721 = CARTESIAN_POINT('',(16.40559493237,-24.16269875117,
    13.907483876076));
#10722 = CARTESIAN_POINT('',(18.477264070697,-22.1747307324,
    13.851999538105));
#10723 = CARTESIAN_POINT('',(22.274776179874,-17.66776133965,
    13.706225386857));
#10724 = CARTESIAN_POINT('',(24.000605012999,-15.14891060456,
    13.616113113332));
#10725 = CARTESIAN_POINT('',(25.513146618196,-12.385097761,
    13.518794976552));
#10726 = CARTESIAN_POINT('',(26.782713428096,-9.418434422228,
    13.435966291055));
#10727 = CARTESIAN_POINT('',(27.805304737348,-6.295443805882,
    13.371672098494));
#10728 = CARTESIAN_POINT('',(28.578364093542,-3.056543850784,
    13.323257651739));
#10729 = CARTESIAN_POINT('',(29.093620794945,0.261746602576,
    13.29031178323));
#10730 = CARTESIAN_POINT('',(29.351882190202,3.618996981212,
    13.270445229816));
#10731 = CARTESIAN_POINT('',(29.355742716047,13.694896619866,
    13.244725273926));
#10732 = CARTESIAN_POINT('',(28.331026386507,20.416704961082,
    13.272650066006));
#10733 = CARTESIAN_POINT('',(26.286295973385,26.841448911059,
    13.331125051638));
#10734 = CARTESIAN_POINT('',(23.272983095104,32.650582074715,
    13.404046407865));
#10735 = CARTESIAN_POINT('',(19.417887543022,37.593272479708,
    13.488854045953));
#10736 = CARTESIAN_POINT('',(14.885914930122,41.353806502346,
    13.560729184548));
#10737 = CARTESIAN_POINT('',(10.015525593806,43.851992300173,
    13.608205095213));
#10738 = CARTESIAN_POINT('',(4.986180027954,45.08500292208,
    13.632022703221));
#10739 = CARTESIAN_POINT('',(-2.415845301584E-13,45.085002922078,
    13.632022703221));
#10740 = ADVANCED_FACE('',(#10741),#10759,.F.);
#10741 = FACE_BOUND('',#10742,.F.);
#10742 = EDGE_LOOP('',(#10743,#10752,#10758));
#10743 = ORIENTED_EDGE('',*,*,#10744,.F.);
#10744 = EDGE_CURVE('',#10745,#5544,#10747,.T.);
#10745 = VERTEX_POINT('',#10746);
#10746 = CARTESIAN_POINT('',(26.590366769398,21.5,3.));
#10747 = CIRCLE('',#10748,3.6);
#10748 = AXIS2_PLACEMENT_3D('',#10749,#10750,#10751);
#10749 = CARTESIAN_POINT('',(24.,24.,3.));
#10750 = DIRECTION('',(0.,0.,1.));
#10751 = DIRECTION('',(1.,0.,-0.));
#10752 = ORIENTED_EDGE('',*,*,#10753,.T.);
#10753 = EDGE_CURVE('',#10745,#1701,#10754,.T.);
#10754 = LINE('',#10755,#10756);
#10755 = CARTESIAN_POINT('',(24.,21.5,3.));
#10756 = VECTOR('',#10757,1.);
#10757 = DIRECTION('',(1.,0.,-0.));
#10758 = ORIENTED_EDGE('',*,*,#5552,.T.);
#10759 = PLANE('',#10760);
#10760 = AXIS2_PLACEMENT_3D('',#10761,#10762,#10763);
#10761 = CARTESIAN_POINT('',(24.,21.5,3.));
#10762 = DIRECTION('',(0.,0.,1.));
#10763 = DIRECTION('',(1.,0.,-0.));
#10764 = ADVANCED_FACE('',(#10765),#10777,.F.);
#10765 = FACE_BOUND('',#10766,.F.);
#10766 = EDGE_LOOP('',(#10767,#10774,#10775,#10776));
#10767 = ORIENTED_EDGE('',*,*,#10768,.F.);
#10768 = EDGE_CURVE('',#5544,#5568,#10769,.T.);
#10769 = ELLIPSE('',#10770,38.45,29.4);
#10770 = AXIS2_PLACEMENT_3D('',#10771,#10772,#10773);
#10771 = CARTESIAN_POINT('',(0.,6.95,3.));
#10772 = DIRECTION('',(0.,-0.,1.));
#10773 = DIRECTION('',(0.,1.,0.));
#10774 = ORIENTED_EDGE('',*,*,#5543,.T.);
#10775 = ORIENTED_EDGE('',*,*,#5534,.T.);
#10776 = ORIENTED_EDGE('',*,*,#5567,.F.);
#10777 = PLANE('',#10778);
#10778 = AXIS2_PLACEMENT_3D('',#10779,#10780,#10781);
#10779 = CARTESIAN_POINT('',(0.,5.,3.));
#10780 = DIRECTION('',(0.,-0.,1.));
#10781 = DIRECTION('',(0.,1.,0.));
#10782 = ADVANCED_FACE('',(#10783),#10832,.F.);
#10783 = FACE_BOUND('',#10784,.F.);
#10784 = EDGE_LOOP('',(#10785,#10793,#10801,#10810,#10818,#10824,#10825)
  );
#10785 = ORIENTED_EDGE('',*,*,#10786,.F.);
#10786 = EDGE_CURVE('',#10787,#10745,#10789,.T.);
#10787 = VERTEX_POINT('',#10788);
#10788 = CARTESIAN_POINT('',(24.,21.5,3.));
#10789 = LINE('',#10790,#10791);
#10790 = CARTESIAN_POINT('',(24.,21.5,3.));
#10791 = VECTOR('',#10792,1.);
#10792 = DIRECTION('',(1.,0.,-0.));
#10793 = ORIENTED_EDGE('',*,*,#10794,.T.);
#10794 = EDGE_CURVE('',#10787,#10795,#10797,.T.);
#10795 = VERTEX_POINT('',#10796);
#10796 = CARTESIAN_POINT('',(24.,22.95,3.));
#10797 = LINE('',#10798,#10799);
#10798 = CARTESIAN_POINT('',(24.,21.5,3.));
#10799 = VECTOR('',#10800,1.);
#10800 = DIRECTION('',(-0.,1.,0.));
#10801 = ORIENTED_EDGE('',*,*,#10802,.F.);
#10802 = EDGE_CURVE('',#10803,#10795,#10805,.T.);
#10803 = VERTEX_POINT('',#10804);
#10804 = CARTESIAN_POINT('',(24.,25.05,3.));
#10805 = CIRCLE('',#10806,1.05);
#10806 = AXIS2_PLACEMENT_3D('',#10807,#10808,#10809);
#10807 = CARTESIAN_POINT('',(24.,24.,3.));
#10808 = DIRECTION('',(0.,0.,1.));
#10809 = DIRECTION('',(1.,0.,-0.));
#10810 = ORIENTED_EDGE('',*,*,#10811,.T.);
#10811 = EDGE_CURVE('',#10803,#10812,#10814,.T.);
#10812 = VERTEX_POINT('',#10813);
#10813 = CARTESIAN_POINT('',(24.,26.5,3.));
#10814 = LINE('',#10815,#10816);
#10815 = CARTESIAN_POINT('',(24.,21.5,3.));
#10816 = VECTOR('',#10817,1.);
#10817 = DIRECTION('',(-0.,1.,0.));
#10818 = ORIENTED_EDGE('',*,*,#10819,.T.);
#10819 = EDGE_CURVE('',#10812,#5568,#10820,.T.);
#10820 = LINE('',#10821,#10822);
#10821 = CARTESIAN_POINT('',(24.,26.5,3.));
#10822 = VECTOR('',#10823,1.);
#10823 = DIRECTION('',(1.,0.,-0.));
#10824 = ORIENTED_EDGE('',*,*,#5576,.T.);
#10825 = ORIENTED_EDGE('',*,*,#10826,.T.);
#10826 = EDGE_CURVE('',#1615,#10745,#10827,.T.);
#10827 = CIRCLE('',#10828,3.6);
#10828 = AXIS2_PLACEMENT_3D('',#10829,#10830,#10831);
#10829 = CARTESIAN_POINT('',(24.,24.,3.));
#10830 = DIRECTION('',(0.,0.,1.));
#10831 = DIRECTION('',(1.,0.,-0.));
#10832 = PLANE('',#10833);
#10833 = AXIS2_PLACEMENT_3D('',#10834,#10835,#10836);
#10834 = CARTESIAN_POINT('',(24.,24.,3.));
#10835 = DIRECTION('',(0.,0.,1.));
#10836 = DIRECTION('',(1.,0.,-0.));
#10837 = ADVANCED_FACE('',(#10838),#10855,.F.);
#10838 = FACE_BOUND('',#10839,.F.);
#10839 = EDGE_LOOP('',(#10840,#10848,#10849,#10854));
#10840 = ORIENTED_EDGE('',*,*,#10841,.F.);
#10841 = EDGE_CURVE('',#5592,#10484,#10842,.T.);
#10842 = B_SPLINE_CURVE_WITH_KNOTS('',4,(#10843,#10844,#10845,#10846,
    #10847),.UNSPECIFIED.,.F.,.F.,(5,5),(0.,1.),
  .PIECEWISE_BEZIER_KNOTS.);
#10843 = CARTESIAN_POINT('',(24.849494861857,27.498336530364,3.009994));
#10844 = CARTESIAN_POINT('',(24.849494861857,27.498336530364,
    5.442304845168));
#10845 = CARTESIAN_POINT('',(24.849494861857,27.498336530364,
    7.874615690336));
#10846 = CARTESIAN_POINT('',(24.849494861857,27.498336530364,
    10.306926535504));
#10847 = CARTESIAN_POINT('',(24.849494861857,27.498336530364,
    12.739237380672));
#10848 = ORIENTED_EDGE('',*,*,#5591,.T.);
#10849 = ORIENTED_EDGE('',*,*,#10850,.T.);
#10850 = EDGE_CURVE('',#5594,#9107,#10851,.T.);
#10851 = B_SPLINE_CURVE_WITH_KNOTS('',1,(#10852,#10853),.UNSPECIFIED.,
  .F.,.F.,(2,2),(0.,1.),.PIECEWISE_BEZIER_KNOTS.);
#10852 = CARTESIAN_POINT('',(2.387277308915E-14,45.4,3.));
#10853 = CARTESIAN_POINT('',(2.387277308915E-14,45.4,13.));
#10854 = ORIENTED_EDGE('',*,*,#10483,.F.);
#10855 = B_SPLINE_SURFACE_WITH_KNOTS('',14,1,(
    (#10856,#10857)
    ,(#10858,#10859)
    ,(#10860,#10861)
    ,(#10862,#10863)
    ,(#10864,#10865)
    ,(#10866,#10867)
    ,(#10868,#10869)
    ,(#10870,#10871)
    ,(#10872,#10873)
    ,(#10874,#10875)
    ,(#10876,#10877)
    ,(#10878,#10879)
    ,(#10880,#10881)
    ,(#10882,#10883)
    ,(#10884,#10885
    )),.UNSPECIFIED.,.T.,.F.,.F.,(15,15),(2,2),(0.,6.28318530718),(0.,1.
    ),.PIECEWISE_BEZIER_KNOTS.);
#10856 = CARTESIAN_POINT('',(2.387277308915E-14,45.4,3.));
#10857 = CARTESIAN_POINT('',(2.387277308915E-14,45.4,13.));
#10858 = CARTESIAN_POINT('',(-13.19468914508,45.400000000007,3.));
#10859 = CARTESIAN_POINT('',(-13.19468914508,45.400000000007,13.));
#10860 = CARTESIAN_POINT('',(-26.38938316061,37.059642811853,
    2.999999999999));
#10861 = CARTESIAN_POINT('',(-26.38938316061,37.059642811853,13.));
#10862 = CARTESIAN_POINT('',(-36.24488878925,20.378917773348,
    3.000000000002));
#10863 = CARTESIAN_POINT('',(-36.24488878925,20.378917773348,
    12.999999999996));
#10864 = CARTESIAN_POINT('',(-39.42238931727,-2.147678136759,
    2.999999999998));
#10865 = CARTESIAN_POINT('',(-39.42238931727,-2.147678136759,
    13.000000000017));
#10866 = CARTESIAN_POINT('',(-33.77991971371,-25.53162414242,
    2.999999999999));
#10867 = CARTESIAN_POINT('',(-33.77991971371,-25.53162414242,
    12.999999999957));
#10868 = CARTESIAN_POINT('',(-19.57702621074,-43.38265342888,
    3.000000000004));
#10869 = CARTESIAN_POINT('',(-19.57702621074,-43.38265342888,
    13.000000000076));
#10870 = CARTESIAN_POINT('',(-4.214797399982E-10,-50.10320974865,
    2.999999999992));
#10871 = CARTESIAN_POINT('',(-4.214797399982E-10,-50.10320974865,
    12.9999999999));
#10872 = CARTESIAN_POINT('',(19.577026211518,-43.38265342888,
    3.000000000009));
#10873 = CARTESIAN_POINT('',(19.577026211518,-43.38265342888,
    13.000000000102));
#10874 = CARTESIAN_POINT('',(33.779919713125,-25.53162414241,
    2.999999999992));
#10875 = CARTESIAN_POINT('',(33.779919713125,-25.53162414241,
    12.999999999918));
#10876 = CARTESIAN_POINT('',(39.422389317648,-2.147678136769,
    3.000000000005));
#10877 = CARTESIAN_POINT('',(39.422389317648,-2.147678136769,
    13.000000000052));
#10878 = CARTESIAN_POINT('',(36.24488878907,20.378917773354,
    2.999999999997));
#10879 = CARTESIAN_POINT('',(36.24488878907,20.378917773354,
    12.999999999974));
#10880 = CARTESIAN_POINT('',(26.389383160681,37.05964281185,
    3.000000000001));
#10881 = CARTESIAN_POINT('',(26.389383160681,37.05964281185,
    13.000000000009));
#10882 = CARTESIAN_POINT('',(13.194689145071,45.400000000008,3.));
#10883 = CARTESIAN_POINT('',(13.194689145071,45.400000000008,
    12.999999999998));
#10884 = CARTESIAN_POINT('',(-3.458587638071E-14,45.4,3.));
#10885 = CARTESIAN_POINT('',(-3.458587638071E-14,45.4,13.));
#10886 = ADVANCED_FACE('',(#10887),#10917,.T.);
#10887 = FACE_BOUND('',#10888,.T.);
#10888 = EDGE_LOOP('',(#10889,#10897,#10904,#10905,#10906,#10913,#10914,
    #10915,#10916));
#10889 = ORIENTED_EDGE('',*,*,#10890,.T.);
#10890 = EDGE_CURVE('',#10745,#10891,#10893,.T.);
#10891 = VERTEX_POINT('',#10892);
#10892 = CARTESIAN_POINT('',(26.590366769398,21.5,11.));
#10893 = LINE('',#10894,#10895);
#10894 = CARTESIAN_POINT('',(26.590366769398,21.5,3.));
#10895 = VECTOR('',#10896,1.);
#10896 = DIRECTION('',(0.,0.,1.));
#10897 = ORIENTED_EDGE('',*,*,#10898,.T.);
#10898 = EDGE_CURVE('',#10891,#9935,#10899,.T.);
#10899 = CIRCLE('',#10900,3.6);
#10900 = AXIS2_PLACEMENT_3D('',#10901,#10902,#10903);
#10901 = CARTESIAN_POINT('',(24.,24.,11.));
#10902 = DIRECTION('',(0.,0.,1.));
#10903 = DIRECTION('',(1.,0.,-0.));
#10904 = ORIENTED_EDGE('',*,*,#9944,.T.);
#10905 = ORIENTED_EDGE('',*,*,#10579,.F.);
#10906 = ORIENTED_EDGE('',*,*,#10907,.F.);
#10907 = EDGE_CURVE('',#10539,#10549,#10908,.T.);
#10908 = CIRCLE('',#10909,3.6);
#10909 = AXIS2_PLACEMENT_3D('',#10910,#10911,#10912);
#10910 = CARTESIAN_POINT('',(24.,24.,13.));
#10911 = DIRECTION('',(0.,0.,1.));
#10912 = DIRECTION('',(1.,0.,-0.));
#10913 = ORIENTED_EDGE('',*,*,#10538,.T.);
#10914 = ORIENTED_EDGE('',*,*,#10841,.F.);
#10915 = ORIENTED_EDGE('',*,*,#5602,.F.);
#10916 = ORIENTED_EDGE('',*,*,#10826,.T.);
#10917 = CYLINDRICAL_SURFACE('',#10918,3.6);
#10918 = AXIS2_PLACEMENT_3D('',#10919,#10920,#10921);
#10919 = CARTESIAN_POINT('',(24.,24.,3.));
#10920 = DIRECTION('',(0.,0.,1.));
#10921 = DIRECTION('',(1.,0.,-0.));
#10922 = ADVANCED_FACE('',(#10923),#10936,.F.);
#10923 = FACE_BOUND('',#10924,.F.);
#10924 = EDGE_LOOP('',(#10925,#10926,#10927,#10935));
#10925 = ORIENTED_EDGE('',*,*,#10850,.F.);
#10926 = ORIENTED_EDGE('',*,*,#5662,.T.);
#10927 = ORIENTED_EDGE('',*,*,#10928,.T.);
#10928 = EDGE_CURVE('',#5653,#9109,#10929,.T.);
#10929 = B_SPLINE_CURVE_WITH_KNOTS('',4,(#10930,#10931,#10932,#10933,
    #10934),.UNSPECIFIED.,.F.,.F.,(5,5),(0.,1.),
  .PIECEWISE_BEZIER_KNOTS.);
#10930 = CARTESIAN_POINT('',(-24.84949486185,27.498336530364,3.009994));
#10931 = CARTESIAN_POINT('',(-24.84949486185,27.498336530364,
    5.442304845168));
#10932 = CARTESIAN_POINT('',(-24.84949486185,27.498336530364,
    7.874615690336));
#10933 = CARTESIAN_POINT('',(-24.84949486185,27.498336530364,
    10.306926535504));
#10934 = CARTESIAN_POINT('',(-24.84949486185,27.498336530364,
    12.739237380673));
#10935 = ORIENTED_EDGE('',*,*,#9106,.F.);
#10936 = B_SPLINE_SURFACE_WITH_KNOTS('',14,1,(
    (#10937,#10938)
    ,(#10939,#10940)
    ,(#10941,#10942)
    ,(#10943,#10944)
    ,(#10945,#10946)
    ,(#10947,#10948)
    ,(#10949,#10950)
    ,(#10951,#10952)
    ,(#10953,#10954)
    ,(#10955,#10956)
    ,(#10957,#10958)
    ,(#10959,#10960)
    ,(#10961,#10962)
    ,(#10963,#10964)
    ,(#10965,#10966
    )),.UNSPECIFIED.,.T.,.F.,.F.,(15,15),(2,2),(0.,6.28318530718),(0.,1.
    ),.PIECEWISE_BEZIER_KNOTS.);
#10937 = CARTESIAN_POINT('',(2.387277308915E-14,45.4,3.));
#10938 = CARTESIAN_POINT('',(2.387277308915E-14,45.4,13.));
#10939 = CARTESIAN_POINT('',(-13.19468914508,45.400000000007,3.));
#10940 = CARTESIAN_POINT('',(-13.19468914508,45.400000000007,13.));
#10941 = CARTESIAN_POINT('',(-26.38938316061,37.059642811853,
    2.999999999999));
#10942 = CARTESIAN_POINT('',(-26.38938316061,37.059642811853,13.));
#10943 = CARTESIAN_POINT('',(-36.24488878925,20.378917773348,
    3.000000000002));
#10944 = CARTESIAN_POINT('',(-36.24488878925,20.378917773348,
    12.999999999996));
#10945 = CARTESIAN_POINT('',(-39.42238931727,-2.147678136759,
    2.999999999998));
#10946 = CARTESIAN_POINT('',(-39.42238931727,-2.147678136759,
    13.000000000017));
#10947 = CARTESIAN_POINT('',(-33.77991971371,-25.53162414242,
    2.999999999999));
#10948 = CARTESIAN_POINT('',(-33.77991971371,-25.53162414242,
    12.999999999957));
#10949 = CARTESIAN_POINT('',(-19.57702621074,-43.38265342888,
    3.000000000004));
#10950 = CARTESIAN_POINT('',(-19.57702621074,-43.38265342888,
    13.000000000076));
#10951 = CARTESIAN_POINT('',(-4.214797399982E-10,-50.10320974865,
    2.999999999992));
#10952 = CARTESIAN_POINT('',(-4.214797399982E-10,-50.10320974865,
    12.9999999999));
#10953 = CARTESIAN_POINT('',(19.577026211518,-43.38265342888,
    3.000000000009));
#10954 = CARTESIAN_POINT('',(19.577026211518,-43.38265342888,
    13.000000000102));
#10955 = CARTESIAN_POINT('',(33.779919713125,-25.53162414241,
    2.999999999992));
#10956 = CARTESIAN_POINT('',(33.779919713125,-25.53162414241,
    12.999999999918));
#10957 = CARTESIAN_POINT('',(39.422389317648,-2.147678136769,
    3.000000000005));
#10958 = CARTESIAN_POINT('',(39.422389317648,-2.147678136769,
    13.000000000052));
#10959 = CARTESIAN_POINT('',(36.24488878907,20.378917773354,
    2.999999999997));
#10960 = CARTESIAN_POINT('',(36.24488878907,20.378917773354,
    12.999999999974));
#10961 = CARTESIAN_POINT('',(26.389383160681,37.05964281185,
    3.000000000001));
#10962 = CARTESIAN_POINT('',(26.389383160681,37.05964281185,
    13.000000000009));
#10963 = CARTESIAN_POINT('',(13.194689145071,45.400000000008,3.));
#10964 = CARTESIAN_POINT('',(13.194689145071,45.400000000008,
    12.999999999998));
#10965 = CARTESIAN_POINT('',(-3.458587638071E-14,45.4,3.));
#10966 = CARTESIAN_POINT('',(-3.458587638071E-14,45.4,13.));
#10967 = ADVANCED_FACE('',(#10968),#10997,.T.);
#10968 = FACE_BOUND('',#10969,.T.);
#10969 = EDGE_LOOP('',(#10970,#10980,#10987,#10988,#10989,#10990));
#10970 = ORIENTED_EDGE('',*,*,#10971,.F.);
#10971 = EDGE_CURVE('',#10972,#10974,#10976,.T.);
#10972 = VERTEX_POINT('',#10973);
#10973 = CARTESIAN_POINT('',(-20.4,24.,3.));
#10974 = VERTEX_POINT('',#10975);
#10975 = CARTESIAN_POINT('',(-20.4,24.,13.));
#10976 = LINE('',#10977,#10978);
#10977 = CARTESIAN_POINT('',(-20.4,24.,3.));
#10978 = VECTOR('',#10979,1.);
#10979 = DIRECTION('',(0.,0.,1.));
#10980 = ORIENTED_EDGE('',*,*,#10981,.T.);
#10981 = EDGE_CURVE('',#10972,#1597,#10982,.T.);
#10982 = CIRCLE('',#10983,3.6);
#10983 = AXIS2_PLACEMENT_3D('',#10984,#10985,#10986);
#10984 = CARTESIAN_POINT('',(-24.,24.,3.));
#10985 = DIRECTION('',(0.,0.,1.));
#10986 = DIRECTION('',(1.,0.,-0.));
#10987 = ORIENTED_EDGE('',*,*,#5652,.T.);
#10988 = ORIENTED_EDGE('',*,*,#10928,.T.);
#10989 = ORIENTED_EDGE('',*,*,#9214,.F.);
#10990 = ORIENTED_EDGE('',*,*,#10991,.F.);
#10991 = EDGE_CURVE('',#10974,#9183,#10992,.T.);
#10992 = CIRCLE('',#10993,3.6);
#10993 = AXIS2_PLACEMENT_3D('',#10994,#10995,#10996);
#10994 = CARTESIAN_POINT('',(-24.,24.,13.));
#10995 = DIRECTION('',(0.,0.,1.));
#10996 = DIRECTION('',(1.,0.,-0.));
#10997 = CYLINDRICAL_SURFACE('',#10998,3.6);
#10998 = AXIS2_PLACEMENT_3D('',#10999,#11000,#11001);
#10999 = CARTESIAN_POINT('',(-24.,24.,3.));
#11000 = DIRECTION('',(0.,0.,1.));
#11001 = DIRECTION('',(1.,0.,-0.));
#11002 = ADVANCED_FACE('',(#11003),#11064,.F.);
#11003 = FACE_BOUND('',#11004,.F.);
#11004 = EDGE_LOOP('',(#11005,#11015,#11022,#11023,#11024,#11032,#11040,
    #11049,#11058));
#11005 = ORIENTED_EDGE('',*,*,#11006,.F.);
#11006 = EDGE_CURVE('',#11007,#11009,#11011,.T.);
#11007 = VERTEX_POINT('',#11008);
#11008 = CARTESIAN_POINT('',(-26.59036676939,21.5,3.));
#11009 = VERTEX_POINT('',#11010);
#11010 = CARTESIAN_POINT('',(-24.,21.5,3.));
#11011 = LINE('',#11012,#11013);
#11012 = CARTESIAN_POINT('',(-32.,21.5,3.));
#11013 = VECTOR('',#11014,1.);
#11014 = DIRECTION('',(1.,0.,-0.));
#11015 = ORIENTED_EDGE('',*,*,#11016,.T.);
#11016 = EDGE_CURVE('',#11007,#10972,#11017,.T.);
#11017 = CIRCLE('',#11018,3.6);
#11018 = AXIS2_PLACEMENT_3D('',#11019,#11020,#11021);
#11019 = CARTESIAN_POINT('',(-24.,24.,3.));
#11020 = DIRECTION('',(0.,0.,1.));
#11021 = DIRECTION('',(1.,0.,-0.));
#11022 = ORIENTED_EDGE('',*,*,#10981,.T.);
#11023 = ORIENTED_EDGE('',*,*,#5712,.T.);
#11024 = ORIENTED_EDGE('',*,*,#11025,.T.);
#11025 = EDGE_CURVE('',#5705,#11026,#11028,.T.);
#11026 = VERTEX_POINT('',#11027);
#11027 = CARTESIAN_POINT('',(-24.,26.5,3.));
#11028 = LINE('',#11029,#11030);
#11029 = CARTESIAN_POINT('',(-32.,26.5,3.));
#11030 = VECTOR('',#11031,1.);
#11031 = DIRECTION('',(1.,0.,-0.));
#11032 = ORIENTED_EDGE('',*,*,#11033,.F.);
#11033 = EDGE_CURVE('',#11034,#11026,#11036,.T.);
#11034 = VERTEX_POINT('',#11035);
#11035 = CARTESIAN_POINT('',(-24.,25.05,3.));
#11036 = LINE('',#11037,#11038);
#11037 = CARTESIAN_POINT('',(-24.,21.5,3.));
#11038 = VECTOR('',#11039,1.);
#11039 = DIRECTION('',(-0.,1.,0.));
#11040 = ORIENTED_EDGE('',*,*,#11041,.F.);
#11041 = EDGE_CURVE('',#11042,#11034,#11044,.T.);
#11042 = VERTEX_POINT('',#11043);
#11043 = CARTESIAN_POINT('',(-22.95,24.,3.));
#11044 = CIRCLE('',#11045,1.05);
#11045 = AXIS2_PLACEMENT_3D('',#11046,#11047,#11048);
#11046 = CARTESIAN_POINT('',(-24.,24.,3.));
#11047 = DIRECTION('',(0.,0.,1.));
#11048 = DIRECTION('',(1.,0.,-0.));
#11049 = ORIENTED_EDGE('',*,*,#11050,.F.);
#11050 = EDGE_CURVE('',#11051,#11042,#11053,.T.);
#11051 = VERTEX_POINT('',#11052);
#11052 = CARTESIAN_POINT('',(-24.,22.95,3.));
#11053 = CIRCLE('',#11054,1.05);
#11054 = AXIS2_PLACEMENT_3D('',#11055,#11056,#11057);
#11055 = CARTESIAN_POINT('',(-24.,24.,3.));
#11056 = DIRECTION('',(0.,0.,1.));
#11057 = DIRECTION('',(1.,0.,-0.));
#11058 = ORIENTED_EDGE('',*,*,#11059,.F.);
#11059 = EDGE_CURVE('',#11009,#11051,#11060,.T.);
#11060 = LINE('',#11061,#11062);
#11061 = CARTESIAN_POINT('',(-24.,21.5,3.));
#11062 = VECTOR('',#11063,1.);
#11063 = DIRECTION('',(-0.,1.,0.));
#11064 = PLANE('',#11065);
#11065 = AXIS2_PLACEMENT_3D('',#11066,#11067,#11068);
#11066 = CARTESIAN_POINT('',(-24.,24.,3.));
#11067 = DIRECTION('',(0.,0.,1.));
#11068 = DIRECTION('',(1.,0.,-0.));
#11069 = ADVANCED_FACE('',(#11070),#11081,.F.);
#11070 = FACE_BOUND('',#11071,.F.);
#11071 = EDGE_LOOP('',(#11072,#11073,#11074));
#11072 = ORIENTED_EDGE('',*,*,#5704,.F.);
#11073 = ORIENTED_EDGE('',*,*,#5739,.T.);
#11074 = ORIENTED_EDGE('',*,*,#11075,.F.);
#11075 = EDGE_CURVE('',#5705,#5731,#11076,.T.);
#11076 = ELLIPSE('',#11077,38.45,29.4);
#11077 = AXIS2_PLACEMENT_3D('',#11078,#11079,#11080);
#11078 = CARTESIAN_POINT('',(0.,6.95,3.));
#11079 = DIRECTION('',(0.,-0.,1.));
#11080 = DIRECTION('',(0.,1.,0.));
#11081 = PLANE('',#11082);
#11082 = AXIS2_PLACEMENT_3D('',#11083,#11084,#11085);
#11083 = CARTESIAN_POINT('',(0.,5.,3.));
#11084 = DIRECTION('',(0.,-0.,1.));
#11085 = DIRECTION('',(0.,1.,0.));
#11086 = ADVANCED_FACE('',(#11087),#11103,.F.);
#11087 = FACE_BOUND('',#11088,.F.);
#11088 = EDGE_LOOP('',(#11089,#11096,#11097));
#11089 = ORIENTED_EDGE('',*,*,#11090,.F.);
#11090 = EDGE_CURVE('',#5731,#11007,#11091,.T.);
#11091 = CIRCLE('',#11092,3.6);
#11092 = AXIS2_PLACEMENT_3D('',#11093,#11094,#11095);
#11093 = CARTESIAN_POINT('',(-24.,24.,3.));
#11094 = DIRECTION('',(0.,0.,1.));
#11095 = DIRECTION('',(1.,0.,-0.));
#11096 = ORIENTED_EDGE('',*,*,#5730,.T.);
#11097 = ORIENTED_EDGE('',*,*,#11098,.T.);
#11098 = EDGE_CURVE('',#1862,#11007,#11099,.T.);
#11099 = LINE('',#11100,#11101);
#11100 = CARTESIAN_POINT('',(-32.,21.5,3.));
#11101 = VECTOR('',#11102,1.);
#11102 = DIRECTION('',(1.,0.,-0.));
#11103 = PLANE('',#11104);
#11104 = AXIS2_PLACEMENT_3D('',#11105,#11106,#11107);
#11105 = CARTESIAN_POINT('',(-32.,21.5,3.));
#11106 = DIRECTION('',(0.,0.,1.));
#11107 = DIRECTION('',(1.,0.,-0.));
#11108 = ADVANCED_FACE('',(#11109),#11150,.F.);
#11109 = FACE_BOUND('',#11110,.F.);
#11110 = EDGE_LOOP('',(#11111,#11112,#11113,#11114,#11115,#11116,#11125,
    #11134,#11143));
#11111 = ORIENTED_EDGE('',*,*,#5988,.F.);
#11112 = ORIENTED_EDGE('',*,*,#5980,.T.);
#11113 = ORIENTED_EDGE('',*,*,#5852,.T.);
#11114 = ORIENTED_EDGE('',*,*,#5843,.T.);
#11115 = ORIENTED_EDGE('',*,*,#5754,.F.);
#11116 = ORIENTED_EDGE('',*,*,#11117,.F.);
#11117 = EDGE_CURVE('',#11118,#5755,#11120,.T.);
#11118 = VERTEX_POINT('',#11119);
#11119 = CARTESIAN_POINT('',(24.909078898257,-13.47457107355,3.));
#11120 = ELLIPSE('',#11121,38.45,29.4);
#11121 = AXIS2_PLACEMENT_3D('',#11122,#11123,#11124);
#11122 = CARTESIAN_POINT('',(0.,6.95,3.));
#11123 = DIRECTION('',(0.,-0.,1.));
#11124 = DIRECTION('',(0.,1.,0.));
#11125 = ORIENTED_EDGE('',*,*,#11126,.F.);
#11126 = EDGE_CURVE('',#11127,#11118,#11129,.T.);
#11127 = VERTEX_POINT('',#11128);
#11128 = CARTESIAN_POINT('',(25.05,-14.,3.));
#11129 = CIRCLE('',#11130,1.05);
#11130 = AXIS2_PLACEMENT_3D('',#11131,#11132,#11133);
#11131 = CARTESIAN_POINT('',(24.,-14.,3.));
#11132 = DIRECTION('',(0.,0.,1.));
#11133 = DIRECTION('',(1.,0.,-0.));
#11134 = ORIENTED_EDGE('',*,*,#11135,.F.);
#11135 = EDGE_CURVE('',#11136,#11127,#11138,.T.);
#11136 = VERTEX_POINT('',#11137);
#11137 = CARTESIAN_POINT('',(24.115324390987,-15.04364758651,3.));
#11138 = CIRCLE('',#11139,1.05);
#11139 = AXIS2_PLACEMENT_3D('',#11140,#11141,#11142);
#11140 = CARTESIAN_POINT('',(24.,-14.,3.));
#11141 = DIRECTION('',(0.,0.,1.));
#11142 = DIRECTION('',(1.,0.,-0.));
#11143 = ORIENTED_EDGE('',*,*,#11144,.F.);
#11144 = EDGE_CURVE('',#5989,#11136,#11145,.T.);
#11145 = ELLIPSE('',#11146,38.45,29.4);
#11146 = AXIS2_PLACEMENT_3D('',#11147,#11148,#11149);
#11147 = CARTESIAN_POINT('',(0.,6.95,3.));
#11148 = DIRECTION('',(0.,-0.,1.));
#11149 = DIRECTION('',(0.,1.,0.));
#11150 = PLANE('',#11151);
#11151 = AXIS2_PLACEMENT_3D('',#11152,#11153,#11154);
#11152 = CARTESIAN_POINT('',(0.,5.,3.));
#11153 = DIRECTION('',(0.,-0.,1.));
#11154 = DIRECTION('',(0.,1.,0.));
#11155 = ADVANCED_FACE('',(#11156),#11198,.F.);
#11156 = FACE_BOUND('',#11157,.F.);
#11157 = EDGE_LOOP('',(#11158,#11159,#11167,#11176,#11184,#11190,#11191)
  );
#11158 = ORIENTED_EDGE('',*,*,#5996,.T.);
#11159 = ORIENTED_EDGE('',*,*,#11160,.T.);
#11160 = EDGE_CURVE('',#5989,#11161,#11163,.T.);
#11161 = VERTEX_POINT('',#11162);
#11162 = CARTESIAN_POINT('',(24.,-15.05,3.));
#11163 = LINE('',#11164,#11165);
#11164 = CARTESIAN_POINT('',(24.,-16.5,3.));
#11165 = VECTOR('',#11166,1.);
#11166 = DIRECTION('',(-0.,1.,0.));
#11167 = ORIENTED_EDGE('',*,*,#11168,.F.);
#11168 = EDGE_CURVE('',#11169,#11161,#11171,.T.);
#11169 = VERTEX_POINT('',#11170);
#11170 = CARTESIAN_POINT('',(24.,-12.95,3.));
#11171 = CIRCLE('',#11172,1.05);
#11172 = AXIS2_PLACEMENT_3D('',#11173,#11174,#11175);
#11173 = CARTESIAN_POINT('',(24.,-14.,3.));
#11174 = DIRECTION('',(0.,0.,1.));
#11175 = DIRECTION('',(1.,0.,-0.));
#11176 = ORIENTED_EDGE('',*,*,#11177,.T.);
#11177 = EDGE_CURVE('',#11169,#11178,#11180,.T.);
#11178 = VERTEX_POINT('',#11179);
#11179 = CARTESIAN_POINT('',(24.,-11.5,3.));
#11180 = LINE('',#11181,#11182);
#11181 = CARTESIAN_POINT('',(24.,-16.5,3.));
#11182 = VECTOR('',#11183,1.);
#11183 = DIRECTION('',(-0.,1.,0.));
#11184 = ORIENTED_EDGE('',*,*,#11185,.T.);
#11185 = EDGE_CURVE('',#11178,#5755,#11186,.T.);
#11186 = LINE('',#11187,#11188);
#11187 = CARTESIAN_POINT('',(24.,-11.5,3.));
#11188 = VECTOR('',#11189,1.);
#11189 = DIRECTION('',(1.,0.,-0.));
#11190 = ORIENTED_EDGE('',*,*,#5763,.T.);
#11191 = ORIENTED_EDGE('',*,*,#11192,.T.);
#11192 = EDGE_CURVE('',#1685,#1785,#11193,.T.);
#11193 = CIRCLE('',#11194,3.6);
#11194 = AXIS2_PLACEMENT_3D('',#11195,#11196,#11197);
#11195 = CARTESIAN_POINT('',(24.,-14.,3.));
#11196 = DIRECTION('',(0.,0.,1.));
#11197 = DIRECTION('',(1.,0.,-0.));
#11198 = PLANE('',#11199);
#11199 = AXIS2_PLACEMENT_3D('',#11200,#11201,#11202);
#11200 = CARTESIAN_POINT('',(24.,-14.,3.));
#11201 = DIRECTION('',(0.,0.,1.));
#11202 = DIRECTION('',(1.,0.,-0.));
#11203 = ADVANCED_FACE('',(#11204),#11227,.T.);
#11204 = FACE_BOUND('',#11205,.T.);
#11205 = EDGE_LOOP('',(#11206,#11207,#11208,#11216,#11217,#11224,#11225,
    #11226));
#11206 = ORIENTED_EDGE('',*,*,#11192,.T.);
#11207 = ORIENTED_EDGE('',*,*,#5918,.T.);
#11208 = ORIENTED_EDGE('',*,*,#11209,.T.);
#11209 = EDGE_CURVE('',#5919,#9636,#11210,.T.);
#11210 = B_SPLINE_CURVE_WITH_KNOTS('',4,(#11211,#11212,#11213,#11214,
    #11215),.UNSPECIFIED.,.F.,.F.,(5,5),(0.,1.),
  .PIECEWISE_BEZIER_KNOTS.);
#11211 = CARTESIAN_POINT('',(22.764703186384,-17.38142599834,3.009994));
#11212 = CARTESIAN_POINT('',(22.764703186384,-17.38142599834,
    5.442304845168));
#11213 = CARTESIAN_POINT('',(22.764703186384,-17.38142599834,
    7.874615690336));
#11214 = CARTESIAN_POINT('',(22.764703186384,-17.38142599834,
    10.306926535504));
#11215 = CARTESIAN_POINT('',(22.764703186384,-17.38142599834,
    12.739237380672));
#11216 = ORIENTED_EDGE('',*,*,#9635,.F.);
#11217 = ORIENTED_EDGE('',*,*,#11218,.F.);
#11218 = EDGE_CURVE('',#9593,#9604,#11219,.T.);
#11219 = CIRCLE('',#11220,3.6);
#11220 = AXIS2_PLACEMENT_3D('',#11221,#11222,#11223);
#11221 = CARTESIAN_POINT('',(24.,-14.,13.));
#11222 = DIRECTION('',(0.,0.,1.));
#11223 = DIRECTION('',(1.,0.,-0.));
#11224 = ORIENTED_EDGE('',*,*,#9592,.T.);
#11225 = ORIENTED_EDGE('',*,*,#9915,.F.);
#11226 = ORIENTED_EDGE('',*,*,#5778,.F.);
#11227 = CYLINDRICAL_SURFACE('',#11228,3.6);
#11228 = AXIS2_PLACEMENT_3D('',#11229,#11230,#11231);
#11229 = CARTESIAN_POINT('',(24.,-14.,3.));
#11230 = DIRECTION('',(0.,0.,1.));
#11231 = DIRECTION('',(1.,0.,-0.));
#11232 = ADVANCED_FACE('',(#11233),#11245,.F.);
#11233 = FACE_BOUND('',#11234,.F.);
#11234 = EDGE_LOOP('',(#11235,#11236,#11237,#11243,#11244));
#11235 = ORIENTED_EDGE('',*,*,#10753,.F.);
#11236 = ORIENTED_EDGE('',*,*,#10890,.T.);
#11237 = ORIENTED_EDGE('',*,*,#11238,.T.);
#11238 = EDGE_CURVE('',#10891,#9925,#11239,.T.);
#11239 = LINE('',#11240,#11241);
#11240 = CARTESIAN_POINT('',(24.,21.5,11.));
#11241 = VECTOR('',#11242,1.);
#11242 = DIRECTION('',(1.,0.,-0.));
#11243 = ORIENTED_EDGE('',*,*,#9924,.F.);
#11244 = ORIENTED_EDGE('',*,*,#5789,.F.);
#11245 = PLANE('',#11246);
#11246 = AXIS2_PLACEMENT_3D('',#11247,#11248,#11249);
#11247 = CARTESIAN_POINT('',(24.,21.5,3.));
#11248 = DIRECTION('',(-0.,1.,0.));
#11249 = DIRECTION('',(0.,0.,1.));
#11250 = ADVANCED_FACE('',(#11251),#11282,.F.);
#11251 = FACE_BOUND('',#11252,.F.);
#11252 = EDGE_LOOP('',(#11253,#11254,#11255,#11256,#11257,#11266,#11275)
  );
#11253 = ORIENTED_EDGE('',*,*,#6074,.F.);
#11254 = ORIENTED_EDGE('',*,*,#5870,.T.);
#11255 = ORIENTED_EDGE('',*,*,#5885,.T.);
#11256 = ORIENTED_EDGE('',*,*,#5903,.T.);
#11257 = ORIENTED_EDGE('',*,*,#11258,.F.);
#11258 = EDGE_CURVE('',#11259,#5895,#11261,.T.);
#11259 = VERTEX_POINT('',#11260);
#11260 = CARTESIAN_POINT('',(-24.11532439098,-15.04364758651,3.));
#11261 = ELLIPSE('',#11262,38.45,29.4);
#11262 = AXIS2_PLACEMENT_3D('',#11263,#11264,#11265);
#11263 = CARTESIAN_POINT('',(0.,6.95,3.));
#11264 = DIRECTION('',(0.,-0.,1.));
#11265 = DIRECTION('',(0.,1.,0.));
#11266 = ORIENTED_EDGE('',*,*,#11267,.F.);
#11267 = EDGE_CURVE('',#11268,#11259,#11270,.T.);
#11268 = VERTEX_POINT('',#11269);
#11269 = CARTESIAN_POINT('',(-24.90907889825,-13.47457107355,3.));
#11270 = CIRCLE('',#11271,1.05);
#11271 = AXIS2_PLACEMENT_3D('',#11272,#11273,#11274);
#11272 = CARTESIAN_POINT('',(-24.,-14.,3.));
#11273 = DIRECTION('',(0.,0.,1.));
#11274 = DIRECTION('',(1.,0.,-0.));
#11275 = ORIENTED_EDGE('',*,*,#11276,.F.);
#11276 = EDGE_CURVE('',#6075,#11268,#11277,.T.);
#11277 = ELLIPSE('',#11278,38.45,29.4);
#11278 = AXIS2_PLACEMENT_3D('',#11279,#11280,#11281);
#11279 = CARTESIAN_POINT('',(0.,6.95,3.));
#11280 = DIRECTION('',(0.,-0.,1.));
#11281 = DIRECTION('',(0.,1.,0.));
#11282 = PLANE('',#11283);
#11283 = AXIS2_PLACEMENT_3D('',#11284,#11285,#11286);
#11284 = CARTESIAN_POINT('',(0.,5.,3.));
#11285 = DIRECTION('',(0.,-0.,1.));
#11286 = DIRECTION('',(0.,1.,0.));
#11287 = ADVANCED_FACE('',(#11288),#11348,.F.);
#11288 = FACE_BOUND('',#11289,.F.);
#11289 = EDGE_LOOP('',(#11290,#11298,#11299,#11308,#11315,#11316,#11324,
    #11332,#11341));
#11290 = ORIENTED_EDGE('',*,*,#11291,.F.);
#11291 = EDGE_CURVE('',#5895,#11292,#11294,.T.);
#11292 = VERTEX_POINT('',#11293);
#11293 = CARTESIAN_POINT('',(-24.,-15.05,3.));
#11294 = LINE('',#11295,#11296);
#11295 = CARTESIAN_POINT('',(-24.,-16.5,3.));
#11296 = VECTOR('',#11297,1.);
#11297 = DIRECTION('',(-0.,1.,0.));
#11298 = ORIENTED_EDGE('',*,*,#5894,.T.);
#11299 = ORIENTED_EDGE('',*,*,#11300,.T.);
#11300 = EDGE_CURVE('',#1794,#11301,#11303,.T.);
#11301 = VERTEX_POINT('',#11302);
#11302 = CARTESIAN_POINT('',(-20.4,-14.,3.));
#11303 = CIRCLE('',#11304,3.6);
#11304 = AXIS2_PLACEMENT_3D('',#11305,#11306,#11307);
#11305 = CARTESIAN_POINT('',(-24.,-14.,3.));
#11306 = DIRECTION('',(0.,0.,1.));
#11307 = DIRECTION('',(1.,0.,-0.));
#11308 = ORIENTED_EDGE('',*,*,#11309,.T.);
#11309 = EDGE_CURVE('',#11301,#1879,#11310,.T.);
#11310 = CIRCLE('',#11311,3.6);
#11311 = AXIS2_PLACEMENT_3D('',#11312,#11313,#11314);
#11312 = CARTESIAN_POINT('',(-24.,-14.,3.));
#11313 = DIRECTION('',(0.,0.,1.));
#11314 = DIRECTION('',(1.,0.,-0.));
#11315 = ORIENTED_EDGE('',*,*,#6082,.T.);
#11316 = ORIENTED_EDGE('',*,*,#11317,.T.);
#11317 = EDGE_CURVE('',#6075,#11318,#11320,.T.);
#11318 = VERTEX_POINT('',#11319);
#11319 = CARTESIAN_POINT('',(-24.,-11.5,3.));
#11320 = LINE('',#11321,#11322);
#11321 = CARTESIAN_POINT('',(-32.,-11.5,3.));
#11322 = VECTOR('',#11323,1.);
#11323 = DIRECTION('',(1.,0.,-0.));
#11324 = ORIENTED_EDGE('',*,*,#11325,.F.);
#11325 = EDGE_CURVE('',#11326,#11318,#11328,.T.);
#11326 = VERTEX_POINT('',#11327);
#11327 = CARTESIAN_POINT('',(-24.,-12.95,3.));
#11328 = LINE('',#11329,#11330);
#11329 = CARTESIAN_POINT('',(-24.,-16.5,3.));
#11330 = VECTOR('',#11331,1.);
#11331 = DIRECTION('',(-0.,1.,0.));
#11332 = ORIENTED_EDGE('',*,*,#11333,.F.);
#11333 = EDGE_CURVE('',#11334,#11326,#11336,.T.);
#11334 = VERTEX_POINT('',#11335);
#11335 = CARTESIAN_POINT('',(-22.95,-14.,3.));
#11336 = CIRCLE('',#11337,1.05);
#11337 = AXIS2_PLACEMENT_3D('',#11338,#11339,#11340);
#11338 = CARTESIAN_POINT('',(-24.,-14.,3.));
#11339 = DIRECTION('',(0.,0.,1.));
#11340 = DIRECTION('',(1.,0.,-0.));
#11341 = ORIENTED_EDGE('',*,*,#11342,.F.);
#11342 = EDGE_CURVE('',#11292,#11334,#11343,.T.);
#11343 = CIRCLE('',#11344,1.05);
#11344 = AXIS2_PLACEMENT_3D('',#11345,#11346,#11347);
#11345 = CARTESIAN_POINT('',(-24.,-14.,3.));
#11346 = DIRECTION('',(0.,0.,1.));
#11347 = DIRECTION('',(1.,0.,-0.));
#11348 = PLANE('',#11349);
#11349 = AXIS2_PLACEMENT_3D('',#11350,#11351,#11352);
#11350 = CARTESIAN_POINT('',(-24.,-14.,3.));
#11351 = DIRECTION('',(0.,0.,1.));
#11352 = DIRECTION('',(1.,0.,-0.));
#11353 = ADVANCED_FACE('',(#11354),#11382,.T.);
#11354 = FACE_BOUND('',#11355,.T.);
#11355 = EDGE_LOOP('',(#11356,#11357,#11358,#11366,#11373,#11374));
#11356 = ORIENTED_EDGE('',*,*,#5937,.F.);
#11357 = ORIENTED_EDGE('',*,*,#11300,.T.);
#11358 = ORIENTED_EDGE('',*,*,#11359,.T.);
#11359 = EDGE_CURVE('',#11301,#11360,#11362,.T.);
#11360 = VERTEX_POINT('',#11361);
#11361 = CARTESIAN_POINT('',(-20.4,-14.,13.));
#11362 = LINE('',#11363,#11364);
#11363 = CARTESIAN_POINT('',(-20.4,-14.,3.));
#11364 = VECTOR('',#11365,1.);
#11365 = DIRECTION('',(0.,0.,1.));
#11366 = ORIENTED_EDGE('',*,*,#11367,.F.);
#11367 = EDGE_CURVE('',#9703,#11360,#11368,.T.);
#11368 = CIRCLE('',#11369,3.6);
#11369 = AXIS2_PLACEMENT_3D('',#11370,#11371,#11372);
#11370 = CARTESIAN_POINT('',(-24.,-14.,13.));
#11371 = DIRECTION('',(0.,0.,1.));
#11372 = DIRECTION('',(1.,0.,-0.));
#11373 = ORIENTED_EDGE('',*,*,#9702,.T.);
#11374 = ORIENTED_EDGE('',*,*,#11375,.F.);
#11375 = EDGE_CURVE('',#5929,#9648,#11376,.T.);
#11376 = B_SPLINE_CURVE_WITH_KNOTS('',4,(#11377,#11378,#11379,#11380,
    #11381),.UNSPECIFIED.,.F.,.F.,(5,5),(0.,1.),
  .PIECEWISE_BEZIER_KNOTS.);
#11377 = CARTESIAN_POINT('',(-22.76470318638,-17.38142599834,3.009994));
#11378 = CARTESIAN_POINT('',(-22.76470318638,-17.38142599834,
    5.442304845168));
#11379 = CARTESIAN_POINT('',(-22.76470318638,-17.38142599834,
    7.874615690336));
#11380 = CARTESIAN_POINT('',(-22.76470318638,-17.38142599834,
    10.306926535504));
#11381 = CARTESIAN_POINT('',(-22.76470318638,-17.38142599834,
    12.739237380673));
#11382 = CYLINDRICAL_SURFACE('',#11383,3.6);
#11383 = AXIS2_PLACEMENT_3D('',#11384,#11385,#11386);
#11384 = CARTESIAN_POINT('',(-24.,-14.,3.));
#11385 = DIRECTION('',(0.,0.,1.));
#11386 = DIRECTION('',(1.,0.,-0.));
#11387 = ADVANCED_FACE('',(#11388),#11394,.F.);
#11388 = FACE_BOUND('',#11389,.F.);
#11389 = EDGE_LOOP('',(#11390,#11391,#11392,#11393));
#11390 = ORIENTED_EDGE('',*,*,#11375,.F.);
#11391 = ORIENTED_EDGE('',*,*,#5928,.T.);
#11392 = ORIENTED_EDGE('',*,*,#11209,.T.);
#11393 = ORIENTED_EDGE('',*,*,#9647,.F.);
#11394 = B_SPLINE_SURFACE_WITH_KNOTS('',14,1,(
    (#11395,#11396)
    ,(#11397,#11398)
    ,(#11399,#11400)
    ,(#11401,#11402)
    ,(#11403,#11404)
    ,(#11405,#11406)
    ,(#11407,#11408)
    ,(#11409,#11410)
    ,(#11411,#11412)
    ,(#11413,#11414)
    ,(#11415,#11416)
    ,(#11417,#11418)
    ,(#11419,#11420)
    ,(#11421,#11422)
    ,(#11423,#11424
    )),.UNSPECIFIED.,.T.,.F.,.F.,(15,15),(2,2),(0.,6.28318530718),(0.,1.
    ),.PIECEWISE_BEZIER_KNOTS.);
#11395 = CARTESIAN_POINT('',(2.387277308915E-14,45.4,3.));
#11396 = CARTESIAN_POINT('',(2.387277308915E-14,45.4,13.));
#11397 = CARTESIAN_POINT('',(-13.19468914508,45.400000000007,3.));
#11398 = CARTESIAN_POINT('',(-13.19468914508,45.400000000007,13.));
#11399 = CARTESIAN_POINT('',(-26.38938316061,37.059642811853,
    2.999999999999));
#11400 = CARTESIAN_POINT('',(-26.38938316061,37.059642811853,13.));
#11401 = CARTESIAN_POINT('',(-36.24488878925,20.378917773348,
    3.000000000002));
#11402 = CARTESIAN_POINT('',(-36.24488878925,20.378917773348,
    12.999999999996));
#11403 = CARTESIAN_POINT('',(-39.42238931727,-2.147678136759,
    2.999999999998));
#11404 = CARTESIAN_POINT('',(-39.42238931727,-2.147678136759,
    13.000000000017));
#11405 = CARTESIAN_POINT('',(-33.77991971371,-25.53162414242,
    2.999999999999));
#11406 = CARTESIAN_POINT('',(-33.77991971371,-25.53162414242,
    12.999999999957));
#11407 = CARTESIAN_POINT('',(-19.57702621074,-43.38265342888,
    3.000000000004));
#11408 = CARTESIAN_POINT('',(-19.57702621074,-43.38265342888,
    13.000000000076));
#11409 = CARTESIAN_POINT('',(-4.214797399982E-10,-50.10320974865,
    2.999999999992));
#11410 = CARTESIAN_POINT('',(-4.214797399982E-10,-50.10320974865,
    12.9999999999));
#11411 = CARTESIAN_POINT('',(19.577026211518,-43.38265342888,
    3.000000000009));
#11412 = CARTESIAN_POINT('',(19.577026211518,-43.38265342888,
    13.000000000102));
#11413 = CARTESIAN_POINT('',(33.779919713125,-25.53162414241,
    2.999999999992));
#11414 = CARTESIAN_POINT('',(33.779919713125,-25.53162414241,
    12.999999999918));
#11415 = CARTESIAN_POINT('',(39.422389317648,-2.147678136769,
    3.000000000005));
#11416 = CARTESIAN_POINT('',(39.422389317648,-2.147678136769,
    13.000000000052));
#11417 = CARTESIAN_POINT('',(36.24488878907,20.378917773354,
    2.999999999997));
#11418 = CARTESIAN_POINT('',(36.24488878907,20.378917773354,
    12.999999999974));
#11419 = CARTESIAN_POINT('',(26.389383160681,37.05964281185,
    3.000000000001));
#11420 = CARTESIAN_POINT('',(26.389383160681,37.05964281185,
    13.000000000009));
#11421 = CARTESIAN_POINT('',(13.194689145071,45.400000000008,3.));
#11422 = CARTESIAN_POINT('',(13.194689145071,45.400000000008,
    12.999999999998));
#11423 = CARTESIAN_POINT('',(-3.458587638071E-14,45.4,3.));
#11424 = CARTESIAN_POINT('',(-3.458587638071E-14,45.4,13.));
#11425 = ADVANCED_FACE('',(#11426),#11440,.T.);
#11426 = FACE_BOUND('',#11427,.T.);
#11427 = EDGE_LOOP('',(#11428,#11429,#11430,#11431,#11432,#11433));
#11428 = ORIENTED_EDGE('',*,*,#11359,.F.);
#11429 = ORIENTED_EDGE('',*,*,#11309,.T.);
#11430 = ORIENTED_EDGE('',*,*,#6031,.T.);
#11431 = ORIENTED_EDGE('',*,*,#8867,.T.);
#11432 = ORIENTED_EDGE('',*,*,#9751,.F.);
#11433 = ORIENTED_EDGE('',*,*,#11434,.F.);
#11434 = EDGE_CURVE('',#11360,#9715,#11435,.T.);
#11435 = CIRCLE('',#11436,3.6);
#11436 = AXIS2_PLACEMENT_3D('',#11437,#11438,#11439);
#11437 = CARTESIAN_POINT('',(-24.,-14.,13.));
#11438 = DIRECTION('',(0.,0.,1.));
#11439 = DIRECTION('',(1.,0.,-0.));
#11440 = CYLINDRICAL_SURFACE('',#11441,3.6);
#11441 = AXIS2_PLACEMENT_3D('',#11442,#11443,#11444);
#11442 = CARTESIAN_POINT('',(-24.,-14.,3.));
#11443 = DIRECTION('',(0.,0.,1.));
#11444 = DIRECTION('',(1.,0.,-0.));
#11445 = ADVANCED_FACE('',(#11446),#11465,.F.);
#11446 = FACE_BOUND('',#11447,.F.);
#11447 = EDGE_LOOP('',(#11448,#11449,#11450,#11451,#11459));
#11448 = ORIENTED_EDGE('',*,*,#11098,.F.);
#11449 = ORIENTED_EDGE('',*,*,#6022,.T.);
#11450 = ORIENTED_EDGE('',*,*,#8856,.T.);
#11451 = ORIENTED_EDGE('',*,*,#11452,.T.);
#11452 = EDGE_CURVE('',#8857,#11453,#11455,.T.);
#11453 = VERTEX_POINT('',#11454);
#11454 = CARTESIAN_POINT('',(-26.59036676939,21.5,11.));
#11455 = LINE('',#11456,#11457);
#11456 = CARTESIAN_POINT('',(-32.,21.5,11.));
#11457 = VECTOR('',#11458,1.);
#11458 = DIRECTION('',(1.,0.,-0.));
#11459 = ORIENTED_EDGE('',*,*,#11460,.F.);
#11460 = EDGE_CURVE('',#11007,#11453,#11461,.T.);
#11461 = LINE('',#11462,#11463);
#11462 = CARTESIAN_POINT('',(-26.59036676939,21.5,3.));
#11463 = VECTOR('',#11464,1.);
#11464 = DIRECTION('',(0.,0.,1.));
#11465 = PLANE('',#11466);
#11466 = AXIS2_PLACEMENT_3D('',#11467,#11468,#11469);
#11467 = CARTESIAN_POINT('',(-32.,21.5,3.));
#11468 = DIRECTION('',(-0.,1.,0.));
#11469 = DIRECTION('',(0.,0.,1.));
#11470 = ADVANCED_FACE('',(#11471),#11489,.T.);
#11471 = FACE_BOUND('',#11472,.T.);
#11472 = EDGE_LOOP('',(#11473,#11479,#11480,#11481,#11487,#11488));
#11473 = ORIENTED_EDGE('',*,*,#11474,.F.);
#11474 = EDGE_CURVE('',#8100,#6658,#11475,.T.);
#11475 = LINE('',#11476,#11477);
#11476 = CARTESIAN_POINT('',(-5.,32.,15.8));
#11477 = VECTOR('',#11478,1.);
#11478 = DIRECTION('',(-0.,1.,0.));
#11479 = ORIENTED_EDGE('',*,*,#8120,.T.);
#11480 = ORIENTED_EDGE('',*,*,#7556,.T.);
#11481 = ORIENTED_EDGE('',*,*,#11482,.T.);
#11482 = EDGE_CURVE('',#7557,#6122,#11483,.T.);
#11483 = LINE('',#11484,#11485);
#11484 = CARTESIAN_POINT('',(5.,32.,15.8));
#11485 = VECTOR('',#11486,1.);
#11486 = DIRECTION('',(-0.,1.,0.));
#11487 = ORIENTED_EDGE('',*,*,#6121,.F.);
#11488 = ORIENTED_EDGE('',*,*,#6678,.F.);
#11489 = PLANE('',#11490);
#11490 = AXIS2_PLACEMENT_3D('',#11491,#11492,#11493);
#11491 = CARTESIAN_POINT('',(-5.,32.,15.8));
#11492 = DIRECTION('',(0.,0.,1.));
#11493 = DIRECTION('',(1.,0.,-0.));
#11494 = ADVANCED_FACE('',(#11495),#11507,.F.);
#11495 = FACE_BOUND('',#11496,.F.);
#11496 = EDGE_LOOP('',(#11497,#11498,#11499,#11500,#11506));
#11497 = ORIENTED_EDGE('',*,*,#6657,.T.);
#11498 = ORIENTED_EDGE('',*,*,#11474,.F.);
#11499 = ORIENTED_EDGE('',*,*,#8099,.F.);
#11500 = ORIENTED_EDGE('',*,*,#11501,.T.);
#11501 = EDGE_CURVE('',#8090,#6637,#11502,.T.);
#11502 = LINE('',#11503,#11504);
#11503 = CARTESIAN_POINT('',(-7.,32.,17.8));
#11504 = VECTOR('',#11505,1.);
#11505 = DIRECTION('',(-0.,1.,0.));
#11506 = ORIENTED_EDGE('',*,*,#6646,.T.);
#11507 = CYLINDRICAL_SURFACE('',#11508,2.);
#11508 = AXIS2_PLACEMENT_3D('',#11509,#11510,#11511);
#11509 = CARTESIAN_POINT('',(-5.,32.,17.8));
#11510 = DIRECTION('',(0.,1.,0.));
#11511 = DIRECTION('',(0.,-0.,1.));
#11512 = ADVANCED_FACE('',(#11513),#11524,.T.);
#11513 = FACE_BOUND('',#11514,.T.);
#11514 = EDGE_LOOP('',(#11515,#11516,#11517,#11518));
#11515 = ORIENTED_EDGE('',*,*,#8089,.F.);
#11516 = ORIENTED_EDGE('',*,*,#11501,.T.);
#11517 = ORIENTED_EDGE('',*,*,#6636,.T.);
#11518 = ORIENTED_EDGE('',*,*,#11519,.F.);
#11519 = EDGE_CURVE('',#8069,#6616,#11520,.T.);
#11520 = LINE('',#11521,#11522);
#11521 = CARTESIAN_POINT('',(-7.,32.,22.8));
#11522 = VECTOR('',#11523,1.);
#11523 = DIRECTION('',(-0.,1.,0.));
#11524 = PLANE('',#11525);
#11525 = AXIS2_PLACEMENT_3D('',#11526,#11527,#11528);
#11526 = CARTESIAN_POINT('',(-7.,32.,17.8));
#11527 = DIRECTION('',(1.,0.,-0.));
#11528 = DIRECTION('',(0.,0.,1.));
#11529 = ADVANCED_FACE('',(#11530),#11541,.F.);
#11530 = FACE_BOUND('',#11531,.F.);
#11531 = EDGE_LOOP('',(#11532,#11533,#11534,#11535));
#11532 = ORIENTED_EDGE('',*,*,#6615,.T.);
#11533 = ORIENTED_EDGE('',*,*,#11519,.F.);
#11534 = ORIENTED_EDGE('',*,*,#8068,.F.);
#11535 = ORIENTED_EDGE('',*,*,#11536,.T.);
#11536 = EDGE_CURVE('',#8058,#6605,#11537,.T.);
#11537 = LINE('',#11538,#11539);
#11538 = CARTESIAN_POINT('',(-5.,32.,24.8));
#11539 = VECTOR('',#11540,1.);
#11540 = DIRECTION('',(-0.,1.,0.));
#11541 = CYLINDRICAL_SURFACE('',#11542,2.);
#11542 = AXIS2_PLACEMENT_3D('',#11543,#11544,#11545);
#11543 = CARTESIAN_POINT('',(-5.,32.,22.8));
#11544 = DIRECTION('',(0.,1.,0.));
#11545 = DIRECTION('',(0.,-0.,1.));
#11546 = ADVANCED_FACE('',(#11547),#11560,.F.);
#11547 = FACE_BOUND('',#11548,.F.);
#11548 = EDGE_LOOP('',(#11549,#11550,#11551,#11552,#11558,#11559));
#11549 = ORIENTED_EDGE('',*,*,#11536,.F.);
#11550 = ORIENTED_EDGE('',*,*,#8057,.T.);
#11551 = ORIENTED_EDGE('',*,*,#7619,.T.);
#11552 = ORIENTED_EDGE('',*,*,#11553,.T.);
#11553 = EDGE_CURVE('',#7599,#6174,#11554,.T.);
#11554 = LINE('',#11555,#11556);
#11555 = CARTESIAN_POINT('',(5.,32.,24.8));
#11556 = VECTOR('',#11557,1.);
#11557 = DIRECTION('',(-0.,1.,0.));
#11558 = ORIENTED_EDGE('',*,*,#6194,.F.);
#11559 = ORIENTED_EDGE('',*,*,#6604,.F.);
#11560 = PLANE('',#11561);
#11561 = AXIS2_PLACEMENT_3D('',#11562,#11563,#11564);
#11562 = CARTESIAN_POINT('',(-5.,32.,24.8));
#11563 = DIRECTION('',(0.,0.,1.));
#11564 = DIRECTION('',(1.,0.,-0.));
#11565 = ADVANCED_FACE('',(#11566),#11584,.T.);
#11566 = FACE_BOUND('',#11567,.T.);
#11567 = EDGE_LOOP('',(#11568,#11574,#11575,#11576,#11582,#11583));
#11568 = ORIENTED_EDGE('',*,*,#11569,.F.);
#11569 = EDGE_CURVE('',#8035,#6579,#11570,.T.);
#11570 = LINE('',#11571,#11572);
#11571 = CARTESIAN_POINT('',(-8.9,23.,32.9));
#11572 = VECTOR('',#11573,1.);
#11573 = DIRECTION('',(-0.,1.,0.));
#11574 = ORIENTED_EDGE('',*,*,#8046,.T.);
#11575 = ORIENTED_EDGE('',*,*,#7637,.T.);
#11576 = ORIENTED_EDGE('',*,*,#11577,.T.);
#11577 = EDGE_CURVE('',#7638,#6213,#11578,.T.);
#11578 = LINE('',#11579,#11580);
#11579 = CARTESIAN_POINT('',(8.9,23.,32.9));
#11580 = VECTOR('',#11581,1.);
#11581 = DIRECTION('',(-0.,1.,0.));
#11582 = ORIENTED_EDGE('',*,*,#6212,.F.);
#11583 = ORIENTED_EDGE('',*,*,#6593,.F.);
#11584 = PLANE('',#11585);
#11585 = AXIS2_PLACEMENT_3D('',#11586,#11587,#11588);
#11586 = CARTESIAN_POINT('',(-8.9,23.,32.9));
#11587 = DIRECTION('',(0.,0.,1.));
#11588 = DIRECTION('',(1.,0.,-0.));
#11589 = ADVANCED_FACE('',(#11590),#11603,.F.);
#11590 = FACE_BOUND('',#11591,.F.);
#11591 = EDGE_LOOP('',(#11592,#11593,#11599,#11600,#11601,#11602));
#11592 = ORIENTED_EDGE('',*,*,#8003,.F.);
#11593 = ORIENTED_EDGE('',*,*,#11594,.T.);
#11594 = EDGE_CURVE('',#7992,#6546,#11595,.T.);
#11595 = LINE('',#11596,#11597);
#11596 = CARTESIAN_POINT('',(-8.9,23.,35.1));
#11597 = VECTOR('',#11598,1.);
#11598 = DIRECTION('',(-0.,1.,0.));
#11599 = ORIENTED_EDGE('',*,*,#6557,.T.);
#11600 = ORIENTED_EDGE('',*,*,#6578,.T.);
#11601 = ORIENTED_EDGE('',*,*,#11569,.F.);
#11602 = ORIENTED_EDGE('',*,*,#8034,.F.);
#11603 = CYLINDRICAL_SURFACE('',#11604,1.1);
#11604 = AXIS2_PLACEMENT_3D('',#11605,#11606,#11607);
#11605 = CARTESIAN_POINT('',(-8.9,23.,34.));
#11606 = DIRECTION('',(0.,1.,0.));
#11607 = DIRECTION('',(0.,-0.,1.));
#11608 = ADVANCED_FACE('',(#11609),#11622,.F.);
#11609 = FACE_BOUND('',#11610,.F.);
#11610 = EDGE_LOOP('',(#11611,#11612,#11613,#11614,#11620,#11621));
#11611 = ORIENTED_EDGE('',*,*,#11594,.F.);
#11612 = ORIENTED_EDGE('',*,*,#7991,.T.);
#11613 = ORIENTED_EDGE('',*,*,#7687,.T.);
#11614 = ORIENTED_EDGE('',*,*,#11615,.T.);
#11615 = EDGE_CURVE('',#7660,#6250,#11616,.T.);
#11616 = LINE('',#11617,#11618);
#11617 = CARTESIAN_POINT('',(8.9,23.,35.1));
#11618 = VECTOR('',#11619,1.);
#11619 = DIRECTION('',(-0.,1.,0.));
#11620 = ORIENTED_EDGE('',*,*,#6259,.F.);
#11621 = ORIENTED_EDGE('',*,*,#6545,.F.);
#11622 = PLANE('',#11623);
#11623 = AXIS2_PLACEMENT_3D('',#11624,#11625,#11626);
#11624 = CARTESIAN_POINT('',(-8.9,23.,35.1));
#11625 = DIRECTION('',(0.,0.,1.));
#11626 = DIRECTION('',(1.,0.,-0.));
#11627 = ADVANCED_FACE('',(#11628),#11646,.T.);
#11628 = FACE_BOUND('',#11629,.T.);
#11629 = EDGE_LOOP('',(#11630,#11636,#11637,#11638,#11644,#11645));
#11630 = ORIENTED_EDGE('',*,*,#11631,.F.);
#11631 = EDGE_CURVE('',#7960,#6521,#11632,.T.);
#11632 = LINE('',#11633,#11634);
#11633 = CARTESIAN_POINT('',(-8.9,23.,37.9));
#11634 = VECTOR('',#11635,1.);
#11635 = DIRECTION('',(-0.,1.,0.));
#11636 = ORIENTED_EDGE('',*,*,#7980,.T.);
#11637 = ORIENTED_EDGE('',*,*,#7706,.T.);
#11638 = ORIENTED_EDGE('',*,*,#11639,.T.);
#11639 = EDGE_CURVE('',#7707,#6279,#11640,.T.);
#11640 = LINE('',#11641,#11642);
#11641 = CARTESIAN_POINT('',(8.9,23.,37.9));
#11642 = VECTOR('',#11643,1.);
#11643 = DIRECTION('',(-0.,1.,0.));
#11644 = ORIENTED_EDGE('',*,*,#6278,.F.);
#11645 = ORIENTED_EDGE('',*,*,#6534,.F.);
#11646 = PLANE('',#11647);
#11647 = AXIS2_PLACEMENT_3D('',#11648,#11649,#11650);
#11648 = CARTESIAN_POINT('',(-8.9,23.,37.9));
#11649 = DIRECTION('',(0.,0.,1.));
#11650 = DIRECTION('',(1.,0.,-0.));
#11651 = ADVANCED_FACE('',(#11652),#11665,.F.);
#11652 = FACE_BOUND('',#11653,.F.);
#11653 = EDGE_LOOP('',(#11654,#11655,#11661,#11662,#11663,#11664));
#11654 = ORIENTED_EDGE('',*,*,#7938,.F.);
#11655 = ORIENTED_EDGE('',*,*,#11656,.T.);
#11656 = EDGE_CURVE('',#7927,#6488,#11657,.T.);
#11657 = LINE('',#11658,#11659);
#11658 = CARTESIAN_POINT('',(-8.9,23.,40.1));
#11659 = VECTOR('',#11660,1.);
#11660 = DIRECTION('',(-0.,1.,0.));
#11661 = ORIENTED_EDGE('',*,*,#6499,.T.);
#11662 = ORIENTED_EDGE('',*,*,#6520,.T.);
#11663 = ORIENTED_EDGE('',*,*,#11631,.F.);
#11664 = ORIENTED_EDGE('',*,*,#7959,.F.);
#11665 = CYLINDRICAL_SURFACE('',#11666,1.1);
#11666 = AXIS2_PLACEMENT_3D('',#11667,#11668,#11669);
#11667 = CARTESIAN_POINT('',(-8.9,23.,39.));
#11668 = DIRECTION('',(0.,1.,0.));
#11669 = DIRECTION('',(0.,-0.,1.));
#11670 = ADVANCED_FACE('',(#11671),#11684,.F.);
#11671 = FACE_BOUND('',#11672,.F.);
#11672 = EDGE_LOOP('',(#11673,#11674,#11675,#11676,#11682,#11683));
#11673 = ORIENTED_EDGE('',*,*,#11656,.F.);
#11674 = ORIENTED_EDGE('',*,*,#7926,.T.);
#11675 = ORIENTED_EDGE('',*,*,#7756,.T.);
#11676 = ORIENTED_EDGE('',*,*,#11677,.T.);
#11677 = EDGE_CURVE('',#7747,#6316,#11678,.T.);
#11678 = LINE('',#11679,#11680);
#11679 = CARTESIAN_POINT('',(8.9,23.,40.1));
#11680 = VECTOR('',#11681,1.);
#11681 = DIRECTION('',(-0.,1.,0.));
#11682 = ORIENTED_EDGE('',*,*,#6326,.F.);
#11683 = ORIENTED_EDGE('',*,*,#6487,.F.);
#11684 = PLANE('',#11685);
#11685 = AXIS2_PLACEMENT_3D('',#11686,#11687,#11688);
#11686 = CARTESIAN_POINT('',(-8.9,23.,40.1));
#11687 = DIRECTION('',(0.,0.,1.));
#11688 = DIRECTION('',(1.,0.,-0.));
#11689 = ADVANCED_FACE('',(#11690),#11708,.T.);
#11690 = FACE_BOUND('',#11691,.T.);
#11691 = EDGE_LOOP('',(#11692,#11698,#11699,#11700,#11706,#11707));
#11692 = ORIENTED_EDGE('',*,*,#11693,.F.);
#11693 = EDGE_CURVE('',#7895,#6463,#11694,.T.);
#11694 = LINE('',#11695,#11696);
#11695 = CARTESIAN_POINT('',(-8.9,23.,42.9));
#11696 = VECTOR('',#11697,1.);
#11697 = DIRECTION('',(-0.,1.,0.));
#11698 = ORIENTED_EDGE('',*,*,#7915,.T.);
#11699 = ORIENTED_EDGE('',*,*,#7775,.T.);
#11700 = ORIENTED_EDGE('',*,*,#11701,.T.);
#11701 = EDGE_CURVE('',#7776,#6346,#11702,.T.);
#11702 = LINE('',#11703,#11704);
#11703 = CARTESIAN_POINT('',(8.9,23.,42.9));
#11704 = VECTOR('',#11705,1.);
#11705 = DIRECTION('',(-0.,1.,0.));
#11706 = ORIENTED_EDGE('',*,*,#6345,.F.);
#11707 = ORIENTED_EDGE('',*,*,#6476,.F.);
#11708 = PLANE('',#11709);
#11709 = AXIS2_PLACEMENT_3D('',#11710,#11711,#11712);
#11710 = CARTESIAN_POINT('',(-8.9,23.,42.9));
#11711 = DIRECTION('',(0.,0.,1.));
#11712 = DIRECTION('',(1.,0.,-0.));
#11713 = ADVANCED_FACE('',(#11714),#11727,.F.);
#11714 = FACE_BOUND('',#11715,.F.);
#11715 = EDGE_LOOP('',(#11716,#11717,#11723,#11724,#11725,#11726));
#11716 = ORIENTED_EDGE('',*,*,#7873,.F.);
#11717 = ORIENTED_EDGE('',*,*,#11718,.T.);
#11718 = EDGE_CURVE('',#7862,#6430,#11719,.T.);
#11719 = LINE('',#11720,#11721);
#11720 = CARTESIAN_POINT('',(-8.9,23.,45.1));
#11721 = VECTOR('',#11722,1.);
#11722 = DIRECTION('',(-0.,1.,0.));
#11723 = ORIENTED_EDGE('',*,*,#6441,.T.);
#11724 = ORIENTED_EDGE('',*,*,#6462,.T.);
#11725 = ORIENTED_EDGE('',*,*,#11693,.F.);
#11726 = ORIENTED_EDGE('',*,*,#7894,.F.);
#11727 = CYLINDRICAL_SURFACE('',#11728,1.1);
#11728 = AXIS2_PLACEMENT_3D('',#11729,#11730,#11731);
#11729 = CARTESIAN_POINT('',(-8.9,23.,44.));
#11730 = DIRECTION('',(0.,1.,0.));
#11731 = DIRECTION('',(0.,-0.,1.));
#11732 = ADVANCED_FACE('',(#11733),#11746,.F.);
#11733 = FACE_BOUND('',#11734,.F.);
#11734 = EDGE_LOOP('',(#11735,#11736,#11737,#11738,#11744,#11745));
#11735 = ORIENTED_EDGE('',*,*,#11718,.F.);
#11736 = ORIENTED_EDGE('',*,*,#7861,.T.);
#11737 = ORIENTED_EDGE('',*,*,#7825,.T.);
#11738 = ORIENTED_EDGE('',*,*,#11739,.T.);
#11739 = EDGE_CURVE('',#7816,#6383,#11740,.T.);
#11740 = LINE('',#11741,#11742);
#11741 = CARTESIAN_POINT('',(8.9,23.,45.1));
#11742 = VECTOR('',#11743,1.);
#11743 = DIRECTION('',(-0.,1.,0.));
#11744 = ORIENTED_EDGE('',*,*,#6393,.F.);
#11745 = ORIENTED_EDGE('',*,*,#6429,.F.);
#11746 = PLANE('',#11747);
#11747 = AXIS2_PLACEMENT_3D('',#11748,#11749,#11750);
#11748 = CARTESIAN_POINT('',(-8.9,23.,45.1));
#11749 = DIRECTION('',(0.,0.,1.));
#11750 = DIRECTION('',(1.,0.,-0.));
#11751 = ADVANCED_FACE('',(#11752),#11772,.T.);
#11752 = FACE_BOUND('',#11753,.T.);
#11753 = EDGE_LOOP('',(#11754,#11755,#11763,#11770,#11771));
#11754 = ORIENTED_EDGE('',*,*,#6421,.T.);
#11755 = ORIENTED_EDGE('',*,*,#11756,.T.);
#11756 = EDGE_CURVE('',#6413,#11757,#11759,.T.);
#11757 = VERTEX_POINT('',#11758);
#11758 = CARTESIAN_POINT('',(27.5,-5.918084795571,54.942642356365));
#11759 = LINE('',#11760,#11761);
#11760 = CARTESIAN_POINT('',(27.5,2.19152044289,49.26423563649));
#11761 = VECTOR('',#11762,1.);
#11762 = DIRECTION('',(0.,-0.819152044289,0.573576436351));
#11763 = ORIENTED_EDGE('',*,*,#11764,.F.);
#11764 = EDGE_CURVE('',#11757,#11757,#11765,.T.);
#11765 = CIRCLE('',#11766,27.5);
#11766 = AXIS2_PLACEMENT_3D('',#11767,#11768,#11769);
#11767 = CARTESIAN_POINT('',(0.,-5.918084795571,54.942642356365));
#11768 = DIRECTION('',(0.,-0.819152044289,0.573576436351));
#11769 = DIRECTION('',(1.,0.,0.));
#11770 = ORIENTED_EDGE('',*,*,#11756,.F.);
#11771 = ORIENTED_EDGE('',*,*,#6412,.T.);
#11772 = CYLINDRICAL_SURFACE('',#11773,27.5);
#11773 = AXIS2_PLACEMENT_3D('',#11774,#11775,#11776);
#11774 = CARTESIAN_POINT('',(0.,2.19152044289,49.26423563649));
#11775 = DIRECTION('',(0.,-0.819152044289,0.573576436351));
#11776 = DIRECTION('',(1.,0.,0.));
#11777 = ADVANCED_FACE('',(#11778),#11786,.F.);
#11778 = FACE_BOUND('',#11779,.F.);
#11779 = EDGE_LOOP('',(#11780,#11781,#11782,#11783,#11784,#11785));
#11780 = ORIENTED_EDGE('',*,*,#6382,.T.);
#11781 = ORIENTED_EDGE('',*,*,#11739,.F.);
#11782 = ORIENTED_EDGE('',*,*,#7815,.F.);
#11783 = ORIENTED_EDGE('',*,*,#7787,.F.);
#11784 = ORIENTED_EDGE('',*,*,#11701,.T.);
#11785 = ORIENTED_EDGE('',*,*,#6357,.T.);
#11786 = CYLINDRICAL_SURFACE('',#11787,1.1);
#11787 = AXIS2_PLACEMENT_3D('',#11788,#11789,#11790);
#11788 = CARTESIAN_POINT('',(8.9,23.,44.));
#11789 = DIRECTION('',(0.,1.,0.));
#11790 = DIRECTION('',(0.,-0.,1.));
#11791 = ADVANCED_FACE('',(#11792),#11800,.F.);
#11792 = FACE_BOUND('',#11793,.F.);
#11793 = EDGE_LOOP('',(#11794,#11795,#11796,#11797,#11798,#11799));
#11794 = ORIENTED_EDGE('',*,*,#6315,.T.);
#11795 = ORIENTED_EDGE('',*,*,#11677,.F.);
#11796 = ORIENTED_EDGE('',*,*,#7746,.F.);
#11797 = ORIENTED_EDGE('',*,*,#7718,.F.);
#11798 = ORIENTED_EDGE('',*,*,#11639,.T.);
#11799 = ORIENTED_EDGE('',*,*,#6290,.T.);
#11800 = CYLINDRICAL_SURFACE('',#11801,1.1);
#11801 = AXIS2_PLACEMENT_3D('',#11802,#11803,#11804);
#11802 = CARTESIAN_POINT('',(8.9,23.,39.));
#11803 = DIRECTION('',(0.,1.,0.));
#11804 = DIRECTION('',(0.,-0.,1.));
#11805 = ADVANCED_FACE('',(#11806),#11814,.F.);
#11806 = FACE_BOUND('',#11807,.F.);
#11807 = EDGE_LOOP('',(#11808,#11809,#11810,#11811,#11812,#11813));
#11808 = ORIENTED_EDGE('',*,*,#6249,.T.);
#11809 = ORIENTED_EDGE('',*,*,#11615,.F.);
#11810 = ORIENTED_EDGE('',*,*,#7659,.F.);
#11811 = ORIENTED_EDGE('',*,*,#7649,.F.);
#11812 = ORIENTED_EDGE('',*,*,#11577,.T.);
#11813 = ORIENTED_EDGE('',*,*,#6224,.T.);
#11814 = CYLINDRICAL_SURFACE('',#11815,1.1);
#11815 = AXIS2_PLACEMENT_3D('',#11816,#11817,#11818);
#11816 = CARTESIAN_POINT('',(8.9,23.,34.));
#11817 = DIRECTION('',(0.,1.,0.));
#11818 = DIRECTION('',(0.,-0.,1.));
#11819 = ADVANCED_FACE('',(#11820),#11831,.F.);
#11820 = FACE_BOUND('',#11821,.F.);
#11821 = EDGE_LOOP('',(#11822,#11823,#11824,#11825));
#11822 = ORIENTED_EDGE('',*,*,#6173,.T.);
#11823 = ORIENTED_EDGE('',*,*,#11553,.F.);
#11824 = ORIENTED_EDGE('',*,*,#7598,.F.);
#11825 = ORIENTED_EDGE('',*,*,#11826,.T.);
#11826 = EDGE_CURVE('',#7589,#6164,#11827,.T.);
#11827 = LINE('',#11828,#11829);
#11828 = CARTESIAN_POINT('',(7.,32.,22.8));
#11829 = VECTOR('',#11830,1.);
#11830 = DIRECTION('',(-0.,1.,0.));
#11831 = CYLINDRICAL_SURFACE('',#11832,2.);
#11832 = AXIS2_PLACEMENT_3D('',#11833,#11834,#11835);
#11833 = CARTESIAN_POINT('',(5.,32.,22.8));
#11834 = DIRECTION('',(0.,1.,0.));
#11835 = DIRECTION('',(0.,-0.,1.));
#11836 = ADVANCED_FACE('',(#11837),#11848,.F.);
#11837 = FACE_BOUND('',#11838,.F.);
#11838 = EDGE_LOOP('',(#11839,#11840,#11846,#11847));
#11839 = ORIENTED_EDGE('',*,*,#7588,.F.);
#11840 = ORIENTED_EDGE('',*,*,#11841,.T.);
#11841 = EDGE_CURVE('',#7568,#6154,#11842,.T.);
#11842 = LINE('',#11843,#11844);
#11843 = CARTESIAN_POINT('',(7.,32.,17.8));
#11844 = VECTOR('',#11845,1.);
#11845 = DIRECTION('',(-0.,1.,0.));
#11846 = ORIENTED_EDGE('',*,*,#6163,.T.);
#11847 = ORIENTED_EDGE('',*,*,#11826,.F.);
#11848 = PLANE('',#11849);
#11849 = AXIS2_PLACEMENT_3D('',#11850,#11851,#11852);
#11850 = CARTESIAN_POINT('',(7.,32.,17.8));
#11851 = DIRECTION('',(1.,0.,-0.));
#11852 = DIRECTION('',(0.,0.,1.));
#11853 = ADVANCED_FACE('',(#11854),#11861,.F.);
#11854 = FACE_BOUND('',#11855,.F.);
#11855 = EDGE_LOOP('',(#11856,#11857,#11858,#11859,#11860));
#11856 = ORIENTED_EDGE('',*,*,#6153,.T.);
#11857 = ORIENTED_EDGE('',*,*,#11841,.F.);
#11858 = ORIENTED_EDGE('',*,*,#7567,.F.);
#11859 = ORIENTED_EDGE('',*,*,#11482,.T.);
#11860 = ORIENTED_EDGE('',*,*,#6132,.T.);
#11861 = CYLINDRICAL_SURFACE('',#11862,2.);
#11862 = AXIS2_PLACEMENT_3D('',#11863,#11864,#11865);
#11863 = CARTESIAN_POINT('',(5.,32.,17.8));
#11864 = DIRECTION('',(0.,1.,0.));
#11865 = DIRECTION('',(0.,-0.,1.));
#11866 = ADVANCED_FACE('',(#11867),#11880,.F.);
#11867 = FACE_BOUND('',#11868,.F.);
#11868 = EDGE_LOOP('',(#11869,#11870,#11876,#11877,#11878,#11879));
#11869 = ORIENTED_EDGE('',*,*,#8131,.F.);
#11870 = ORIENTED_EDGE('',*,*,#11871,.F.);
#11871 = EDGE_CURVE('',#6690,#8132,#11872,.T.);
#11872 = LINE('',#11873,#11874);
#11873 = CARTESIAN_POINT('',(-33.,8.,19.5));
#11874 = VECTOR('',#11875,1.);
#11875 = DIRECTION('',(1.,0.,0.));
#11876 = ORIENTED_EDGE('',*,*,#6689,.T.);
#11877 = ORIENTED_EDGE('',*,*,#6752,.T.);
#11878 = ORIENTED_EDGE('',*,*,#11871,.T.);
#11879 = ORIENTED_EDGE('',*,*,#8152,.F.);
#11880 = CYLINDRICAL_SURFACE('',#11881,1.5);
#11881 = AXIS2_PLACEMENT_3D('',#11882,#11883,#11884);
#11882 = CARTESIAN_POINT('',(-33.,8.,18.));
#11883 = DIRECTION('',(1.,0.,0.));
#11884 = DIRECTION('',(-0.,0.,1.));
#11885 = ADVANCED_FACE('',(#11886),#11899,.F.);
#11886 = FACE_BOUND('',#11887,.F.);
#11887 = EDGE_LOOP('',(#11888,#11889,#11895,#11896,#11897,#11898));
#11888 = ORIENTED_EDGE('',*,*,#8215,.F.);
#11889 = ORIENTED_EDGE('',*,*,#11890,.F.);
#11890 = EDGE_CURVE('',#6760,#8216,#11891,.T.);
#11891 = LINE('',#11892,#11893);
#11892 = CARTESIAN_POINT('',(-33.,3.,19.5));
#11893 = VECTOR('',#11894,1.);
#11894 = DIRECTION('',(1.,0.,0.));
#11895 = ORIENTED_EDGE('',*,*,#6759,.T.);
#11896 = ORIENTED_EDGE('',*,*,#6780,.T.);
#11897 = ORIENTED_EDGE('',*,*,#11890,.T.);
#11898 = ORIENTED_EDGE('',*,*,#8280,.F.);
#11899 = CYLINDRICAL_SURFACE('',#11900,1.5);
#11900 = AXIS2_PLACEMENT_3D('',#11901,#11902,#11903);
#11901 = CARTESIAN_POINT('',(-33.,3.,18.));
#11902 = DIRECTION('',(1.,0.,0.));
#11903 = DIRECTION('',(-0.,0.,1.));
#11904 = ADVANCED_FACE('',(#11905),#11918,.F.);
#11905 = FACE_BOUND('',#11906,.F.);
#11906 = EDGE_LOOP('',(#11907,#11908,#11914,#11915,#11916,#11917));
#11907 = ORIENTED_EDGE('',*,*,#8292,.F.);
#11908 = ORIENTED_EDGE('',*,*,#11909,.F.);
#11909 = EDGE_CURVE('',#6837,#8293,#11910,.T.);
#11910 = LINE('',#11911,#11912);
#11911 = CARTESIAN_POINT('',(33.,8.,16.5));
#11912 = VECTOR('',#11913,1.);
#11913 = DIRECTION('',(-1.,0.,0.));
#11914 = ORIENTED_EDGE('',*,*,#6836,.T.);
#11915 = ORIENTED_EDGE('',*,*,#6866,.T.);
#11916 = ORIENTED_EDGE('',*,*,#11909,.T.);
#11917 = ORIENTED_EDGE('',*,*,#8322,.F.);
#11918 = CYLINDRICAL_SURFACE('',#11919,1.5);
#11919 = AXIS2_PLACEMENT_3D('',#11920,#11921,#11922);
#11920 = CARTESIAN_POINT('',(33.,8.,18.));
#11921 = DIRECTION('',(-1.,0.,0.));
#11922 = DIRECTION('',(0.,0.,-1.));
#11923 = ADVANCED_FACE('',(#11924),#11937,.F.);
#11924 = FACE_BOUND('',#11925,.F.);
#11925 = EDGE_LOOP('',(#11926,#11927,#11933,#11934,#11935,#11936));
#11926 = ORIENTED_EDGE('',*,*,#8371,.F.);
#11927 = ORIENTED_EDGE('',*,*,#11928,.F.);
#11928 = EDGE_CURVE('',#6902,#8372,#11929,.T.);
#11929 = LINE('',#11930,#11931);
#11930 = CARTESIAN_POINT('',(33.,3.,16.5));
#11931 = VECTOR('',#11932,1.);
#11932 = DIRECTION('',(-1.,0.,0.));
#11933 = ORIENTED_EDGE('',*,*,#6901,.T.);
#11934 = ORIENTED_EDGE('',*,*,#6924,.T.);
#11935 = ORIENTED_EDGE('',*,*,#11928,.T.);
#11936 = ORIENTED_EDGE('',*,*,#8415,.F.);
#11937 = CYLINDRICAL_SURFACE('',#11938,1.5);
#11938 = AXIS2_PLACEMENT_3D('',#11939,#11940,#11941);
#11939 = CARTESIAN_POINT('',(33.,3.,18.));
#11940 = DIRECTION('',(-1.,0.,0.));
#11941 = DIRECTION('',(0.,0.,-1.));
#11942 = ADVANCED_FACE('',(#11943),#11956,.F.);
#11943 = FACE_BOUND('',#11944,.F.);
#11944 = EDGE_LOOP('',(#11945,#11946,#11952,#11953,#11954,#11955));
#11945 = ORIENTED_EDGE('',*,*,#8450,.F.);
#11946 = ORIENTED_EDGE('',*,*,#11947,.F.);
#11947 = EDGE_CURVE('',#6974,#8451,#11948,.T.);
#11948 = LINE('',#11949,#11950);
#11949 = CARTESIAN_POINT('',(-33.,-2.,19.5));
#11950 = VECTOR('',#11951,1.);
#11951 = DIRECTION('',(1.,0.,0.));
#11952 = ORIENTED_EDGE('',*,*,#6973,.T.);
#11953 = ORIENTED_EDGE('',*,*,#6994,.T.);
#11954 = ORIENTED_EDGE('',*,*,#11947,.T.);
#11955 = ORIENTED_EDGE('',*,*,#8483,.F.);
#11956 = CYLINDRICAL_SURFACE('',#11957,1.5);
#11957 = AXIS2_PLACEMENT_3D('',#11958,#11959,#11960);
#11958 = CARTESIAN_POINT('',(-33.,-2.,18.));
#11959 = DIRECTION('',(1.,0.,0.));
#11960 = DIRECTION('',(-0.,0.,1.));
#11961 = ADVANCED_FACE('',(#11962),#11975,.F.);
#11962 = FACE_BOUND('',#11963,.F.);
#11963 = EDGE_LOOP('',(#11964,#11965,#11971,#11972,#11973,#11974));
#11964 = ORIENTED_EDGE('',*,*,#8532,.F.);
#11965 = ORIENTED_EDGE('',*,*,#11966,.F.);
#11966 = EDGE_CURVE('',#7051,#8533,#11967,.T.);
#11967 = LINE('',#11968,#11969);
#11968 = CARTESIAN_POINT('',(33.,-2.,16.5));
#11969 = VECTOR('',#11970,1.);
#11970 = DIRECTION('',(-1.,0.,0.));
#11971 = ORIENTED_EDGE('',*,*,#7050,.T.);
#11972 = ORIENTED_EDGE('',*,*,#7071,.T.);
#11973 = ORIENTED_EDGE('',*,*,#11966,.T.);
#11974 = ORIENTED_EDGE('',*,*,#8565,.F.);
#11975 = CYLINDRICAL_SURFACE('',#11976,1.5);
#11976 = AXIS2_PLACEMENT_3D('',#11977,#11978,#11979);
#11977 = CARTESIAN_POINT('',(33.,-2.,18.));
#11978 = DIRECTION('',(-1.,0.,0.));
#11979 = DIRECTION('',(0.,0.,-1.));
#11980 = ADVANCED_FACE('',(#11981),#12001,.F.);
#11981 = FACE_BOUND('',#11982,.F.);
#11982 = EDGE_LOOP('',(#11983,#11991,#11998,#11999,#12000));
#11983 = ORIENTED_EDGE('',*,*,#11984,.T.);
#11984 = EDGE_CURVE('',#7845,#11985,#11987,.T.);
#11985 = VERTEX_POINT('',#11986);
#11986 = CARTESIAN_POINT('',(24.9,0.553216354312,50.411388509192));
#11987 = LINE('',#11988,#11989);
#11988 = CARTESIAN_POINT('',(23.34,5.599192947132,46.878157661269));
#11989 = VECTOR('',#11990,1.);
#11990 = DIRECTION('',(0.245496747775,-0.794083873644,0.556023514296));
#11991 = ORIENTED_EDGE('',*,*,#11992,.F.);
#11992 = EDGE_CURVE('',#11985,#11985,#11993,.T.);
#11993 = CIRCLE('',#11994,24.9);
#11994 = AXIS2_PLACEMENT_3D('',#11995,#11996,#11997);
#11995 = CARTESIAN_POINT('',(0.,0.553216354312,50.411388509192));
#11996 = DIRECTION('',(0.,-0.819152044289,0.573576436351));
#11997 = DIRECTION('',(1.,0.,0.));
#11998 = ORIENTED_EDGE('',*,*,#11984,.F.);
#11999 = ORIENTED_EDGE('',*,*,#7844,.T.);
#12000 = ORIENTED_EDGE('',*,*,#7853,.T.);
#12001 = CONICAL_SURFACE('',#12002,23.34,0.248032088752);
#12002 = AXIS2_PLACEMENT_3D('',#12003,#12004,#12005);
#12003 = CARTESIAN_POINT('',(0.,5.599192947132,46.878157661269));
#12004 = DIRECTION('',(0.,-0.819152044289,0.573576436351));
#12005 = DIRECTION('',(1.,0.,0.));
#12006 = ADVANCED_FACE('',(#12007),#12018,.T.);
#12007 = FACE_BOUND('',#12008,.T.);
#12008 = EDGE_LOOP('',(#12009,#12016,#12017));
#12009 = ORIENTED_EDGE('',*,*,#12010,.F.);
#12010 = EDGE_CURVE('',#9043,#11453,#12011,.T.);
#12011 = CIRCLE('',#12012,3.6);
#12012 = AXIS2_PLACEMENT_3D('',#12013,#12014,#12015);
#12013 = CARTESIAN_POINT('',(-24.,24.,11.));
#12014 = DIRECTION('',(0.,0.,1.));
#12015 = DIRECTION('',(1.,0.,-0.));
#12016 = ORIENTED_EDGE('',*,*,#9052,.F.);
#12017 = ORIENTED_EDGE('',*,*,#11452,.T.);
#12018 = PLANE('',#12019);
#12019 = AXIS2_PLACEMENT_3D('',#12020,#12021,#12022);
#12020 = CARTESIAN_POINT('',(-32.,21.5,11.));
#12021 = DIRECTION('',(0.,0.,1.));
#12022 = DIRECTION('',(1.,0.,-0.));
#12023 = ADVANCED_FACE('',(#12024),#12039,.T.);
#12024 = FACE_BOUND('',#12025,.T.);
#12025 = EDGE_LOOP('',(#12026,#12027,#12028,#12029,#12036,#12037,#12038)
  );
#12026 = ORIENTED_EDGE('',*,*,#11460,.F.);
#12027 = ORIENTED_EDGE('',*,*,#11016,.T.);
#12028 = ORIENTED_EDGE('',*,*,#10971,.T.);
#12029 = ORIENTED_EDGE('',*,*,#12030,.F.);
#12030 = EDGE_CURVE('',#9173,#10974,#12031,.T.);
#12031 = CIRCLE('',#12032,3.6);
#12032 = AXIS2_PLACEMENT_3D('',#12033,#12034,#12035);
#12033 = CARTESIAN_POINT('',(-24.,24.,13.));
#12034 = DIRECTION('',(0.,0.,1.));
#12035 = DIRECTION('',(1.,0.,-0.));
#12036 = ORIENTED_EDGE('',*,*,#9172,.T.);
#12037 = ORIENTED_EDGE('',*,*,#9042,.F.);
#12038 = ORIENTED_EDGE('',*,*,#12010,.T.);
#12039 = CYLINDRICAL_SURFACE('',#12040,3.6);
#12040 = AXIS2_PLACEMENT_3D('',#12041,#12042,#12043);
#12041 = CARTESIAN_POINT('',(-24.,24.,3.));
#12042 = DIRECTION('',(0.,0.,1.));
#12043 = DIRECTION('',(1.,0.,-0.));
#12044 = ADVANCED_FACE('',(#12045),#12050,.T.);
#12045 = FACE_BOUND('',#12046,.T.);
#12046 = EDGE_LOOP('',(#12047,#12048,#12049));
#12047 = ORIENTED_EDGE('',*,*,#12030,.T.);
#12048 = ORIENTED_EDGE('',*,*,#10991,.T.);
#12049 = ORIENTED_EDGE('',*,*,#9182,.T.);
#12050 = PLANE('',#12051);
#12051 = AXIS2_PLACEMENT_3D('',#12052,#12053,#12054);
#12052 = CARTESIAN_POINT('',(-24.,24.,13.));
#12053 = DIRECTION('',(0.,0.,1.));
#12054 = DIRECTION('',(1.,0.,-0.));
#12055 = ADVANCED_FACE('',(#12056),#12061,.T.);
#12056 = FACE_BOUND('',#12057,.T.);
#12057 = EDGE_LOOP('',(#12058,#12059,#12060));
#12058 = ORIENTED_EDGE('',*,*,#11367,.T.);
#12059 = ORIENTED_EDGE('',*,*,#11434,.T.);
#12060 = ORIENTED_EDGE('',*,*,#9714,.T.);
#12061 = PLANE('',#12062);
#12062 = AXIS2_PLACEMENT_3D('',#12063,#12064,#12065);
#12063 = CARTESIAN_POINT('',(-24.,-14.,13.));
#12064 = DIRECTION('',(0.,0.,1.));
#12065 = DIRECTION('',(1.,0.,-0.));
#12066 = ADVANCED_FACE('',(#12067),#12071,.T.);
#12067 = FACE_BOUND('',#12068,.T.);
#12068 = EDGE_LOOP('',(#12069,#12070));
#12069 = ORIENTED_EDGE('',*,*,#9603,.T.);
#12070 = ORIENTED_EDGE('',*,*,#11218,.T.);
#12071 = PLANE('',#12072);
#12072 = AXIS2_PLACEMENT_3D('',#12073,#12074,#12075);
#12073 = CARTESIAN_POINT('',(24.,-14.,13.));
#12074 = DIRECTION('',(0.,0.,1.));
#12075 = DIRECTION('',(1.,0.,-0.));
#12076 = ADVANCED_FACE('',(#12077),#12082,.T.);
#12077 = FACE_BOUND('',#12078,.T.);
#12078 = EDGE_LOOP('',(#12079,#12080,#12081));
#12079 = ORIENTED_EDGE('',*,*,#9934,.F.);
#12080 = ORIENTED_EDGE('',*,*,#10898,.F.);
#12081 = ORIENTED_EDGE('',*,*,#11238,.T.);
#12082 = PLANE('',#12083);
#12083 = AXIS2_PLACEMENT_3D('',#12084,#12085,#12086);
#12084 = CARTESIAN_POINT('',(24.,21.5,11.));
#12085 = DIRECTION('',(0.,0.,1.));
#12086 = DIRECTION('',(1.,0.,-0.));
#12087 = ADVANCED_FACE('',(#12088),#12092,.T.);
#12088 = FACE_BOUND('',#12089,.T.);
#12089 = EDGE_LOOP('',(#12090,#12091));
#12090 = ORIENTED_EDGE('',*,*,#10548,.T.);
#12091 = ORIENTED_EDGE('',*,*,#10907,.T.);
#12092 = PLANE('',#12093);
#12093 = AXIS2_PLACEMENT_3D('',#12094,#12095,#12096);
#12094 = CARTESIAN_POINT('',(24.,24.,13.));
#12095 = DIRECTION('',(0.,0.,1.));
#12096 = DIRECTION('',(1.,0.,-0.));
#12097 = ADVANCED_FACE('',(#12098),#12122,.F.);
#12098 = FACE_BOUND('',#12099,.F.);
#12099 = EDGE_LOOP('',(#12100,#12101,#12102,#12103,#12104,#12105,#12106,
    #12115));
#12100 = ORIENTED_EDGE('',*,*,#10794,.F.);
#12101 = ORIENTED_EDGE('',*,*,#10786,.T.);
#12102 = ORIENTED_EDGE('',*,*,#10744,.T.);
#12103 = ORIENTED_EDGE('',*,*,#10768,.T.);
#12104 = ORIENTED_EDGE('',*,*,#10819,.F.);
#12105 = ORIENTED_EDGE('',*,*,#10811,.F.);
#12106 = ORIENTED_EDGE('',*,*,#12107,.F.);
#12107 = EDGE_CURVE('',#12108,#10803,#12110,.T.);
#12108 = VERTEX_POINT('',#12109);
#12109 = CARTESIAN_POINT('',(25.05,24.,3.));
#12110 = CIRCLE('',#12111,1.05);
#12111 = AXIS2_PLACEMENT_3D('',#12112,#12113,#12114);
#12112 = CARTESIAN_POINT('',(24.,24.,3.));
#12113 = DIRECTION('',(0.,0.,1.));
#12114 = DIRECTION('',(1.,0.,-0.));
#12115 = ORIENTED_EDGE('',*,*,#12116,.F.);
#12116 = EDGE_CURVE('',#10795,#12108,#12117,.T.);
#12117 = CIRCLE('',#12118,1.05);
#12118 = AXIS2_PLACEMENT_3D('',#12119,#12120,#12121);
#12119 = CARTESIAN_POINT('',(24.,24.,3.));
#12120 = DIRECTION('',(0.,0.,1.));
#12121 = DIRECTION('',(1.,0.,-0.));
#12122 = PLANE('',#12123);
#12123 = AXIS2_PLACEMENT_3D('',#12124,#12125,#12126);
#12124 = CARTESIAN_POINT('',(24.,24.,3.));
#12125 = DIRECTION('',(0.,0.,1.));
#12126 = DIRECTION('',(1.,0.,-0.));
#12127 = ADVANCED_FACE('',(#12128),#12149,.F.);
#12128 = FACE_BOUND('',#12129,.F.);
#12129 = EDGE_LOOP('',(#12130,#12138,#12145,#12146,#12147,#12148));
#12130 = ORIENTED_EDGE('',*,*,#12131,.T.);
#12131 = EDGE_CURVE('',#12108,#12132,#12134,.T.);
#12132 = VERTEX_POINT('',#12133);
#12133 = CARTESIAN_POINT('',(25.05,24.,10.9));
#12134 = LINE('',#12135,#12136);
#12135 = CARTESIAN_POINT('',(25.05,24.,2.9));
#12136 = VECTOR('',#12137,1.);
#12137 = DIRECTION('',(0.,0.,1.));
#12138 = ORIENTED_EDGE('',*,*,#12139,.F.);
#12139 = EDGE_CURVE('',#12132,#12132,#12140,.T.);
#12140 = CIRCLE('',#12141,1.05);
#12141 = AXIS2_PLACEMENT_3D('',#12142,#12143,#12144);
#12142 = CARTESIAN_POINT('',(24.,24.,10.9));
#12143 = DIRECTION('',(0.,0.,1.));
#12144 = DIRECTION('',(1.,0.,-0.));
#12145 = ORIENTED_EDGE('',*,*,#12131,.F.);
#12146 = ORIENTED_EDGE('',*,*,#12107,.T.);
#12147 = ORIENTED_EDGE('',*,*,#10802,.T.);
#12148 = ORIENTED_EDGE('',*,*,#12116,.T.);
#12149 = CYLINDRICAL_SURFACE('',#12150,1.05);
#12150 = AXIS2_PLACEMENT_3D('',#12151,#12152,#12153);
#12151 = CARTESIAN_POINT('',(24.,24.,2.9));
#12152 = DIRECTION('',(0.,0.,1.));
#12153 = DIRECTION('',(1.,0.,-0.));
#12154 = ADVANCED_FACE('',(#12155),#12170,.F.);
#12155 = FACE_BOUND('',#12156,.F.);
#12156 = EDGE_LOOP('',(#12157,#12158,#12159,#12160,#12161,#12162,#12169)
  );
#12157 = ORIENTED_EDGE('',*,*,#11025,.F.);
#12158 = ORIENTED_EDGE('',*,*,#11075,.T.);
#12159 = ORIENTED_EDGE('',*,*,#11090,.T.);
#12160 = ORIENTED_EDGE('',*,*,#11006,.T.);
#12161 = ORIENTED_EDGE('',*,*,#11059,.T.);
#12162 = ORIENTED_EDGE('',*,*,#12163,.F.);
#12163 = EDGE_CURVE('',#11034,#11051,#12164,.T.);
#12164 = CIRCLE('',#12165,1.05);
#12165 = AXIS2_PLACEMENT_3D('',#12166,#12167,#12168);
#12166 = CARTESIAN_POINT('',(-24.,24.,3.));
#12167 = DIRECTION('',(0.,0.,1.));
#12168 = DIRECTION('',(1.,0.,-0.));
#12169 = ORIENTED_EDGE('',*,*,#11033,.T.);
#12170 = PLANE('',#12171);
#12171 = AXIS2_PLACEMENT_3D('',#12172,#12173,#12174);
#12172 = CARTESIAN_POINT('',(-24.,24.,3.));
#12173 = DIRECTION('',(0.,0.,1.));
#12174 = DIRECTION('',(1.,0.,-0.));
#12175 = ADVANCED_FACE('',(#12176),#12197,.F.);
#12176 = FACE_BOUND('',#12177,.F.);
#12177 = EDGE_LOOP('',(#12178,#12186,#12193,#12194,#12195,#12196));
#12178 = ORIENTED_EDGE('',*,*,#12179,.T.);
#12179 = EDGE_CURVE('',#11042,#12180,#12182,.T.);
#12180 = VERTEX_POINT('',#12181);
#12181 = CARTESIAN_POINT('',(-22.95,24.,10.9));
#12182 = LINE('',#12183,#12184);
#12183 = CARTESIAN_POINT('',(-22.95,24.,2.9));
#12184 = VECTOR('',#12185,1.);
#12185 = DIRECTION('',(0.,0.,1.));
#12186 = ORIENTED_EDGE('',*,*,#12187,.F.);
#12187 = EDGE_CURVE('',#12180,#12180,#12188,.T.);
#12188 = CIRCLE('',#12189,1.05);
#12189 = AXIS2_PLACEMENT_3D('',#12190,#12191,#12192);
#12190 = CARTESIAN_POINT('',(-24.,24.,10.9));
#12191 = DIRECTION('',(0.,0.,1.));
#12192 = DIRECTION('',(1.,0.,-0.));
#12193 = ORIENTED_EDGE('',*,*,#12179,.F.);
#12194 = ORIENTED_EDGE('',*,*,#11041,.T.);
#12195 = ORIENTED_EDGE('',*,*,#12163,.T.);
#12196 = ORIENTED_EDGE('',*,*,#11050,.T.);
#12197 = CYLINDRICAL_SURFACE('',#12198,1.05);
#12198 = AXIS2_PLACEMENT_3D('',#12199,#12200,#12201);
#12199 = CARTESIAN_POINT('',(-24.,24.,2.9));
#12200 = DIRECTION('',(0.,0.,1.));
#12201 = DIRECTION('',(1.,0.,-0.));
#12202 = ADVANCED_FACE('',(#12203),#12214,.F.);
#12203 = FACE_BOUND('',#12204,.F.);
#12204 = EDGE_LOOP('',(#12205,#12206,#12207));
#12205 = ORIENTED_EDGE('',*,*,#11160,.F.);
#12206 = ORIENTED_EDGE('',*,*,#11144,.T.);
#12207 = ORIENTED_EDGE('',*,*,#12208,.F.);
#12208 = EDGE_CURVE('',#11161,#11136,#12209,.T.);
#12209 = CIRCLE('',#12210,1.05);
#12210 = AXIS2_PLACEMENT_3D('',#12211,#12212,#12213);
#12211 = CARTESIAN_POINT('',(24.,-14.,3.));
#12212 = DIRECTION('',(0.,0.,1.));
#12213 = DIRECTION('',(1.,0.,-0.));
#12214 = PLANE('',#12215);
#12215 = AXIS2_PLACEMENT_3D('',#12216,#12217,#12218);
#12216 = CARTESIAN_POINT('',(24.,-14.,3.));
#12217 = DIRECTION('',(0.,0.,1.));
#12218 = DIRECTION('',(1.,0.,-0.));
#12219 = ADVANCED_FACE('',(#12220),#12249,.F.);
#12220 = FACE_BOUND('',#12221,.F.);
#12221 = EDGE_LOOP('',(#12222,#12230,#12237,#12238,#12239,#12246,#12247,
    #12248));
#12222 = ORIENTED_EDGE('',*,*,#12223,.T.);
#12223 = EDGE_CURVE('',#11127,#12224,#12226,.T.);
#12224 = VERTEX_POINT('',#12225);
#12225 = CARTESIAN_POINT('',(25.05,-14.,10.9));
#12226 = LINE('',#12227,#12228);
#12227 = CARTESIAN_POINT('',(25.05,-14.,2.9));
#12228 = VECTOR('',#12229,1.);
#12229 = DIRECTION('',(0.,0.,1.));
#12230 = ORIENTED_EDGE('',*,*,#12231,.F.);
#12231 = EDGE_CURVE('',#12224,#12224,#12232,.T.);
#12232 = CIRCLE('',#12233,1.05);
#12233 = AXIS2_PLACEMENT_3D('',#12234,#12235,#12236);
#12234 = CARTESIAN_POINT('',(24.,-14.,10.9));
#12235 = DIRECTION('',(0.,0.,1.));
#12236 = DIRECTION('',(1.,0.,-0.));
#12237 = ORIENTED_EDGE('',*,*,#12223,.F.);
#12238 = ORIENTED_EDGE('',*,*,#11126,.T.);
#12239 = ORIENTED_EDGE('',*,*,#12240,.T.);
#12240 = EDGE_CURVE('',#11118,#11169,#12241,.T.);
#12241 = CIRCLE('',#12242,1.05);
#12242 = AXIS2_PLACEMENT_3D('',#12243,#12244,#12245);
#12243 = CARTESIAN_POINT('',(24.,-14.,3.));
#12244 = DIRECTION('',(0.,0.,1.));
#12245 = DIRECTION('',(1.,0.,-0.));
#12246 = ORIENTED_EDGE('',*,*,#11168,.T.);
#12247 = ORIENTED_EDGE('',*,*,#12208,.T.);
#12248 = ORIENTED_EDGE('',*,*,#11135,.T.);
#12249 = CYLINDRICAL_SURFACE('',#12250,1.05);
#12250 = AXIS2_PLACEMENT_3D('',#12251,#12252,#12253);
#12251 = CARTESIAN_POINT('',(24.,-14.,2.9));
#12252 = DIRECTION('',(0.,0.,1.));
#12253 = DIRECTION('',(1.,0.,-0.));
#12254 = ADVANCED_FACE('',(#12255),#12261,.F.);
#12255 = FACE_BOUND('',#12256,.F.);
#12256 = EDGE_LOOP('',(#12257,#12258,#12259,#12260));
#12257 = ORIENTED_EDGE('',*,*,#11177,.F.);
#12258 = ORIENTED_EDGE('',*,*,#12240,.F.);
#12259 = ORIENTED_EDGE('',*,*,#11117,.T.);
#12260 = ORIENTED_EDGE('',*,*,#11185,.F.);
#12261 = PLANE('',#12262);
#12262 = AXIS2_PLACEMENT_3D('',#12263,#12264,#12265);
#12263 = CARTESIAN_POINT('',(24.,-14.,3.));
#12264 = DIRECTION('',(0.,0.,1.));
#12265 = DIRECTION('',(1.,0.,-0.));
#12266 = ADVANCED_FACE('',(#12267),#12279,.F.);
#12267 = FACE_BOUND('',#12268,.F.);
#12268 = EDGE_LOOP('',(#12269,#12270,#12271,#12278));
#12269 = ORIENTED_EDGE('',*,*,#11317,.F.);
#12270 = ORIENTED_EDGE('',*,*,#11276,.T.);
#12271 = ORIENTED_EDGE('',*,*,#12272,.F.);
#12272 = EDGE_CURVE('',#11326,#11268,#12273,.T.);
#12273 = CIRCLE('',#12274,1.05);
#12274 = AXIS2_PLACEMENT_3D('',#12275,#12276,#12277);
#12275 = CARTESIAN_POINT('',(-24.,-14.,3.));
#12276 = DIRECTION('',(0.,0.,1.));
#12277 = DIRECTION('',(1.,0.,-0.));
#12278 = ORIENTED_EDGE('',*,*,#11325,.T.);
#12279 = PLANE('',#12280);
#12280 = AXIS2_PLACEMENT_3D('',#12281,#12282,#12283);
#12281 = CARTESIAN_POINT('',(-24.,-14.,3.));
#12282 = DIRECTION('',(0.,0.,1.));
#12283 = DIRECTION('',(1.,0.,-0.));
#12284 = ADVANCED_FACE('',(#12285),#12314,.F.);
#12285 = FACE_BOUND('',#12286,.F.);
#12286 = EDGE_LOOP('',(#12287,#12295,#12302,#12303,#12304,#12305,#12306,
    #12313));
#12287 = ORIENTED_EDGE('',*,*,#12288,.T.);
#12288 = EDGE_CURVE('',#11334,#12289,#12291,.T.);
#12289 = VERTEX_POINT('',#12290);
#12290 = CARTESIAN_POINT('',(-22.95,-14.,10.9));
#12291 = LINE('',#12292,#12293);
#12292 = CARTESIAN_POINT('',(-22.95,-14.,2.9));
#12293 = VECTOR('',#12294,1.);
#12294 = DIRECTION('',(0.,0.,1.));
#12295 = ORIENTED_EDGE('',*,*,#12296,.F.);
#12296 = EDGE_CURVE('',#12289,#12289,#12297,.T.);
#12297 = CIRCLE('',#12298,1.05);
#12298 = AXIS2_PLACEMENT_3D('',#12299,#12300,#12301);
#12299 = CARTESIAN_POINT('',(-24.,-14.,10.9));
#12300 = DIRECTION('',(0.,0.,1.));
#12301 = DIRECTION('',(1.,0.,-0.));
#12302 = ORIENTED_EDGE('',*,*,#12288,.F.);
#12303 = ORIENTED_EDGE('',*,*,#11333,.T.);
#12304 = ORIENTED_EDGE('',*,*,#12272,.T.);
#12305 = ORIENTED_EDGE('',*,*,#11267,.T.);
#12306 = ORIENTED_EDGE('',*,*,#12307,.T.);
#12307 = EDGE_CURVE('',#11259,#11292,#12308,.T.);
#12308 = CIRCLE('',#12309,1.05);
#12309 = AXIS2_PLACEMENT_3D('',#12310,#12311,#12312);
#12310 = CARTESIAN_POINT('',(-24.,-14.,3.));
#12311 = DIRECTION('',(0.,0.,1.));
#12312 = DIRECTION('',(1.,0.,-0.));
#12313 = ORIENTED_EDGE('',*,*,#11342,.T.);
#12314 = CYLINDRICAL_SURFACE('',#12315,1.05);
#12315 = AXIS2_PLACEMENT_3D('',#12316,#12317,#12318);
#12316 = CARTESIAN_POINT('',(-24.,-14.,2.9));
#12317 = DIRECTION('',(0.,0.,1.));
#12318 = DIRECTION('',(1.,0.,-0.));
#12319 = ADVANCED_FACE('',(#12320),#12325,.F.);
#12320 = FACE_BOUND('',#12321,.F.);
#12321 = EDGE_LOOP('',(#12322,#12323,#12324));
#12322 = ORIENTED_EDGE('',*,*,#12307,.F.);
#12323 = ORIENTED_EDGE('',*,*,#11258,.T.);
#12324 = ORIENTED_EDGE('',*,*,#11291,.T.);
#12325 = PLANE('',#12326);
#12326 = AXIS2_PLACEMENT_3D('',#12327,#12328,#12329);
#12327 = CARTESIAN_POINT('',(-24.,-14.,3.));
#12328 = DIRECTION('',(0.,0.,1.));
#12329 = DIRECTION('',(1.,0.,-0.));
#12330 = ADVANCED_FACE('',(#12331),#12350,.T.);
#12331 = FACE_BOUND('',#12332,.T.);
#12332 = EDGE_LOOP('',(#12333,#12334,#12342,#12349));
#12333 = ORIENTED_EDGE('',*,*,#11764,.T.);
#12334 = ORIENTED_EDGE('',*,*,#12335,.T.);
#12335 = EDGE_CURVE('',#11757,#12336,#12338,.T.);
#12336 = VERTEX_POINT('',#12337);
#12337 = CARTESIAN_POINT('',(27.5,-6.,55.));
#12338 = LINE('',#12339,#12340);
#12339 = CARTESIAN_POINT('',(27.5,2.19152044289,49.26423563649));
#12340 = VECTOR('',#12341,1.);
#12341 = DIRECTION('',(0.,-0.819152044289,0.573576436351));
#12342 = ORIENTED_EDGE('',*,*,#12343,.F.);
#12343 = EDGE_CURVE('',#12336,#12336,#12344,.T.);
#12344 = CIRCLE('',#12345,27.5);
#12345 = AXIS2_PLACEMENT_3D('',#12346,#12347,#12348);
#12346 = CARTESIAN_POINT('',(0.,-6.,55.));
#12347 = DIRECTION('',(0.,-0.819152044289,0.573576436351));
#12348 = DIRECTION('',(1.,0.,0.));
#12349 = ORIENTED_EDGE('',*,*,#12335,.F.);
#12350 = CYLINDRICAL_SURFACE('',#12351,27.5);
#12351 = AXIS2_PLACEMENT_3D('',#12352,#12353,#12354);
#12352 = CARTESIAN_POINT('',(0.,2.19152044289,49.26423563649));
#12353 = DIRECTION('',(0.,-0.819152044289,0.573576436351));
#12354 = DIRECTION('',(1.,0.,0.));
#12355 = ADVANCED_FACE('',(#12356),#12443,.F.);
#12356 = FACE_BOUND('',#12357,.F.);
#12357 = EDGE_LOOP('',(#12358,#12359,#12367,#12376,#12384,#12393,#12401,
    #12410,#12418,#12427,#12435,#12442));
#12358 = ORIENTED_EDGE('',*,*,#11992,.T.);
#12359 = ORIENTED_EDGE('',*,*,#12360,.T.);
#12360 = EDGE_CURVE('',#11985,#12361,#12363,.T.);
#12361 = VERTEX_POINT('',#12362);
#12362 = CARTESIAN_POINT('',(24.9,-1.986154982984,52.18947546188));
#12363 = LINE('',#12364,#12365);
#12364 = CARTESIAN_POINT('',(24.9,0.553216354312,50.411388509192));
#12365 = VECTOR('',#12366,1.);
#12366 = DIRECTION('',(0.,-0.819152044289,0.573576436351));
#12367 = ORIENTED_EDGE('',*,*,#12368,.F.);
#12368 = EDGE_CURVE('',#12369,#12361,#12371,.T.);
#12369 = VERTEX_POINT('',#12370);
#12370 = CARTESIAN_POINT('',(24.786,-3.351243283442,50.239927326554));
#12371 = CIRCLE('',#12372,24.9);
#12372 = AXIS2_PLACEMENT_3D('',#12373,#12374,#12375);
#12373 = CARTESIAN_POINT('',(0.,-1.986154982984,52.18947546188));
#12374 = DIRECTION('',(0.,-0.819152044289,0.573576436351));
#12375 = DIRECTION('',(1.,0.,0.));
#12376 = ORIENTED_EDGE('',*,*,#12377,.T.);
#12377 = EDGE_CURVE('',#12369,#12378,#12380,.T.);
#12378 = VERTEX_POINT('',#12379);
#12379 = CARTESIAN_POINT('',(24.786,-6.136360234025,52.190087210147));
#12380 = LINE('',#12381,#12382);
#12381 = CARTESIAN_POINT('',(24.786,-0.811871946146,48.461840373866));
#12382 = VECTOR('',#12383,1.);
#12383 = DIRECTION('',(0.,-0.819152044289,0.573576436351));
#12384 = ORIENTED_EDGE('',*,*,#12385,.F.);
#12385 = EDGE_CURVE('',#12386,#12378,#12388,.T.);
#12386 = VERTEX_POINT('',#12387);
#12387 = CARTESIAN_POINT('',(-24.786,-6.136360234025,52.190087210147));
#12388 = CIRCLE('',#12389,24.9);
#12389 = AXIS2_PLACEMENT_3D('',#12390,#12391,#12392);
#12390 = CARTESIAN_POINT('',(0.,-4.771271933567,54.139635345473));
#12391 = DIRECTION('',(0.,-0.819152044289,0.573576436351));
#12392 = DIRECTION('',(1.,0.,0.));
#12393 = ORIENTED_EDGE('',*,*,#12394,.F.);
#12394 = EDGE_CURVE('',#12395,#12386,#12397,.T.);
#12395 = VERTEX_POINT('',#12396);
#12396 = CARTESIAN_POINT('',(-24.786,-3.351243283442,50.239927326554));
#12397 = LINE('',#12398,#12399);
#12398 = CARTESIAN_POINT('',(-24.786,-0.811871946146,48.461840373866));
#12399 = VECTOR('',#12400,1.);
#12400 = DIRECTION('',(0.,-0.819152044289,0.573576436351));
#12401 = ORIENTED_EDGE('',*,*,#12402,.F.);
#12402 = EDGE_CURVE('',#12403,#12395,#12405,.T.);
#12403 = VERTEX_POINT('',#12404);
#12404 = CARTESIAN_POINT('',(-24.786,-0.621066682526,54.139023597206));
#12405 = CIRCLE('',#12406,24.9);
#12406 = AXIS2_PLACEMENT_3D('',#12407,#12408,#12409);
#12407 = CARTESIAN_POINT('',(0.,-1.986154982984,52.18947546188));
#12408 = DIRECTION('',(0.,-0.819152044289,0.573576436351));
#12409 = DIRECTION('',(1.,0.,0.));
#12410 = ORIENTED_EDGE('',*,*,#12411,.T.);
#12411 = EDGE_CURVE('',#12403,#12412,#12414,.T.);
#12412 = VERTEX_POINT('',#12413);
#12413 = CARTESIAN_POINT('',(-24.786,-3.406183633108,56.0891834808));
#12414 = LINE('',#12415,#12416);
#12415 = CARTESIAN_POINT('',(-24.786,1.91830465477,52.360936644518));
#12416 = VECTOR('',#12417,1.);
#12417 = DIRECTION('',(0.,-0.819152044289,0.573576436351));
#12418 = ORIENTED_EDGE('',*,*,#12419,.F.);
#12419 = EDGE_CURVE('',#12420,#12412,#12422,.T.);
#12420 = VERTEX_POINT('',#12421);
#12421 = CARTESIAN_POINT('',(24.786,-3.406183633108,56.0891834808));
#12422 = CIRCLE('',#12423,24.9);
#12423 = AXIS2_PLACEMENT_3D('',#12424,#12425,#12426);
#12424 = CARTESIAN_POINT('',(0.,-4.771271933567,54.139635345473));
#12425 = DIRECTION('',(0.,-0.819152044289,0.573576436351));
#12426 = DIRECTION('',(1.,0.,0.));
#12427 = ORIENTED_EDGE('',*,*,#12428,.F.);
#12428 = EDGE_CURVE('',#12429,#12420,#12431,.T.);
#12429 = VERTEX_POINT('',#12430);
#12430 = CARTESIAN_POINT('',(24.786,-0.621066682526,54.139023597206));
#12431 = LINE('',#12432,#12433);
#12432 = CARTESIAN_POINT('',(24.786,1.91830465477,52.360936644518));
#12433 = VECTOR('',#12434,1.);
#12434 = DIRECTION('',(0.,-0.819152044289,0.573576436351));
#12435 = ORIENTED_EDGE('',*,*,#12436,.F.);
#12436 = EDGE_CURVE('',#12361,#12429,#12437,.T.);
#12437 = CIRCLE('',#12438,24.9);
#12438 = AXIS2_PLACEMENT_3D('',#12439,#12440,#12441);
#12439 = CARTESIAN_POINT('',(0.,-1.986154982984,52.18947546188));
#12440 = DIRECTION('',(0.,-0.819152044289,0.573576436351));
#12441 = DIRECTION('',(1.,0.,0.));
#12442 = ORIENTED_EDGE('',*,*,#12360,.F.);
#12443 = CYLINDRICAL_SURFACE('',#12444,24.9);
#12444 = AXIS2_PLACEMENT_3D('',#12445,#12446,#12447);
#12445 = CARTESIAN_POINT('',(0.,0.553216354312,50.411388509192));
#12446 = DIRECTION('',(0.,-0.819152044289,0.573576436351));
#12447 = DIRECTION('',(1.,0.,0.));
#12448 = ADVANCED_FACE('',(#12449),#12452,.F.);
#12449 = FACE_BOUND('',#12450,.F.);
#12450 = EDGE_LOOP('',(#12451));
#12451 = ORIENTED_EDGE('',*,*,#12139,.T.);
#12452 = PLANE('',#12453);
#12453 = AXIS2_PLACEMENT_3D('',#12454,#12455,#12456);
#12454 = CARTESIAN_POINT('',(24.,24.,10.9));
#12455 = DIRECTION('',(0.,0.,1.));
#12456 = DIRECTION('',(1.,0.,-0.));
#12457 = ADVANCED_FACE('',(#12458),#12461,.F.);
#12458 = FACE_BOUND('',#12459,.F.);
#12459 = EDGE_LOOP('',(#12460));
#12460 = ORIENTED_EDGE('',*,*,#12187,.T.);
#12461 = PLANE('',#12462);
#12462 = AXIS2_PLACEMENT_3D('',#12463,#12464,#12465);
#12463 = CARTESIAN_POINT('',(-24.,24.,10.9));
#12464 = DIRECTION('',(0.,0.,1.));
#12465 = DIRECTION('',(1.,0.,-0.));
#12466 = ADVANCED_FACE('',(#12467),#12470,.F.);
#12467 = FACE_BOUND('',#12468,.F.);
#12468 = EDGE_LOOP('',(#12469));
#12469 = ORIENTED_EDGE('',*,*,#12231,.T.);
#12470 = PLANE('',#12471);
#12471 = AXIS2_PLACEMENT_3D('',#12472,#12473,#12474);
#12472 = CARTESIAN_POINT('',(24.,-14.,10.9));
#12473 = DIRECTION('',(0.,0.,1.));
#12474 = DIRECTION('',(1.,0.,-0.));
#12475 = ADVANCED_FACE('',(#12476),#12479,.F.);
#12476 = FACE_BOUND('',#12477,.F.);
#12477 = EDGE_LOOP('',(#12478));
#12478 = ORIENTED_EDGE('',*,*,#12296,.T.);
#12479 = PLANE('',#12480);
#12480 = AXIS2_PLACEMENT_3D('',#12481,#12482,#12483);
#12481 = CARTESIAN_POINT('',(-24.,-14.,10.9));
#12482 = DIRECTION('',(0.,0.,1.));
#12483 = DIRECTION('',(1.,0.,-0.));
#12484 = ADVANCED_FACE('',(#12485),#12504,.T.);
#12485 = FACE_BOUND('',#12486,.T.);
#12486 = EDGE_LOOP('',(#12487,#12495,#12502,#12503));
#12487 = ORIENTED_EDGE('',*,*,#12488,.T.);
#12488 = EDGE_CURVE('',#12336,#12489,#12491,.T.);
#12489 = VERTEX_POINT('',#12490);
#12490 = CARTESIAN_POINT('',(27.5,-6.778194442075,55.544897614533));
#12491 = LINE('',#12492,#12493);
#12492 = CARTESIAN_POINT('',(27.5,-5.918084795571,54.942642356365));
#12493 = VECTOR('',#12494,1.);
#12494 = DIRECTION('',(0.,-0.819152044289,0.573576436351));
#12495 = ORIENTED_EDGE('',*,*,#12496,.F.);
#12496 = EDGE_CURVE('',#12489,#12489,#12497,.T.);
#12497 = CIRCLE('',#12498,27.5);
#12498 = AXIS2_PLACEMENT_3D('',#12499,#12500,#12501);
#12499 = CARTESIAN_POINT('',(0.,-6.778194442075,55.544897614533));
#12500 = DIRECTION('',(0.,-0.819152044289,0.573576436351));
#12501 = DIRECTION('',(1.,0.,0.));
#12502 = ORIENTED_EDGE('',*,*,#12488,.F.);
#12503 = ORIENTED_EDGE('',*,*,#12343,.T.);
#12504 = CYLINDRICAL_SURFACE('',#12505,27.5);
#12505 = AXIS2_PLACEMENT_3D('',#12506,#12507,#12508);
#12506 = CARTESIAN_POINT('',(0.,-5.918084795571,54.942642356365));
#12507 = DIRECTION('',(0.,-0.819152044289,0.573576436351));
#12508 = DIRECTION('',(1.,0.,0.));
#12509 = ADVANCED_FACE('',(#12510,#12521),#12532,.F.);
#12510 = FACE_BOUND('',#12511,.F.);
#12511 = EDGE_LOOP('',(#12512,#12513,#12520));
#12512 = ORIENTED_EDGE('',*,*,#12436,.T.);
#12513 = ORIENTED_EDGE('',*,*,#12514,.T.);
#12514 = EDGE_CURVE('',#12429,#12369,#12515,.T.);
#12515 = CIRCLE('',#12516,3.3);
#12516 = AXIS2_PLACEMENT_3D('',#12517,#12518,#12519);
#12517 = CARTESIAN_POINT('',(22.5,-1.986154982984,52.18947546188));
#12518 = DIRECTION('',(0.,-0.819152044289,0.573576436351));
#12519 = DIRECTION('',(1.,0.,0.));
#12520 = ORIENTED_EDGE('',*,*,#12368,.T.);
#12521 = FACE_BOUND('',#12522,.F.);
#12522 = EDGE_LOOP('',(#12523));
#12523 = ORIENTED_EDGE('',*,*,#12524,.F.);
#12524 = EDGE_CURVE('',#12525,#12525,#12527,.T.);
#12525 = VERTEX_POINT('',#12526);
#12526 = CARTESIAN_POINT('',(23.35,-1.986154982984,52.18947546188));
#12527 = CIRCLE('',#12528,0.85);
#12528 = AXIS2_PLACEMENT_3D('',#12529,#12530,#12531);
#12529 = CARTESIAN_POINT('',(22.5,-1.986154982984,52.18947546188));
#12530 = DIRECTION('',(0.,-0.819152044289,0.573576436351));
#12531 = DIRECTION('',(1.,0.,0.));
#12532 = PLANE('',#12533);
#12533 = AXIS2_PLACEMENT_3D('',#12534,#12535,#12536);
#12534 = CARTESIAN_POINT('',(22.5,-1.986154982984,52.18947546188));
#12535 = DIRECTION('',(0.,-0.819152044289,0.573576436351));
#12536 = DIRECTION('',(1.,0.,0.));
#12537 = ADVANCED_FACE('',(#12538),#12550,.T.);
#12538 = FACE_BOUND('',#12539,.T.);
#12539 = EDGE_LOOP('',(#12540,#12541,#12542,#12543));
#12540 = ORIENTED_EDGE('',*,*,#12428,.F.);
#12541 = ORIENTED_EDGE('',*,*,#12514,.T.);
#12542 = ORIENTED_EDGE('',*,*,#12377,.T.);
#12543 = ORIENTED_EDGE('',*,*,#12544,.F.);
#12544 = EDGE_CURVE('',#12420,#12378,#12545,.T.);
#12545 = CIRCLE('',#12546,3.3);
#12546 = AXIS2_PLACEMENT_3D('',#12547,#12548,#12549);
#12547 = CARTESIAN_POINT('',(22.5,-4.771271933567,54.139635345473));
#12548 = DIRECTION('',(0.,-0.819152044289,0.573576436351));
#12549 = DIRECTION('',(1.,0.,0.));
#12550 = CYLINDRICAL_SURFACE('',#12551,3.3);
#12551 = AXIS2_PLACEMENT_3D('',#12552,#12553,#12554);
#12552 = CARTESIAN_POINT('',(22.5,-1.986154982984,52.18947546188));
#12553 = DIRECTION('',(0.,-0.819152044289,0.573576436351));
#12554 = DIRECTION('',(1.,0.,0.));
#12555 = ADVANCED_FACE('',(#12556,#12577),#12588,.F.);
#12556 = FACE_BOUND('',#12557,.F.);
#12557 = EDGE_LOOP('',(#12558,#12567,#12568,#12569,#12570));
#12558 = ORIENTED_EDGE('',*,*,#12559,.F.);
#12559 = EDGE_CURVE('',#12386,#12560,#12562,.T.);
#12560 = VERTEX_POINT('',#12561);
#12561 = CARTESIAN_POINT('',(-19.2,-4.771271933567,54.139635345473));
#12562 = CIRCLE('',#12563,3.3);
#12563 = AXIS2_PLACEMENT_3D('',#12564,#12565,#12566);
#12564 = CARTESIAN_POINT('',(-22.5,-4.771271933567,54.139635345473));
#12565 = DIRECTION('',(0.,-0.819152044289,0.573576436351));
#12566 = DIRECTION('',(1.,0.,0.));
#12567 = ORIENTED_EDGE('',*,*,#12385,.T.);
#12568 = ORIENTED_EDGE('',*,*,#12544,.F.);
#12569 = ORIENTED_EDGE('',*,*,#12419,.T.);
#12570 = ORIENTED_EDGE('',*,*,#12571,.F.);
#12571 = EDGE_CURVE('',#12560,#12412,#12572,.T.);
#12572 = CIRCLE('',#12573,3.3);
#12573 = AXIS2_PLACEMENT_3D('',#12574,#12575,#12576);
#12574 = CARTESIAN_POINT('',(-22.5,-4.771271933567,54.139635345473));
#12575 = DIRECTION('',(0.,-0.819152044289,0.573576436351));
#12576 = DIRECTION('',(1.,0.,0.));
#12577 = FACE_BOUND('',#12578,.F.);
#12578 = EDGE_LOOP('',(#12579));
#12579 = ORIENTED_EDGE('',*,*,#12580,.F.);
#12580 = EDGE_CURVE('',#12581,#12581,#12583,.T.);
#12581 = VERTEX_POINT('',#12582);
#12582 = CARTESIAN_POINT('',(16.6,-4.771271933567,54.139635345473));
#12583 = CIRCLE('',#12584,16.6);
#12584 = AXIS2_PLACEMENT_3D('',#12585,#12586,#12587);
#12585 = CARTESIAN_POINT('',(0.,-4.771271933567,54.139635345473));
#12586 = DIRECTION('',(0.,-0.819152044289,0.573576436351));
#12587 = DIRECTION('',(1.,0.,0.));
#12588 = PLANE('',#12589);
#12589 = AXIS2_PLACEMENT_3D('',#12590,#12591,#12592);
#12590 = CARTESIAN_POINT('',(0.,-4.771271933567,54.139635345473));
#12591 = DIRECTION('',(0.,-0.819152044289,0.573576436351));
#12592 = DIRECTION('',(1.,0.,0.));
#12593 = ADVANCED_FACE('',(#12594),#12613,.T.);
#12594 = FACE_BOUND('',#12595,.T.);
#12595 = EDGE_LOOP('',(#12596,#12597,#12605,#12612));
#12596 = ORIENTED_EDGE('',*,*,#12571,.F.);
#12597 = ORIENTED_EDGE('',*,*,#12598,.F.);
#12598 = EDGE_CURVE('',#12599,#12560,#12601,.T.);
#12599 = VERTEX_POINT('',#12600);
#12600 = CARTESIAN_POINT('',(-19.2,-1.986154982984,52.18947546188));
#12601 = LINE('',#12602,#12603);
#12602 = CARTESIAN_POINT('',(-19.2,-1.986154982984,52.18947546188));
#12603 = VECTOR('',#12604,1.);
#12604 = DIRECTION('',(0.,-0.819152044289,0.573576436351));
#12605 = ORIENTED_EDGE('',*,*,#12606,.T.);
#12606 = EDGE_CURVE('',#12599,#12403,#12607,.T.);
#12607 = CIRCLE('',#12608,3.3);
#12608 = AXIS2_PLACEMENT_3D('',#12609,#12610,#12611);
#12609 = CARTESIAN_POINT('',(-22.5,-1.986154982984,52.18947546188));
#12610 = DIRECTION('',(0.,-0.819152044289,0.573576436351));
#12611 = DIRECTION('',(1.,0.,0.));
#12612 = ORIENTED_EDGE('',*,*,#12411,.T.);
#12613 = CYLINDRICAL_SURFACE('',#12614,3.3);
#12614 = AXIS2_PLACEMENT_3D('',#12615,#12616,#12617);
#12615 = CARTESIAN_POINT('',(-22.5,-1.986154982984,52.18947546188));
#12616 = DIRECTION('',(0.,-0.819152044289,0.573576436351));
#12617 = DIRECTION('',(1.,0.,0.));
#12618 = ADVANCED_FACE('',(#12619,#12630),#12641,.F.);
#12619 = FACE_BOUND('',#12620,.F.);
#12620 = EDGE_LOOP('',(#12621,#12628,#12629));
#12621 = ORIENTED_EDGE('',*,*,#12622,.T.);
#12622 = EDGE_CURVE('',#12395,#12599,#12623,.T.);
#12623 = CIRCLE('',#12624,3.3);
#12624 = AXIS2_PLACEMENT_3D('',#12625,#12626,#12627);
#12625 = CARTESIAN_POINT('',(-22.5,-1.986154982984,52.18947546188));
#12626 = DIRECTION('',(0.,-0.819152044289,0.573576436351));
#12627 = DIRECTION('',(1.,0.,0.));
#12628 = ORIENTED_EDGE('',*,*,#12606,.T.);
#12629 = ORIENTED_EDGE('',*,*,#12402,.T.);
#12630 = FACE_BOUND('',#12631,.F.);
#12631 = EDGE_LOOP('',(#12632));
#12632 = ORIENTED_EDGE('',*,*,#12633,.F.);
#12633 = EDGE_CURVE('',#12634,#12634,#12636,.T.);
#12634 = VERTEX_POINT('',#12635);
#12635 = CARTESIAN_POINT('',(-21.65,-1.986154982984,52.18947546188));
#12636 = CIRCLE('',#12637,0.85);
#12637 = AXIS2_PLACEMENT_3D('',#12638,#12639,#12640);
#12638 = CARTESIAN_POINT('',(-22.5,-1.986154982984,52.18947546188));
#12639 = DIRECTION('',(0.,-0.819152044289,0.573576436351));
#12640 = DIRECTION('',(1.,0.,0.));
#12641 = PLANE('',#12642);
#12642 = AXIS2_PLACEMENT_3D('',#12643,#12644,#12645);
#12643 = CARTESIAN_POINT('',(-22.5,-1.986154982984,52.18947546188));
#12644 = DIRECTION('',(0.,-0.819152044289,0.573576436351));
#12645 = DIRECTION('',(1.,0.,0.));
#12646 = ADVANCED_FACE('',(#12647),#12653,.T.);
#12647 = FACE_BOUND('',#12648,.T.);
#12648 = EDGE_LOOP('',(#12649,#12650,#12651,#12652));
#12649 = ORIENTED_EDGE('',*,*,#12598,.T.);
#12650 = ORIENTED_EDGE('',*,*,#12559,.F.);
#12651 = ORIENTED_EDGE('',*,*,#12394,.F.);
#12652 = ORIENTED_EDGE('',*,*,#12622,.T.);
#12653 = CYLINDRICAL_SURFACE('',#12654,3.3);
#12654 = AXIS2_PLACEMENT_3D('',#12655,#12656,#12657);
#12655 = CARTESIAN_POINT('',(-22.5,-1.986154982984,52.18947546188));
#12656 = DIRECTION('',(0.,-0.819152044289,0.573576436351));
#12657 = DIRECTION('',(1.,0.,0.));
#12658 = ADVANCED_FACE('',(#12659,#12662),#12673,.T.);
#12659 = FACE_BOUND('',#12660,.T.);
#12660 = EDGE_LOOP('',(#12661));
#12661 = ORIENTED_EDGE('',*,*,#12496,.T.);
#12662 = FACE_BOUND('',#12663,.T.);
#12663 = EDGE_LOOP('',(#12664));
#12664 = ORIENTED_EDGE('',*,*,#12665,.F.);
#12665 = EDGE_CURVE('',#12666,#12666,#12668,.T.);
#12666 = VERTEX_POINT('',#12667);
#12667 = CARTESIAN_POINT('',(26.35,-6.778194442075,55.544897614533));
#12668 = CIRCLE('',#12669,26.35);
#12669 = AXIS2_PLACEMENT_3D('',#12670,#12671,#12672);
#12670 = CARTESIAN_POINT('',(0.,-6.778194442075,55.544897614533));
#12671 = DIRECTION('',(0.,-0.819152044289,0.573576436351));
#12672 = DIRECTION('',(1.,0.,0.));
#12673 = PLANE('',#12674);
#12674 = AXIS2_PLACEMENT_3D('',#12675,#12676,#12677);
#12675 = CARTESIAN_POINT('',(0.,-6.778194442075,55.544897614533));
#12676 = DIRECTION('',(0.,-0.819152044289,0.573576436351));
#12677 = DIRECTION('',(1.,0.,0.));
#12678 = ADVANCED_FACE('',(#12679),#12698,.F.);
#12679 = FACE_BOUND('',#12680,.F.);
#12680 = EDGE_LOOP('',(#12681,#12689,#12696,#12697));
#12681 = ORIENTED_EDGE('',*,*,#12682,.T.);
#12682 = EDGE_CURVE('',#12525,#12683,#12685,.T.);
#12683 = VERTEX_POINT('',#12684);
#12684 = CARTESIAN_POINT('',(23.35,-4.599250004266,54.01918429384));
#12685 = LINE('',#12686,#12687);
#12686 = CARTESIAN_POINT('',(23.35,-1.977963462541,52.183739697516));
#12687 = VECTOR('',#12688,1.);
#12688 = DIRECTION('',(0.,-0.819152044289,0.573576436351));
#12689 = ORIENTED_EDGE('',*,*,#12690,.F.);
#12690 = EDGE_CURVE('',#12683,#12683,#12691,.T.);
#12691 = CIRCLE('',#12692,0.85);
#12692 = AXIS2_PLACEMENT_3D('',#12693,#12694,#12695);
#12693 = CARTESIAN_POINT('',(22.5,-4.599250004266,54.01918429384));
#12694 = DIRECTION('',(0.,-0.819152044289,0.573576436351));
#12695 = DIRECTION('',(1.,0.,0.));
#12696 = ORIENTED_EDGE('',*,*,#12682,.F.);
#12697 = ORIENTED_EDGE('',*,*,#12524,.T.);
#12698 = CYLINDRICAL_SURFACE('',#12699,0.85);
#12699 = AXIS2_PLACEMENT_3D('',#12700,#12701,#12702);
#12700 = CARTESIAN_POINT('',(22.5,-1.977963462541,52.183739697516));
#12701 = DIRECTION('',(0.,-0.819152044289,0.573576436351));
#12702 = DIRECTION('',(1.,0.,0.));
#12703 = ADVANCED_FACE('',(#12704),#12723,.F.);
#12704 = FACE_BOUND('',#12705,.F.);
#12705 = EDGE_LOOP('',(#12706,#12715,#12721,#12722));
#12706 = ORIENTED_EDGE('',*,*,#12707,.F.);
#12707 = EDGE_CURVE('',#12708,#12708,#12710,.T.);
#12708 = VERTEX_POINT('',#12709);
#12709 = CARTESIAN_POINT('',(16.6,-6.,55.));
#12710 = CIRCLE('',#12711,16.6);
#12711 = AXIS2_PLACEMENT_3D('',#12712,#12713,#12714);
#12712 = CARTESIAN_POINT('',(0.,-6.,55.));
#12713 = DIRECTION('',(0.,-0.819152044289,0.573576436351));
#12714 = DIRECTION('',(1.,0.,0.));
#12715 = ORIENTED_EDGE('',*,*,#12716,.F.);
#12716 = EDGE_CURVE('',#12581,#12708,#12717,.T.);
#12717 = LINE('',#12718,#12719);
#12718 = CARTESIAN_POINT('',(16.6,0.553216354312,50.411388509192));
#12719 = VECTOR('',#12720,1.);
#12720 = DIRECTION('',(0.,-0.819152044289,0.573576436351));
#12721 = ORIENTED_EDGE('',*,*,#12580,.T.);
#12722 = ORIENTED_EDGE('',*,*,#12716,.T.);
#12723 = CYLINDRICAL_SURFACE('',#12724,16.6);
#12724 = AXIS2_PLACEMENT_3D('',#12725,#12726,#12727);
#12725 = CARTESIAN_POINT('',(0.,0.553216354312,50.411388509192));
#12726 = DIRECTION('',(0.,-0.819152044289,0.573576436351));
#12727 = DIRECTION('',(1.,0.,0.));
#12728 = ADVANCED_FACE('',(#12729),#12748,.F.);
#12729 = FACE_BOUND('',#12730,.F.);
#12730 = EDGE_LOOP('',(#12731,#12739,#12746,#12747));
#12731 = ORIENTED_EDGE('',*,*,#12732,.T.);
#12732 = EDGE_CURVE('',#12634,#12733,#12735,.T.);
#12733 = VERTEX_POINT('',#12734);
#12734 = CARTESIAN_POINT('',(-21.65,-4.599250004266,54.01918429384));
#12735 = LINE('',#12736,#12737);
#12736 = CARTESIAN_POINT('',(-21.65,-1.977963462541,52.183739697516));
#12737 = VECTOR('',#12738,1.);
#12738 = DIRECTION('',(0.,-0.819152044289,0.573576436351));
#12739 = ORIENTED_EDGE('',*,*,#12740,.F.);
#12740 = EDGE_CURVE('',#12733,#12733,#12741,.T.);
#12741 = CIRCLE('',#12742,0.85);
#12742 = AXIS2_PLACEMENT_3D('',#12743,#12744,#12745);
#12743 = CARTESIAN_POINT('',(-22.5,-4.599250004266,54.01918429384));
#12744 = DIRECTION('',(0.,-0.819152044289,0.573576436351));
#12745 = DIRECTION('',(1.,0.,0.));
#12746 = ORIENTED_EDGE('',*,*,#12732,.F.);
#12747 = ORIENTED_EDGE('',*,*,#12633,.T.);
#12748 = CYLINDRICAL_SURFACE('',#12749,0.85);
#12749 = AXIS2_PLACEMENT_3D('',#12750,#12751,#12752);
#12750 = CARTESIAN_POINT('',(-22.5,-1.977963462541,52.183739697516));
#12751 = DIRECTION('',(0.,-0.819152044289,0.573576436351));
#12752 = DIRECTION('',(1.,0.,0.));
#12753 = ADVANCED_FACE('',(#12754),#12773,.F.);
#12754 = FACE_BOUND('',#12755,.F.);
#12755 = EDGE_LOOP('',(#12756,#12764,#12765,#12766));
#12756 = ORIENTED_EDGE('',*,*,#12757,.T.);
#12757 = EDGE_CURVE('',#12758,#12666,#12760,.T.);
#12758 = VERTEX_POINT('',#12759);
#12759 = CARTESIAN_POINT('',(26.35,-6.,55.));
#12760 = LINE('',#12761,#12762);
#12761 = CARTESIAN_POINT('',(26.35,-5.836169591142,54.88528471273));
#12762 = VECTOR('',#12763,1.);
#12763 = DIRECTION('',(0.,-0.819152044289,0.573576436351));
#12764 = ORIENTED_EDGE('',*,*,#12665,.F.);
#12765 = ORIENTED_EDGE('',*,*,#12757,.F.);
#12766 = ORIENTED_EDGE('',*,*,#12767,.T.);
#12767 = EDGE_CURVE('',#12758,#12758,#12768,.T.);
#12768 = CIRCLE('',#12769,26.35);
#12769 = AXIS2_PLACEMENT_3D('',#12770,#12771,#12772);
#12770 = CARTESIAN_POINT('',(0.,-6.,55.));
#12771 = DIRECTION('',(0.,-0.819152044289,0.573576436351));
#12772 = DIRECTION('',(1.,0.,0.));
#12773 = CYLINDRICAL_SURFACE('',#12774,26.35);
#12774 = AXIS2_PLACEMENT_3D('',#12775,#12776,#12777);
#12775 = CARTESIAN_POINT('',(0.,-5.836169591142,54.88528471273));
#12776 = DIRECTION('',(0.,-0.819152044289,0.573576436351));
#12777 = DIRECTION('',(1.,0.,0.));
#12778 = ADVANCED_FACE('',(#12779),#12782,.F.);
#12779 = FACE_BOUND('',#12780,.F.);
#12780 = EDGE_LOOP('',(#12781));
#12781 = ORIENTED_EDGE('',*,*,#12690,.T.);
#12782 = PLANE('',#12783);
#12783 = AXIS2_PLACEMENT_3D('',#12784,#12785,#12786);
#12784 = CARTESIAN_POINT('',(22.5,-4.599250004266,54.01918429384));
#12785 = DIRECTION('',(0.,-0.819152044289,0.573576436351));
#12786 = DIRECTION('',(1.,0.,0.));
#12787 = ADVANCED_FACE('',(#12788,#12791),#12794,.T.);
#12788 = FACE_BOUND('',#12789,.T.);
#12789 = EDGE_LOOP('',(#12790));
#12790 = ORIENTED_EDGE('',*,*,#12767,.T.);
#12791 = FACE_BOUND('',#12792,.T.);
#12792 = EDGE_LOOP('',(#12793));
#12793 = ORIENTED_EDGE('',*,*,#12707,.F.);
#12794 = PLANE('',#12795);
#12795 = AXIS2_PLACEMENT_3D('',#12796,#12797,#12798);
#12796 = CARTESIAN_POINT('',(0.,-6.,55.));
#12797 = DIRECTION('',(0.,-0.819152044289,0.573576436351));
#12798 = DIRECTION('',(1.,0.,0.));
#12799 = ADVANCED_FACE('',(#12800),#12803,.F.);
#12800 = FACE_BOUND('',#12801,.F.);
#12801 = EDGE_LOOP('',(#12802));
#12802 = ORIENTED_EDGE('',*,*,#12740,.T.);
#12803 = PLANE('',#12804);
#12804 = AXIS2_PLACEMENT_3D('',#12805,#12806,#12807);
#12805 = CARTESIAN_POINT('',(-22.5,-4.599250004266,54.01918429384));
#12806 = DIRECTION('',(0.,-0.819152044289,0.573576436351));
#12807 = DIRECTION('',(1.,0.,0.));
#12808 = ( GEOMETRIC_REPRESENTATION_CONTEXT(3) 
GLOBAL_UNCERTAINTY_ASSIGNED_CONTEXT((#12812)) 
GLOBAL_UNIT_ASSIGNED_CONTEXT((#12809,#12810,#12811)) 
REPRESENTATION_CONTEXT('Context #1',
  '3D Context with UNIT and UNCERTAINTY') );
#12809 = ( LENGTH_UNIT() NAMED_UNIT(*) SI_UNIT(.MILLI.,.METRE.) );
#12810 = ( NAMED_UNIT(*) PLANE_ANGLE_UNIT() SI_UNIT($,.RADIAN.) );
#12811 = ( NAMED_UNIT(*) SI_UNIT($,.STERADIAN.) SOLID_ANGLE_UNIT() );
#12812 = UNCERTAINTY_MEASURE_WITH_UNIT(LENGTH_MEASURE(2.E-05),#12809,
  'distance_accuracy_value','confusion accuracy');
#12813 = PRODUCT_RELATED_PRODUCT_CATEGORY('part',$,(#7));
ENDSEC;
END-ISO-10303-21;
